NDIME= 2
NELEM= 11392
9 0 9 723 185 0
9 185 723 724 186 1
9 186 724 725 187 2
9 187 725 726 188 3
9 188 726 727 189 4
9 189 727 728 190 5
9 190 728 729 191 6
9 191 729 730 192 7
9 192 730 731 193 8
9 193 731 732 194 9
9 194 732 733 195 10
9 195 733 734 196 11
9 196 734 735 197 12
9 197 735 736 198 13
9 198 736 199 1 14
9 9 10 737 723 15
9 723 737 738 724 16
9 724 738 739 725 17
9 725 739 740 726 18
9 726 740 741 727 19
9 727 741 742 728 20
9 728 742 743 729 21
9 729 743 744 730 22
9 730 744 745 731 23
9 731 745 746 732 24
9 732 746 747 733 25
9 733 747 748 734 26
9 734 748 749 735 27
9 735 749 750 736 28
9 736 750 200 199 29
9 10 11 751 737 30
9 737 751 752 738 31
9 738 752 753 739 32
9 739 753 754 740 33
9 740 754 755 741 34
9 741 755 756 742 35
9 742 756 757 743 36
9 743 757 758 744 37
9 744 758 759 745 38
9 745 759 760 746 39
9 746 760 761 747 40
9 747 761 762 748 41
9 748 762 763 749 42
9 749 763 764 750 43
9 750 764 201 200 44
9 11 12 765 751 45
9 751 765 766 752 46
9 752 766 767 753 47
9 753 767 768 754 48
9 754 768 769 755 49
9 755 769 770 756 50
9 756 770 771 757 51
9 757 771 772 758 52
9 758 772 773 759 53
9 759 773 774 760 54
9 760 774 775 761 55
9 761 775 776 762 56
9 762 776 777 763 57
9 763 777 778 764 58
9 764 778 202 201 59
9 12 13 779 765 60
9 765 779 780 766 61
9 766 780 781 767 62
9 767 781 782 768 63
9 768 782 783 769 64
9 769 783 784 770 65
9 770 784 785 771 66
9 771 785 786 772 67
9 772 786 787 773 68
9 773 787 788 774 69
9 774 788 789 775 70
9 775 789 790 776 71
9 776 790 791 777 72
9 777 791 792 778 73
9 778 792 203 202 74
9 13 14 793 779 75
9 779 793 794 780 76
9 780 794 795 781 77
9 781 795 796 782 78
9 782 796 797 783 79
9 783 797 798 784 80
9 784 798 799 785 81
9 785 799 800 786 82
9 786 800 801 787 83
9 787 801 802 788 84
9 788 802 803 789 85
9 789 803 804 790 86
9 790 804 805 791 87
9 791 805 806 792 88
9 792 806 204 203 89
9 14 15 807 793 90
9 793 807 808 794 91
9 794 808 809 795 92
9 795 809 810 796 93
9 796 810 811 797 94
9 797 811 812 798 95
9 798 812 813 799 96
9 799 813 814 800 97
9 800 814 815 801 98
9 801 815 816 802 99
9 802 816 817 803 100
9 803 817 818 804 101
9 804 818 819 805 102
9 805 819 820 806 103
9 806 820 205 204 104
9 15 16 821 807 105
9 807 821 822 808 106
9 808 822 823 809 107
9 809 823 824 810 108
9 810 824 825 811 109
9 811 825 826 812 110
9 812 826 827 813 111
9 813 827 828 814 112
9 814 828 829 815 113
9 815 829 830 816 114
9 816 830 831 817 115
9 817 831 832 818 116
9 818 832 833 819 117
9 819 833 834 820 118
9 820 834 206 205 119
9 16 17 835 821 120
9 821 835 836 822 121
9 822 836 837 823 122
9 823 837 838 824 123
9 824 838 839 825 124
9 825 839 840 826 125
9 826 840 841 827 126
9 827 841 842 828 127
9 828 842 843 829 128
9 829 843 844 830 129
9 830 844 845 831 130
9 831 845 846 832 131
9 832 846 847 833 132
9 833 847 848 834 133
9 834 848 207 206 134
9 17 18 849 835 135
9 835 849 850 836 136
9 836 850 851 837 137
9 837 851 852 838 138
9 838 852 853 839 139
9 839 853 854 840 140
9 840 854 855 841 141
9 841 855 856 842 142
9 842 856 857 843 143
9 843 857 858 844 144
9 844 858 859 845 145
9 845 859 860 846 146
9 846 860 861 847 147
9 847 861 862 848 148
9 848 862 208 207 149
9 18 19 863 849 150
9 849 863 864 850 151
9 850 864 865 851 152
9 851 865 866 852 153
9 852 866 867 853 154
9 853 867 868 854 155
9 854 868 869 855 156
9 855 869 870 856 157
9 856 870 871 857 158
9 857 871 872 858 159
9 858 872 873 859 160
9 859 873 874 860 161
9 860 874 875 861 162
9 861 875 876 862 163
9 862 876 209 208 164
9 19 20 877 863 165
9 863 877 878 864 166
9 864 878 879 865 167
9 865 879 880 866 168
9 866 880 881 867 169
9 867 881 882 868 170
9 868 882 883 869 171
9 869 883 884 870 172
9 870 884 885 871 173
9 871 885 886 872 174
9 872 886 887 873 175
9 873 887 888 874 176
9 874 888 889 875 177
9 875 889 890 876 178
9 876 890 210 209 179
9 20 21 891 877 180
9 877 891 892 878 181
9 878 892 893 879 182
9 879 893 894 880 183
9 880 894 895 881 184
9 881 895 896 882 185
9 882 896 897 883 186
9 883 897 898 884 187
9 884 898 899 885 188
9 885 899 900 886 189
9 886 900 901 887 190
9 887 901 902 888 191
9 888 902 903 889 192
9 889 903 904 890 193
9 890 904 211 210 194
9 21 22 905 891 195
9 891 905 906 892 196
9 892 906 907 893 197
9 893 907 908 894 198
9 894 908 909 895 199
9 895 909 910 896 200
9 896 910 911 897 201
9 897 911 912 898 202
9 898 912 913 899 203
9 899 913 914 900 204
9 900 914 915 901 205
9 901 915 916 902 206
9 902 916 917 903 207
9 903 917 918 904 208
9 904 918 212 211 209
9 22 23 919 905 210
9 905 919 920 906 211
9 906 920 921 907 212
9 907 921 922 908 213
9 908 922 923 909 214
9 909 923 924 910 215
9 910 924 925 911 216
9 911 925 926 912 217
9 912 926 927 913 218
9 913 927 928 914 219
9 914 928 929 915 220
9 915 929 930 916 221
9 916 930 931 917 222
9 917 931 932 918 223
9 918 932 213 212 224
9 23 24 933 919 225
9 919 933 934 920 226
9 920 934 935 921 227
9 921 935 936 922 228
9 922 936 937 923 229
9 923 937 938 924 230
9 924 938 939 925 231
9 925 939 940 926 232
9 926 940 941 927 233
9 927 941 942 928 234
9 928 942 943 929 235
9 929 943 944 930 236
9 930 944 945 931 237
9 931 945 946 932 238
9 932 946 214 213 239
9 24 25 947 933 240
9 933 947 948 934 241
9 934 948 949 935 242
9 935 949 950 936 243
9 936 950 951 937 244
9 937 951 952 938 245
9 938 952 953 939 246
9 939 953 954 940 247
9 940 954 955 941 248
9 941 955 956 942 249
9 942 956 957 943 250
9 943 957 958 944 251
9 944 958 959 945 252
9 945 959 960 946 253
9 946 960 215 214 254
9 25 26 961 947 255
9 947 961 962 948 256
9 948 962 963 949 257
9 949 963 964 950 258
9 950 964 965 951 259
9 951 965 966 952 260
9 952 966 967 953 261
9 953 967 968 954 262
9 954 968 969 955 263
9 955 969 970 956 264
9 956 970 971 957 265
9 957 971 972 958 266
9 958 972 973 959 267
9 959 973 974 960 268
9 960 974 216 215 269
9 26 27 975 961 270
9 961 975 976 962 271
9 962 976 977 963 272
9 963 977 978 964 273
9 964 978 979 965 274
9 965 979 980 966 275
9 966 980 981 967 276
9 967 981 982 968 277
9 968 982 983 969 278
9 969 983 984 970 279
9 970 984 985 971 280
9 971 985 986 972 281
9 972 986 987 973 282
9 973 987 988 974 283
9 974 988 217 216 284
9 27 28 989 975 285
9 975 989 990 976 286
9 976 990 991 977 287
9 977 991 992 978 288
9 978 992 993 979 289
9 979 993 994 980 290
9 980 994 995 981 291
9 981 995 996 982 292
9 982 996 997 983 293
9 983 997 998 984 294
9 984 998 999 985 295
9 985 999 1000 986 296
9 986 1000 1001 987 297
9 987 1001 1002 988 298
9 988 1002 218 217 299
9 28 29 1003 989 300
9 989 1003 1004 990 301
9 990 1004 1005 991 302
9 991 1005 1006 992 303
9 992 1006 1007 993 304
9 993 1007 1008 994 305
9 994 1008 1009 995 306
9 995 1009 1010 996 307
9 996 1010 1011 997 308
9 997 1011 1012 998 309
9 998 1012 1013 999 310
9 999 1013 1014 1000 311
9 1000 1014 1015 1001 312
9 1001 1015 1016 1002 313
9 1002 1016 219 218 314
9 29 30 1017 1003 315
9 1003 1017 1018 1004 316
9 1004 1018 1019 1005 317
9 1005 1019 1020 1006 318
9 1006 1020 1021 1007 319
9 1007 1021 1022 1008 320
9 1008 1022 1023 1009 321
9 1009 1023 1024 1010 322
9 1010 1024 1025 1011 323
9 1011 1025 1026 1012 324
9 1012 1026 1027 1013 325
9 1013 1027 1028 1014 326
9 1014 1028 1029 1015 327
9 1015 1029 1030 1016 328
9 1016 1030 220 219 329
9 30 31 1031 1017 330
9 1017 1031 1032 1018 331
9 1018 1032 1033 1019 332
9 1019 1033 1034 1020 333
9 1020 1034 1035 1021 334
9 1021 1035 1036 1022 335
9 1022 1036 1037 1023 336
9 1023 1037 1038 1024 337
9 1024 1038 1039 1025 338
9 1025 1039 1040 1026 339
9 1026 1040 1041 1027 340
9 1027 1041 1042 1028 341
9 1028 1042 1043 1029 342
9 1029 1043 1044 1030 343
9 1030 1044 221 220 344
9 31 32 1045 1031 345
9 1031 1045 1046 1032 346
9 1032 1046 1047 1033 347
9 1033 1047 1048 1034 348
9 1034 1048 1049 1035 349
9 1035 1049 1050 1036 350
9 1036 1050 1051 1037 351
9 1037 1051 1052 1038 352
9 1038 1052 1053 1039 353
9 1039 1053 1054 1040 354
9 1040 1054 1055 1041 355
9 1041 1055 1056 1042 356
9 1042 1056 1057 1043 357
9 1043 1057 1058 1044 358
9 1044 1058 222 221 359
9 32 33 1059 1045 360
9 1045 1059 1060 1046 361
9 1046 1060 1061 1047 362
9 1047 1061 1062 1048 363
9 1048 1062 1063 1049 364
9 1049 1063 1064 1050 365
9 1050 1064 1065 1051 366
9 1051 1065 1066 1052 367
9 1052 1066 1067 1053 368
9 1053 1067 1068 1054 369
9 1054 1068 1069 1055 370
9 1055 1069 1070 1056 371
9 1056 1070 1071 1057 372
9 1057 1071 1072 1058 373
9 1058 1072 223 222 374
9 33 34 1073 1059 375
9 1059 1073 1074 1060 376
9 1060 1074 1075 1061 377
9 1061 1075 1076 1062 378
9 1062 1076 1077 1063 379
9 1063 1077 1078 1064 380
9 1064 1078 1079 1065 381
9 1065 1079 1080 1066 382
9 1066 1080 1081 1067 383
9 1067 1081 1082 1068 384
9 1068 1082 1083 1069 385
9 1069 1083 1084 1070 386
9 1070 1084 1085 1071 387
9 1071 1085 1086 1072 388
9 1072 1086 224 223 389
9 34 35 1087 1073 390
9 1073 1087 1088 1074 391
9 1074 1088 1089 1075 392
9 1075 1089 1090 1076 393
9 1076 1090 1091 1077 394
9 1077 1091 1092 1078 395
9 1078 1092 1093 1079 396
9 1079 1093 1094 1080 397
9 1080 1094 1095 1081 398
9 1081 1095 1096 1082 399
9 1082 1096 1097 1083 400
9 1083 1097 1098 1084 401
9 1084 1098 1099 1085 402
9 1085 1099 1100 1086 403
9 1086 1100 225 224 404
9 35 36 1101 1087 405
9 1087 1101 1102 1088 406
9 1088 1102 1103 1089 407
9 1089 1103 1104 1090 408
9 1090 1104 1105 1091 409
9 1091 1105 1106 1092 410
9 1092 1106 1107 1093 411
9 1093 1107 1108 1094 412
9 1094 1108 1109 1095 413
9 1095 1109 1110 1096 414
9 1096 1110 1111 1097 415
9 1097 1111 1112 1098 416
9 1098 1112 1113 1099 417
9 1099 1113 1114 1100 418
9 1100 1114 226 225 419
9 36 37 1115 1101 420
9 1101 1115 1116 1102 421
9 1102 1116 1117 1103 422
9 1103 1117 1118 1104 423
9 1104 1118 1119 1105 424
9 1105 1119 1120 1106 425
9 1106 1120 1121 1107 426
9 1107 1121 1122 1108 427
9 1108 1122 1123 1109 428
9 1109 1123 1124 1110 429
9 1110 1124 1125 1111 430
9 1111 1125 1126 1112 431
9 1112 1126 1127 1113 432
9 1113 1127 1128 1114 433
9 1114 1128 227 226 434
9 37 38 1129 1115 435
9 1115 1129 1130 1116 436
9 1116 1130 1131 1117 437
9 1117 1131 1132 1118 438
9 1118 1132 1133 1119 439
9 1119 1133 1134 1120 440
9 1120 1134 1135 1121 441
9 1121 1135 1136 1122 442
9 1122 1136 1137 1123 443
9 1123 1137 1138 1124 444
9 1124 1138 1139 1125 445
9 1125 1139 1140 1126 446
9 1126 1140 1141 1127 447
9 1127 1141 1142 1128 448
9 1128 1142 228 227 449
9 38 39 1143 1129 450
9 1129 1143 1144 1130 451
9 1130 1144 1145 1131 452
9 1131 1145 1146 1132 453
9 1132 1146 1147 1133 454
9 1133 1147 1148 1134 455
9 1134 1148 1149 1135 456
9 1135 1149 1150 1136 457
9 1136 1150 1151 1137 458
9 1137 1151 1152 1138 459
9 1138 1152 1153 1139 460
9 1139 1153 1154 1140 461
9 1140 1154 1155 1141 462
9 1141 1155 1156 1142 463
9 1142 1156 229 228 464
9 39 40 1157 1143 465
9 1143 1157 1158 1144 466
9 1144 1158 1159 1145 467
9 1145 1159 1160 1146 468
9 1146 1160 1161 1147 469
9 1147 1161 1162 1148 470
9 1148 1162 1163 1149 471
9 1149 1163 1164 1150 472
9 1150 1164 1165 1151 473
9 1151 1165 1166 1152 474
9 1152 1166 1167 1153 475
9 1153 1167 1168 1154 476
9 1154 1168 1169 1155 477
9 1155 1169 1170 1156 478
9 1156 1170 230 229 479
9 40 41 1171 1157 480
9 1157 1171 1172 1158 481
9 1158 1172 1173 1159 482
9 1159 1173 1174 1160 483
9 1160 1174 1175 1161 484
9 1161 1175 1176 1162 485
9 1162 1176 1177 1163 486
9 1163 1177 1178 1164 487
9 1164 1178 1179 1165 488
9 1165 1179 1180 1166 489
9 1166 1180 1181 1167 490
9 1167 1181 1182 1168 491
9 1168 1182 1183 1169 492
9 1169 1183 1184 1170 493
9 1170 1184 231 230 494
9 41 42 1185 1171 495
9 1171 1185 1186 1172 496
9 1172 1186 1187 1173 497
9 1173 1187 1188 1174 498
9 1174 1188 1189 1175 499
9 1175 1189 1190 1176 500
9 1176 1190 1191 1177 501
9 1177 1191 1192 1178 502
9 1178 1192 1193 1179 503
9 1179 1193 1194 1180 504
9 1180 1194 1195 1181 505
9 1181 1195 1196 1182 506
9 1182 1196 1197 1183 507
9 1183 1197 1198 1184 508
9 1184 1198 232 231 509
9 42 43 1199 1185 510
9 1185 1199 1200 1186 511
9 1186 1200 1201 1187 512
9 1187 1201 1202 1188 513
9 1188 1202 1203 1189 514
9 1189 1203 1204 1190 515
9 1190 1204 1205 1191 516
9 1191 1205 1206 1192 517
9 1192 1206 1207 1193 518
9 1193 1207 1208 1194 519
9 1194 1208 1209 1195 520
9 1195 1209 1210 1196 521
9 1196 1210 1211 1197 522
9 1197 1211 1212 1198 523
9 1198 1212 233 232 524
9 43 44 1213 1199 525
9 1199 1213 1214 1200 526
9 1200 1214 1215 1201 527
9 1201 1215 1216 1202 528
9 1202 1216 1217 1203 529
9 1203 1217 1218 1204 530
9 1204 1218 1219 1205 531
9 1205 1219 1220 1206 532
9 1206 1220 1221 1207 533
9 1207 1221 1222 1208 534
9 1208 1222 1223 1209 535
9 1209 1223 1224 1210 536
9 1210 1224 1225 1211 537
9 1211 1225 1226 1212 538
9 1212 1226 234 233 539
9 44 45 1227 1213 540
9 1213 1227 1228 1214 541
9 1214 1228 1229 1215 542
9 1215 1229 1230 1216 543
9 1216 1230 1231 1217 544
9 1217 1231 1232 1218 545
9 1218 1232 1233 1219 546
9 1219 1233 1234 1220 547
9 1220 1234 1235 1221 548
9 1221 1235 1236 1222 549
9 1222 1236 1237 1223 550
9 1223 1237 1238 1224 551
9 1224 1238 1239 1225 552
9 1225 1239 1240 1226 553
9 1226 1240 235 234 554
9 45 46 1241 1227 555
9 1227 1241 1242 1228 556
9 1228 1242 1243 1229 557
9 1229 1243 1244 1230 558
9 1230 1244 1245 1231 559
9 1231 1245 1246 1232 560
9 1232 1246 1247 1233 561
9 1233 1247 1248 1234 562
9 1234 1248 1249 1235 563
9 1235 1249 1250 1236 564
9 1236 1250 1251 1237 565
9 1237 1251 1252 1238 566
9 1238 1252 1253 1239 567
9 1239 1253 1254 1240 568
9 1240 1254 236 235 569
9 46 7 375 1241 570
9 1241 375 376 1242 571
9 1242 376 377 1243 572
9 1243 377 378 1244 573
9 1244 378 379 1245 574
9 1245 379 380 1246 575
9 1246 380 381 1247 576
9 1247 381 382 1248 577
9 1248 382 383 1249 578
9 1249 383 384 1250 579
9 1250 384 385 1251 580
9 1251 385 386 1252 581
9 1252 386 387 1253 582
9 1253 387 388 1254 583
9 1254 388 6 236 584
9 7 47 1255 375 585
9 375 1255 1256 376 586
9 376 1256 1257 377 587
9 377 1257 1258 378 588
9 378 1258 1259 379 589
9 379 1259 1260 380 590
9 380 1260 1261 381 591
9 381 1261 1262 382 592
9 382 1262 1263 383 593
9 383 1263 1264 384 594
9 384 1264 1265 385 595
9 385 1265 1266 386 596
9 386 1266 1267 387 597
9 387 1267 1268 388 598
9 388 1268 237 6 599
9 47 48 1269 1255 600
9 1255 1269 1270 1256 601
9 1256 1270 1271 1257 602
9 1257 1271 1272 1258 603
9 1258 1272 1273 1259 604
9 1259 1273 1274 1260 605
9 1260 1274 1275 1261 606
9 1261 1275 1276 1262 607
9 1262 1276 1277 1263 608
9 1263 1277 1278 1264 609
9 1264 1278 1279 1265 610
9 1265 1279 1280 1266 611
9 1266 1280 1281 1267 612
9 1267 1281 1282 1268 613
9 1268 1282 238 237 614
9 48 49 1283 1269 615
9 1269 1283 1284 1270 616
9 1270 1284 1285 1271 617
9 1271 1285 1286 1272 618
9 1272 1286 1287 1273 619
9 1273 1287 1288 1274 620
9 1274 1288 1289 1275 621
9 1275 1289 1290 1276 622
9 1276 1290 1291 1277 623
9 1277 1291 1292 1278 624
9 1278 1292 1293 1279 625
9 1279 1293 1294 1280 626
9 1280 1294 1295 1281 627
9 1281 1295 1296 1282 628
9 1282 1296 239 238 629
9 49 50 1297 1283 630
9 1283 1297 1298 1284 631
9 1284 1298 1299 1285 632
9 1285 1299 1300 1286 633
9 1286 1300 1301 1287 634
9 1287 1301 1302 1288 635
9 1288 1302 1303 1289 636
9 1289 1303 1304 1290 637
9 1290 1304 1305 1291 638
9 1291 1305 1306 1292 639
9 1292 1306 1307 1293 640
9 1293 1307 1308 1294 641
9 1294 1308 1309 1295 642
9 1295 1309 1310 1296 643
9 1296 1310 240 239 644
9 50 51 1311 1297 645
9 1297 1311 1312 1298 646
9 1298 1312 1313 1299 647
9 1299 1313 1314 1300 648
9 1300 1314 1315 1301 649
9 1301 1315 1316 1302 650
9 1302 1316 1317 1303 651
9 1303 1317 1318 1304 652
9 1304 1318 1319 1305 653
9 1305 1319 1320 1306 654
9 1306 1320 1321 1307 655
9 1307 1321 1322 1308 656
9 1308 1322 1323 1309 657
9 1309 1323 1324 1310 658
9 1310 1324 241 240 659
9 51 52 1325 1311 660
9 1311 1325 1326 1312 661
9 1312 1326 1327 1313 662
9 1313 1327 1328 1314 663
9 1314 1328 1329 1315 664
9 1315 1329 1330 1316 665
9 1316 1330 1331 1317 666
9 1317 1331 1332 1318 667
9 1318 1332 1333 1319 668
9 1319 1333 1334 1320 669
9 1320 1334 1335 1321 670
9 1321 1335 1336 1322 671
9 1322 1336 1337 1323 672
9 1323 1337 1338 1324 673
9 1324 1338 242 241 674
9 52 53 1339 1325 675
9 1325 1339 1340 1326 676
9 1326 1340 1341 1327 677
9 1327 1341 1342 1328 678
9 1328 1342 1343 1329 679
9 1329 1343 1344 1330 680
9 1330 1344 1345 1331 681
9 1331 1345 1346 1332 682
9 1332 1346 1347 1333 683
9 1333 1347 1348 1334 684
9 1334 1348 1349 1335 685
9 1335 1349 1350 1336 686
9 1336 1350 1351 1337 687
9 1337 1351 1352 1338 688
9 1338 1352 243 242 689
9 53 54 1353 1339 690
9 1339 1353 1354 1340 691
9 1340 1354 1355 1341 692
9 1341 1355 1356 1342 693
9 1342 1356 1357 1343 694
9 1343 1357 1358 1344 695
9 1344 1358 1359 1345 696
9 1345 1359 1360 1346 697
9 1346 1360 1361 1347 698
9 1347 1361 1362 1348 699
9 1348 1362 1363 1349 700
9 1349 1363 1364 1350 701
9 1350 1364 1365 1351 702
9 1351 1365 1366 1352 703
9 1352 1366 244 243 704
9 54 55 1367 1353 705
9 1353 1367 1368 1354 706
9 1354 1368 1369 1355 707
9 1355 1369 1370 1356 708
9 1356 1370 1371 1357 709
9 1357 1371 1372 1358 710
9 1358 1372 1373 1359 711
9 1359 1373 1374 1360 712
9 1360 1374 1375 1361 713
9 1361 1375 1376 1362 714
9 1362 1376 1377 1363 715
9 1363 1377 1378 1364 716
9 1364 1378 1379 1365 717
9 1365 1379 1380 1366 718
9 1366 1380 245 244 719
9 55 56 1381 1367 720
9 1367 1381 1382 1368 721
9 1368 1382 1383 1369 722
9 1369 1383 1384 1370 723
9 1370 1384 1385 1371 724
9 1371 1385 1386 1372 725
9 1372 1386 1387 1373 726
9 1373 1387 1388 1374 727
9 1374 1388 1389 1375 728
9 1375 1389 1390 1376 729
9 1376 1390 1391 1377 730
9 1377 1391 1392 1378 731
9 1378 1392 1393 1379 732
9 1379 1393 1394 1380 733
9 1380 1394 246 245 734
9 56 57 1395 1381 735
9 1381 1395 1396 1382 736
9 1382 1396 1397 1383 737
9 1383 1397 1398 1384 738
9 1384 1398 1399 1385 739
9 1385 1399 1400 1386 740
9 1386 1400 1401 1387 741
9 1387 1401 1402 1388 742
9 1388 1402 1403 1389 743
9 1389 1403 1404 1390 744
9 1390 1404 1405 1391 745
9 1391 1405 1406 1392 746
9 1392 1406 1407 1393 747
9 1393 1407 1408 1394 748
9 1394 1408 247 246 749
9 57 58 1409 1395 750
9 1395 1409 1410 1396 751
9 1396 1410 1411 1397 752
9 1397 1411 1412 1398 753
9 1398 1412 1413 1399 754
9 1399 1413 1414 1400 755
9 1400 1414 1415 1401 756
9 1401 1415 1416 1402 757
9 1402 1416 1417 1403 758
9 1403 1417 1418 1404 759
9 1404 1418 1419 1405 760
9 1405 1419 1420 1406 761
9 1406 1420 1421 1407 762
9 1407 1421 1422 1408 763
9 1408 1422 248 247 764
9 58 59 1423 1409 765
9 1409 1423 1424 1410 766
9 1410 1424 1425 1411 767
9 1411 1425 1426 1412 768
9 1412 1426 1427 1413 769
9 1413 1427 1428 1414 770
9 1414 1428 1429 1415 771
9 1415 1429 1430 1416 772
9 1416 1430 1431 1417 773
9 1417 1431 1432 1418 774
9 1418 1432 1433 1419 775
9 1419 1433 1434 1420 776
9 1420 1434 1435 1421 777
9 1421 1435 1436 1422 778
9 1422 1436 249 248 779
9 59 60 1437 1423 780
9 1423 1437 1438 1424 781
9 1424 1438 1439 1425 782
9 1425 1439 1440 1426 783
9 1426 1440 1441 1427 784
9 1427 1441 1442 1428 785
9 1428 1442 1443 1429 786
9 1429 1443 1444 1430 787
9 1430 1444 1445 1431 788
9 1431 1445 1446 1432 789
9 1432 1446 1447 1433 790
9 1433 1447 1448 1434 791
9 1434 1448 1449 1435 792
9 1435 1449 1450 1436 793
9 1436 1450 250 249 794
9 60 61 1451 1437 795
9 1437 1451 1452 1438 796
9 1438 1452 1453 1439 797
9 1439 1453 1454 1440 798
9 1440 1454 1455 1441 799
9 1441 1455 1456 1442 800
9 1442 1456 1457 1443 801
9 1443 1457 1458 1444 802
9 1444 1458 1459 1445 803
9 1445 1459 1460 1446 804
9 1446 1460 1461 1447 805
9 1447 1461 1462 1448 806
9 1448 1462 1463 1449 807
9 1449 1463 1464 1450 808
9 1450 1464 251 250 809
9 61 62 1465 1451 810
9 1451 1465 1466 1452 811
9 1452 1466 1467 1453 812
9 1453 1467 1468 1454 813
9 1454 1468 1469 1455 814
9 1455 1469 1470 1456 815
9 1456 1470 1471 1457 816
9 1457 1471 1472 1458 817
9 1458 1472 1473 1459 818
9 1459 1473 1474 1460 819
9 1460 1474 1475 1461 820
9 1461 1475 1476 1462 821
9 1462 1476 1477 1463 822
9 1463 1477 1478 1464 823
9 1464 1478 252 251 824
9 62 63 1479 1465 825
9 1465 1479 1480 1466 826
9 1466 1480 1481 1467 827
9 1467 1481 1482 1468 828
9 1468 1482 1483 1469 829
9 1469 1483 1484 1470 830
9 1470 1484 1485 1471 831
9 1471 1485 1486 1472 832
9 1472 1486 1487 1473 833
9 1473 1487 1488 1474 834
9 1474 1488 1489 1475 835
9 1475 1489 1490 1476 836
9 1476 1490 1491 1477 837
9 1477 1491 1492 1478 838
9 1478 1492 253 252 839
9 63 64 1493 1479 840
9 1479 1493 1494 1480 841
9 1480 1494 1495 1481 842
9 1481 1495 1496 1482 843
9 1482 1496 1497 1483 844
9 1483 1497 1498 1484 845
9 1484 1498 1499 1485 846
9 1485 1499 1500 1486 847
9 1486 1500 1501 1487 848
9 1487 1501 1502 1488 849
9 1488 1502 1503 1489 850
9 1489 1503 1504 1490 851
9 1490 1504 1505 1491 852
9 1491 1505 1506 1492 853
9 1492 1506 254 253 854
9 64 65 1507 1493 855
9 1493 1507 1508 1494 856
9 1494 1508 1509 1495 857
9 1495 1509 1510 1496 858
9 1496 1510 1511 1497 859
9 1497 1511 1512 1498 860
9 1498 1512 1513 1499 861
9 1499 1513 1514 1500 862
9 1500 1514 1515 1501 863
9 1501 1515 1516 1502 864
9 1502 1516 1517 1503 865
9 1503 1517 1518 1504 866
9 1504 1518 1519 1505 867
9 1505 1519 1520 1506 868
9 1506 1520 255 254 869
9 65 66 1521 1507 870
9 1507 1521 1522 1508 871
9 1508 1522 1523 1509 872
9 1509 1523 1524 1510 873
9 1510 1524 1525 1511 874
9 1511 1525 1526 1512 875
9 1512 1526 1527 1513 876
9 1513 1527 1528 1514 877
9 1514 1528 1529 1515 878
9 1515 1529 1530 1516 879
9 1516 1530 1531 1517 880
9 1517 1531 1532 1518 881
9 1518 1532 1533 1519 882
9 1519 1533 1534 1520 883
9 1520 1534 256 255 884
9 66 67 1535 1521 885
9 1521 1535 1536 1522 886
9 1522 1536 1537 1523 887
9 1523 1537 1538 1524 888
9 1524 1538 1539 1525 889
9 1525 1539 1540 1526 890
9 1526 1540 1541 1527 891
9 1527 1541 1542 1528 892
9 1528 1542 1543 1529 893
9 1529 1543 1544 1530 894
9 1530 1544 1545 1531 895
9 1531 1545 1546 1532 896
9 1532 1546 1547 1533 897
9 1533 1547 1548 1534 898
9 1534 1548 257 256 899
9 67 68 1549 1535 900
9 1535 1549 1550 1536 901
9 1536 1550 1551 1537 902
9 1537 1551 1552 1538 903
9 1538 1552 1553 1539 904
9 1539 1553 1554 1540 905
9 1540 1554 1555 1541 906
9 1541 1555 1556 1542 907
9 1542 1556 1557 1543 908
9 1543 1557 1558 1544 909
9 1544 1558 1559 1545 910
9 1545 1559 1560 1546 911
9 1546 1560 1561 1547 912
9 1547 1561 1562 1548 913
9 1548 1562 258 257 914
9 68 69 1563 1549 915
9 1549 1563 1564 1550 916
9 1550 1564 1565 1551 917
9 1551 1565 1566 1552 918
9 1552 1566 1567 1553 919
9 1553 1567 1568 1554 920
9 1554 1568 1569 1555 921
9 1555 1569 1570 1556 922
9 1556 1570 1571 1557 923
9 1557 1571 1572 1558 924
9 1558 1572 1573 1559 925
9 1559 1573 1574 1560 926
9 1560 1574 1575 1561 927
9 1561 1575 1576 1562 928
9 1562 1576 259 258 929
9 69 70 1577 1563 930
9 1563 1577 1578 1564 931
9 1564 1578 1579 1565 932
9 1565 1579 1580 1566 933
9 1566 1580 1581 1567 934
9 1567 1581 1582 1568 935
9 1568 1582 1583 1569 936
9 1569 1583 1584 1570 937
9 1570 1584 1585 1571 938
9 1571 1585 1586 1572 939
9 1572 1586 1587 1573 940
9 1573 1587 1588 1574 941
9 1574 1588 1589 1575 942
9 1575 1589 1590 1576 943
9 1576 1590 260 259 944
9 70 71 1591 1577 945
9 1577 1591 1592 1578 946
9 1578 1592 1593 1579 947
9 1579 1593 1594 1580 948
9 1580 1594 1595 1581 949
9 1581 1595 1596 1582 950
9 1582 1596 1597 1583 951
9 1583 1597 1598 1584 952
9 1584 1598 1599 1585 953
9 1585 1599 1600 1586 954
9 1586 1600 1601 1587 955
9 1587 1601 1602 1588 956
9 1588 1602 1603 1589 957
9 1589 1603 1604 1590 958
9 1590 1604 261 260 959
9 71 72 1605 1591 960
9 1591 1605 1606 1592 961
9 1592 1606 1607 1593 962
9 1593 1607 1608 1594 963
9 1594 1608 1609 1595 964
9 1595 1609 1610 1596 965
9 1596 1610 1611 1597 966
9 1597 1611 1612 1598 967
9 1598 1612 1613 1599 968
9 1599 1613 1614 1600 969
9 1600 1614 1615 1601 970
9 1601 1615 1616 1602 971
9 1602 1616 1617 1603 972
9 1603 1617 1618 1604 973
9 1604 1618 262 261 974
9 72 73 1619 1605 975
9 1605 1619 1620 1606 976
9 1606 1620 1621 1607 977
9 1607 1621 1622 1608 978
9 1608 1622 1623 1609 979
9 1609 1623 1624 1610 980
9 1610 1624 1625 1611 981
9 1611 1625 1626 1612 982
9 1612 1626 1627 1613 983
9 1613 1627 1628 1614 984
9 1614 1628 1629 1615 985
9 1615 1629 1630 1616 986
9 1616 1630 1631 1617 987
9 1617 1631 1632 1618 988
9 1618 1632 263 262 989
9 73 74 1633 1619 990
9 1619 1633 1634 1620 991
9 1620 1634 1635 1621 992
9 1621 1635 1636 1622 993
9 1622 1636 1637 1623 994
9 1623 1637 1638 1624 995
9 1624 1638 1639 1625 996
9 1625 1639 1640 1626 997
9 1626 1640 1641 1627 998
9 1627 1641 1642 1628 999
9 1628 1642 1643 1629 1000
9 1629 1643 1644 1630 1001
9 1630 1644 1645 1631 1002
9 1631 1645 1646 1632 1003
9 1632 1646 264 263 1004
9 74 75 1647 1633 1005
9 1633 1647 1648 1634 1006
9 1634 1648 1649 1635 1007
9 1635 1649 1650 1636 1008
9 1636 1650 1651 1637 1009
9 1637 1651 1652 1638 1010
9 1638 1652 1653 1639 1011
9 1639 1653 1654 1640 1012
9 1640 1654 1655 1641 1013
9 1641 1655 1656 1642 1014
9 1642 1656 1657 1643 1015
9 1643 1657 1658 1644 1016
9 1644 1658 1659 1645 1017
9 1645 1659 1660 1646 1018
9 1646 1660 265 264 1019
9 75 76 1661 1647 1020
9 1647 1661 1662 1648 1021
9 1648 1662 1663 1649 1022
9 1649 1663 1664 1650 1023
9 1650 1664 1665 1651 1024
9 1651 1665 1666 1652 1025
9 1652 1666 1667 1653 1026
9 1653 1667 1668 1654 1027
9 1654 1668 1669 1655 1028
9 1655 1669 1670 1656 1029
9 1656 1670 1671 1657 1030
9 1657 1671 1672 1658 1031
9 1658 1672 1673 1659 1032
9 1659 1673 1674 1660 1033
9 1660 1674 266 265 1034
9 76 77 1675 1661 1035
9 1661 1675 1676 1662 1036
9 1662 1676 1677 1663 1037
9 1663 1677 1678 1664 1038
9 1664 1678 1679 1665 1039
9 1665 1679 1680 1666 1040
9 1666 1680 1681 1667 1041
9 1667 1681 1682 1668 1042
9 1668 1682 1683 1669 1043
9 1669 1683 1684 1670 1044
9 1670 1684 1685 1671 1045
9 1671 1685 1686 1672 1046
9 1672 1686 1687 1673 1047
9 1673 1687 1688 1674 1048
9 1674 1688 267 266 1049
9 77 78 1689 1675 1050
9 1675 1689 1690 1676 1051
9 1676 1690 1691 1677 1052
9 1677 1691 1692 1678 1053
9 1678 1692 1693 1679 1054
9 1679 1693 1694 1680 1055
9 1680 1694 1695 1681 1056
9 1681 1695 1696 1682 1057
9 1682 1696 1697 1683 1058
9 1683 1697 1698 1684 1059
9 1684 1698 1699 1685 1060
9 1685 1699 1700 1686 1061
9 1686 1700 1701 1687 1062
9 1687 1701 1702 1688 1063
9 1688 1702 268 267 1064
9 78 79 1703 1689 1065
9 1689 1703 1704 1690 1066
9 1690 1704 1705 1691 1067
9 1691 1705 1706 1692 1068
9 1692 1706 1707 1693 1069
9 1693 1707 1708 1694 1070
9 1694 1708 1709 1695 1071
9 1695 1709 1710 1696 1072
9 1696 1710 1711 1697 1073
9 1697 1711 1712 1698 1074
9 1698 1712 1713 1699 1075
9 1699 1713 1714 1700 1076
9 1700 1714 1715 1701 1077
9 1701 1715 1716 1702 1078
9 1702 1716 269 268 1079
9 79 80 1717 1703 1080
9 1703 1717 1718 1704 1081
9 1704 1718 1719 1705 1082
9 1705 1719 1720 1706 1083
9 1706 1720 1721 1707 1084
9 1707 1721 1722 1708 1085
9 1708 1722 1723 1709 1086
9 1709 1723 1724 1710 1087
9 1710 1724 1725 1711 1088
9 1711 1725 1726 1712 1089
9 1712 1726 1727 1713 1090
9 1713 1727 1728 1714 1091
9 1714 1728 1729 1715 1092
9 1715 1729 1730 1716 1093
9 1716 1730 270 269 1094
9 80 81 1731 1717 1095
9 1717 1731 1732 1718 1096
9 1718 1732 1733 1719 1097
9 1719 1733 1734 1720 1098
9 1720 1734 1735 1721 1099
9 1721 1735 1736 1722 1100
9 1722 1736 1737 1723 1101
9 1723 1737 1738 1724 1102
9 1724 1738 1739 1725 1103
9 1725 1739 1740 1726 1104
9 1726 1740 1741 1727 1105
9 1727 1741 1742 1728 1106
9 1728 1742 1743 1729 1107
9 1729 1743 1744 1730 1108
9 1730 1744 271 270 1109
9 81 82 1745 1731 1110
9 1731 1745 1746 1732 1111
9 1732 1746 1747 1733 1112
9 1733 1747 1748 1734 1113
9 1734 1748 1749 1735 1114
9 1735 1749 1750 1736 1115
9 1736 1750 1751 1737 1116
9 1737 1751 1752 1738 1117
9 1738 1752 1753 1739 1118
9 1739 1753 1754 1740 1119
9 1740 1754 1755 1741 1120
9 1741 1755 1756 1742 1121
9 1742 1756 1757 1743 1122
9 1743 1757 1758 1744 1123
9 1744 1758 272 271 1124
9 82 83 1759 1745 1125
9 1745 1759 1760 1746 1126
9 1746 1760 1761 1747 1127
9 1747 1761 1762 1748 1128
9 1748 1762 1763 1749 1129
9 1749 1763 1764 1750 1130
9 1750 1764 1765 1751 1131
9 1751 1765 1766 1752 1132
9 1752 1766 1767 1753 1133
9 1753 1767 1768 1754 1134
9 1754 1768 1769 1755 1135
9 1755 1769 1770 1756 1136
9 1756 1770 1771 1757 1137
9 1757 1771 1772 1758 1138
9 1758 1772 273 272 1139
9 83 84 1773 1759 1140
9 1759 1773 1774 1760 1141
9 1760 1774 1775 1761 1142
9 1761 1775 1776 1762 1143
9 1762 1776 1777 1763 1144
9 1763 1777 1778 1764 1145
9 1764 1778 1779 1765 1146
9 1765 1779 1780 1766 1147
9 1766 1780 1781 1767 1148
9 1767 1781 1782 1768 1149
9 1768 1782 1783 1769 1150
9 1769 1783 1784 1770 1151
9 1770 1784 1785 1771 1152
9 1771 1785 1786 1772 1153
9 1772 1786 274 273 1154
9 84 85 1787 1773 1155
9 1773 1787 1788 1774 1156
9 1774 1788 1789 1775 1157
9 1775 1789 1790 1776 1158
9 1776 1790 1791 1777 1159
9 1777 1791 1792 1778 1160
9 1778 1792 1793 1779 1161
9 1779 1793 1794 1780 1162
9 1780 1794 1795 1781 1163
9 1781 1795 1796 1782 1164
9 1782 1796 1797 1783 1165
9 1783 1797 1798 1784 1166
9 1784 1798 1799 1785 1167
9 1785 1799 1800 1786 1168
9 1786 1800 275 274 1169
9 85 86 1801 1787 1170
9 1787 1801 1802 1788 1171
9 1788 1802 1803 1789 1172
9 1789 1803 1804 1790 1173
9 1790 1804 1805 1791 1174
9 1791 1805 1806 1792 1175
9 1792 1806 1807 1793 1176
9 1793 1807 1808 1794 1177
9 1794 1808 1809 1795 1178
9 1795 1809 1810 1796 1179
9 1796 1810 1811 1797 1180
9 1797 1811 1812 1798 1181
9 1798 1812 1813 1799 1182
9 1799 1813 1814 1800 1183
9 1800 1814 276 275 1184
9 86 87 1815 1801 1185
9 1801 1815 1816 1802 1186
9 1802 1816 1817 1803 1187
9 1803 1817 1818 1804 1188
9 1804 1818 1819 1805 1189
9 1805 1819 1820 1806 1190
9 1806 1820 1821 1807 1191
9 1807 1821 1822 1808 1192
9 1808 1822 1823 1809 1193
9 1809 1823 1824 1810 1194
9 1810 1824 1825 1811 1195
9 1811 1825 1826 1812 1196
9 1812 1826 1827 1813 1197
9 1813 1827 1828 1814 1198
9 1814 1828 277 276 1199
9 87 88 1829 1815 1200
9 1815 1829 1830 1816 1201
9 1816 1830 1831 1817 1202
9 1817 1831 1832 1818 1203
9 1818 1832 1833 1819 1204
9 1819 1833 1834 1820 1205
9 1820 1834 1835 1821 1206
9 1821 1835 1836 1822 1207
9 1822 1836 1837 1823 1208
9 1823 1837 1838 1824 1209
9 1824 1838 1839 1825 1210
9 1825 1839 1840 1826 1211
9 1826 1840 1841 1827 1212
9 1827 1841 1842 1828 1213
9 1828 1842 278 277 1214
9 88 89 1843 1829 1215
9 1829 1843 1844 1830 1216
9 1830 1844 1845 1831 1217
9 1831 1845 1846 1832 1218
9 1832 1846 1847 1833 1219
9 1833 1847 1848 1834 1220
9 1834 1848 1849 1835 1221
9 1835 1849 1850 1836 1222
9 1836 1850 1851 1837 1223
9 1837 1851 1852 1838 1224
9 1838 1852 1853 1839 1225
9 1839 1853 1854 1840 1226
9 1840 1854 1855 1841 1227
9 1841 1855 1856 1842 1228
9 1842 1856 279 278 1229
9 89 90 1857 1843 1230
9 1843 1857 1858 1844 1231
9 1844 1858 1859 1845 1232
9 1845 1859 1860 1846 1233
9 1846 1860 1861 1847 1234
9 1847 1861 1862 1848 1235
9 1848 1862 1863 1849 1236
9 1849 1863 1864 1850 1237
9 1850 1864 1865 1851 1238
9 1851 1865 1866 1852 1239
9 1852 1866 1867 1853 1240
9 1853 1867 1868 1854 1241
9 1854 1868 1869 1855 1242
9 1855 1869 1870 1856 1243
9 1856 1870 280 279 1244
9 90 91 1871 1857 1245
9 1857 1871 1872 1858 1246
9 1858 1872 1873 1859 1247
9 1859 1873 1874 1860 1248
9 1860 1874 1875 1861 1249
9 1861 1875 1876 1862 1250
9 1862 1876 1877 1863 1251
9 1863 1877 1878 1864 1252
9 1864 1878 1879 1865 1253
9 1865 1879 1880 1866 1254
9 1866 1880 1881 1867 1255
9 1867 1881 1882 1868 1256
9 1868 1882 1883 1869 1257
9 1869 1883 1884 1870 1258
9 1870 1884 281 280 1259
9 91 92 1885 1871 1260
9 1871 1885 1886 1872 1261
9 1872 1886 1887 1873 1262
9 1873 1887 1888 1874 1263
9 1874 1888 1889 1875 1264
9 1875 1889 1890 1876 1265
9 1876 1890 1891 1877 1266
9 1877 1891 1892 1878 1267
9 1878 1892 1893 1879 1268
9 1879 1893 1894 1880 1269
9 1880 1894 1895 1881 1270
9 1881 1895 1896 1882 1271
9 1882 1896 1897 1883 1272
9 1883 1897 1898 1884 1273
9 1884 1898 282 281 1274
9 92 93 1899 1885 1275
9 1885 1899 1900 1886 1276
9 1886 1900 1901 1887 1277
9 1887 1901 1902 1888 1278
9 1888 1902 1903 1889 1279
9 1889 1903 1904 1890 1280
9 1890 1904 1905 1891 1281
9 1891 1905 1906 1892 1282
9 1892 1906 1907 1893 1283
9 1893 1907 1908 1894 1284
9 1894 1908 1909 1895 1285
9 1895 1909 1910 1896 1286
9 1896 1910 1911 1897 1287
9 1897 1911 1912 1898 1288
9 1898 1912 283 282 1289
9 93 94 1913 1899 1290
9 1899 1913 1914 1900 1291
9 1900 1914 1915 1901 1292
9 1901 1915 1916 1902 1293
9 1902 1916 1917 1903 1294
9 1903 1917 1918 1904 1295
9 1904 1918 1919 1905 1296
9 1905 1919 1920 1906 1297
9 1906 1920 1921 1907 1298
9 1907 1921 1922 1908 1299
9 1908 1922 1923 1909 1300
9 1909 1923 1924 1910 1301
9 1910 1924 1925 1911 1302
9 1911 1925 1926 1912 1303
9 1912 1926 284 283 1304
9 94 95 1927 1913 1305
9 1913 1927 1928 1914 1306
9 1914 1928 1929 1915 1307
9 1915 1929 1930 1916 1308
9 1916 1930 1931 1917 1309
9 1917 1931 1932 1918 1310
9 1918 1932 1933 1919 1311
9 1919 1933 1934 1920 1312
9 1920 1934 1935 1921 1313
9 1921 1935 1936 1922 1314
9 1922 1936 1937 1923 1315
9 1923 1937 1938 1924 1316
9 1924 1938 1939 1925 1317
9 1925 1939 1940 1926 1318
9 1926 1940 285 284 1319
9 95 96 1941 1927 1320
9 1927 1941 1942 1928 1321
9 1928 1942 1943 1929 1322
9 1929 1943 1944 1930 1323
9 1930 1944 1945 1931 1324
9 1931 1945 1946 1932 1325
9 1932 1946 1947 1933 1326
9 1933 1947 1948 1934 1327
9 1934 1948 1949 1935 1328
9 1935 1949 1950 1936 1329
9 1936 1950 1951 1937 1330
9 1937 1951 1952 1938 1331
9 1938 1952 1953 1939 1332
9 1939 1953 1954 1940 1333
9 1940 1954 286 285 1334
9 96 97 1955 1941 1335
9 1941 1955 1956 1942 1336
9 1942 1956 1957 1943 1337
9 1943 1957 1958 1944 1338
9 1944 1958 1959 1945 1339
9 1945 1959 1960 1946 1340
9 1946 1960 1961 1947 1341
9 1947 1961 1962 1948 1342
9 1948 1962 1963 1949 1343
9 1949 1963 1964 1950 1344
9 1950 1964 1965 1951 1345
9 1951 1965 1966 1952 1346
9 1952 1966 1967 1953 1347
9 1953 1967 1968 1954 1348
9 1954 1968 287 286 1349
9 97 98 1969 1955 1350
9 1955 1969 1970 1956 1351
9 1956 1970 1971 1957 1352
9 1957 1971 1972 1958 1353
9 1958 1972 1973 1959 1354
9 1959 1973 1974 1960 1355
9 1960 1974 1975 1961 1356
9 1961 1975 1976 1962 1357
9 1962 1976 1977 1963 1358
9 1963 1977 1978 1964 1359
9 1964 1978 1979 1965 1360
9 1965 1979 1980 1966 1361
9 1966 1980 1981 1967 1362
9 1967 1981 1982 1968 1363
9 1968 1982 288 287 1364
9 98 99 1983 1969 1365
9 1969 1983 1984 1970 1366
9 1970 1984 1985 1971 1367
9 1971 1985 1986 1972 1368
9 1972 1986 1987 1973 1369
9 1973 1987 1988 1974 1370
9 1974 1988 1989 1975 1371
9 1975 1989 1990 1976 1372
9 1976 1990 1991 1977 1373
9 1977 1991 1992 1978 1374
9 1978 1992 1993 1979 1375
9 1979 1993 1994 1980 1376
9 1980 1994 1995 1981 1377
9 1981 1995 1996 1982 1378
9 1982 1996 289 288 1379
9 99 100 1997 1983 1380
9 1983 1997 1998 1984 1381
9 1984 1998 1999 1985 1382
9 1985 1999 2000 1986 1383
9 1986 2000 2001 1987 1384
9 1987 2001 2002 1988 1385
9 1988 2002 2003 1989 1386
9 1989 2003 2004 1990 1387
9 1990 2004 2005 1991 1388
9 1991 2005 2006 1992 1389
9 1992 2006 2007 1993 1390
9 1993 2007 2008 1994 1391
9 1994 2008 2009 1995 1392
9 1995 2009 2010 1996 1393
9 1996 2010 290 289 1394
9 100 101 2011 1997 1395
9 1997 2011 2012 1998 1396
9 1998 2012 2013 1999 1397
9 1999 2013 2014 2000 1398
9 2000 2014 2015 2001 1399
9 2001 2015 2016 2002 1400
9 2002 2016 2017 2003 1401
9 2003 2017 2018 2004 1402
9 2004 2018 2019 2005 1403
9 2005 2019 2020 2006 1404
9 2006 2020 2021 2007 1405
9 2007 2021 2022 2008 1406
9 2008 2022 2023 2009 1407
9 2009 2023 2024 2010 1408
9 2010 2024 291 290 1409
9 101 102 2025 2011 1410
9 2011 2025 2026 2012 1411
9 2012 2026 2027 2013 1412
9 2013 2027 2028 2014 1413
9 2014 2028 2029 2015 1414
9 2015 2029 2030 2016 1415
9 2016 2030 2031 2017 1416
9 2017 2031 2032 2018 1417
9 2018 2032 2033 2019 1418
9 2019 2033 2034 2020 1419
9 2020 2034 2035 2021 1420
9 2021 2035 2036 2022 1421
9 2022 2036 2037 2023 1422
9 2023 2037 2038 2024 1423
9 2024 2038 292 291 1424
9 102 103 2039 2025 1425
9 2025 2039 2040 2026 1426
9 2026 2040 2041 2027 1427
9 2027 2041 2042 2028 1428
9 2028 2042 2043 2029 1429
9 2029 2043 2044 2030 1430
9 2030 2044 2045 2031 1431
9 2031 2045 2046 2032 1432
9 2032 2046 2047 2033 1433
9 2033 2047 2048 2034 1434
9 2034 2048 2049 2035 1435
9 2035 2049 2050 2036 1436
9 2036 2050 2051 2037 1437
9 2037 2051 2052 2038 1438
9 2038 2052 293 292 1439
9 103 104 2053 2039 1440
9 2039 2053 2054 2040 1441
9 2040 2054 2055 2041 1442
9 2041 2055 2056 2042 1443
9 2042 2056 2057 2043 1444
9 2043 2057 2058 2044 1445
9 2044 2058 2059 2045 1446
9 2045 2059 2060 2046 1447
9 2046 2060 2061 2047 1448
9 2047 2061 2062 2048 1449
9 2048 2062 2063 2049 1450
9 2049 2063 2064 2050 1451
9 2050 2064 2065 2051 1452
9 2051 2065 2066 2052 1453
9 2052 2066 294 293 1454
9 104 105 2067 2053 1455
9 2053 2067 2068 2054 1456
9 2054 2068 2069 2055 1457
9 2055 2069 2070 2056 1458
9 2056 2070 2071 2057 1459
9 2057 2071 2072 2058 1460
9 2058 2072 2073 2059 1461
9 2059 2073 2074 2060 1462
9 2060 2074 2075 2061 1463
9 2061 2075 2076 2062 1464
9 2062 2076 2077 2063 1465
9 2063 2077 2078 2064 1466
9 2064 2078 2079 2065 1467
9 2065 2079 2080 2066 1468
9 2066 2080 295 294 1469
9 105 106 2081 2067 1470
9 2067 2081 2082 2068 1471
9 2068 2082 2083 2069 1472
9 2069 2083 2084 2070 1473
9 2070 2084 2085 2071 1474
9 2071 2085 2086 2072 1475
9 2072 2086 2087 2073 1476
9 2073 2087 2088 2074 1477
9 2074 2088 2089 2075 1478
9 2075 2089 2090 2076 1479
9 2076 2090 2091 2077 1480
9 2077 2091 2092 2078 1481
9 2078 2092 2093 2079 1482
9 2079 2093 2094 2080 1483
9 2080 2094 296 295 1484
9 106 107 2095 2081 1485
9 2081 2095 2096 2082 1486
9 2082 2096 2097 2083 1487
9 2083 2097 2098 2084 1488
9 2084 2098 2099 2085 1489
9 2085 2099 2100 2086 1490
9 2086 2100 2101 2087 1491
9 2087 2101 2102 2088 1492
9 2088 2102 2103 2089 1493
9 2089 2103 2104 2090 1494
9 2090 2104 2105 2091 1495
9 2091 2105 2106 2092 1496
9 2092 2106 2107 2093 1497
9 2093 2107 2108 2094 1498
9 2094 2108 297 296 1499
9 107 108 2109 2095 1500
9 2095 2109 2110 2096 1501
9 2096 2110 2111 2097 1502
9 2097 2111 2112 2098 1503
9 2098 2112 2113 2099 1504
9 2099 2113 2114 2100 1505
9 2100 2114 2115 2101 1506
9 2101 2115 2116 2102 1507
9 2102 2116 2117 2103 1508
9 2103 2117 2118 2104 1509
9 2104 2118 2119 2105 1510
9 2105 2119 2120 2106 1511
9 2106 2120 2121 2107 1512
9 2107 2121 2122 2108 1513
9 2108 2122 298 297 1514
9 108 109 2123 2109 1515
9 2109 2123 2124 2110 1516
9 2110 2124 2125 2111 1517
9 2111 2125 2126 2112 1518
9 2112 2126 2127 2113 1519
9 2113 2127 2128 2114 1520
9 2114 2128 2129 2115 1521
9 2115 2129 2130 2116 1522
9 2116 2130 2131 2117 1523
9 2117 2131 2132 2118 1524
9 2118 2132 2133 2119 1525
9 2119 2133 2134 2120 1526
9 2120 2134 2135 2121 1527
9 2121 2135 2136 2122 1528
9 2122 2136 299 298 1529
9 109 110 2137 2123 1530
9 2123 2137 2138 2124 1531
9 2124 2138 2139 2125 1532
9 2125 2139 2140 2126 1533
9 2126 2140 2141 2127 1534
9 2127 2141 2142 2128 1535
9 2128 2142 2143 2129 1536
9 2129 2143 2144 2130 1537
9 2130 2144 2145 2131 1538
9 2131 2145 2146 2132 1539
9 2132 2146 2147 2133 1540
9 2133 2147 2148 2134 1541
9 2134 2148 2149 2135 1542
9 2135 2149 2150 2136 1543
9 2136 2150 300 299 1544
9 110 111 2151 2137 1545
9 2137 2151 2152 2138 1546
9 2138 2152 2153 2139 1547
9 2139 2153 2154 2140 1548
9 2140 2154 2155 2141 1549
9 2141 2155 2156 2142 1550
9 2142 2156 2157 2143 1551
9 2143 2157 2158 2144 1552
9 2144 2158 2159 2145 1553
9 2145 2159 2160 2146 1554
9 2146 2160 2161 2147 1555
9 2147 2161 2162 2148 1556
9 2148 2162 2163 2149 1557
9 2149 2163 2164 2150 1558
9 2150 2164 301 300 1559
9 111 112 2165 2151 1560
9 2151 2165 2166 2152 1561
9 2152 2166 2167 2153 1562
9 2153 2167 2168 2154 1563
9 2154 2168 2169 2155 1564
9 2155 2169 2170 2156 1565
9 2156 2170 2171 2157 1566
9 2157 2171 2172 2158 1567
9 2158 2172 2173 2159 1568
9 2159 2173 2174 2160 1569
9 2160 2174 2175 2161 1570
9 2161 2175 2176 2162 1571
9 2162 2176 2177 2163 1572
9 2163 2177 2178 2164 1573
9 2164 2178 302 301 1574
9 112 113 2179 2165 1575
9 2165 2179 2180 2166 1576
9 2166 2180 2181 2167 1577
9 2167 2181 2182 2168 1578
9 2168 2182 2183 2169 1579
9 2169 2183 2184 2170 1580
9 2170 2184 2185 2171 1581
9 2171 2185 2186 2172 1582
9 2172 2186 2187 2173 1583
9 2173 2187 2188 2174 1584
9 2174 2188 2189 2175 1585
9 2175 2189 2190 2176 1586
9 2176 2190 2191 2177 1587
9 2177 2191 2192 2178 1588
9 2178 2192 303 302 1589
9 113 114 2193 2179 1590
9 2179 2193 2194 2180 1591
9 2180 2194 2195 2181 1592
9 2181 2195 2196 2182 1593
9 2182 2196 2197 2183 1594
9 2183 2197 2198 2184 1595
9 2184 2198 2199 2185 1596
9 2185 2199 2200 2186 1597
9 2186 2200 2201 2187 1598
9 2187 2201 2202 2188 1599
9 2188 2202 2203 2189 1600
9 2189 2203 2204 2190 1601
9 2190 2204 2205 2191 1602
9 2191 2205 2206 2192 1603
9 2192 2206 304 303 1604
9 114 115 2207 2193 1605
9 2193 2207 2208 2194 1606
9 2194 2208 2209 2195 1607
9 2195 2209 2210 2196 1608
9 2196 2210 2211 2197 1609
9 2197 2211 2212 2198 1610
9 2198 2212 2213 2199 1611
9 2199 2213 2214 2200 1612
9 2200 2214 2215 2201 1613
9 2201 2215 2216 2202 1614
9 2202 2216 2217 2203 1615
9 2203 2217 2218 2204 1616
9 2204 2218 2219 2205 1617
9 2205 2219 2220 2206 1618
9 2206 2220 305 304 1619
9 115 116 2221 2207 1620
9 2207 2221 2222 2208 1621
9 2208 2222 2223 2209 1622
9 2209 2223 2224 2210 1623
9 2210 2224 2225 2211 1624
9 2211 2225 2226 2212 1625
9 2212 2226 2227 2213 1626
9 2213 2227 2228 2214 1627
9 2214 2228 2229 2215 1628
9 2215 2229 2230 2216 1629
9 2216 2230 2231 2217 1630
9 2217 2231 2232 2218 1631
9 2218 2232 2233 2219 1632
9 2219 2233 2234 2220 1633
9 2220 2234 306 305 1634
9 116 117 2235 2221 1635
9 2221 2235 2236 2222 1636
9 2222 2236 2237 2223 1637
9 2223 2237 2238 2224 1638
9 2224 2238 2239 2225 1639
9 2225 2239 2240 2226 1640
9 2226 2240 2241 2227 1641
9 2227 2241 2242 2228 1642
9 2228 2242 2243 2229 1643
9 2229 2243 2244 2230 1644
9 2230 2244 2245 2231 1645
9 2231 2245 2246 2232 1646
9 2232 2246 2247 2233 1647
9 2233 2247 2248 2234 1648
9 2234 2248 307 306 1649
9 117 118 2249 2235 1650
9 2235 2249 2250 2236 1651
9 2236 2250 2251 2237 1652
9 2237 2251 2252 2238 1653
9 2238 2252 2253 2239 1654
9 2239 2253 2254 2240 1655
9 2240 2254 2255 2241 1656
9 2241 2255 2256 2242 1657
9 2242 2256 2257 2243 1658
9 2243 2257 2258 2244 1659
9 2244 2258 2259 2245 1660
9 2245 2259 2260 2246 1661
9 2246 2260 2261 2247 1662
9 2247 2261 2262 2248 1663
9 2248 2262 308 307 1664
9 118 119 2263 2249 1665
9 2249 2263 2264 2250 1666
9 2250 2264 2265 2251 1667
9 2251 2265 2266 2252 1668
9 2252 2266 2267 2253 1669
9 2253 2267 2268 2254 1670
9 2254 2268 2269 2255 1671
9 2255 2269 2270 2256 1672
9 2256 2270 2271 2257 1673
9 2257 2271 2272 2258 1674
9 2258 2272 2273 2259 1675
9 2259 2273 2274 2260 1676
9 2260 2274 2275 2261 1677
9 2261 2275 2276 2262 1678
9 2262 2276 309 308 1679
9 119 120 2277 2263 1680
9 2263 2277 2278 2264 1681
9 2264 2278 2279 2265 1682
9 2265 2279 2280 2266 1683
9 2266 2280 2281 2267 1684
9 2267 2281 2282 2268 1685
9 2268 2282 2283 2269 1686
9 2269 2283 2284 2270 1687
9 2270 2284 2285 2271 1688
9 2271 2285 2286 2272 1689
9 2272 2286 2287 2273 1690
9 2273 2287 2288 2274 1691
9 2274 2288 2289 2275 1692
9 2275 2289 2290 2276 1693
9 2276 2290 310 309 1694
9 120 121 2291 2277 1695
9 2277 2291 2292 2278 1696
9 2278 2292 2293 2279 1697
9 2279 2293 2294 2280 1698
9 2280 2294 2295 2281 1699
9 2281 2295 2296 2282 1700
9 2282 2296 2297 2283 1701
9 2283 2297 2298 2284 1702
9 2284 2298 2299 2285 1703
9 2285 2299 2300 2286 1704
9 2286 2300 2301 2287 1705
9 2287 2301 2302 2288 1706
9 2288 2302 2303 2289 1707
9 2289 2303 2304 2290 1708
9 2290 2304 311 310 1709
9 121 122 2305 2291 1710
9 2291 2305 2306 2292 1711
9 2292 2306 2307 2293 1712
9 2293 2307 2308 2294 1713
9 2294 2308 2309 2295 1714
9 2295 2309 2310 2296 1715
9 2296 2310 2311 2297 1716
9 2297 2311 2312 2298 1717
9 2298 2312 2313 2299 1718
9 2299 2313 2314 2300 1719
9 2300 2314 2315 2301 1720
9 2301 2315 2316 2302 1721
9 2302 2316 2317 2303 1722
9 2303 2317 2318 2304 1723
9 2304 2318 312 311 1724
9 122 123 2319 2305 1725
9 2305 2319 2320 2306 1726
9 2306 2320 2321 2307 1727
9 2307 2321 2322 2308 1728
9 2308 2322 2323 2309 1729
9 2309 2323 2324 2310 1730
9 2310 2324 2325 2311 1731
9 2311 2325 2326 2312 1732
9 2312 2326 2327 2313 1733
9 2313 2327 2328 2314 1734
9 2314 2328 2329 2315 1735
9 2315 2329 2330 2316 1736
9 2316 2330 2331 2317 1737
9 2317 2331 2332 2318 1738
9 2318 2332 313 312 1739
9 123 124 2333 2319 1740
9 2319 2333 2334 2320 1741
9 2320 2334 2335 2321 1742
9 2321 2335 2336 2322 1743
9 2322 2336 2337 2323 1744
9 2323 2337 2338 2324 1745
9 2324 2338 2339 2325 1746
9 2325 2339 2340 2326 1747
9 2326 2340 2341 2327 1748
9 2327 2341 2342 2328 1749
9 2328 2342 2343 2329 1750
9 2329 2343 2344 2330 1751
9 2330 2344 2345 2331 1752
9 2331 2345 2346 2332 1753
9 2332 2346 314 313 1754
9 124 125 2347 2333 1755
9 2333 2347 2348 2334 1756
9 2334 2348 2349 2335 1757
9 2335 2349 2350 2336 1758
9 2336 2350 2351 2337 1759
9 2337 2351 2352 2338 1760
9 2338 2352 2353 2339 1761
9 2339 2353 2354 2340 1762
9 2340 2354 2355 2341 1763
9 2341 2355 2356 2342 1764
9 2342 2356 2357 2343 1765
9 2343 2357 2358 2344 1766
9 2344 2358 2359 2345 1767
9 2345 2359 2360 2346 1768
9 2346 2360 315 314 1769
9 125 126 2361 2347 1770
9 2347 2361 2362 2348 1771
9 2348 2362 2363 2349 1772
9 2349 2363 2364 2350 1773
9 2350 2364 2365 2351 1774
9 2351 2365 2366 2352 1775
9 2352 2366 2367 2353 1776
9 2353 2367 2368 2354 1777
9 2354 2368 2369 2355 1778
9 2355 2369 2370 2356 1779
9 2356 2370 2371 2357 1780
9 2357 2371 2372 2358 1781
9 2358 2372 2373 2359 1782
9 2359 2373 2374 2360 1783
9 2360 2374 316 315 1784
9 126 127 2375 2361 1785
9 2361 2375 2376 2362 1786
9 2362 2376 2377 2363 1787
9 2363 2377 2378 2364 1788
9 2364 2378 2379 2365 1789
9 2365 2379 2380 2366 1790
9 2366 2380 2381 2367 1791
9 2367 2381 2382 2368 1792
9 2368 2382 2383 2369 1793
9 2369 2383 2384 2370 1794
9 2370 2384 2385 2371 1795
9 2371 2385 2386 2372 1796
9 2372 2386 2387 2373 1797
9 2373 2387 2388 2374 1798
9 2374 2388 317 316 1799
9 127 128 2389 2375 1800
9 2375 2389 2390 2376 1801
9 2376 2390 2391 2377 1802
9 2377 2391 2392 2378 1803
9 2378 2392 2393 2379 1804
9 2379 2393 2394 2380 1805
9 2380 2394 2395 2381 1806
9 2381 2395 2396 2382 1807
9 2382 2396 2397 2383 1808
9 2383 2397 2398 2384 1809
9 2384 2398 2399 2385 1810
9 2385 2399 2400 2386 1811
9 2386 2400 2401 2387 1812
9 2387 2401 2402 2388 1813
9 2388 2402 318 317 1814
9 128 129 2403 2389 1815
9 2389 2403 2404 2390 1816
9 2390 2404 2405 2391 1817
9 2391 2405 2406 2392 1818
9 2392 2406 2407 2393 1819
9 2393 2407 2408 2394 1820
9 2394 2408 2409 2395 1821
9 2395 2409 2410 2396 1822
9 2396 2410 2411 2397 1823
9 2397 2411 2412 2398 1824
9 2398 2412 2413 2399 1825
9 2399 2413 2414 2400 1826
9 2400 2414 2415 2401 1827
9 2401 2415 2416 2402 1828
9 2402 2416 319 318 1829
9 129 130 2417 2403 1830
9 2403 2417 2418 2404 1831
9 2404 2418 2419 2405 1832
9 2405 2419 2420 2406 1833
9 2406 2420 2421 2407 1834
9 2407 2421 2422 2408 1835
9 2408 2422 2423 2409 1836
9 2409 2423 2424 2410 1837
9 2410 2424 2425 2411 1838
9 2411 2425 2426 2412 1839
9 2412 2426 2427 2413 1840
9 2413 2427 2428 2414 1841
9 2414 2428 2429 2415 1842
9 2415 2429 2430 2416 1843
9 2416 2430 320 319 1844
9 130 131 2431 2417 1845
9 2417 2431 2432 2418 1846
9 2418 2432 2433 2419 1847
9 2419 2433 2434 2420 1848
9 2420 2434 2435 2421 1849
9 2421 2435 2436 2422 1850
9 2422 2436 2437 2423 1851
9 2423 2437 2438 2424 1852
9 2424 2438 2439 2425 1853
9 2425 2439 2440 2426 1854
9 2426 2440 2441 2427 1855
9 2427 2441 2442 2428 1856
9 2428 2442 2443 2429 1857
9 2429 2443 2444 2430 1858
9 2430 2444 321 320 1859
9 131 132 2445 2431 1860
9 2431 2445 2446 2432 1861
9 2432 2446 2447 2433 1862
9 2433 2447 2448 2434 1863
9 2434 2448 2449 2435 1864
9 2435 2449 2450 2436 1865
9 2436 2450 2451 2437 1866
9 2437 2451 2452 2438 1867
9 2438 2452 2453 2439 1868
9 2439 2453 2454 2440 1869
9 2440 2454 2455 2441 1870
9 2441 2455 2456 2442 1871
9 2442 2456 2457 2443 1872
9 2443 2457 2458 2444 1873
9 2444 2458 322 321 1874
9 132 133 2459 2445 1875
9 2445 2459 2460 2446 1876
9 2446 2460 2461 2447 1877
9 2447 2461 2462 2448 1878
9 2448 2462 2463 2449 1879
9 2449 2463 2464 2450 1880
9 2450 2464 2465 2451 1881
9 2451 2465 2466 2452 1882
9 2452 2466 2467 2453 1883
9 2453 2467 2468 2454 1884
9 2454 2468 2469 2455 1885
9 2455 2469 2470 2456 1886
9 2456 2470 2471 2457 1887
9 2457 2471 2472 2458 1888
9 2458 2472 323 322 1889
9 133 134 2473 2459 1890
9 2459 2473 2474 2460 1891
9 2460 2474 2475 2461 1892
9 2461 2475 2476 2462 1893
9 2462 2476 2477 2463 1894
9 2463 2477 2478 2464 1895
9 2464 2478 2479 2465 1896
9 2465 2479 2480 2466 1897
9 2466 2480 2481 2467 1898
9 2467 2481 2482 2468 1899
9 2468 2482 2483 2469 1900
9 2469 2483 2484 2470 1901
9 2470 2484 2485 2471 1902
9 2471 2485 2486 2472 1903
9 2472 2486 324 323 1904
9 134 135 2487 2473 1905
9 2473 2487 2488 2474 1906
9 2474 2488 2489 2475 1907
9 2475 2489 2490 2476 1908
9 2476 2490 2491 2477 1909
9 2477 2491 2492 2478 1910
9 2478 2492 2493 2479 1911
9 2479 2493 2494 2480 1912
9 2480 2494 2495 2481 1913
9 2481 2495 2496 2482 1914
9 2482 2496 2497 2483 1915
9 2483 2497 2498 2484 1916
9 2484 2498 2499 2485 1917
9 2485 2499 2500 2486 1918
9 2486 2500 325 324 1919
9 135 136 2501 2487 1920
9 2487 2501 2502 2488 1921
9 2488 2502 2503 2489 1922
9 2489 2503 2504 2490 1923
9 2490 2504 2505 2491 1924
9 2491 2505 2506 2492 1925
9 2492 2506 2507 2493 1926
9 2493 2507 2508 2494 1927
9 2494 2508 2509 2495 1928
9 2495 2509 2510 2496 1929
9 2496 2510 2511 2497 1930
9 2497 2511 2512 2498 1931
9 2498 2512 2513 2499 1932
9 2499 2513 2514 2500 1933
9 2500 2514 326 325 1934
9 136 137 2515 2501 1935
9 2501 2515 2516 2502 1936
9 2502 2516 2517 2503 1937
9 2503 2517 2518 2504 1938
9 2504 2518 2519 2505 1939
9 2505 2519 2520 2506 1940
9 2506 2520 2521 2507 1941
9 2507 2521 2522 2508 1942
9 2508 2522 2523 2509 1943
9 2509 2523 2524 2510 1944
9 2510 2524 2525 2511 1945
9 2511 2525 2526 2512 1946
9 2512 2526 2527 2513 1947
9 2513 2527 2528 2514 1948
9 2514 2528 327 326 1949
9 137 138 2529 2515 1950
9 2515 2529 2530 2516 1951
9 2516 2530 2531 2517 1952
9 2517 2531 2532 2518 1953
9 2518 2532 2533 2519 1954
9 2519 2533 2534 2520 1955
9 2520 2534 2535 2521 1956
9 2521 2535 2536 2522 1957
9 2522 2536 2537 2523 1958
9 2523 2537 2538 2524 1959
9 2524 2538 2539 2525 1960
9 2525 2539 2540 2526 1961
9 2526 2540 2541 2527 1962
9 2527 2541 2542 2528 1963
9 2528 2542 328 327 1964
9 138 139 2543 2529 1965
9 2529 2543 2544 2530 1966
9 2530 2544 2545 2531 1967
9 2531 2545 2546 2532 1968
9 2532 2546 2547 2533 1969
9 2533 2547 2548 2534 1970
9 2534 2548 2549 2535 1971
9 2535 2549 2550 2536 1972
9 2536 2550 2551 2537 1973
9 2537 2551 2552 2538 1974
9 2538 2552 2553 2539 1975
9 2539 2553 2554 2540 1976
9 2540 2554 2555 2541 1977
9 2541 2555 2556 2542 1978
9 2542 2556 329 328 1979
9 139 140 2557 2543 1980
9 2543 2557 2558 2544 1981
9 2544 2558 2559 2545 1982
9 2545 2559 2560 2546 1983
9 2546 2560 2561 2547 1984
9 2547 2561 2562 2548 1985
9 2548 2562 2563 2549 1986
9 2549 2563 2564 2550 1987
9 2550 2564 2565 2551 1988
9 2551 2565 2566 2552 1989
9 2552 2566 2567 2553 1990
9 2553 2567 2568 2554 1991
9 2554 2568 2569 2555 1992
9 2555 2569 2570 2556 1993
9 2556 2570 330 329 1994
9 140 141 2571 2557 1995
9 2557 2571 2572 2558 1996
9 2558 2572 2573 2559 1997
9 2559 2573 2574 2560 1998
9 2560 2574 2575 2561 1999
9 2561 2575 2576 2562 2000
9 2562 2576 2577 2563 2001
9 2563 2577 2578 2564 2002
9 2564 2578 2579 2565 2003
9 2565 2579 2580 2566 2004
9 2566 2580 2581 2567 2005
9 2567 2581 2582 2568 2006
9 2568 2582 2583 2569 2007
9 2569 2583 2584 2570 2008
9 2570 2584 331 330 2009
9 141 142 2585 2571 2010
9 2571 2585 2586 2572 2011
9 2572 2586 2587 2573 2012
9 2573 2587 2588 2574 2013
9 2574 2588 2589 2575 2014
9 2575 2589 2590 2576 2015
9 2576 2590 2591 2577 2016
9 2577 2591 2592 2578 2017
9 2578 2592 2593 2579 2018
9 2579 2593 2594 2580 2019
9 2580 2594 2595 2581 2020
9 2581 2595 2596 2582 2021
9 2582 2596 2597 2583 2022
9 2583 2597 2598 2584 2023
9 2584 2598 332 331 2024
9 142 143 2599 2585 2025
9 2585 2599 2600 2586 2026
9 2586 2600 2601 2587 2027
9 2587 2601 2602 2588 2028
9 2588 2602 2603 2589 2029
9 2589 2603 2604 2590 2030
9 2590 2604 2605 2591 2031
9 2591 2605 2606 2592 2032
9 2592 2606 2607 2593 2033
9 2593 2607 2608 2594 2034
9 2594 2608 2609 2595 2035
9 2595 2609 2610 2596 2036
9 2596 2610 2611 2597 2037
9 2597 2611 2612 2598 2038
9 2598 2612 333 332 2039
9 143 144 2613 2599 2040
9 2599 2613 2614 2600 2041
9 2600 2614 2615 2601 2042
9 2601 2615 2616 2602 2043
9 2602 2616 2617 2603 2044
9 2603 2617 2618 2604 2045
9 2604 2618 2619 2605 2046
9 2605 2619 2620 2606 2047
9 2606 2620 2621 2607 2048
9 2607 2621 2622 2608 2049
9 2608 2622 2623 2609 2050
9 2609 2623 2624 2610 2051
9 2610 2624 2625 2611 2052
9 2611 2625 2626 2612 2053
9 2612 2626 334 333 2054
9 144 145 2627 2613 2055
9 2613 2627 2628 2614 2056
9 2614 2628 2629 2615 2057
9 2615 2629 2630 2616 2058
9 2616 2630 2631 2617 2059
9 2617 2631 2632 2618 2060
9 2618 2632 2633 2619 2061
9 2619 2633 2634 2620 2062
9 2620 2634 2635 2621 2063
9 2621 2635 2636 2622 2064
9 2622 2636 2637 2623 2065
9 2623 2637 2638 2624 2066
9 2624 2638 2639 2625 2067
9 2625 2639 2640 2626 2068
9 2626 2640 335 334 2069
9 145 146 2641 2627 2070
9 2627 2641 2642 2628 2071
9 2628 2642 2643 2629 2072
9 2629 2643 2644 2630 2073
9 2630 2644 2645 2631 2074
9 2631 2645 2646 2632 2075
9 2632 2646 2647 2633 2076
9 2633 2647 2648 2634 2077
9 2634 2648 2649 2635 2078
9 2635 2649 2650 2636 2079
9 2636 2650 2651 2637 2080
9 2637 2651 2652 2638 2081
9 2638 2652 2653 2639 2082
9 2639 2653 2654 2640 2083
9 2640 2654 336 335 2084
9 146 147 2655 2641 2085
9 2641 2655 2656 2642 2086
9 2642 2656 2657 2643 2087
9 2643 2657 2658 2644 2088
9 2644 2658 2659 2645 2089
9 2645 2659 2660 2646 2090
9 2646 2660 2661 2647 2091
9 2647 2661 2662 2648 2092
9 2648 2662 2663 2649 2093
9 2649 2663 2664 2650 2094
9 2650 2664 2665 2651 2095
9 2651 2665 2666 2652 2096
9 2652 2666 2667 2653 2097
9 2653 2667 2668 2654 2098
9 2654 2668 337 336 2099
9 147 148 2669 2655 2100
9 2655 2669 2670 2656 2101
9 2656 2670 2671 2657 2102
9 2657 2671 2672 2658 2103
9 2658 2672 2673 2659 2104
9 2659 2673 2674 2660 2105
9 2660 2674 2675 2661 2106
9 2661 2675 2676 2662 2107
9 2662 2676 2677 2663 2108
9 2663 2677 2678 2664 2109
9 2664 2678 2679 2665 2110
9 2665 2679 2680 2666 2111
9 2666 2680 2681 2667 2112
9 2667 2681 2682 2668 2113
9 2668 2682 338 337 2114
9 148 149 2683 2669 2115
9 2669 2683 2684 2670 2116
9 2670 2684 2685 2671 2117
9 2671 2685 2686 2672 2118
9 2672 2686 2687 2673 2119
9 2673 2687 2688 2674 2120
9 2674 2688 2689 2675 2121
9 2675 2689 2690 2676 2122
9 2676 2690 2691 2677 2123
9 2677 2691 2692 2678 2124
9 2678 2692 2693 2679 2125
9 2679 2693 2694 2680 2126
9 2680 2694 2695 2681 2127
9 2681 2695 2696 2682 2128
9 2682 2696 339 338 2129
9 149 150 2697 2683 2130
9 2683 2697 2698 2684 2131
9 2684 2698 2699 2685 2132
9 2685 2699 2700 2686 2133
9 2686 2700 2701 2687 2134
9 2687 2701 2702 2688 2135
9 2688 2702 2703 2689 2136
9 2689 2703 2704 2690 2137
9 2690 2704 2705 2691 2138
9 2691 2705 2706 2692 2139
9 2692 2706 2707 2693 2140
9 2693 2707 2708 2694 2141
9 2694 2708 2709 2695 2142
9 2695 2709 2710 2696 2143
9 2696 2710 340 339 2144
9 150 151 2711 2697 2145
9 2697 2711 2712 2698 2146
9 2698 2712 2713 2699 2147
9 2699 2713 2714 2700 2148
9 2700 2714 2715 2701 2149
9 2701 2715 2716 2702 2150
9 2702 2716 2717 2703 2151
9 2703 2717 2718 2704 2152
9 2704 2718 2719 2705 2153
9 2705 2719 2720 2706 2154
9 2706 2720 2721 2707 2155
9 2707 2721 2722 2708 2156
9 2708 2722 2723 2709 2157
9 2709 2723 2724 2710 2158
9 2710 2724 341 340 2159
9 151 152 2725 2711 2160
9 2711 2725 2726 2712 2161
9 2712 2726 2727 2713 2162
9 2713 2727 2728 2714 2163
9 2714 2728 2729 2715 2164
9 2715 2729 2730 2716 2165
9 2716 2730 2731 2717 2166
9 2717 2731 2732 2718 2167
9 2718 2732 2733 2719 2168
9 2719 2733 2734 2720 2169
9 2720 2734 2735 2721 2170
9 2721 2735 2736 2722 2171
9 2722 2736 2737 2723 2172
9 2723 2737 2738 2724 2173
9 2724 2738 342 341 2174
9 152 153 2739 2725 2175
9 2725 2739 2740 2726 2176
9 2726 2740 2741 2727 2177
9 2727 2741 2742 2728 2178
9 2728 2742 2743 2729 2179
9 2729 2743 2744 2730 2180
9 2730 2744 2745 2731 2181
9 2731 2745 2746 2732 2182
9 2732 2746 2747 2733 2183
9 2733 2747 2748 2734 2184
9 2734 2748 2749 2735 2185
9 2735 2749 2750 2736 2186
9 2736 2750 2751 2737 2187
9 2737 2751 2752 2738 2188
9 2738 2752 343 342 2189
9 153 154 2753 2739 2190
9 2739 2753 2754 2740 2191
9 2740 2754 2755 2741 2192
9 2741 2755 2756 2742 2193
9 2742 2756 2757 2743 2194
9 2743 2757 2758 2744 2195
9 2744 2758 2759 2745 2196
9 2745 2759 2760 2746 2197
9 2746 2760 2761 2747 2198
9 2747 2761 2762 2748 2199
9 2748 2762 2763 2749 2200
9 2749 2763 2764 2750 2201
9 2750 2764 2765 2751 2202
9 2751 2765 2766 2752 2203
9 2752 2766 344 343 2204
9 154 155 2767 2753 2205
9 2753 2767 2768 2754 2206
9 2754 2768 2769 2755 2207
9 2755 2769 2770 2756 2208
9 2756 2770 2771 2757 2209
9 2757 2771 2772 2758 2210
9 2758 2772 2773 2759 2211
9 2759 2773 2774 2760 2212
9 2760 2774 2775 2761 2213
9 2761 2775 2776 2762 2214
9 2762 2776 2777 2763 2215
9 2763 2777 2778 2764 2216
9 2764 2778 2779 2765 2217
9 2765 2779 2780 2766 2218
9 2766 2780 345 344 2219
9 155 156 2781 2767 2220
9 2767 2781 2782 2768 2221
9 2768 2782 2783 2769 2222
9 2769 2783 2784 2770 2223
9 2770 2784 2785 2771 2224
9 2771 2785 2786 2772 2225
9 2772 2786 2787 2773 2226
9 2773 2787 2788 2774 2227
9 2774 2788 2789 2775 2228
9 2775 2789 2790 2776 2229
9 2776 2790 2791 2777 2230
9 2777 2791 2792 2778 2231
9 2778 2792 2793 2779 2232
9 2779 2793 2794 2780 2233
9 2780 2794 346 345 2234
9 156 157 2795 2781 2235
9 2781 2795 2796 2782 2236
9 2782 2796 2797 2783 2237
9 2783 2797 2798 2784 2238
9 2784 2798 2799 2785 2239
9 2785 2799 2800 2786 2240
9 2786 2800 2801 2787 2241
9 2787 2801 2802 2788 2242
9 2788 2802 2803 2789 2243
9 2789 2803 2804 2790 2244
9 2790 2804 2805 2791 2245
9 2791 2805 2806 2792 2246
9 2792 2806 2807 2793 2247
9 2793 2807 2808 2794 2248
9 2794 2808 347 346 2249
9 157 158 2809 2795 2250
9 2795 2809 2810 2796 2251
9 2796 2810 2811 2797 2252
9 2797 2811 2812 2798 2253
9 2798 2812 2813 2799 2254
9 2799 2813 2814 2800 2255
9 2800 2814 2815 2801 2256
9 2801 2815 2816 2802 2257
9 2802 2816 2817 2803 2258
9 2803 2817 2818 2804 2259
9 2804 2818 2819 2805 2260
9 2805 2819 2820 2806 2261
9 2806 2820 2821 2807 2262
9 2807 2821 2822 2808 2263
9 2808 2822 348 347 2264
9 158 159 2823 2809 2265
9 2809 2823 2824 2810 2266
9 2810 2824 2825 2811 2267
9 2811 2825 2826 2812 2268
9 2812 2826 2827 2813 2269
9 2813 2827 2828 2814 2270
9 2814 2828 2829 2815 2271
9 2815 2829 2830 2816 2272
9 2816 2830 2831 2817 2273
9 2817 2831 2832 2818 2274
9 2818 2832 2833 2819 2275
9 2819 2833 2834 2820 2276
9 2820 2834 2835 2821 2277
9 2821 2835 2836 2822 2278
9 2822 2836 349 348 2279
9 159 160 2837 2823 2280
9 2823 2837 2838 2824 2281
9 2824 2838 2839 2825 2282
9 2825 2839 2840 2826 2283
9 2826 2840 2841 2827 2284
9 2827 2841 2842 2828 2285
9 2828 2842 2843 2829 2286
9 2829 2843 2844 2830 2287
9 2830 2844 2845 2831 2288
9 2831 2845 2846 2832 2289
9 2832 2846 2847 2833 2290
9 2833 2847 2848 2834 2291
9 2834 2848 2849 2835 2292
9 2835 2849 2850 2836 2293
9 2836 2850 350 349 2294
9 160 161 2851 2837 2295
9 2837 2851 2852 2838 2296
9 2838 2852 2853 2839 2297
9 2839 2853 2854 2840 2298
9 2840 2854 2855 2841 2299
9 2841 2855 2856 2842 2300
9 2842 2856 2857 2843 2301
9 2843 2857 2858 2844 2302
9 2844 2858 2859 2845 2303
9 2845 2859 2860 2846 2304
9 2846 2860 2861 2847 2305
9 2847 2861 2862 2848 2306
9 2848 2862 2863 2849 2307
9 2849 2863 2864 2850 2308
9 2850 2864 351 350 2309
9 161 162 2865 2851 2310
9 2851 2865 2866 2852 2311
9 2852 2866 2867 2853 2312
9 2853 2867 2868 2854 2313
9 2854 2868 2869 2855 2314
9 2855 2869 2870 2856 2315
9 2856 2870 2871 2857 2316
9 2857 2871 2872 2858 2317
9 2858 2872 2873 2859 2318
9 2859 2873 2874 2860 2319
9 2860 2874 2875 2861 2320
9 2861 2875 2876 2862 2321
9 2862 2876 2877 2863 2322
9 2863 2877 2878 2864 2323
9 2864 2878 352 351 2324
9 162 163 2879 2865 2325
9 2865 2879 2880 2866 2326
9 2866 2880 2881 2867 2327
9 2867 2881 2882 2868 2328
9 2868 2882 2883 2869 2329
9 2869 2883 2884 2870 2330
9 2870 2884 2885 2871 2331
9 2871 2885 2886 2872 2332
9 2872 2886 2887 2873 2333
9 2873 2887 2888 2874 2334
9 2874 2888 2889 2875 2335
9 2875 2889 2890 2876 2336
9 2876 2890 2891 2877 2337
9 2877 2891 2892 2878 2338
9 2878 2892 353 352 2339
9 163 164 2893 2879 2340
9 2879 2893 2894 2880 2341
9 2880 2894 2895 2881 2342
9 2881 2895 2896 2882 2343
9 2882 2896 2897 2883 2344
9 2883 2897 2898 2884 2345
9 2884 2898 2899 2885 2346
9 2885 2899 2900 2886 2347
9 2886 2900 2901 2887 2348
9 2887 2901 2902 2888 2349
9 2888 2902 2903 2889 2350
9 2889 2903 2904 2890 2351
9 2890 2904 2905 2891 2352
9 2891 2905 2906 2892 2353
9 2892 2906 354 353 2354
9 164 165 2907 2893 2355
9 2893 2907 2908 2894 2356
9 2894 2908 2909 2895 2357
9 2895 2909 2910 2896 2358
9 2896 2910 2911 2897 2359
9 2897 2911 2912 2898 2360
9 2898 2912 2913 2899 2361
9 2899 2913 2914 2900 2362
9 2900 2914 2915 2901 2363
9 2901 2915 2916 2902 2364
9 2902 2916 2917 2903 2365
9 2903 2917 2918 2904 2366
9 2904 2918 2919 2905 2367
9 2905 2919 2920 2906 2368
9 2906 2920 355 354 2369
9 165 166 2921 2907 2370
9 2907 2921 2922 2908 2371
9 2908 2922 2923 2909 2372
9 2909 2923 2924 2910 2373
9 2910 2924 2925 2911 2374
9 2911 2925 2926 2912 2375
9 2912 2926 2927 2913 2376
9 2913 2927 2928 2914 2377
9 2914 2928 2929 2915 2378
9 2915 2929 2930 2916 2379
9 2916 2930 2931 2917 2380
9 2917 2931 2932 2918 2381
9 2918 2932 2933 2919 2382
9 2919 2933 2934 2920 2383
9 2920 2934 356 355 2384
9 166 167 2935 2921 2385
9 2921 2935 2936 2922 2386
9 2922 2936 2937 2923 2387
9 2923 2937 2938 2924 2388
9 2924 2938 2939 2925 2389
9 2925 2939 2940 2926 2390
9 2926 2940 2941 2927 2391
9 2927 2941 2942 2928 2392
9 2928 2942 2943 2929 2393
9 2929 2943 2944 2930 2394
9 2930 2944 2945 2931 2395
9 2931 2945 2946 2932 2396
9 2932 2946 2947 2933 2397
9 2933 2947 2948 2934 2398
9 2934 2948 357 356 2399
9 167 168 2949 2935 2400
9 2935 2949 2950 2936 2401
9 2936 2950 2951 2937 2402
9 2937 2951 2952 2938 2403
9 2938 2952 2953 2939 2404
9 2939 2953 2954 2940 2405
9 2940 2954 2955 2941 2406
9 2941 2955 2956 2942 2407
9 2942 2956 2957 2943 2408
9 2943 2957 2958 2944 2409
9 2944 2958 2959 2945 2410
9 2945 2959 2960 2946 2411
9 2946 2960 2961 2947 2412
9 2947 2961 2962 2948 2413
9 2948 2962 358 357 2414
9 168 169 2963 2949 2415
9 2949 2963 2964 2950 2416
9 2950 2964 2965 2951 2417
9 2951 2965 2966 2952 2418
9 2952 2966 2967 2953 2419
9 2953 2967 2968 2954 2420
9 2954 2968 2969 2955 2421
9 2955 2969 2970 2956 2422
9 2956 2970 2971 2957 2423
9 2957 2971 2972 2958 2424
9 2958 2972 2973 2959 2425
9 2959 2973 2974 2960 2426
9 2960 2974 2975 2961 2427
9 2961 2975 2976 2962 2428
9 2962 2976 359 358 2429
9 169 170 2977 2963 2430
9 2963 2977 2978 2964 2431
9 2964 2978 2979 2965 2432
9 2965 2979 2980 2966 2433
9 2966 2980 2981 2967 2434
9 2967 2981 2982 2968 2435
9 2968 2982 2983 2969 2436
9 2969 2983 2984 2970 2437
9 2970 2984 2985 2971 2438
9 2971 2985 2986 2972 2439
9 2972 2986 2987 2973 2440
9 2973 2987 2988 2974 2441
9 2974 2988 2989 2975 2442
9 2975 2989 2990 2976 2443
9 2976 2990 360 359 2444
9 170 171 2991 2977 2445
9 2977 2991 2992 2978 2446
9 2978 2992 2993 2979 2447
9 2979 2993 2994 2980 2448
9 2980 2994 2995 2981 2449
9 2981 2995 2996 2982 2450
9 2982 2996 2997 2983 2451
9 2983 2997 2998 2984 2452
9 2984 2998 2999 2985 2453
9 2985 2999 3000 2986 2454
9 2986 3000 3001 2987 2455
9 2987 3001 3002 2988 2456
9 2988 3002 3003 2989 2457
9 2989 3003 3004 2990 2458
9 2990 3004 361 360 2459
9 171 172 3005 2991 2460
9 2991 3005 3006 2992 2461
9 2992 3006 3007 2993 2462
9 2993 3007 3008 2994 2463
9 2994 3008 3009 2995 2464
9 2995 3009 3010 2996 2465
9 2996 3010 3011 2997 2466
9 2997 3011 3012 2998 2467
9 2998 3012 3013 2999 2468
9 2999 3013 3014 3000 2469
9 3000 3014 3015 3001 2470
9 3001 3015 3016 3002 2471
9 3002 3016 3017 3003 2472
9 3003 3017 3018 3004 2473
9 3004 3018 362 361 2474
9 172 173 3019 3005 2475
9 3005 3019 3020 3006 2476
9 3006 3020 3021 3007 2477
9 3007 3021 3022 3008 2478
9 3008 3022 3023 3009 2479
9 3009 3023 3024 3010 2480
9 3010 3024 3025 3011 2481
9 3011 3025 3026 3012 2482
9 3012 3026 3027 3013 2483
9 3013 3027 3028 3014 2484
9 3014 3028 3029 3015 2485
9 3015 3029 3030 3016 2486
9 3016 3030 3031 3017 2487
9 3017 3031 3032 3018 2488
9 3018 3032 363 362 2489
9 173 174 3033 3019 2490
9 3019 3033 3034 3020 2491
9 3020 3034 3035 3021 2492
9 3021 3035 3036 3022 2493
9 3022 3036 3037 3023 2494
9 3023 3037 3038 3024 2495
9 3024 3038 3039 3025 2496
9 3025 3039 3040 3026 2497
9 3026 3040 3041 3027 2498
9 3027 3041 3042 3028 2499
9 3028 3042 3043 3029 2500
9 3029 3043 3044 3030 2501
9 3030 3044 3045 3031 2502
9 3031 3045 3046 3032 2503
9 3032 3046 364 363 2504
9 174 175 3047 3033 2505
9 3033 3047 3048 3034 2506
9 3034 3048 3049 3035 2507
9 3035 3049 3050 3036 2508
9 3036 3050 3051 3037 2509
9 3037 3051 3052 3038 2510
9 3038 3052 3053 3039 2511
9 3039 3053 3054 3040 2512
9 3040 3054 3055 3041 2513
9 3041 3055 3056 3042 2514
9 3042 3056 3057 3043 2515
9 3043 3057 3058 3044 2516
9 3044 3058 3059 3045 2517
9 3045 3059 3060 3046 2518
9 3046 3060 365 364 2519
9 175 176 3061 3047 2520
9 3047 3061 3062 3048 2521
9 3048 3062 3063 3049 2522
9 3049 3063 3064 3050 2523
9 3050 3064 3065 3051 2524
9 3051 3065 3066 3052 2525
9 3052 3066 3067 3053 2526
9 3053 3067 3068 3054 2527
9 3054 3068 3069 3055 2528
9 3055 3069 3070 3056 2529
9 3056 3070 3071 3057 2530
9 3057 3071 3072 3058 2531
9 3058 3072 3073 3059 2532
9 3059 3073 3074 3060 2533
9 3060 3074 366 365 2534
9 176 177 3075 3061 2535
9 3061 3075 3076 3062 2536
9 3062 3076 3077 3063 2537
9 3063 3077 3078 3064 2538
9 3064 3078 3079 3065 2539
9 3065 3079 3080 3066 2540
9 3066 3080 3081 3067 2541
9 3067 3081 3082 3068 2542
9 3068 3082 3083 3069 2543
9 3069 3083 3084 3070 2544
9 3070 3084 3085 3071 2545
9 3071 3085 3086 3072 2546
9 3072 3086 3087 3073 2547
9 3073 3087 3088 3074 2548
9 3074 3088 367 366 2549
9 177 178 3089 3075 2550
9 3075 3089 3090 3076 2551
9 3076 3090 3091 3077 2552
9 3077 3091 3092 3078 2553
9 3078 3092 3093 3079 2554
9 3079 3093 3094 3080 2555
9 3080 3094 3095 3081 2556
9 3081 3095 3096 3082 2557
9 3082 3096 3097 3083 2558
9 3083 3097 3098 3084 2559
9 3084 3098 3099 3085 2560
9 3085 3099 3100 3086 2561
9 3086 3100 3101 3087 2562
9 3087 3101 3102 3088 2563
9 3088 3102 368 367 2564
9 178 179 3103 3089 2565
9 3089 3103 3104 3090 2566
9 3090 3104 3105 3091 2567
9 3091 3105 3106 3092 2568
9 3092 3106 3107 3093 2569
9 3093 3107 3108 3094 2570
9 3094 3108 3109 3095 2571
9 3095 3109 3110 3096 2572
9 3096 3110 3111 3097 2573
9 3097 3111 3112 3098 2574
9 3098 3112 3113 3099 2575
9 3099 3113 3114 3100 2576
9 3100 3114 3115 3101 2577
9 3101 3115 3116 3102 2578
9 3102 3116 369 368 2579
9 179 180 3117 3103 2580
9 3103 3117 3118 3104 2581
9 3104 3118 3119 3105 2582
9 3105 3119 3120 3106 2583
9 3106 3120 3121 3107 2584
9 3107 3121 3122 3108 2585
9 3108 3122 3123 3109 2586
9 3109 3123 3124 3110 2587
9 3110 3124 3125 3111 2588
9 3111 3125 3126 3112 2589
9 3112 3126 3127 3113 2590
9 3113 3127 3128 3114 2591
9 3114 3128 3129 3115 2592
9 3115 3129 3130 3116 2593
9 3116 3130 370 369 2594
9 180 181 3131 3117 2595
9 3117 3131 3132 3118 2596
9 3118 3132 3133 3119 2597
9 3119 3133 3134 3120 2598
9 3120 3134 3135 3121 2599
9 3121 3135 3136 3122 2600
9 3122 3136 3137 3123 2601
9 3123 3137 3138 3124 2602
9 3124 3138 3139 3125 2603
9 3125 3139 3140 3126 2604
9 3126 3140 3141 3127 2605
9 3127 3141 3142 3128 2606
9 3128 3142 3143 3129 2607
9 3129 3143 3144 3130 2608
9 3130 3144 371 370 2609
9 181 182 3145 3131 2610
9 3131 3145 3146 3132 2611
9 3132 3146 3147 3133 2612
9 3133 3147 3148 3134 2613
9 3134 3148 3149 3135 2614
9 3135 3149 3150 3136 2615
9 3136 3150 3151 3137 2616
9 3137 3151 3152 3138 2617
9 3138 3152 3153 3139 2618
9 3139 3153 3154 3140 2619
9 3140 3154 3155 3141 2620
9 3141 3155 3156 3142 2621
9 3142 3156 3157 3143 2622
9 3143 3157 3158 3144 2623
9 3144 3158 372 371 2624
9 182 183 3159 3145 2625
9 3145 3159 3160 3146 2626
9 3146 3160 3161 3147 2627
9 3147 3161 3162 3148 2628
9 3148 3162 3163 3149 2629
9 3149 3163 3164 3150 2630
9 3150 3164 3165 3151 2631
9 3151 3165 3166 3152 2632
9 3152 3166 3167 3153 2633
9 3153 3167 3168 3154 2634
9 3154 3168 3169 3155 2635
9 3155 3169 3170 3156 2636
9 3156 3170 3171 3157 2637
9 3157 3171 3172 3158 2638
9 3158 3172 373 372 2639
9 183 184 3173 3159 2640
9 3159 3173 3174 3160 2641
9 3160 3174 3175 3161 2642
9 3161 3175 3176 3162 2643
9 3162 3176 3177 3163 2644
9 3163 3177 3178 3164 2645
9 3164 3178 3179 3165 2646
9 3165 3179 3180 3166 2647
9 3166 3180 3181 3167 2648
9 3167 3181 3182 3168 2649
9 3168 3182 3183 3169 2650
9 3169 3183 3184 3170 2651
9 3170 3184 3185 3171 2652
9 3171 3185 3186 3172 2653
9 3172 3186 374 373 2654
9 184 3 389 3173 2655
9 3173 389 390 3174 2656
9 3174 390 391 3175 2657
9 3175 391 392 3176 2658
9 3176 392 393 3177 2659
9 3177 393 394 3178 2660
9 3178 394 395 3179 2661
9 3179 395 396 3180 2662
9 3180 396 397 3181 2663
9 3181 397 398 3182 2664
9 3182 398 399 3183 2665
9 3183 399 400 3184 2666
9 3184 400 401 3185 2667
9 3185 401 402 3186 2668
9 3186 402 4 374 2669
9 1 199 3187 403 2670
9 403 3187 3188 404 2671
9 404 3188 3189 405 2672
9 405 3189 3190 406 2673
9 406 3190 3191 407 2674
9 407 3191 3192 408 2675
9 408 3192 3193 409 2676
9 409 3193 3194 410 2677
9 410 3194 3195 411 2678
9 411 3195 3196 412 2679
9 412 3196 3197 413 2680
9 413 3197 3198 414 2681
9 414 3198 3199 415 2682
9 415 3199 3200 416 2683
9 416 3200 3201 417 2684
9 417 3201 3202 418 2685
9 418 3202 3203 419 2686
9 419 3203 3204 420 2687
9 420 3204 3205 421 2688
9 421 3205 3206 422 2689
9 422 3206 3207 423 2690
9 423 3207 3208 424 2691
9 424 3208 3209 425 2692
9 425 3209 3210 426 2693
9 426 3210 3211 427 2694
9 427 3211 3212 428 2695
9 428 3212 3213 429 2696
9 429 3213 3214 430 2697
9 430 3214 3215 431 2698
9 431 3215 3216 432 2699
9 432 3216 3217 433 2700
9 433 3217 3218 434 2701
9 434 3218 3219 435 2702
9 435 3219 3220 436 2703
9 436 3220 3221 437 2704
9 437 3221 3222 438 2705
9 438 3222 3223 439 2706
9 439 3223 3224 440 2707
9 440 3224 3225 441 2708
9 441 3225 3226 442 2709
9 442 3226 3227 443 2710
9 443 3227 3228 444 2711
9 444 3228 3229 445 2712
9 445 3229 3230 446 2713
9 446 3230 3231 447 2714
9 447 3231 3232 448 2715
9 448 3232 3233 449 2716
9 449 3233 3234 450 2717
9 450 3234 451 2 2718
9 199 200 3235 3187 2719
9 3187 3235 3236 3188 2720
9 3188 3236 3237 3189 2721
9 3189 3237 3238 3190 2722
9 3190 3238 3239 3191 2723
9 3191 3239 3240 3192 2724
9 3192 3240 3241 3193 2725
9 3193 3241 3242 3194 2726
9 3194 3242 3243 3195 2727
9 3195 3243 3244 3196 2728
9 3196 3244 3245 3197 2729
9 3197 3245 3246 3198 2730
9 3198 3246 3247 3199 2731
9 3199 3247 3248 3200 2732
9 3200 3248 3249 3201 2733
9 3201 3249 3250 3202 2734
9 3202 3250 3251 3203 2735
9 3203 3251 3252 3204 2736
9 3204 3252 3253 3205 2737
9 3205 3253 3254 3206 2738
9 3206 3254 3255 3207 2739
9 3207 3255 3256 3208 2740
9 3208 3256 3257 3209 2741
9 3209 3257 3258 3210 2742
9 3210 3258 3259 3211 2743
9 3211 3259 3260 3212 2744
9 3212 3260 3261 3213 2745
9 3213 3261 3262 3214 2746
9 3214 3262 3263 3215 2747
9 3215 3263 3264 3216 2748
9 3216 3264 3265 3217 2749
9 3217 3265 3266 3218 2750
9 3218 3266 3267 3219 2751
9 3219 3267 3268 3220 2752
9 3220 3268 3269 3221 2753
9 3221 3269 3270 3222 2754
9 3222 3270 3271 3223 2755
9 3223 3271 3272 3224 2756
9 3224 3272 3273 3225 2757
9 3225 3273 3274 3226 2758
9 3226 3274 3275 3227 2759
9 3227 3275 3276 3228 2760
9 3228 3276 3277 3229 2761
9 3229 3277 3278 3230 2762
9 3230 3278 3279 3231 2763
9 3231 3279 3280 3232 2764
9 3232 3280 3281 3233 2765
9 3233 3281 3282 3234 2766
9 3234 3282 452 451 2767
9 200 201 3283 3235 2768
9 3235 3283 3284 3236 2769
9 3236 3284 3285 3237 2770
9 3237 3285 3286 3238 2771
9 3238 3286 3287 3239 2772
9 3239 3287 3288 3240 2773
9 3240 3288 3289 3241 2774
9 3241 3289 3290 3242 2775
9 3242 3290 3291 3243 2776
9 3243 3291 3292 3244 2777
9 3244 3292 3293 3245 2778
9 3245 3293 3294 3246 2779
9 3246 3294 3295 3247 2780
9 3247 3295 3296 3248 2781
9 3248 3296 3297 3249 2782
9 3249 3297 3298 3250 2783
9 3250 3298 3299 3251 2784
9 3251 3299 3300 3252 2785
9 3252 3300 3301 3253 2786
9 3253 3301 3302 3254 2787
9 3254 3302 3303 3255 2788
9 3255 3303 3304 3256 2789
9 3256 3304 3305 3257 2790
9 3257 3305 3306 3258 2791
9 3258 3306 3307 3259 2792
9 3259 3307 3308 3260 2793
9 3260 3308 3309 3261 2794
9 3261 3309 3310 3262 2795
9 3262 3310 3311 3263 2796
9 3263 3311 3312 3264 2797
9 3264 3312 3313 3265 2798
9 3265 3313 3314 3266 2799
9 3266 3314 3315 3267 2800
9 3267 3315 3316 3268 2801
9 3268 3316 3317 3269 2802
9 3269 3317 3318 3270 2803
9 3270 3318 3319 3271 2804
9 3271 3319 3320 3272 2805
9 3272 3320 3321 3273 2806
9 3273 3321 3322 3274 2807
9 3274 3322 3323 3275 2808
9 3275 3323 3324 3276 2809
9 3276 3324 3325 3277 2810
9 3277 3325 3326 3278 2811
9 3278 3326 3327 3279 2812
9 3279 3327 3328 3280 2813
9 3280 3328 3329 3281 2814
9 3281 3329 3330 3282 2815
9 3282 3330 453 452 2816
9 201 202 3331 3283 2817
9 3283 3331 3332 3284 2818
9 3284 3332 3333 3285 2819
9 3285 3333 3334 3286 2820
9 3286 3334 3335 3287 2821
9 3287 3335 3336 3288 2822
9 3288 3336 3337 3289 2823
9 3289 3337 3338 3290 2824
9 3290 3338 3339 3291 2825
9 3291 3339 3340 3292 2826
9 3292 3340 3341 3293 2827
9 3293 3341 3342 3294 2828
9 3294 3342 3343 3295 2829
9 3295 3343 3344 3296 2830
9 3296 3344 3345 3297 2831
9 3297 3345 3346 3298 2832
9 3298 3346 3347 3299 2833
9 3299 3347 3348 3300 2834
9 3300 3348 3349 3301 2835
9 3301 3349 3350 3302 2836
9 3302 3350 3351 3303 2837
9 3303 3351 3352 3304 2838
9 3304 3352 3353 3305 2839
9 3305 3353 3354 3306 2840
9 3306 3354 3355 3307 2841
9 3307 3355 3356 3308 2842
9 3308 3356 3357 3309 2843
9 3309 3357 3358 3310 2844
9 3310 3358 3359 3311 2845
9 3311 3359 3360 3312 2846
9 3312 3360 3361 3313 2847
9 3313 3361 3362 3314 2848
9 3314 3362 3363 3315 2849
9 3315 3363 3364 3316 2850
9 3316 3364 3365 3317 2851
9 3317 3365 3366 3318 2852
9 3318 3366 3367 3319 2853
9 3319 3367 3368 3320 2854
9 3320 3368 3369 3321 2855
9 3321 3369 3370 3322 2856
9 3322 3370 3371 3323 2857
9 3323 3371 3372 3324 2858
9 3324 3372 3373 3325 2859
9 3325 3373 3374 3326 2860
9 3326 3374 3375 3327 2861
9 3327 3375 3376 3328 2862
9 3328 3376 3377 3329 2863
9 3329 3377 3378 3330 2864
9 3330 3378 454 453 2865
9 202 203 3379 3331 2866
9 3331 3379 3380 3332 2867
9 3332 3380 3381 3333 2868
9 3333 3381 3382 3334 2869
9 3334 3382 3383 3335 2870
9 3335 3383 3384 3336 2871
9 3336 3384 3385 3337 2872
9 3337 3385 3386 3338 2873
9 3338 3386 3387 3339 2874
9 3339 3387 3388 3340 2875
9 3340 3388 3389 3341 2876
9 3341 3389 3390 3342 2877
9 3342 3390 3391 3343 2878
9 3343 3391 3392 3344 2879
9 3344 3392 3393 3345 2880
9 3345 3393 3394 3346 2881
9 3346 3394 3395 3347 2882
9 3347 3395 3396 3348 2883
9 3348 3396 3397 3349 2884
9 3349 3397 3398 3350 2885
9 3350 3398 3399 3351 2886
9 3351 3399 3400 3352 2887
9 3352 3400 3401 3353 2888
9 3353 3401 3402 3354 2889
9 3354 3402 3403 3355 2890
9 3355 3403 3404 3356 2891
9 3356 3404 3405 3357 2892
9 3357 3405 3406 3358 2893
9 3358 3406 3407 3359 2894
9 3359 3407 3408 3360 2895
9 3360 3408 3409 3361 2896
9 3361 3409 3410 3362 2897
9 3362 3410 3411 3363 2898
9 3363 3411 3412 3364 2899
9 3364 3412 3413 3365 2900
9 3365 3413 3414 3366 2901
9 3366 3414 3415 3367 2902
9 3367 3415 3416 3368 2903
9 3368 3416 3417 3369 2904
9 3369 3417 3418 3370 2905
9 3370 3418 3419 3371 2906
9 3371 3419 3420 3372 2907
9 3372 3420 3421 3373 2908
9 3373 3421 3422 3374 2909
9 3374 3422 3423 3375 2910
9 3375 3423 3424 3376 2911
9 3376 3424 3425 3377 2912
9 3377 3425 3426 3378 2913
9 3378 3426 455 454 2914
9 203 204 3427 3379 2915
9 3379 3427 3428 3380 2916
9 3380 3428 3429 3381 2917
9 3381 3429 3430 3382 2918
9 3382 3430 3431 3383 2919
9 3383 3431 3432 3384 2920
9 3384 3432 3433 3385 2921
9 3385 3433 3434 3386 2922
9 3386 3434 3435 3387 2923
9 3387 3435 3436 3388 2924
9 3388 3436 3437 3389 2925
9 3389 3437 3438 3390 2926
9 3390 3438 3439 3391 2927
9 3391 3439 3440 3392 2928
9 3392 3440 3441 3393 2929
9 3393 3441 3442 3394 2930
9 3394 3442 3443 3395 2931
9 3395 3443 3444 3396 2932
9 3396 3444 3445 3397 2933
9 3397 3445 3446 3398 2934
9 3398 3446 3447 3399 2935
9 3399 3447 3448 3400 2936
9 3400 3448 3449 3401 2937
9 3401 3449 3450 3402 2938
9 3402 3450 3451 3403 2939
9 3403 3451 3452 3404 2940
9 3404 3452 3453 3405 2941
9 3405 3453 3454 3406 2942
9 3406 3454 3455 3407 2943
9 3407 3455 3456 3408 2944
9 3408 3456 3457 3409 2945
9 3409 3457 3458 3410 2946
9 3410 3458 3459 3411 2947
9 3411 3459 3460 3412 2948
9 3412 3460 3461 3413 2949
9 3413 3461 3462 3414 2950
9 3414 3462 3463 3415 2951
9 3415 3463 3464 3416 2952
9 3416 3464 3465 3417 2953
9 3417 3465 3466 3418 2954
9 3418 3466 3467 3419 2955
9 3419 3467 3468 3420 2956
9 3420 3468 3469 3421 2957
9 3421 3469 3470 3422 2958
9 3422 3470 3471 3423 2959
9 3423 3471 3472 3424 2960
9 3424 3472 3473 3425 2961
9 3425 3473 3474 3426 2962
9 3426 3474 456 455 2963
9 204 205 3475 3427 2964
9 3427 3475 3476 3428 2965
9 3428 3476 3477 3429 2966
9 3429 3477 3478 3430 2967
9 3430 3478 3479 3431 2968
9 3431 3479 3480 3432 2969
9 3432 3480 3481 3433 2970
9 3433 3481 3482 3434 2971
9 3434 3482 3483 3435 2972
9 3435 3483 3484 3436 2973
9 3436 3484 3485 3437 2974
9 3437 3485 3486 3438 2975
9 3438 3486 3487 3439 2976
9 3439 3487 3488 3440 2977
9 3440 3488 3489 3441 2978
9 3441 3489 3490 3442 2979
9 3442 3490 3491 3443 2980
9 3443 3491 3492 3444 2981
9 3444 3492 3493 3445 2982
9 3445 3493 3494 3446 2983
9 3446 3494 3495 3447 2984
9 3447 3495 3496 3448 2985
9 3448 3496 3497 3449 2986
9 3449 3497 3498 3450 2987
9 3450 3498 3499 3451 2988
9 3451 3499 3500 3452 2989
9 3452 3500 3501 3453 2990
9 3453 3501 3502 3454 2991
9 3454 3502 3503 3455 2992
9 3455 3503 3504 3456 2993
9 3456 3504 3505 3457 2994
9 3457 3505 3506 3458 2995
9 3458 3506 3507 3459 2996
9 3459 3507 3508 3460 2997
9 3460 3508 3509 3461 2998
9 3461 3509 3510 3462 2999
9 3462 3510 3511 3463 3000
9 3463 3511 3512 3464 3001
9 3464 3512 3513 3465 3002
9 3465 3513 3514 3466 3003
9 3466 3514 3515 3467 3004
9 3467 3515 3516 3468 3005
9 3468 3516 3517 3469 3006
9 3469 3517 3518 3470 3007
9 3470 3518 3519 3471 3008
9 3471 3519 3520 3472 3009
9 3472 3520 3521 3473 3010
9 3473 3521 3522 3474 3011
9 3474 3522 457 456 3012
9 205 206 3523 3475 3013
9 3475 3523 3524 3476 3014
9 3476 3524 3525 3477 3015
9 3477 3525 3526 3478 3016
9 3478 3526 3527 3479 3017
9 3479 3527 3528 3480 3018
9 3480 3528 3529 3481 3019
9 3481 3529 3530 3482 3020
9 3482 3530 3531 3483 3021
9 3483 3531 3532 3484 3022
9 3484 3532 3533 3485 3023
9 3485 3533 3534 3486 3024
9 3486 3534 3535 3487 3025
9 3487 3535 3536 3488 3026
9 3488 3536 3537 3489 3027
9 3489 3537 3538 3490 3028
9 3490 3538 3539 3491 3029
9 3491 3539 3540 3492 3030
9 3492 3540 3541 3493 3031
9 3493 3541 3542 3494 3032
9 3494 3542 3543 3495 3033
9 3495 3543 3544 3496 3034
9 3496 3544 3545 3497 3035
9 3497 3545 3546 3498 3036
9 3498 3546 3547 3499 3037
9 3499 3547 3548 3500 3038
9 3500 3548 3549 3501 3039
9 3501 3549 3550 3502 3040
9 3502 3550 3551 3503 3041
9 3503 3551 3552 3504 3042
9 3504 3552 3553 3505 3043
9 3505 3553 3554 3506 3044
9 3506 3554 3555 3507 3045
9 3507 3555 3556 3508 3046
9 3508 3556 3557 3509 3047
9 3509 3557 3558 3510 3048
9 3510 3558 3559 3511 3049
9 3511 3559 3560 3512 3050
9 3512 3560 3561 3513 3051
9 3513 3561 3562 3514 3052
9 3514 3562 3563 3515 3053
9 3515 3563 3564 3516 3054
9 3516 3564 3565 3517 3055
9 3517 3565 3566 3518 3056
9 3518 3566 3567 3519 3057
9 3519 3567 3568 3520 3058
9 3520 3568 3569 3521 3059
9 3521 3569 3570 3522 3060
9 3522 3570 458 457 3061
9 206 207 3571 3523 3062
9 3523 3571 3572 3524 3063
9 3524 3572 3573 3525 3064
9 3525 3573 3574 3526 3065
9 3526 3574 3575 3527 3066
9 3527 3575 3576 3528 3067
9 3528 3576 3577 3529 3068
9 3529 3577 3578 3530 3069
9 3530 3578 3579 3531 3070
9 3531 3579 3580 3532 3071
9 3532 3580 3581 3533 3072
9 3533 3581 3582 3534 3073
9 3534 3582 3583 3535 3074
9 3535 3583 3584 3536 3075
9 3536 3584 3585 3537 3076
9 3537 3585 3586 3538 3077
9 3538 3586 3587 3539 3078
9 3539 3587 3588 3540 3079
9 3540 3588 3589 3541 3080
9 3541 3589 3590 3542 3081
9 3542 3590 3591 3543 3082
9 3543 3591 3592 3544 3083
9 3544 3592 3593 3545 3084
9 3545 3593 3594 3546 3085
9 3546 3594 3595 3547 3086
9 3547 3595 3596 3548 3087
9 3548 3596 3597 3549 3088
9 3549 3597 3598 3550 3089
9 3550 3598 3599 3551 3090
9 3551 3599 3600 3552 3091
9 3552 3600 3601 3553 3092
9 3553 3601 3602 3554 3093
9 3554 3602 3603 3555 3094
9 3555 3603 3604 3556 3095
9 3556 3604 3605 3557 3096
9 3557 3605 3606 3558 3097
9 3558 3606 3607 3559 3098
9 3559 3607 3608 3560 3099
9 3560 3608 3609 3561 3100
9 3561 3609 3610 3562 3101
9 3562 3610 3611 3563 3102
9 3563 3611 3612 3564 3103
9 3564 3612 3613 3565 3104
9 3565 3613 3614 3566 3105
9 3566 3614 3615 3567 3106
9 3567 3615 3616 3568 3107
9 3568 3616 3617 3569 3108
9 3569 3617 3618 3570 3109
9 3570 3618 459 458 3110
9 207 208 3619 3571 3111
9 3571 3619 3620 3572 3112
9 3572 3620 3621 3573 3113
9 3573 3621 3622 3574 3114
9 3574 3622 3623 3575 3115
9 3575 3623 3624 3576 3116
9 3576 3624 3625 3577 3117
9 3577 3625 3626 3578 3118
9 3578 3626 3627 3579 3119
9 3579 3627 3628 3580 3120
9 3580 3628 3629 3581 3121
9 3581 3629 3630 3582 3122
9 3582 3630 3631 3583 3123
9 3583 3631 3632 3584 3124
9 3584 3632 3633 3585 3125
9 3585 3633 3634 3586 3126
9 3586 3634 3635 3587 3127
9 3587 3635 3636 3588 3128
9 3588 3636 3637 3589 3129
9 3589 3637 3638 3590 3130
9 3590 3638 3639 3591 3131
9 3591 3639 3640 3592 3132
9 3592 3640 3641 3593 3133
9 3593 3641 3642 3594 3134
9 3594 3642 3643 3595 3135
9 3595 3643 3644 3596 3136
9 3596 3644 3645 3597 3137
9 3597 3645 3646 3598 3138
9 3598 3646 3647 3599 3139
9 3599 3647 3648 3600 3140
9 3600 3648 3649 3601 3141
9 3601 3649 3650 3602 3142
9 3602 3650 3651 3603 3143
9 3603 3651 3652 3604 3144
9 3604 3652 3653 3605 3145
9 3605 3653 3654 3606 3146
9 3606 3654 3655 3607 3147
9 3607 3655 3656 3608 3148
9 3608 3656 3657 3609 3149
9 3609 3657 3658 3610 3150
9 3610 3658 3659 3611 3151
9 3611 3659 3660 3612 3152
9 3612 3660 3661 3613 3153
9 3613 3661 3662 3614 3154
9 3614 3662 3663 3615 3155
9 3615 3663 3664 3616 3156
9 3616 3664 3665 3617 3157
9 3617 3665 3666 3618 3158
9 3618 3666 460 459 3159
9 208 209 3667 3619 3160
9 3619 3667 3668 3620 3161
9 3620 3668 3669 3621 3162
9 3621 3669 3670 3622 3163
9 3622 3670 3671 3623 3164
9 3623 3671 3672 3624 3165
9 3624 3672 3673 3625 3166
9 3625 3673 3674 3626 3167
9 3626 3674 3675 3627 3168
9 3627 3675 3676 3628 3169
9 3628 3676 3677 3629 3170
9 3629 3677 3678 3630 3171
9 3630 3678 3679 3631 3172
9 3631 3679 3680 3632 3173
9 3632 3680 3681 3633 3174
9 3633 3681 3682 3634 3175
9 3634 3682 3683 3635 3176
9 3635 3683 3684 3636 3177
9 3636 3684 3685 3637 3178
9 3637 3685 3686 3638 3179
9 3638 3686 3687 3639 3180
9 3639 3687 3688 3640 3181
9 3640 3688 3689 3641 3182
9 3641 3689 3690 3642 3183
9 3642 3690 3691 3643 3184
9 3643 3691 3692 3644 3185
9 3644 3692 3693 3645 3186
9 3645 3693 3694 3646 3187
9 3646 3694 3695 3647 3188
9 3647 3695 3696 3648 3189
9 3648 3696 3697 3649 3190
9 3649 3697 3698 3650 3191
9 3650 3698 3699 3651 3192
9 3651 3699 3700 3652 3193
9 3652 3700 3701 3653 3194
9 3653 3701 3702 3654 3195
9 3654 3702 3703 3655 3196
9 3655 3703 3704 3656 3197
9 3656 3704 3705 3657 3198
9 3657 3705 3706 3658 3199
9 3658 3706 3707 3659 3200
9 3659 3707 3708 3660 3201
9 3660 3708 3709 3661 3202
9 3661 3709 3710 3662 3203
9 3662 3710 3711 3663 3204
9 3663 3711 3712 3664 3205
9 3664 3712 3713 3665 3206
9 3665 3713 3714 3666 3207
9 3666 3714 461 460 3208
9 209 210 3715 3667 3209
9 3667 3715 3716 3668 3210
9 3668 3716 3717 3669 3211
9 3669 3717 3718 3670 3212
9 3670 3718 3719 3671 3213
9 3671 3719 3720 3672 3214
9 3672 3720 3721 3673 3215
9 3673 3721 3722 3674 3216
9 3674 3722 3723 3675 3217
9 3675 3723 3724 3676 3218
9 3676 3724 3725 3677 3219
9 3677 3725 3726 3678 3220
9 3678 3726 3727 3679 3221
9 3679 3727 3728 3680 3222
9 3680 3728 3729 3681 3223
9 3681 3729 3730 3682 3224
9 3682 3730 3731 3683 3225
9 3683 3731 3732 3684 3226
9 3684 3732 3733 3685 3227
9 3685 3733 3734 3686 3228
9 3686 3734 3735 3687 3229
9 3687 3735 3736 3688 3230
9 3688 3736 3737 3689 3231
9 3689 3737 3738 3690 3232
9 3690 3738 3739 3691 3233
9 3691 3739 3740 3692 3234
9 3692 3740 3741 3693 3235
9 3693 3741 3742 3694 3236
9 3694 3742 3743 3695 3237
9 3695 3743 3744 3696 3238
9 3696 3744 3745 3697 3239
9 3697 3745 3746 3698 3240
9 3698 3746 3747 3699 3241
9 3699 3747 3748 3700 3242
9 3700 3748 3749 3701 3243
9 3701 3749 3750 3702 3244
9 3702 3750 3751 3703 3245
9 3703 3751 3752 3704 3246
9 3704 3752 3753 3705 3247
9 3705 3753 3754 3706 3248
9 3706 3754 3755 3707 3249
9 3707 3755 3756 3708 3250
9 3708 3756 3757 3709 3251
9 3709 3757 3758 3710 3252
9 3710 3758 3759 3711 3253
9 3711 3759 3760 3712 3254
9 3712 3760 3761 3713 3255
9 3713 3761 3762 3714 3256
9 3714 3762 462 461 3257
9 210 211 3763 3715 3258
9 3715 3763 3764 3716 3259
9 3716 3764 3765 3717 3260
9 3717 3765 3766 3718 3261
9 3718 3766 3767 3719 3262
9 3719 3767 3768 3720 3263
9 3720 3768 3769 3721 3264
9 3721 3769 3770 3722 3265
9 3722 3770 3771 3723 3266
9 3723 3771 3772 3724 3267
9 3724 3772 3773 3725 3268
9 3725 3773 3774 3726 3269
9 3726 3774 3775 3727 3270
9 3727 3775 3776 3728 3271
9 3728 3776 3777 3729 3272
9 3729 3777 3778 3730 3273
9 3730 3778 3779 3731 3274
9 3731 3779 3780 3732 3275
9 3732 3780 3781 3733 3276
9 3733 3781 3782 3734 3277
9 3734 3782 3783 3735 3278
9 3735 3783 3784 3736 3279
9 3736 3784 3785 3737 3280
9 3737 3785 3786 3738 3281
9 3738 3786 3787 3739 3282
9 3739 3787 3788 3740 3283
9 3740 3788 3789 3741 3284
9 3741 3789 3790 3742 3285
9 3742 3790 3791 3743 3286
9 3743 3791 3792 3744 3287
9 3744 3792 3793 3745 3288
9 3745 3793 3794 3746 3289
9 3746 3794 3795 3747 3290
9 3747 3795 3796 3748 3291
9 3748 3796 3797 3749 3292
9 3749 3797 3798 3750 3293
9 3750 3798 3799 3751 3294
9 3751 3799 3800 3752 3295
9 3752 3800 3801 3753 3296
9 3753 3801 3802 3754 3297
9 3754 3802 3803 3755 3298
9 3755 3803 3804 3756 3299
9 3756 3804 3805 3757 3300
9 3757 3805 3806 3758 3301
9 3758 3806 3807 3759 3302
9 3759 3807 3808 3760 3303
9 3760 3808 3809 3761 3304
9 3761 3809 3810 3762 3305
9 3762 3810 463 462 3306
9 211 212 3811 3763 3307
9 3763 3811 3812 3764 3308
9 3764 3812 3813 3765 3309
9 3765 3813 3814 3766 3310
9 3766 3814 3815 3767 3311
9 3767 3815 3816 3768 3312
9 3768 3816 3817 3769 3313
9 3769 3817 3818 3770 3314
9 3770 3818 3819 3771 3315
9 3771 3819 3820 3772 3316
9 3772 3820 3821 3773 3317
9 3773 3821 3822 3774 3318
9 3774 3822 3823 3775 3319
9 3775 3823 3824 3776 3320
9 3776 3824 3825 3777 3321
9 3777 3825 3826 3778 3322
9 3778 3826 3827 3779 3323
9 3779 3827 3828 3780 3324
9 3780 3828 3829 3781 3325
9 3781 3829 3830 3782 3326
9 3782 3830 3831 3783 3327
9 3783 3831 3832 3784 3328
9 3784 3832 3833 3785 3329
9 3785 3833 3834 3786 3330
9 3786 3834 3835 3787 3331
9 3787 3835 3836 3788 3332
9 3788 3836 3837 3789 3333
9 3789 3837 3838 3790 3334
9 3790 3838 3839 3791 3335
9 3791 3839 3840 3792 3336
9 3792 3840 3841 3793 3337
9 3793 3841 3842 3794 3338
9 3794 3842 3843 3795 3339
9 3795 3843 3844 3796 3340
9 3796 3844 3845 3797 3341
9 3797 3845 3846 3798 3342
9 3798 3846 3847 3799 3343
9 3799 3847 3848 3800 3344
9 3800 3848 3849 3801 3345
9 3801 3849 3850 3802 3346
9 3802 3850 3851 3803 3347
9 3803 3851 3852 3804 3348
9 3804 3852 3853 3805 3349
9 3805 3853 3854 3806 3350
9 3806 3854 3855 3807 3351
9 3807 3855 3856 3808 3352
9 3808 3856 3857 3809 3353
9 3809 3857 3858 3810 3354
9 3810 3858 464 463 3355
9 212 213 3859 3811 3356
9 3811 3859 3860 3812 3357
9 3812 3860 3861 3813 3358
9 3813 3861 3862 3814 3359
9 3814 3862 3863 3815 3360
9 3815 3863 3864 3816 3361
9 3816 3864 3865 3817 3362
9 3817 3865 3866 3818 3363
9 3818 3866 3867 3819 3364
9 3819 3867 3868 3820 3365
9 3820 3868 3869 3821 3366
9 3821 3869 3870 3822 3367
9 3822 3870 3871 3823 3368
9 3823 3871 3872 3824 3369
9 3824 3872 3873 3825 3370
9 3825 3873 3874 3826 3371
9 3826 3874 3875 3827 3372
9 3827 3875 3876 3828 3373
9 3828 3876 3877 3829 3374
9 3829 3877 3878 3830 3375
9 3830 3878 3879 3831 3376
9 3831 3879 3880 3832 3377
9 3832 3880 3881 3833 3378
9 3833 3881 3882 3834 3379
9 3834 3882 3883 3835 3380
9 3835 3883 3884 3836 3381
9 3836 3884 3885 3837 3382
9 3837 3885 3886 3838 3383
9 3838 3886 3887 3839 3384
9 3839 3887 3888 3840 3385
9 3840 3888 3889 3841 3386
9 3841 3889 3890 3842 3387
9 3842 3890 3891 3843 3388
9 3843 3891 3892 3844 3389
9 3844 3892 3893 3845 3390
9 3845 3893 3894 3846 3391
9 3846 3894 3895 3847 3392
9 3847 3895 3896 3848 3393
9 3848 3896 3897 3849 3394
9 3849 3897 3898 3850 3395
9 3850 3898 3899 3851 3396
9 3851 3899 3900 3852 3397
9 3852 3900 3901 3853 3398
9 3853 3901 3902 3854 3399
9 3854 3902 3903 3855 3400
9 3855 3903 3904 3856 3401
9 3856 3904 3905 3857 3402
9 3857 3905 3906 3858 3403
9 3858 3906 465 464 3404
9 213 214 3907 3859 3405
9 3859 3907 3908 3860 3406
9 3860 3908 3909 3861 3407
9 3861 3909 3910 3862 3408
9 3862 3910 3911 3863 3409
9 3863 3911 3912 3864 3410
9 3864 3912 3913 3865 3411
9 3865 3913 3914 3866 3412
9 3866 3914 3915 3867 3413
9 3867 3915 3916 3868 3414
9 3868 3916 3917 3869 3415
9 3869 3917 3918 3870 3416
9 3870 3918 3919 3871 3417
9 3871 3919 3920 3872 3418
9 3872 3920 3921 3873 3419
9 3873 3921 3922 3874 3420
9 3874 3922 3923 3875 3421
9 3875 3923 3924 3876 3422
9 3876 3924 3925 3877 3423
9 3877 3925 3926 3878 3424
9 3878 3926 3927 3879 3425
9 3879 3927 3928 3880 3426
9 3880 3928 3929 3881 3427
9 3881 3929 3930 3882 3428
9 3882 3930 3931 3883 3429
9 3883 3931 3932 3884 3430
9 3884 3932 3933 3885 3431
9 3885 3933 3934 3886 3432
9 3886 3934 3935 3887 3433
9 3887 3935 3936 3888 3434
9 3888 3936 3937 3889 3435
9 3889 3937 3938 3890 3436
9 3890 3938 3939 3891 3437
9 3891 3939 3940 3892 3438
9 3892 3940 3941 3893 3439
9 3893 3941 3942 3894 3440
9 3894 3942 3943 3895 3441
9 3895 3943 3944 3896 3442
9 3896 3944 3945 3897 3443
9 3897 3945 3946 3898 3444
9 3898 3946 3947 3899 3445
9 3899 3947 3948 3900 3446
9 3900 3948 3949 3901 3447
9 3901 3949 3950 3902 3448
9 3902 3950 3951 3903 3449
9 3903 3951 3952 3904 3450
9 3904 3952 3953 3905 3451
9 3905 3953 3954 3906 3452
9 3906 3954 466 465 3453
9 214 215 3955 3907 3454
9 3907 3955 3956 3908 3455
9 3908 3956 3957 3909 3456
9 3909 3957 3958 3910 3457
9 3910 3958 3959 3911 3458
9 3911 3959 3960 3912 3459
9 3912 3960 3961 3913 3460
9 3913 3961 3962 3914 3461
9 3914 3962 3963 3915 3462
9 3915 3963 3964 3916 3463
9 3916 3964 3965 3917 3464
9 3917 3965 3966 3918 3465
9 3918 3966 3967 3919 3466
9 3919 3967 3968 3920 3467
9 3920 3968 3969 3921 3468
9 3921 3969 3970 3922 3469
9 3922 3970 3971 3923 3470
9 3923 3971 3972 3924 3471
9 3924 3972 3973 3925 3472
9 3925 3973 3974 3926 3473
9 3926 3974 3975 3927 3474
9 3927 3975 3976 3928 3475
9 3928 3976 3977 3929 3476
9 3929 3977 3978 3930 3477
9 3930 3978 3979 3931 3478
9 3931 3979 3980 3932 3479
9 3932 3980 3981 3933 3480
9 3933 3981 3982 3934 3481
9 3934 3982 3983 3935 3482
9 3935 3983 3984 3936 3483
9 3936 3984 3985 3937 3484
9 3937 3985 3986 3938 3485
9 3938 3986 3987 3939 3486
9 3939 3987 3988 3940 3487
9 3940 3988 3989 3941 3488
9 3941 3989 3990 3942 3489
9 3942 3990 3991 3943 3490
9 3943 3991 3992 3944 3491
9 3944 3992 3993 3945 3492
9 3945 3993 3994 3946 3493
9 3946 3994 3995 3947 3494
9 3947 3995 3996 3948 3495
9 3948 3996 3997 3949 3496
9 3949 3997 3998 3950 3497
9 3950 3998 3999 3951 3498
9 3951 3999 4000 3952 3499
9 3952 4000 4001 3953 3500
9 3953 4001 4002 3954 3501
9 3954 4002 467 466 3502
9 215 216 4003 3955 3503
9 3955 4003 4004 3956 3504
9 3956 4004 4005 3957 3505
9 3957 4005 4006 3958 3506
9 3958 4006 4007 3959 3507
9 3959 4007 4008 3960 3508
9 3960 4008 4009 3961 3509
9 3961 4009 4010 3962 3510
9 3962 4010 4011 3963 3511
9 3963 4011 4012 3964 3512
9 3964 4012 4013 3965 3513
9 3965 4013 4014 3966 3514
9 3966 4014 4015 3967 3515
9 3967 4015 4016 3968 3516
9 3968 4016 4017 3969 3517
9 3969 4017 4018 3970 3518
9 3970 4018 4019 3971 3519
9 3971 4019 4020 3972 3520
9 3972 4020 4021 3973 3521
9 3973 4021 4022 3974 3522
9 3974 4022 4023 3975 3523
9 3975 4023 4024 3976 3524
9 3976 4024 4025 3977 3525
9 3977 4025 4026 3978 3526
9 3978 4026 4027 3979 3527
9 3979 4027 4028 3980 3528
9 3980 4028 4029 3981 3529
9 3981 4029 4030 3982 3530
9 3982 4030 4031 3983 3531
9 3983 4031 4032 3984 3532
9 3984 4032 4033 3985 3533
9 3985 4033 4034 3986 3534
9 3986 4034 4035 3987 3535
9 3987 4035 4036 3988 3536
9 3988 4036 4037 3989 3537
9 3989 4037 4038 3990 3538
9 3990 4038 4039 3991 3539
9 3991 4039 4040 3992 3540
9 3992 4040 4041 3993 3541
9 3993 4041 4042 3994 3542
9 3994 4042 4043 3995 3543
9 3995 4043 4044 3996 3544
9 3996 4044 4045 3997 3545
9 3997 4045 4046 3998 3546
9 3998 4046 4047 3999 3547
9 3999 4047 4048 4000 3548
9 4000 4048 4049 4001 3549
9 4001 4049 4050 4002 3550
9 4002 4050 468 467 3551
9 216 217 4051 4003 3552
9 4003 4051 4052 4004 3553
9 4004 4052 4053 4005 3554
9 4005 4053 4054 4006 3555
9 4006 4054 4055 4007 3556
9 4007 4055 4056 4008 3557
9 4008 4056 4057 4009 3558
9 4009 4057 4058 4010 3559
9 4010 4058 4059 4011 3560
9 4011 4059 4060 4012 3561
9 4012 4060 4061 4013 3562
9 4013 4061 4062 4014 3563
9 4014 4062 4063 4015 3564
9 4015 4063 4064 4016 3565
9 4016 4064 4065 4017 3566
9 4017 4065 4066 4018 3567
9 4018 4066 4067 4019 3568
9 4019 4067 4068 4020 3569
9 4020 4068 4069 4021 3570
9 4021 4069 4070 4022 3571
9 4022 4070 4071 4023 3572
9 4023 4071 4072 4024 3573
9 4024 4072 4073 4025 3574
9 4025 4073 4074 4026 3575
9 4026 4074 4075 4027 3576
9 4027 4075 4076 4028 3577
9 4028 4076 4077 4029 3578
9 4029 4077 4078 4030 3579
9 4030 4078 4079 4031 3580
9 4031 4079 4080 4032 3581
9 4032 4080 4081 4033 3582
9 4033 4081 4082 4034 3583
9 4034 4082 4083 4035 3584
9 4035 4083 4084 4036 3585
9 4036 4084 4085 4037 3586
9 4037 4085 4086 4038 3587
9 4038 4086 4087 4039 3588
9 4039 4087 4088 4040 3589
9 4040 4088 4089 4041 3590
9 4041 4089 4090 4042 3591
9 4042 4090 4091 4043 3592
9 4043 4091 4092 4044 3593
9 4044 4092 4093 4045 3594
9 4045 4093 4094 4046 3595
9 4046 4094 4095 4047 3596
9 4047 4095 4096 4048 3597
9 4048 4096 4097 4049 3598
9 4049 4097 4098 4050 3599
9 4050 4098 469 468 3600
9 217 218 4099 4051 3601
9 4051 4099 4100 4052 3602
9 4052 4100 4101 4053 3603
9 4053 4101 4102 4054 3604
9 4054 4102 4103 4055 3605
9 4055 4103 4104 4056 3606
9 4056 4104 4105 4057 3607
9 4057 4105 4106 4058 3608
9 4058 4106 4107 4059 3609
9 4059 4107 4108 4060 3610
9 4060 4108 4109 4061 3611
9 4061 4109 4110 4062 3612
9 4062 4110 4111 4063 3613
9 4063 4111 4112 4064 3614
9 4064 4112 4113 4065 3615
9 4065 4113 4114 4066 3616
9 4066 4114 4115 4067 3617
9 4067 4115 4116 4068 3618
9 4068 4116 4117 4069 3619
9 4069 4117 4118 4070 3620
9 4070 4118 4119 4071 3621
9 4071 4119 4120 4072 3622
9 4072 4120 4121 4073 3623
9 4073 4121 4122 4074 3624
9 4074 4122 4123 4075 3625
9 4075 4123 4124 4076 3626
9 4076 4124 4125 4077 3627
9 4077 4125 4126 4078 3628
9 4078 4126 4127 4079 3629
9 4079 4127 4128 4080 3630
9 4080 4128 4129 4081 3631
9 4081 4129 4130 4082 3632
9 4082 4130 4131 4083 3633
9 4083 4131 4132 4084 3634
9 4084 4132 4133 4085 3635
9 4085 4133 4134 4086 3636
9 4086 4134 4135 4087 3637
9 4087 4135 4136 4088 3638
9 4088 4136 4137 4089 3639
9 4089 4137 4138 4090 3640
9 4090 4138 4139 4091 3641
9 4091 4139 4140 4092 3642
9 4092 4140 4141 4093 3643
9 4093 4141 4142 4094 3644
9 4094 4142 4143 4095 3645
9 4095 4143 4144 4096 3646
9 4096 4144 4145 4097 3647
9 4097 4145 4146 4098 3648
9 4098 4146 470 469 3649
9 218 219 4147 4099 3650
9 4099 4147 4148 4100 3651
9 4100 4148 4149 4101 3652
9 4101 4149 4150 4102 3653
9 4102 4150 4151 4103 3654
9 4103 4151 4152 4104 3655
9 4104 4152 4153 4105 3656
9 4105 4153 4154 4106 3657
9 4106 4154 4155 4107 3658
9 4107 4155 4156 4108 3659
9 4108 4156 4157 4109 3660
9 4109 4157 4158 4110 3661
9 4110 4158 4159 4111 3662
9 4111 4159 4160 4112 3663
9 4112 4160 4161 4113 3664
9 4113 4161 4162 4114 3665
9 4114 4162 4163 4115 3666
9 4115 4163 4164 4116 3667
9 4116 4164 4165 4117 3668
9 4117 4165 4166 4118 3669
9 4118 4166 4167 4119 3670
9 4119 4167 4168 4120 3671
9 4120 4168 4169 4121 3672
9 4121 4169 4170 4122 3673
9 4122 4170 4171 4123 3674
9 4123 4171 4172 4124 3675
9 4124 4172 4173 4125 3676
9 4125 4173 4174 4126 3677
9 4126 4174 4175 4127 3678
9 4127 4175 4176 4128 3679
9 4128 4176 4177 4129 3680
9 4129 4177 4178 4130 3681
9 4130 4178 4179 4131 3682
9 4131 4179 4180 4132 3683
9 4132 4180 4181 4133 3684
9 4133 4181 4182 4134 3685
9 4134 4182 4183 4135 3686
9 4135 4183 4184 4136 3687
9 4136 4184 4185 4137 3688
9 4137 4185 4186 4138 3689
9 4138 4186 4187 4139 3690
9 4139 4187 4188 4140 3691
9 4140 4188 4189 4141 3692
9 4141 4189 4190 4142 3693
9 4142 4190 4191 4143 3694
9 4143 4191 4192 4144 3695
9 4144 4192 4193 4145 3696
9 4145 4193 4194 4146 3697
9 4146 4194 471 470 3698
9 219 220 4195 4147 3699
9 4147 4195 4196 4148 3700
9 4148 4196 4197 4149 3701
9 4149 4197 4198 4150 3702
9 4150 4198 4199 4151 3703
9 4151 4199 4200 4152 3704
9 4152 4200 4201 4153 3705
9 4153 4201 4202 4154 3706
9 4154 4202 4203 4155 3707
9 4155 4203 4204 4156 3708
9 4156 4204 4205 4157 3709
9 4157 4205 4206 4158 3710
9 4158 4206 4207 4159 3711
9 4159 4207 4208 4160 3712
9 4160 4208 4209 4161 3713
9 4161 4209 4210 4162 3714
9 4162 4210 4211 4163 3715
9 4163 4211 4212 4164 3716
9 4164 4212 4213 4165 3717
9 4165 4213 4214 4166 3718
9 4166 4214 4215 4167 3719
9 4167 4215 4216 4168 3720
9 4168 4216 4217 4169 3721
9 4169 4217 4218 4170 3722
9 4170 4218 4219 4171 3723
9 4171 4219 4220 4172 3724
9 4172 4220 4221 4173 3725
9 4173 4221 4222 4174 3726
9 4174 4222 4223 4175 3727
9 4175 4223 4224 4176 3728
9 4176 4224 4225 4177 3729
9 4177 4225 4226 4178 3730
9 4178 4226 4227 4179 3731
9 4179 4227 4228 4180 3732
9 4180 4228 4229 4181 3733
9 4181 4229 4230 4182 3734
9 4182 4230 4231 4183 3735
9 4183 4231 4232 4184 3736
9 4184 4232 4233 4185 3737
9 4185 4233 4234 4186 3738
9 4186 4234 4235 4187 3739
9 4187 4235 4236 4188 3740
9 4188 4236 4237 4189 3741
9 4189 4237 4238 4190 3742
9 4190 4238 4239 4191 3743
9 4191 4239 4240 4192 3744
9 4192 4240 4241 4193 3745
9 4193 4241 4242 4194 3746
9 4194 4242 472 471 3747
9 220 221 4243 4195 3748
9 4195 4243 4244 4196 3749
9 4196 4244 4245 4197 3750
9 4197 4245 4246 4198 3751
9 4198 4246 4247 4199 3752
9 4199 4247 4248 4200 3753
9 4200 4248 4249 4201 3754
9 4201 4249 4250 4202 3755
9 4202 4250 4251 4203 3756
9 4203 4251 4252 4204 3757
9 4204 4252 4253 4205 3758
9 4205 4253 4254 4206 3759
9 4206 4254 4255 4207 3760
9 4207 4255 4256 4208 3761
9 4208 4256 4257 4209 3762
9 4209 4257 4258 4210 3763
9 4210 4258 4259 4211 3764
9 4211 4259 4260 4212 3765
9 4212 4260 4261 4213 3766
9 4213 4261 4262 4214 3767
9 4214 4262 4263 4215 3768
9 4215 4263 4264 4216 3769
9 4216 4264 4265 4217 3770
9 4217 4265 4266 4218 3771
9 4218 4266 4267 4219 3772
9 4219 4267 4268 4220 3773
9 4220 4268 4269 4221 3774
9 4221 4269 4270 4222 3775
9 4222 4270 4271 4223 3776
9 4223 4271 4272 4224 3777
9 4224 4272 4273 4225 3778
9 4225 4273 4274 4226 3779
9 4226 4274 4275 4227 3780
9 4227 4275 4276 4228 3781
9 4228 4276 4277 4229 3782
9 4229 4277 4278 4230 3783
9 4230 4278 4279 4231 3784
9 4231 4279 4280 4232 3785
9 4232 4280 4281 4233 3786
9 4233 4281 4282 4234 3787
9 4234 4282 4283 4235 3788
9 4235 4283 4284 4236 3789
9 4236 4284 4285 4237 3790
9 4237 4285 4286 4238 3791
9 4238 4286 4287 4239 3792
9 4239 4287 4288 4240 3793
9 4240 4288 4289 4241 3794
9 4241 4289 4290 4242 3795
9 4242 4290 473 472 3796
9 221 222 4291 4243 3797
9 4243 4291 4292 4244 3798
9 4244 4292 4293 4245 3799
9 4245 4293 4294 4246 3800
9 4246 4294 4295 4247 3801
9 4247 4295 4296 4248 3802
9 4248 4296 4297 4249 3803
9 4249 4297 4298 4250 3804
9 4250 4298 4299 4251 3805
9 4251 4299 4300 4252 3806
9 4252 4300 4301 4253 3807
9 4253 4301 4302 4254 3808
9 4254 4302 4303 4255 3809
9 4255 4303 4304 4256 3810
9 4256 4304 4305 4257 3811
9 4257 4305 4306 4258 3812
9 4258 4306 4307 4259 3813
9 4259 4307 4308 4260 3814
9 4260 4308 4309 4261 3815
9 4261 4309 4310 4262 3816
9 4262 4310 4311 4263 3817
9 4263 4311 4312 4264 3818
9 4264 4312 4313 4265 3819
9 4265 4313 4314 4266 3820
9 4266 4314 4315 4267 3821
9 4267 4315 4316 4268 3822
9 4268 4316 4317 4269 3823
9 4269 4317 4318 4270 3824
9 4270 4318 4319 4271 3825
9 4271 4319 4320 4272 3826
9 4272 4320 4321 4273 3827
9 4273 4321 4322 4274 3828
9 4274 4322 4323 4275 3829
9 4275 4323 4324 4276 3830
9 4276 4324 4325 4277 3831
9 4277 4325 4326 4278 3832
9 4278 4326 4327 4279 3833
9 4279 4327 4328 4280 3834
9 4280 4328 4329 4281 3835
9 4281 4329 4330 4282 3836
9 4282 4330 4331 4283 3837
9 4283 4331 4332 4284 3838
9 4284 4332 4333 4285 3839
9 4285 4333 4334 4286 3840
9 4286 4334 4335 4287 3841
9 4287 4335 4336 4288 3842
9 4288 4336 4337 4289 3843
9 4289 4337 4338 4290 3844
9 4290 4338 474 473 3845
9 222 223 4339 4291 3846
9 4291 4339 4340 4292 3847
9 4292 4340 4341 4293 3848
9 4293 4341 4342 4294 3849
9 4294 4342 4343 4295 3850
9 4295 4343 4344 4296 3851
9 4296 4344 4345 4297 3852
9 4297 4345 4346 4298 3853
9 4298 4346 4347 4299 3854
9 4299 4347 4348 4300 3855
9 4300 4348 4349 4301 3856
9 4301 4349 4350 4302 3857
9 4302 4350 4351 4303 3858
9 4303 4351 4352 4304 3859
9 4304 4352 4353 4305 3860
9 4305 4353 4354 4306 3861
9 4306 4354 4355 4307 3862
9 4307 4355 4356 4308 3863
9 4308 4356 4357 4309 3864
9 4309 4357 4358 4310 3865
9 4310 4358 4359 4311 3866
9 4311 4359 4360 4312 3867
9 4312 4360 4361 4313 3868
9 4313 4361 4362 4314 3869
9 4314 4362 4363 4315 3870
9 4315 4363 4364 4316 3871
9 4316 4364 4365 4317 3872
9 4317 4365 4366 4318 3873
9 4318 4366 4367 4319 3874
9 4319 4367 4368 4320 3875
9 4320 4368 4369 4321 3876
9 4321 4369 4370 4322 3877
9 4322 4370 4371 4323 3878
9 4323 4371 4372 4324 3879
9 4324 4372 4373 4325 3880
9 4325 4373 4374 4326 3881
9 4326 4374 4375 4327 3882
9 4327 4375 4376 4328 3883
9 4328 4376 4377 4329 3884
9 4329 4377 4378 4330 3885
9 4330 4378 4379 4331 3886
9 4331 4379 4380 4332 3887
9 4332 4380 4381 4333 3888
9 4333 4381 4382 4334 3889
9 4334 4382 4383 4335 3890
9 4335 4383 4384 4336 3891
9 4336 4384 4385 4337 3892
9 4337 4385 4386 4338 3893
9 4338 4386 475 474 3894
9 223 224 4387 4339 3895
9 4339 4387 4388 4340 3896
9 4340 4388 4389 4341 3897
9 4341 4389 4390 4342 3898
9 4342 4390 4391 4343 3899
9 4343 4391 4392 4344 3900
9 4344 4392 4393 4345 3901
9 4345 4393 4394 4346 3902
9 4346 4394 4395 4347 3903
9 4347 4395 4396 4348 3904
9 4348 4396 4397 4349 3905
9 4349 4397 4398 4350 3906
9 4350 4398 4399 4351 3907
9 4351 4399 4400 4352 3908
9 4352 4400 4401 4353 3909
9 4353 4401 4402 4354 3910
9 4354 4402 4403 4355 3911
9 4355 4403 4404 4356 3912
9 4356 4404 4405 4357 3913
9 4357 4405 4406 4358 3914
9 4358 4406 4407 4359 3915
9 4359 4407 4408 4360 3916
9 4360 4408 4409 4361 3917
9 4361 4409 4410 4362 3918
9 4362 4410 4411 4363 3919
9 4363 4411 4412 4364 3920
9 4364 4412 4413 4365 3921
9 4365 4413 4414 4366 3922
9 4366 4414 4415 4367 3923
9 4367 4415 4416 4368 3924
9 4368 4416 4417 4369 3925
9 4369 4417 4418 4370 3926
9 4370 4418 4419 4371 3927
9 4371 4419 4420 4372 3928
9 4372 4420 4421 4373 3929
9 4373 4421 4422 4374 3930
9 4374 4422 4423 4375 3931
9 4375 4423 4424 4376 3932
9 4376 4424 4425 4377 3933
9 4377 4425 4426 4378 3934
9 4378 4426 4427 4379 3935
9 4379 4427 4428 4380 3936
9 4380 4428 4429 4381 3937
9 4381 4429 4430 4382 3938
9 4382 4430 4431 4383 3939
9 4383 4431 4432 4384 3940
9 4384 4432 4433 4385 3941
9 4385 4433 4434 4386 3942
9 4386 4434 476 475 3943
9 224 225 4435 4387 3944
9 4387 4435 4436 4388 3945
9 4388 4436 4437 4389 3946
9 4389 4437 4438 4390 3947
9 4390 4438 4439 4391 3948
9 4391 4439 4440 4392 3949
9 4392 4440 4441 4393 3950
9 4393 4441 4442 4394 3951
9 4394 4442 4443 4395 3952
9 4395 4443 4444 4396 3953
9 4396 4444 4445 4397 3954
9 4397 4445 4446 4398 3955
9 4398 4446 4447 4399 3956
9 4399 4447 4448 4400 3957
9 4400 4448 4449 4401 3958
9 4401 4449 4450 4402 3959
9 4402 4450 4451 4403 3960
9 4403 4451 4452 4404 3961
9 4404 4452 4453 4405 3962
9 4405 4453 4454 4406 3963
9 4406 4454 4455 4407 3964
9 4407 4455 4456 4408 3965
9 4408 4456 4457 4409 3966
9 4409 4457 4458 4410 3967
9 4410 4458 4459 4411 3968
9 4411 4459 4460 4412 3969
9 4412 4460 4461 4413 3970
9 4413 4461 4462 4414 3971
9 4414 4462 4463 4415 3972
9 4415 4463 4464 4416 3973
9 4416 4464 4465 4417 3974
9 4417 4465 4466 4418 3975
9 4418 4466 4467 4419 3976
9 4419 4467 4468 4420 3977
9 4420 4468 4469 4421 3978
9 4421 4469 4470 4422 3979
9 4422 4470 4471 4423 3980
9 4423 4471 4472 4424 3981
9 4424 4472 4473 4425 3982
9 4425 4473 4474 4426 3983
9 4426 4474 4475 4427 3984
9 4427 4475 4476 4428 3985
9 4428 4476 4477 4429 3986
9 4429 4477 4478 4430 3987
9 4430 4478 4479 4431 3988
9 4431 4479 4480 4432 3989
9 4432 4480 4481 4433 3990
9 4433 4481 4482 4434 3991
9 4434 4482 477 476 3992
9 225 226 4483 4435 3993
9 4435 4483 4484 4436 3994
9 4436 4484 4485 4437 3995
9 4437 4485 4486 4438 3996
9 4438 4486 4487 4439 3997
9 4439 4487 4488 4440 3998
9 4440 4488 4489 4441 3999
9 4441 4489 4490 4442 4000
9 4442 4490 4491 4443 4001
9 4443 4491 4492 4444 4002
9 4444 4492 4493 4445 4003
9 4445 4493 4494 4446 4004
9 4446 4494 4495 4447 4005
9 4447 4495 4496 4448 4006
9 4448 4496 4497 4449 4007
9 4449 4497 4498 4450 4008
9 4450 4498 4499 4451 4009
9 4451 4499 4500 4452 4010
9 4452 4500 4501 4453 4011
9 4453 4501 4502 4454 4012
9 4454 4502 4503 4455 4013
9 4455 4503 4504 4456 4014
9 4456 4504 4505 4457 4015
9 4457 4505 4506 4458 4016
9 4458 4506 4507 4459 4017
9 4459 4507 4508 4460 4018
9 4460 4508 4509 4461 4019
9 4461 4509 4510 4462 4020
9 4462 4510 4511 4463 4021
9 4463 4511 4512 4464 4022
9 4464 4512 4513 4465 4023
9 4465 4513 4514 4466 4024
9 4466 4514 4515 4467 4025
9 4467 4515 4516 4468 4026
9 4468 4516 4517 4469 4027
9 4469 4517 4518 4470 4028
9 4470 4518 4519 4471 4029
9 4471 4519 4520 4472 4030
9 4472 4520 4521 4473 4031
9 4473 4521 4522 4474 4032
9 4474 4522 4523 4475 4033
9 4475 4523 4524 4476 4034
9 4476 4524 4525 4477 4035
9 4477 4525 4526 4478 4036
9 4478 4526 4527 4479 4037
9 4479 4527 4528 4480 4038
9 4480 4528 4529 4481 4039
9 4481 4529 4530 4482 4040
9 4482 4530 478 477 4041
9 226 227 4531 4483 4042
9 4483 4531 4532 4484 4043
9 4484 4532 4533 4485 4044
9 4485 4533 4534 4486 4045
9 4486 4534 4535 4487 4046
9 4487 4535 4536 4488 4047
9 4488 4536 4537 4489 4048
9 4489 4537 4538 4490 4049
9 4490 4538 4539 4491 4050
9 4491 4539 4540 4492 4051
9 4492 4540 4541 4493 4052
9 4493 4541 4542 4494 4053
9 4494 4542 4543 4495 4054
9 4495 4543 4544 4496 4055
9 4496 4544 4545 4497 4056
9 4497 4545 4546 4498 4057
9 4498 4546 4547 4499 4058
9 4499 4547 4548 4500 4059
9 4500 4548 4549 4501 4060
9 4501 4549 4550 4502 4061
9 4502 4550 4551 4503 4062
9 4503 4551 4552 4504 4063
9 4504 4552 4553 4505 4064
9 4505 4553 4554 4506 4065
9 4506 4554 4555 4507 4066
9 4507 4555 4556 4508 4067
9 4508 4556 4557 4509 4068
9 4509 4557 4558 4510 4069
9 4510 4558 4559 4511 4070
9 4511 4559 4560 4512 4071
9 4512 4560 4561 4513 4072
9 4513 4561 4562 4514 4073
9 4514 4562 4563 4515 4074
9 4515 4563 4564 4516 4075
9 4516 4564 4565 4517 4076
9 4517 4565 4566 4518 4077
9 4518 4566 4567 4519 4078
9 4519 4567 4568 4520 4079
9 4520 4568 4569 4521 4080
9 4521 4569 4570 4522 4081
9 4522 4570 4571 4523 4082
9 4523 4571 4572 4524 4083
9 4524 4572 4573 4525 4084
9 4525 4573 4574 4526 4085
9 4526 4574 4575 4527 4086
9 4527 4575 4576 4528 4087
9 4528 4576 4577 4529 4088
9 4529 4577 4578 4530 4089
9 4530 4578 479 478 4090
9 227 228 4579 4531 4091
9 4531 4579 4580 4532 4092
9 4532 4580 4581 4533 4093
9 4533 4581 4582 4534 4094
9 4534 4582 4583 4535 4095
9 4535 4583 4584 4536 4096
9 4536 4584 4585 4537 4097
9 4537 4585 4586 4538 4098
9 4538 4586 4587 4539 4099
9 4539 4587 4588 4540 4100
9 4540 4588 4589 4541 4101
9 4541 4589 4590 4542 4102
9 4542 4590 4591 4543 4103
9 4543 4591 4592 4544 4104
9 4544 4592 4593 4545 4105
9 4545 4593 4594 4546 4106
9 4546 4594 4595 4547 4107
9 4547 4595 4596 4548 4108
9 4548 4596 4597 4549 4109
9 4549 4597 4598 4550 4110
9 4550 4598 4599 4551 4111
9 4551 4599 4600 4552 4112
9 4552 4600 4601 4553 4113
9 4553 4601 4602 4554 4114
9 4554 4602 4603 4555 4115
9 4555 4603 4604 4556 4116
9 4556 4604 4605 4557 4117
9 4557 4605 4606 4558 4118
9 4558 4606 4607 4559 4119
9 4559 4607 4608 4560 4120
9 4560 4608 4609 4561 4121
9 4561 4609 4610 4562 4122
9 4562 4610 4611 4563 4123
9 4563 4611 4612 4564 4124
9 4564 4612 4613 4565 4125
9 4565 4613 4614 4566 4126
9 4566 4614 4615 4567 4127
9 4567 4615 4616 4568 4128
9 4568 4616 4617 4569 4129
9 4569 4617 4618 4570 4130
9 4570 4618 4619 4571 4131
9 4571 4619 4620 4572 4132
9 4572 4620 4621 4573 4133
9 4573 4621 4622 4574 4134
9 4574 4622 4623 4575 4135
9 4575 4623 4624 4576 4136
9 4576 4624 4625 4577 4137
9 4577 4625 4626 4578 4138
9 4578 4626 480 479 4139
9 228 229 4627 4579 4140
9 4579 4627 4628 4580 4141
9 4580 4628 4629 4581 4142
9 4581 4629 4630 4582 4143
9 4582 4630 4631 4583 4144
9 4583 4631 4632 4584 4145
9 4584 4632 4633 4585 4146
9 4585 4633 4634 4586 4147
9 4586 4634 4635 4587 4148
9 4587 4635 4636 4588 4149
9 4588 4636 4637 4589 4150
9 4589 4637 4638 4590 4151
9 4590 4638 4639 4591 4152
9 4591 4639 4640 4592 4153
9 4592 4640 4641 4593 4154
9 4593 4641 4642 4594 4155
9 4594 4642 4643 4595 4156
9 4595 4643 4644 4596 4157
9 4596 4644 4645 4597 4158
9 4597 4645 4646 4598 4159
9 4598 4646 4647 4599 4160
9 4599 4647 4648 4600 4161
9 4600 4648 4649 4601 4162
9 4601 4649 4650 4602 4163
9 4602 4650 4651 4603 4164
9 4603 4651 4652 4604 4165
9 4604 4652 4653 4605 4166
9 4605 4653 4654 4606 4167
9 4606 4654 4655 4607 4168
9 4607 4655 4656 4608 4169
9 4608 4656 4657 4609 4170
9 4609 4657 4658 4610 4171
9 4610 4658 4659 4611 4172
9 4611 4659 4660 4612 4173
9 4612 4660 4661 4613 4174
9 4613 4661 4662 4614 4175
9 4614 4662 4663 4615 4176
9 4615 4663 4664 4616 4177
9 4616 4664 4665 4617 4178
9 4617 4665 4666 4618 4179
9 4618 4666 4667 4619 4180
9 4619 4667 4668 4620 4181
9 4620 4668 4669 4621 4182
9 4621 4669 4670 4622 4183
9 4622 4670 4671 4623 4184
9 4623 4671 4672 4624 4185
9 4624 4672 4673 4625 4186
9 4625 4673 4674 4626 4187
9 4626 4674 481 480 4188
9 229 230 4675 4627 4189
9 4627 4675 4676 4628 4190
9 4628 4676 4677 4629 4191
9 4629 4677 4678 4630 4192
9 4630 4678 4679 4631 4193
9 4631 4679 4680 4632 4194
9 4632 4680 4681 4633 4195
9 4633 4681 4682 4634 4196
9 4634 4682 4683 4635 4197
9 4635 4683 4684 4636 4198
9 4636 4684 4685 4637 4199
9 4637 4685 4686 4638 4200
9 4638 4686 4687 4639 4201
9 4639 4687 4688 4640 4202
9 4640 4688 4689 4641 4203
9 4641 4689 4690 4642 4204
9 4642 4690 4691 4643 4205
9 4643 4691 4692 4644 4206
9 4644 4692 4693 4645 4207
9 4645 4693 4694 4646 4208
9 4646 4694 4695 4647 4209
9 4647 4695 4696 4648 4210
9 4648 4696 4697 4649 4211
9 4649 4697 4698 4650 4212
9 4650 4698 4699 4651 4213
9 4651 4699 4700 4652 4214
9 4652 4700 4701 4653 4215
9 4653 4701 4702 4654 4216
9 4654 4702 4703 4655 4217
9 4655 4703 4704 4656 4218
9 4656 4704 4705 4657 4219
9 4657 4705 4706 4658 4220
9 4658 4706 4707 4659 4221
9 4659 4707 4708 4660 4222
9 4660 4708 4709 4661 4223
9 4661 4709 4710 4662 4224
9 4662 4710 4711 4663 4225
9 4663 4711 4712 4664 4226
9 4664 4712 4713 4665 4227
9 4665 4713 4714 4666 4228
9 4666 4714 4715 4667 4229
9 4667 4715 4716 4668 4230
9 4668 4716 4717 4669 4231
9 4669 4717 4718 4670 4232
9 4670 4718 4719 4671 4233
9 4671 4719 4720 4672 4234
9 4672 4720 4721 4673 4235
9 4673 4721 4722 4674 4236
9 4674 4722 482 481 4237
9 230 231 4723 4675 4238
9 4675 4723 4724 4676 4239
9 4676 4724 4725 4677 4240
9 4677 4725 4726 4678 4241
9 4678 4726 4727 4679 4242
9 4679 4727 4728 4680 4243
9 4680 4728 4729 4681 4244
9 4681 4729 4730 4682 4245
9 4682 4730 4731 4683 4246
9 4683 4731 4732 4684 4247
9 4684 4732 4733 4685 4248
9 4685 4733 4734 4686 4249
9 4686 4734 4735 4687 4250
9 4687 4735 4736 4688 4251
9 4688 4736 4737 4689 4252
9 4689 4737 4738 4690 4253
9 4690 4738 4739 4691 4254
9 4691 4739 4740 4692 4255
9 4692 4740 4741 4693 4256
9 4693 4741 4742 4694 4257
9 4694 4742 4743 4695 4258
9 4695 4743 4744 4696 4259
9 4696 4744 4745 4697 4260
9 4697 4745 4746 4698 4261
9 4698 4746 4747 4699 4262
9 4699 4747 4748 4700 4263
9 4700 4748 4749 4701 4264
9 4701 4749 4750 4702 4265
9 4702 4750 4751 4703 4266
9 4703 4751 4752 4704 4267
9 4704 4752 4753 4705 4268
9 4705 4753 4754 4706 4269
9 4706 4754 4755 4707 4270
9 4707 4755 4756 4708 4271
9 4708 4756 4757 4709 4272
9 4709 4757 4758 4710 4273
9 4710 4758 4759 4711 4274
9 4711 4759 4760 4712 4275
9 4712 4760 4761 4713 4276
9 4713 4761 4762 4714 4277
9 4714 4762 4763 4715 4278
9 4715 4763 4764 4716 4279
9 4716 4764 4765 4717 4280
9 4717 4765 4766 4718 4281
9 4718 4766 4767 4719 4282
9 4719 4767 4768 4720 4283
9 4720 4768 4769 4721 4284
9 4721 4769 4770 4722 4285
9 4722 4770 483 482 4286
9 231 232 4771 4723 4287
9 4723 4771 4772 4724 4288
9 4724 4772 4773 4725 4289
9 4725 4773 4774 4726 4290
9 4726 4774 4775 4727 4291
9 4727 4775 4776 4728 4292
9 4728 4776 4777 4729 4293
9 4729 4777 4778 4730 4294
9 4730 4778 4779 4731 4295
9 4731 4779 4780 4732 4296
9 4732 4780 4781 4733 4297
9 4733 4781 4782 4734 4298
9 4734 4782 4783 4735 4299
9 4735 4783 4784 4736 4300
9 4736 4784 4785 4737 4301
9 4737 4785 4786 4738 4302
9 4738 4786 4787 4739 4303
9 4739 4787 4788 4740 4304
9 4740 4788 4789 4741 4305
9 4741 4789 4790 4742 4306
9 4742 4790 4791 4743 4307
9 4743 4791 4792 4744 4308
9 4744 4792 4793 4745 4309
9 4745 4793 4794 4746 4310
9 4746 4794 4795 4747 4311
9 4747 4795 4796 4748 4312
9 4748 4796 4797 4749 4313
9 4749 4797 4798 4750 4314
9 4750 4798 4799 4751 4315
9 4751 4799 4800 4752 4316
9 4752 4800 4801 4753 4317
9 4753 4801 4802 4754 4318
9 4754 4802 4803 4755 4319
9 4755 4803 4804 4756 4320
9 4756 4804 4805 4757 4321
9 4757 4805 4806 4758 4322
9 4758 4806 4807 4759 4323
9 4759 4807 4808 4760 4324
9 4760 4808 4809 4761 4325
9 4761 4809 4810 4762 4326
9 4762 4810 4811 4763 4327
9 4763 4811 4812 4764 4328
9 4764 4812 4813 4765 4329
9 4765 4813 4814 4766 4330
9 4766 4814 4815 4767 4331
9 4767 4815 4816 4768 4332
9 4768 4816 4817 4769 4333
9 4769 4817 4818 4770 4334
9 4770 4818 484 483 4335
9 232 233 4819 4771 4336
9 4771 4819 4820 4772 4337
9 4772 4820 4821 4773 4338
9 4773 4821 4822 4774 4339
9 4774 4822 4823 4775 4340
9 4775 4823 4824 4776 4341
9 4776 4824 4825 4777 4342
9 4777 4825 4826 4778 4343
9 4778 4826 4827 4779 4344
9 4779 4827 4828 4780 4345
9 4780 4828 4829 4781 4346
9 4781 4829 4830 4782 4347
9 4782 4830 4831 4783 4348
9 4783 4831 4832 4784 4349
9 4784 4832 4833 4785 4350
9 4785 4833 4834 4786 4351
9 4786 4834 4835 4787 4352
9 4787 4835 4836 4788 4353
9 4788 4836 4837 4789 4354
9 4789 4837 4838 4790 4355
9 4790 4838 4839 4791 4356
9 4791 4839 4840 4792 4357
9 4792 4840 4841 4793 4358
9 4793 4841 4842 4794 4359
9 4794 4842 4843 4795 4360
9 4795 4843 4844 4796 4361
9 4796 4844 4845 4797 4362
9 4797 4845 4846 4798 4363
9 4798 4846 4847 4799 4364
9 4799 4847 4848 4800 4365
9 4800 4848 4849 4801 4366
9 4801 4849 4850 4802 4367
9 4802 4850 4851 4803 4368
9 4803 4851 4852 4804 4369
9 4804 4852 4853 4805 4370
9 4805 4853 4854 4806 4371
9 4806 4854 4855 4807 4372
9 4807 4855 4856 4808 4373
9 4808 4856 4857 4809 4374
9 4809 4857 4858 4810 4375
9 4810 4858 4859 4811 4376
9 4811 4859 4860 4812 4377
9 4812 4860 4861 4813 4378
9 4813 4861 4862 4814 4379
9 4814 4862 4863 4815 4380
9 4815 4863 4864 4816 4381
9 4816 4864 4865 4817 4382
9 4817 4865 4866 4818 4383
9 4818 4866 485 484 4384
9 233 234 4867 4819 4385
9 4819 4867 4868 4820 4386
9 4820 4868 4869 4821 4387
9 4821 4869 4870 4822 4388
9 4822 4870 4871 4823 4389
9 4823 4871 4872 4824 4390
9 4824 4872 4873 4825 4391
9 4825 4873 4874 4826 4392
9 4826 4874 4875 4827 4393
9 4827 4875 4876 4828 4394
9 4828 4876 4877 4829 4395
9 4829 4877 4878 4830 4396
9 4830 4878 4879 4831 4397
9 4831 4879 4880 4832 4398
9 4832 4880 4881 4833 4399
9 4833 4881 4882 4834 4400
9 4834 4882 4883 4835 4401
9 4835 4883 4884 4836 4402
9 4836 4884 4885 4837 4403
9 4837 4885 4886 4838 4404
9 4838 4886 4887 4839 4405
9 4839 4887 4888 4840 4406
9 4840 4888 4889 4841 4407
9 4841 4889 4890 4842 4408
9 4842 4890 4891 4843 4409
9 4843 4891 4892 4844 4410
9 4844 4892 4893 4845 4411
9 4845 4893 4894 4846 4412
9 4846 4894 4895 4847 4413
9 4847 4895 4896 4848 4414
9 4848 4896 4897 4849 4415
9 4849 4897 4898 4850 4416
9 4850 4898 4899 4851 4417
9 4851 4899 4900 4852 4418
9 4852 4900 4901 4853 4419
9 4853 4901 4902 4854 4420
9 4854 4902 4903 4855 4421
9 4855 4903 4904 4856 4422
9 4856 4904 4905 4857 4423
9 4857 4905 4906 4858 4424
9 4858 4906 4907 4859 4425
9 4859 4907 4908 4860 4426
9 4860 4908 4909 4861 4427
9 4861 4909 4910 4862 4428
9 4862 4910 4911 4863 4429
9 4863 4911 4912 4864 4430
9 4864 4912 4913 4865 4431
9 4865 4913 4914 4866 4432
9 4866 4914 486 485 4433
9 234 235 4915 4867 4434
9 4867 4915 4916 4868 4435
9 4868 4916 4917 4869 4436
9 4869 4917 4918 4870 4437
9 4870 4918 4919 4871 4438
9 4871 4919 4920 4872 4439
9 4872 4920 4921 4873 4440
9 4873 4921 4922 4874 4441
9 4874 4922 4923 4875 4442
9 4875 4923 4924 4876 4443
9 4876 4924 4925 4877 4444
9 4877 4925 4926 4878 4445
9 4878 4926 4927 4879 4446
9 4879 4927 4928 4880 4447
9 4880 4928 4929 4881 4448
9 4881 4929 4930 4882 4449
9 4882 4930 4931 4883 4450
9 4883 4931 4932 4884 4451
9 4884 4932 4933 4885 4452
9 4885 4933 4934 4886 4453
9 4886 4934 4935 4887 4454
9 4887 4935 4936 4888 4455
9 4888 4936 4937 4889 4456
9 4889 4937 4938 4890 4457
9 4890 4938 4939 4891 4458
9 4891 4939 4940 4892 4459
9 4892 4940 4941 4893 4460
9 4893 4941 4942 4894 4461
9 4894 4942 4943 4895 4462
9 4895 4943 4944 4896 4463
9 4896 4944 4945 4897 4464
9 4897 4945 4946 4898 4465
9 4898 4946 4947 4899 4466
9 4899 4947 4948 4900 4467
9 4900 4948 4949 4901 4468
9 4901 4949 4950 4902 4469
9 4902 4950 4951 4903 4470
9 4903 4951 4952 4904 4471
9 4904 4952 4953 4905 4472
9 4905 4953 4954 4906 4473
9 4906 4954 4955 4907 4474
9 4907 4955 4956 4908 4475
9 4908 4956 4957 4909 4476
9 4909 4957 4958 4910 4477
9 4910 4958 4959 4911 4478
9 4911 4959 4960 4912 4479
9 4912 4960 4961 4913 4480
9 4913 4961 4962 4914 4481
9 4914 4962 487 486 4482
9 235 236 4963 4915 4483
9 4915 4963 4964 4916 4484
9 4916 4964 4965 4917 4485
9 4917 4965 4966 4918 4486
9 4918 4966 4967 4919 4487
9 4919 4967 4968 4920 4488
9 4920 4968 4969 4921 4489
9 4921 4969 4970 4922 4490
9 4922 4970 4971 4923 4491
9 4923 4971 4972 4924 4492
9 4924 4972 4973 4925 4493
9 4925 4973 4974 4926 4494
9 4926 4974 4975 4927 4495
9 4927 4975 4976 4928 4496
9 4928 4976 4977 4929 4497
9 4929 4977 4978 4930 4498
9 4930 4978 4979 4931 4499
9 4931 4979 4980 4932 4500
9 4932 4980 4981 4933 4501
9 4933 4981 4982 4934 4502
9 4934 4982 4983 4935 4503
9 4935 4983 4984 4936 4504
9 4936 4984 4985 4937 4505
9 4937 4985 4986 4938 4506
9 4938 4986 4987 4939 4507
9 4939 4987 4988 4940 4508
9 4940 4988 4989 4941 4509
9 4941 4989 4990 4942 4510
9 4942 4990 4991 4943 4511
9 4943 4991 4992 4944 4512
9 4944 4992 4993 4945 4513
9 4945 4993 4994 4946 4514
9 4946 4994 4995 4947 4515
9 4947 4995 4996 4948 4516
9 4948 4996 4997 4949 4517
9 4949 4997 4998 4950 4518
9 4950 4998 4999 4951 4519
9 4951 4999 5000 4952 4520
9 4952 5000 5001 4953 4521
9 4953 5001 5002 4954 4522
9 4954 5002 5003 4955 4523
9 4955 5003 5004 4956 4524
9 4956 5004 5005 4957 4525
9 4957 5005 5006 4958 4526
9 4958 5006 5007 4959 4527
9 4959 5007 5008 4960 4528
9 4960 5008 5009 4961 4529
9 4961 5009 5010 4962 4530
9 4962 5010 488 487 4531
9 236 6 627 4963 4532
9 4963 627 628 4964 4533
9 4964 628 629 4965 4534
9 4965 629 630 4966 4535
9 4966 630 631 4967 4536
9 4967 631 632 4968 4537
9 4968 632 633 4969 4538
9 4969 633 634 4970 4539
9 4970 634 635 4971 4540
9 4971 635 636 4972 4541
9 4972 636 637 4973 4542
9 4973 637 638 4974 4543
9 4974 638 639 4975 4544
9 4975 639 640 4976 4545
9 4976 640 641 4977 4546
9 4977 641 642 4978 4547
9 4978 642 643 4979 4548
9 4979 643 644 4980 4549
9 4980 644 645 4981 4550
9 4981 645 646 4982 4551
9 4982 646 647 4983 4552
9 4983 647 648 4984 4553
9 4984 648 649 4985 4554
9 4985 649 650 4986 4555
9 4986 650 651 4987 4556
9 4987 651 652 4988 4557
9 4988 652 653 4989 4558
9 4989 653 654 4990 4559
9 4990 654 655 4991 4560
9 4991 655 656 4992 4561
9 4992 656 657 4993 4562
9 4993 657 658 4994 4563
9 4994 658 659 4995 4564
9 4995 659 660 4996 4565
9 4996 660 661 4997 4566
9 4997 661 662 4998 4567
9 4998 662 663 4999 4568
9 4999 663 664 5000 4569
9 5000 664 665 5001 4570
9 5001 665 666 5002 4571
9 5002 666 667 5003 4572
9 5003 667 668 5004 4573
9 5004 668 669 5005 4574
9 5005 669 670 5006 4575
9 5006 670 671 5007 4576
9 5007 671 672 5008 4577
9 5008 672 673 5009 4578
9 5009 673 674 5010 4579
9 5010 674 8 488 4580
9 6 237 5011 627 4581
9 627 5011 5012 628 4582
9 628 5012 5013 629 4583
9 629 5013 5014 630 4584
9 630 5014 5015 631 4585
9 631 5015 5016 632 4586
9 632 5016 5017 633 4587
9 633 5017 5018 634 4588
9 634 5018 5019 635 4589
9 635 5019 5020 636 4590
9 636 5020 5021 637 4591
9 637 5021 5022 638 4592
9 638 5022 5023 639 4593
9 639 5023 5024 640 4594
9 640 5024 5025 641 4595
9 641 5025 5026 642 4596
9 642 5026 5027 643 4597
9 643 5027 5028 644 4598
9 644 5028 5029 645 4599
9 645 5029 5030 646 4600
9 646 5030 5031 647 4601
9 647 5031 5032 648 4602
9 648 5032 5033 649 4603
9 649 5033 5034 650 4604
9 650 5034 5035 651 4605
9 651 5035 5036 652 4606
9 652 5036 5037 653 4607
9 653 5037 5038 654 4608
9 654 5038 5039 655 4609
9 655 5039 5040 656 4610
9 656 5040 5041 657 4611
9 657 5041 5042 658 4612
9 658 5042 5043 659 4613
9 659 5043 5044 660 4614
9 660 5044 5045 661 4615
9 661 5045 5046 662 4616
9 662 5046 5047 663 4617
9 663 5047 5048 664 4618
9 664 5048 5049 665 4619
9 665 5049 5050 666 4620
9 666 5050 5051 667 4621
9 667 5051 5052 668 4622
9 668 5052 5053 669 4623
9 669 5053 5054 670 4624
9 670 5054 5055 671 4625
9 671 5055 5056 672 4626
9 672 5056 5057 673 4627
9 673 5057 5058 674 4628
9 674 5058 489 8 4629
9 237 238 5059 5011 4630
9 5011 5059 5060 5012 4631
9 5012 5060 5061 5013 4632
9 5013 5061 5062 5014 4633
9 5014 5062 5063 5015 4634
9 5015 5063 5064 5016 4635
9 5016 5064 5065 5017 4636
9 5017 5065 5066 5018 4637
9 5018 5066 5067 5019 4638
9 5019 5067 5068 5020 4639
9 5020 5068 5069 5021 4640
9 5021 5069 5070 5022 4641
9 5022 5070 5071 5023 4642
9 5023 5071 5072 5024 4643
9 5024 5072 5073 5025 4644
9 5025 5073 5074 5026 4645
9 5026 5074 5075 5027 4646
9 5027 5075 5076 5028 4647
9 5028 5076 5077 5029 4648
9 5029 5077 5078 5030 4649
9 5030 5078 5079 5031 4650
9 5031 5079 5080 5032 4651
9 5032 5080 5081 5033 4652
9 5033 5081 5082 5034 4653
9 5034 5082 5083 5035 4654
9 5035 5083 5084 5036 4655
9 5036 5084 5085 5037 4656
9 5037 5085 5086 5038 4657
9 5038 5086 5087 5039 4658
9 5039 5087 5088 5040 4659
9 5040 5088 5089 5041 4660
9 5041 5089 5090 5042 4661
9 5042 5090 5091 5043 4662
9 5043 5091 5092 5044 4663
9 5044 5092 5093 5045 4664
9 5045 5093 5094 5046 4665
9 5046 5094 5095 5047 4666
9 5047 5095 5096 5048 4667
9 5048 5096 5097 5049 4668
9 5049 5097 5098 5050 4669
9 5050 5098 5099 5051 4670
9 5051 5099 5100 5052 4671
9 5052 5100 5101 5053 4672
9 5053 5101 5102 5054 4673
9 5054 5102 5103 5055 4674
9 5055 5103 5104 5056 4675
9 5056 5104 5105 5057 4676
9 5057 5105 5106 5058 4677
9 5058 5106 490 489 4678
9 238 239 5107 5059 4679
9 5059 5107 5108 5060 4680
9 5060 5108 5109 5061 4681
9 5061 5109 5110 5062 4682
9 5062 5110 5111 5063 4683
9 5063 5111 5112 5064 4684
9 5064 5112 5113 5065 4685
9 5065 5113 5114 5066 4686
9 5066 5114 5115 5067 4687
9 5067 5115 5116 5068 4688
9 5068 5116 5117 5069 4689
9 5069 5117 5118 5070 4690
9 5070 5118 5119 5071 4691
9 5071 5119 5120 5072 4692
9 5072 5120 5121 5073 4693
9 5073 5121 5122 5074 4694
9 5074 5122 5123 5075 4695
9 5075 5123 5124 5076 4696
9 5076 5124 5125 5077 4697
9 5077 5125 5126 5078 4698
9 5078 5126 5127 5079 4699
9 5079 5127 5128 5080 4700
9 5080 5128 5129 5081 4701
9 5081 5129 5130 5082 4702
9 5082 5130 5131 5083 4703
9 5083 5131 5132 5084 4704
9 5084 5132 5133 5085 4705
9 5085 5133 5134 5086 4706
9 5086 5134 5135 5087 4707
9 5087 5135 5136 5088 4708
9 5088 5136 5137 5089 4709
9 5089 5137 5138 5090 4710
9 5090 5138 5139 5091 4711
9 5091 5139 5140 5092 4712
9 5092 5140 5141 5093 4713
9 5093 5141 5142 5094 4714
9 5094 5142 5143 5095 4715
9 5095 5143 5144 5096 4716
9 5096 5144 5145 5097 4717
9 5097 5145 5146 5098 4718
9 5098 5146 5147 5099 4719
9 5099 5147 5148 5100 4720
9 5100 5148 5149 5101 4721
9 5101 5149 5150 5102 4722
9 5102 5150 5151 5103 4723
9 5103 5151 5152 5104 4724
9 5104 5152 5153 5105 4725
9 5105 5153 5154 5106 4726
9 5106 5154 491 490 4727
9 239 240 5155 5107 4728
9 5107 5155 5156 5108 4729
9 5108 5156 5157 5109 4730
9 5109 5157 5158 5110 4731
9 5110 5158 5159 5111 4732
9 5111 5159 5160 5112 4733
9 5112 5160 5161 5113 4734
9 5113 5161 5162 5114 4735
9 5114 5162 5163 5115 4736
9 5115 5163 5164 5116 4737
9 5116 5164 5165 5117 4738
9 5117 5165 5166 5118 4739
9 5118 5166 5167 5119 4740
9 5119 5167 5168 5120 4741
9 5120 5168 5169 5121 4742
9 5121 5169 5170 5122 4743
9 5122 5170 5171 5123 4744
9 5123 5171 5172 5124 4745
9 5124 5172 5173 5125 4746
9 5125 5173 5174 5126 4747
9 5126 5174 5175 5127 4748
9 5127 5175 5176 5128 4749
9 5128 5176 5177 5129 4750
9 5129 5177 5178 5130 4751
9 5130 5178 5179 5131 4752
9 5131 5179 5180 5132 4753
9 5132 5180 5181 5133 4754
9 5133 5181 5182 5134 4755
9 5134 5182 5183 5135 4756
9 5135 5183 5184 5136 4757
9 5136 5184 5185 5137 4758
9 5137 5185 5186 5138 4759
9 5138 5186 5187 5139 4760
9 5139 5187 5188 5140 4761
9 5140 5188 5189 5141 4762
9 5141 5189 5190 5142 4763
9 5142 5190 5191 5143 4764
9 5143 5191 5192 5144 4765
9 5144 5192 5193 5145 4766
9 5145 5193 5194 5146 4767
9 5146 5194 5195 5147 4768
9 5147 5195 5196 5148 4769
9 5148 5196 5197 5149 4770
9 5149 5197 5198 5150 4771
9 5150 5198 5199 5151 4772
9 5151 5199 5200 5152 4773
9 5152 5200 5201 5153 4774
9 5153 5201 5202 5154 4775
9 5154 5202 492 491 4776
9 240 241 5203 5155 4777
9 5155 5203 5204 5156 4778
9 5156 5204 5205 5157 4779
9 5157 5205 5206 5158 4780
9 5158 5206 5207 5159 4781
9 5159 5207 5208 5160 4782
9 5160 5208 5209 5161 4783
9 5161 5209 5210 5162 4784
9 5162 5210 5211 5163 4785
9 5163 5211 5212 5164 4786
9 5164 5212 5213 5165 4787
9 5165 5213 5214 5166 4788
9 5166 5214 5215 5167 4789
9 5167 5215 5216 5168 4790
9 5168 5216 5217 5169 4791
9 5169 5217 5218 5170 4792
9 5170 5218 5219 5171 4793
9 5171 5219 5220 5172 4794
9 5172 5220 5221 5173 4795
9 5173 5221 5222 5174 4796
9 5174 5222 5223 5175 4797
9 5175 5223 5224 5176 4798
9 5176 5224 5225 5177 4799
9 5177 5225 5226 5178 4800
9 5178 5226 5227 5179 4801
9 5179 5227 5228 5180 4802
9 5180 5228 5229 5181 4803
9 5181 5229 5230 5182 4804
9 5182 5230 5231 5183 4805
9 5183 5231 5232 5184 4806
9 5184 5232 5233 5185 4807
9 5185 5233 5234 5186 4808
9 5186 5234 5235 5187 4809
9 5187 5235 5236 5188 4810
9 5188 5236 5237 5189 4811
9 5189 5237 5238 5190 4812
9 5190 5238 5239 5191 4813
9 5191 5239 5240 5192 4814
9 5192 5240 5241 5193 4815
9 5193 5241 5242 5194 4816
9 5194 5242 5243 5195 4817
9 5195 5243 5244 5196 4818
9 5196 5244 5245 5197 4819
9 5197 5245 5246 5198 4820
9 5198 5246 5247 5199 4821
9 5199 5247 5248 5200 4822
9 5200 5248 5249 5201 4823
9 5201 5249 5250 5202 4824
9 5202 5250 493 492 4825
9 241 242 5251 5203 4826
9 5203 5251 5252 5204 4827
9 5204 5252 5253 5205 4828
9 5205 5253 5254 5206 4829
9 5206 5254 5255 5207 4830
9 5207 5255 5256 5208 4831
9 5208 5256 5257 5209 4832
9 5209 5257 5258 5210 4833
9 5210 5258 5259 5211 4834
9 5211 5259 5260 5212 4835
9 5212 5260 5261 5213 4836
9 5213 5261 5262 5214 4837
9 5214 5262 5263 5215 4838
9 5215 5263 5264 5216 4839
9 5216 5264 5265 5217 4840
9 5217 5265 5266 5218 4841
9 5218 5266 5267 5219 4842
9 5219 5267 5268 5220 4843
9 5220 5268 5269 5221 4844
9 5221 5269 5270 5222 4845
9 5222 5270 5271 5223 4846
9 5223 5271 5272 5224 4847
9 5224 5272 5273 5225 4848
9 5225 5273 5274 5226 4849
9 5226 5274 5275 5227 4850
9 5227 5275 5276 5228 4851
9 5228 5276 5277 5229 4852
9 5229 5277 5278 5230 4853
9 5230 5278 5279 5231 4854
9 5231 5279 5280 5232 4855
9 5232 5280 5281 5233 4856
9 5233 5281 5282 5234 4857
9 5234 5282 5283 5235 4858
9 5235 5283 5284 5236 4859
9 5236 5284 5285 5237 4860
9 5237 5285 5286 5238 4861
9 5238 5286 5287 5239 4862
9 5239 5287 5288 5240 4863
9 5240 5288 5289 5241 4864
9 5241 5289 5290 5242 4865
9 5242 5290 5291 5243 4866
9 5243 5291 5292 5244 4867
9 5244 5292 5293 5245 4868
9 5245 5293 5294 5246 4869
9 5246 5294 5295 5247 4870
9 5247 5295 5296 5248 4871
9 5248 5296 5297 5249 4872
9 5249 5297 5298 5250 4873
9 5250 5298 494 493 4874
9 242 243 5299 5251 4875
9 5251 5299 5300 5252 4876
9 5252 5300 5301 5253 4877
9 5253 5301 5302 5254 4878
9 5254 5302 5303 5255 4879
9 5255 5303 5304 5256 4880
9 5256 5304 5305 5257 4881
9 5257 5305 5306 5258 4882
9 5258 5306 5307 5259 4883
9 5259 5307 5308 5260 4884
9 5260 5308 5309 5261 4885
9 5261 5309 5310 5262 4886
9 5262 5310 5311 5263 4887
9 5263 5311 5312 5264 4888
9 5264 5312 5313 5265 4889
9 5265 5313 5314 5266 4890
9 5266 5314 5315 5267 4891
9 5267 5315 5316 5268 4892
9 5268 5316 5317 5269 4893
9 5269 5317 5318 5270 4894
9 5270 5318 5319 5271 4895
9 5271 5319 5320 5272 4896
9 5272 5320 5321 5273 4897
9 5273 5321 5322 5274 4898
9 5274 5322 5323 5275 4899
9 5275 5323 5324 5276 4900
9 5276 5324 5325 5277 4901
9 5277 5325 5326 5278 4902
9 5278 5326 5327 5279 4903
9 5279 5327 5328 5280 4904
9 5280 5328 5329 5281 4905
9 5281 5329 5330 5282 4906
9 5282 5330 5331 5283 4907
9 5283 5331 5332 5284 4908
9 5284 5332 5333 5285 4909
9 5285 5333 5334 5286 4910
9 5286 5334 5335 5287 4911
9 5287 5335 5336 5288 4912
9 5288 5336 5337 5289 4913
9 5289 5337 5338 5290 4914
9 5290 5338 5339 5291 4915
9 5291 5339 5340 5292 4916
9 5292 5340 5341 5293 4917
9 5293 5341 5342 5294 4918
9 5294 5342 5343 5295 4919
9 5295 5343 5344 5296 4920
9 5296 5344 5345 5297 4921
9 5297 5345 5346 5298 4922
9 5298 5346 495 494 4923
9 243 244 5347 5299 4924
9 5299 5347 5348 5300 4925
9 5300 5348 5349 5301 4926
9 5301 5349 5350 5302 4927
9 5302 5350 5351 5303 4928
9 5303 5351 5352 5304 4929
9 5304 5352 5353 5305 4930
9 5305 5353 5354 5306 4931
9 5306 5354 5355 5307 4932
9 5307 5355 5356 5308 4933
9 5308 5356 5357 5309 4934
9 5309 5357 5358 5310 4935
9 5310 5358 5359 5311 4936
9 5311 5359 5360 5312 4937
9 5312 5360 5361 5313 4938
9 5313 5361 5362 5314 4939
9 5314 5362 5363 5315 4940
9 5315 5363 5364 5316 4941
9 5316 5364 5365 5317 4942
9 5317 5365 5366 5318 4943
9 5318 5366 5367 5319 4944
9 5319 5367 5368 5320 4945
9 5320 5368 5369 5321 4946
9 5321 5369 5370 5322 4947
9 5322 5370 5371 5323 4948
9 5323 5371 5372 5324 4949
9 5324 5372 5373 5325 4950
9 5325 5373 5374 5326 4951
9 5326 5374 5375 5327 4952
9 5327 5375 5376 5328 4953
9 5328 5376 5377 5329 4954
9 5329 5377 5378 5330 4955
9 5330 5378 5379 5331 4956
9 5331 5379 5380 5332 4957
9 5332 5380 5381 5333 4958
9 5333 5381 5382 5334 4959
9 5334 5382 5383 5335 4960
9 5335 5383 5384 5336 4961
9 5336 5384 5385 5337 4962
9 5337 5385 5386 5338 4963
9 5338 5386 5387 5339 4964
9 5339 5387 5388 5340 4965
9 5340 5388 5389 5341 4966
9 5341 5389 5390 5342 4967
9 5342 5390 5391 5343 4968
9 5343 5391 5392 5344 4969
9 5344 5392 5393 5345 4970
9 5345 5393 5394 5346 4971
9 5346 5394 496 495 4972
9 244 245 5395 5347 4973
9 5347 5395 5396 5348 4974
9 5348 5396 5397 5349 4975
9 5349 5397 5398 5350 4976
9 5350 5398 5399 5351 4977
9 5351 5399 5400 5352 4978
9 5352 5400 5401 5353 4979
9 5353 5401 5402 5354 4980
9 5354 5402 5403 5355 4981
9 5355 5403 5404 5356 4982
9 5356 5404 5405 5357 4983
9 5357 5405 5406 5358 4984
9 5358 5406 5407 5359 4985
9 5359 5407 5408 5360 4986
9 5360 5408 5409 5361 4987
9 5361 5409 5410 5362 4988
9 5362 5410 5411 5363 4989
9 5363 5411 5412 5364 4990
9 5364 5412 5413 5365 4991
9 5365 5413 5414 5366 4992
9 5366 5414 5415 5367 4993
9 5367 5415 5416 5368 4994
9 5368 5416 5417 5369 4995
9 5369 5417 5418 5370 4996
9 5370 5418 5419 5371 4997
9 5371 5419 5420 5372 4998
9 5372 5420 5421 5373 4999
9 5373 5421 5422 5374 5000
9 5374 5422 5423 5375 5001
9 5375 5423 5424 5376 5002
9 5376 5424 5425 5377 5003
9 5377 5425 5426 5378 5004
9 5378 5426 5427 5379 5005
9 5379 5427 5428 5380 5006
9 5380 5428 5429 5381 5007
9 5381 5429 5430 5382 5008
9 5382 5430 5431 5383 5009
9 5383 5431 5432 5384 5010
9 5384 5432 5433 5385 5011
9 5385 5433 5434 5386 5012
9 5386 5434 5435 5387 5013
9 5387 5435 5436 5388 5014
9 5388 5436 5437 5389 5015
9 5389 5437 5438 5390 5016
9 5390 5438 5439 5391 5017
9 5391 5439 5440 5392 5018
9 5392 5440 5441 5393 5019
9 5393 5441 5442 5394 5020
9 5394 5442 497 496 5021
9 245 246 5443 5395 5022
9 5395 5443 5444 5396 5023
9 5396 5444 5445 5397 5024
9 5397 5445 5446 5398 5025
9 5398 5446 5447 5399 5026
9 5399 5447 5448 5400 5027
9 5400 5448 5449 5401 5028
9 5401 5449 5450 5402 5029
9 5402 5450 5451 5403 5030
9 5403 5451 5452 5404 5031
9 5404 5452 5453 5405 5032
9 5405 5453 5454 5406 5033
9 5406 5454 5455 5407 5034
9 5407 5455 5456 5408 5035
9 5408 5456 5457 5409 5036
9 5409 5457 5458 5410 5037
9 5410 5458 5459 5411 5038
9 5411 5459 5460 5412 5039
9 5412 5460 5461 5413 5040
9 5413 5461 5462 5414 5041
9 5414 5462 5463 5415 5042
9 5415 5463 5464 5416 5043
9 5416 5464 5465 5417 5044
9 5417 5465 5466 5418 5045
9 5418 5466 5467 5419 5046
9 5419 5467 5468 5420 5047
9 5420 5468 5469 5421 5048
9 5421 5469 5470 5422 5049
9 5422 5470 5471 5423 5050
9 5423 5471 5472 5424 5051
9 5424 5472 5473 5425 5052
9 5425 5473 5474 5426 5053
9 5426 5474 5475 5427 5054
9 5427 5475 5476 5428 5055
9 5428 5476 5477 5429 5056
9 5429 5477 5478 5430 5057
9 5430 5478 5479 5431 5058
9 5431 5479 5480 5432 5059
9 5432 5480 5481 5433 5060
9 5433 5481 5482 5434 5061
9 5434 5482 5483 5435 5062
9 5435 5483 5484 5436 5063
9 5436 5484 5485 5437 5064
9 5437 5485 5486 5438 5065
9 5438 5486 5487 5439 5066
9 5439 5487 5488 5440 5067
9 5440 5488 5489 5441 5068
9 5441 5489 5490 5442 5069
9 5442 5490 498 497 5070
9 246 247 5491 5443 5071
9 5443 5491 5492 5444 5072
9 5444 5492 5493 5445 5073
9 5445 5493 5494 5446 5074
9 5446 5494 5495 5447 5075
9 5447 5495 5496 5448 5076
9 5448 5496 5497 5449 5077
9 5449 5497 5498 5450 5078
9 5450 5498 5499 5451 5079
9 5451 5499 5500 5452 5080
9 5452 5500 5501 5453 5081
9 5453 5501 5502 5454 5082
9 5454 5502 5503 5455 5083
9 5455 5503 5504 5456 5084
9 5456 5504 5505 5457 5085
9 5457 5505 5506 5458 5086
9 5458 5506 5507 5459 5087
9 5459 5507 5508 5460 5088
9 5460 5508 5509 5461 5089
9 5461 5509 5510 5462 5090
9 5462 5510 5511 5463 5091
9 5463 5511 5512 5464 5092
9 5464 5512 5513 5465 5093
9 5465 5513 5514 5466 5094
9 5466 5514 5515 5467 5095
9 5467 5515 5516 5468 5096
9 5468 5516 5517 5469 5097
9 5469 5517 5518 5470 5098
9 5470 5518 5519 5471 5099
9 5471 5519 5520 5472 5100
9 5472 5520 5521 5473 5101
9 5473 5521 5522 5474 5102
9 5474 5522 5523 5475 5103
9 5475 5523 5524 5476 5104
9 5476 5524 5525 5477 5105
9 5477 5525 5526 5478 5106
9 5478 5526 5527 5479 5107
9 5479 5527 5528 5480 5108
9 5480 5528 5529 5481 5109
9 5481 5529 5530 5482 5110
9 5482 5530 5531 5483 5111
9 5483 5531 5532 5484 5112
9 5484 5532 5533 5485 5113
9 5485 5533 5534 5486 5114
9 5486 5534 5535 5487 5115
9 5487 5535 5536 5488 5116
9 5488 5536 5537 5489 5117
9 5489 5537 5538 5490 5118
9 5490 5538 499 498 5119
9 247 248 5539 5491 5120
9 5491 5539 5540 5492 5121
9 5492 5540 5541 5493 5122
9 5493 5541 5542 5494 5123
9 5494 5542 5543 5495 5124
9 5495 5543 5544 5496 5125
9 5496 5544 5545 5497 5126
9 5497 5545 5546 5498 5127
9 5498 5546 5547 5499 5128
9 5499 5547 5548 5500 5129
9 5500 5548 5549 5501 5130
9 5501 5549 5550 5502 5131
9 5502 5550 5551 5503 5132
9 5503 5551 5552 5504 5133
9 5504 5552 5553 5505 5134
9 5505 5553 5554 5506 5135
9 5506 5554 5555 5507 5136
9 5507 5555 5556 5508 5137
9 5508 5556 5557 5509 5138
9 5509 5557 5558 5510 5139
9 5510 5558 5559 5511 5140
9 5511 5559 5560 5512 5141
9 5512 5560 5561 5513 5142
9 5513 5561 5562 5514 5143
9 5514 5562 5563 5515 5144
9 5515 5563 5564 5516 5145
9 5516 5564 5565 5517 5146
9 5517 5565 5566 5518 5147
9 5518 5566 5567 5519 5148
9 5519 5567 5568 5520 5149
9 5520 5568 5569 5521 5150
9 5521 5569 5570 5522 5151
9 5522 5570 5571 5523 5152
9 5523 5571 5572 5524 5153
9 5524 5572 5573 5525 5154
9 5525 5573 5574 5526 5155
9 5526 5574 5575 5527 5156
9 5527 5575 5576 5528 5157
9 5528 5576 5577 5529 5158
9 5529 5577 5578 5530 5159
9 5530 5578 5579 5531 5160
9 5531 5579 5580 5532 5161
9 5532 5580 5581 5533 5162
9 5533 5581 5582 5534 5163
9 5534 5582 5583 5535 5164
9 5535 5583 5584 5536 5165
9 5536 5584 5585 5537 5166
9 5537 5585 5586 5538 5167
9 5538 5586 500 499 5168
9 248 249 5587 5539 5169
9 5539 5587 5588 5540 5170
9 5540 5588 5589 5541 5171
9 5541 5589 5590 5542 5172
9 5542 5590 5591 5543 5173
9 5543 5591 5592 5544 5174
9 5544 5592 5593 5545 5175
9 5545 5593 5594 5546 5176
9 5546 5594 5595 5547 5177
9 5547 5595 5596 5548 5178
9 5548 5596 5597 5549 5179
9 5549 5597 5598 5550 5180
9 5550 5598 5599 5551 5181
9 5551 5599 5600 5552 5182
9 5552 5600 5601 5553 5183
9 5553 5601 5602 5554 5184
9 5554 5602 5603 5555 5185
9 5555 5603 5604 5556 5186
9 5556 5604 5605 5557 5187
9 5557 5605 5606 5558 5188
9 5558 5606 5607 5559 5189
9 5559 5607 5608 5560 5190
9 5560 5608 5609 5561 5191
9 5561 5609 5610 5562 5192
9 5562 5610 5611 5563 5193
9 5563 5611 5612 5564 5194
9 5564 5612 5613 5565 5195
9 5565 5613 5614 5566 5196
9 5566 5614 5615 5567 5197
9 5567 5615 5616 5568 5198
9 5568 5616 5617 5569 5199
9 5569 5617 5618 5570 5200
9 5570 5618 5619 5571 5201
9 5571 5619 5620 5572 5202
9 5572 5620 5621 5573 5203
9 5573 5621 5622 5574 5204
9 5574 5622 5623 5575 5205
9 5575 5623 5624 5576 5206
9 5576 5624 5625 5577 5207
9 5577 5625 5626 5578 5208
9 5578 5626 5627 5579 5209
9 5579 5627 5628 5580 5210
9 5580 5628 5629 5581 5211
9 5581 5629 5630 5582 5212
9 5582 5630 5631 5583 5213
9 5583 5631 5632 5584 5214
9 5584 5632 5633 5585 5215
9 5585 5633 5634 5586 5216
9 5586 5634 501 500 5217
9 249 250 5635 5587 5218
9 5587 5635 5636 5588 5219
9 5588 5636 5637 5589 5220
9 5589 5637 5638 5590 5221
9 5590 5638 5639 5591 5222
9 5591 5639 5640 5592 5223
9 5592 5640 5641 5593 5224
9 5593 5641 5642 5594 5225
9 5594 5642 5643 5595 5226
9 5595 5643 5644 5596 5227
9 5596 5644 5645 5597 5228
9 5597 5645 5646 5598 5229
9 5598 5646 5647 5599 5230
9 5599 5647 5648 5600 5231
9 5600 5648 5649 5601 5232
9 5601 5649 5650 5602 5233
9 5602 5650 5651 5603 5234
9 5603 5651 5652 5604 5235
9 5604 5652 5653 5605 5236
9 5605 5653 5654 5606 5237
9 5606 5654 5655 5607 5238
9 5607 5655 5656 5608 5239
9 5608 5656 5657 5609 5240
9 5609 5657 5658 5610 5241
9 5610 5658 5659 5611 5242
9 5611 5659 5660 5612 5243
9 5612 5660 5661 5613 5244
9 5613 5661 5662 5614 5245
9 5614 5662 5663 5615 5246
9 5615 5663 5664 5616 5247
9 5616 5664 5665 5617 5248
9 5617 5665 5666 5618 5249
9 5618 5666 5667 5619 5250
9 5619 5667 5668 5620 5251
9 5620 5668 5669 5621 5252
9 5621 5669 5670 5622 5253
9 5622 5670 5671 5623 5254
9 5623 5671 5672 5624 5255
9 5624 5672 5673 5625 5256
9 5625 5673 5674 5626 5257
9 5626 5674 5675 5627 5258
9 5627 5675 5676 5628 5259
9 5628 5676 5677 5629 5260
9 5629 5677 5678 5630 5261
9 5630 5678 5679 5631 5262
9 5631 5679 5680 5632 5263
9 5632 5680 5681 5633 5264
9 5633 5681 5682 5634 5265
9 5634 5682 502 501 5266
9 250 251 5683 5635 5267
9 5635 5683 5684 5636 5268
9 5636 5684 5685 5637 5269
9 5637 5685 5686 5638 5270
9 5638 5686 5687 5639 5271
9 5639 5687 5688 5640 5272
9 5640 5688 5689 5641 5273
9 5641 5689 5690 5642 5274
9 5642 5690 5691 5643 5275
9 5643 5691 5692 5644 5276
9 5644 5692 5693 5645 5277
9 5645 5693 5694 5646 5278
9 5646 5694 5695 5647 5279
9 5647 5695 5696 5648 5280
9 5648 5696 5697 5649 5281
9 5649 5697 5698 5650 5282
9 5650 5698 5699 5651 5283
9 5651 5699 5700 5652 5284
9 5652 5700 5701 5653 5285
9 5653 5701 5702 5654 5286
9 5654 5702 5703 5655 5287
9 5655 5703 5704 5656 5288
9 5656 5704 5705 5657 5289
9 5657 5705 5706 5658 5290
9 5658 5706 5707 5659 5291
9 5659 5707 5708 5660 5292
9 5660 5708 5709 5661 5293
9 5661 5709 5710 5662 5294
9 5662 5710 5711 5663 5295
9 5663 5711 5712 5664 5296
9 5664 5712 5713 5665 5297
9 5665 5713 5714 5666 5298
9 5666 5714 5715 5667 5299
9 5667 5715 5716 5668 5300
9 5668 5716 5717 5669 5301
9 5669 5717 5718 5670 5302
9 5670 5718 5719 5671 5303
9 5671 5719 5720 5672 5304
9 5672 5720 5721 5673 5305
9 5673 5721 5722 5674 5306
9 5674 5722 5723 5675 5307
9 5675 5723 5724 5676 5308
9 5676 5724 5725 5677 5309
9 5677 5725 5726 5678 5310
9 5678 5726 5727 5679 5311
9 5679 5727 5728 5680 5312
9 5680 5728 5729 5681 5313
9 5681 5729 5730 5682 5314
9 5682 5730 503 502 5315
9 251 252 5731 5683 5316
9 5683 5731 5732 5684 5317
9 5684 5732 5733 5685 5318
9 5685 5733 5734 5686 5319
9 5686 5734 5735 5687 5320
9 5687 5735 5736 5688 5321
9 5688 5736 5737 5689 5322
9 5689 5737 5738 5690 5323
9 5690 5738 5739 5691 5324
9 5691 5739 5740 5692 5325
9 5692 5740 5741 5693 5326
9 5693 5741 5742 5694 5327
9 5694 5742 5743 5695 5328
9 5695 5743 5744 5696 5329
9 5696 5744 5745 5697 5330
9 5697 5745 5746 5698 5331
9 5698 5746 5747 5699 5332
9 5699 5747 5748 5700 5333
9 5700 5748 5749 5701 5334
9 5701 5749 5750 5702 5335
9 5702 5750 5751 5703 5336
9 5703 5751 5752 5704 5337
9 5704 5752 5753 5705 5338
9 5705 5753 5754 5706 5339
9 5706 5754 5755 5707 5340
9 5707 5755 5756 5708 5341
9 5708 5756 5757 5709 5342
9 5709 5757 5758 5710 5343
9 5710 5758 5759 5711 5344
9 5711 5759 5760 5712 5345
9 5712 5760 5761 5713 5346
9 5713 5761 5762 5714 5347
9 5714 5762 5763 5715 5348
9 5715 5763 5764 5716 5349
9 5716 5764 5765 5717 5350
9 5717 5765 5766 5718 5351
9 5718 5766 5767 5719 5352
9 5719 5767 5768 5720 5353
9 5720 5768 5769 5721 5354
9 5721 5769 5770 5722 5355
9 5722 5770 5771 5723 5356
9 5723 5771 5772 5724 5357
9 5724 5772 5773 5725 5358
9 5725 5773 5774 5726 5359
9 5726 5774 5775 5727 5360
9 5727 5775 5776 5728 5361
9 5728 5776 5777 5729 5362
9 5729 5777 5778 5730 5363
9 5730 5778 504 503 5364
9 252 253 5779 5731 5365
9 5731 5779 5780 5732 5366
9 5732 5780 5781 5733 5367
9 5733 5781 5782 5734 5368
9 5734 5782 5783 5735 5369
9 5735 5783 5784 5736 5370
9 5736 5784 5785 5737 5371
9 5737 5785 5786 5738 5372
9 5738 5786 5787 5739 5373
9 5739 5787 5788 5740 5374
9 5740 5788 5789 5741 5375
9 5741 5789 5790 5742 5376
9 5742 5790 5791 5743 5377
9 5743 5791 5792 5744 5378
9 5744 5792 5793 5745 5379
9 5745 5793 5794 5746 5380
9 5746 5794 5795 5747 5381
9 5747 5795 5796 5748 5382
9 5748 5796 5797 5749 5383
9 5749 5797 5798 5750 5384
9 5750 5798 5799 5751 5385
9 5751 5799 5800 5752 5386
9 5752 5800 5801 5753 5387
9 5753 5801 5802 5754 5388
9 5754 5802 5803 5755 5389
9 5755 5803 5804 5756 5390
9 5756 5804 5805 5757 5391
9 5757 5805 5806 5758 5392
9 5758 5806 5807 5759 5393
9 5759 5807 5808 5760 5394
9 5760 5808 5809 5761 5395
9 5761 5809 5810 5762 5396
9 5762 5810 5811 5763 5397
9 5763 5811 5812 5764 5398
9 5764 5812 5813 5765 5399
9 5765 5813 5814 5766 5400
9 5766 5814 5815 5767 5401
9 5767 5815 5816 5768 5402
9 5768 5816 5817 5769 5403
9 5769 5817 5818 5770 5404
9 5770 5818 5819 5771 5405
9 5771 5819 5820 5772 5406
9 5772 5820 5821 5773 5407
9 5773 5821 5822 5774 5408
9 5774 5822 5823 5775 5409
9 5775 5823 5824 5776 5410
9 5776 5824 5825 5777 5411
9 5777 5825 5826 5778 5412
9 5778 5826 505 504 5413
9 253 254 5827 5779 5414
9 5779 5827 5828 5780 5415
9 5780 5828 5829 5781 5416
9 5781 5829 5830 5782 5417
9 5782 5830 5831 5783 5418
9 5783 5831 5832 5784 5419
9 5784 5832 5833 5785 5420
9 5785 5833 5834 5786 5421
9 5786 5834 5835 5787 5422
9 5787 5835 5836 5788 5423
9 5788 5836 5837 5789 5424
9 5789 5837 5838 5790 5425
9 5790 5838 5839 5791 5426
9 5791 5839 5840 5792 5427
9 5792 5840 5841 5793 5428
9 5793 5841 5842 5794 5429
9 5794 5842 5843 5795 5430
9 5795 5843 5844 5796 5431
9 5796 5844 5845 5797 5432
9 5797 5845 5846 5798 5433
9 5798 5846 5847 5799 5434
9 5799 5847 5848 5800 5435
9 5800 5848 5849 5801 5436
9 5801 5849 5850 5802 5437
9 5802 5850 5851 5803 5438
9 5803 5851 5852 5804 5439
9 5804 5852 5853 5805 5440
9 5805 5853 5854 5806 5441
9 5806 5854 5855 5807 5442
9 5807 5855 5856 5808 5443
9 5808 5856 5857 5809 5444
9 5809 5857 5858 5810 5445
9 5810 5858 5859 5811 5446
9 5811 5859 5860 5812 5447
9 5812 5860 5861 5813 5448
9 5813 5861 5862 5814 5449
9 5814 5862 5863 5815 5450
9 5815 5863 5864 5816 5451
9 5816 5864 5865 5817 5452
9 5817 5865 5866 5818 5453
9 5818 5866 5867 5819 5454
9 5819 5867 5868 5820 5455
9 5820 5868 5869 5821 5456
9 5821 5869 5870 5822 5457
9 5822 5870 5871 5823 5458
9 5823 5871 5872 5824 5459
9 5824 5872 5873 5825 5460
9 5825 5873 5874 5826 5461
9 5826 5874 506 505 5462
9 254 255 5875 5827 5463
9 5827 5875 5876 5828 5464
9 5828 5876 5877 5829 5465
9 5829 5877 5878 5830 5466
9 5830 5878 5879 5831 5467
9 5831 5879 5880 5832 5468
9 5832 5880 5881 5833 5469
9 5833 5881 5882 5834 5470
9 5834 5882 5883 5835 5471
9 5835 5883 5884 5836 5472
9 5836 5884 5885 5837 5473
9 5837 5885 5886 5838 5474
9 5838 5886 5887 5839 5475
9 5839 5887 5888 5840 5476
9 5840 5888 5889 5841 5477
9 5841 5889 5890 5842 5478
9 5842 5890 5891 5843 5479
9 5843 5891 5892 5844 5480
9 5844 5892 5893 5845 5481
9 5845 5893 5894 5846 5482
9 5846 5894 5895 5847 5483
9 5847 5895 5896 5848 5484
9 5848 5896 5897 5849 5485
9 5849 5897 5898 5850 5486
9 5850 5898 5899 5851 5487
9 5851 5899 5900 5852 5488
9 5852 5900 5901 5853 5489
9 5853 5901 5902 5854 5490
9 5854 5902 5903 5855 5491
9 5855 5903 5904 5856 5492
9 5856 5904 5905 5857 5493
9 5857 5905 5906 5858 5494
9 5858 5906 5907 5859 5495
9 5859 5907 5908 5860 5496
9 5860 5908 5909 5861 5497
9 5861 5909 5910 5862 5498
9 5862 5910 5911 5863 5499
9 5863 5911 5912 5864 5500
9 5864 5912 5913 5865 5501
9 5865 5913 5914 5866 5502
9 5866 5914 5915 5867 5503
9 5867 5915 5916 5868 5504
9 5868 5916 5917 5869 5505
9 5869 5917 5918 5870 5506
9 5870 5918 5919 5871 5507
9 5871 5919 5920 5872 5508
9 5872 5920 5921 5873 5509
9 5873 5921 5922 5874 5510
9 5874 5922 507 506 5511
9 255 256 5923 5875 5512
9 5875 5923 5924 5876 5513
9 5876 5924 5925 5877 5514
9 5877 5925 5926 5878 5515
9 5878 5926 5927 5879 5516
9 5879 5927 5928 5880 5517
9 5880 5928 5929 5881 5518
9 5881 5929 5930 5882 5519
9 5882 5930 5931 5883 5520
9 5883 5931 5932 5884 5521
9 5884 5932 5933 5885 5522
9 5885 5933 5934 5886 5523
9 5886 5934 5935 5887 5524
9 5887 5935 5936 5888 5525
9 5888 5936 5937 5889 5526
9 5889 5937 5938 5890 5527
9 5890 5938 5939 5891 5528
9 5891 5939 5940 5892 5529
9 5892 5940 5941 5893 5530
9 5893 5941 5942 5894 5531
9 5894 5942 5943 5895 5532
9 5895 5943 5944 5896 5533
9 5896 5944 5945 5897 5534
9 5897 5945 5946 5898 5535
9 5898 5946 5947 5899 5536
9 5899 5947 5948 5900 5537
9 5900 5948 5949 5901 5538
9 5901 5949 5950 5902 5539
9 5902 5950 5951 5903 5540
9 5903 5951 5952 5904 5541
9 5904 5952 5953 5905 5542
9 5905 5953 5954 5906 5543
9 5906 5954 5955 5907 5544
9 5907 5955 5956 5908 5545
9 5908 5956 5957 5909 5546
9 5909 5957 5958 5910 5547
9 5910 5958 5959 5911 5548
9 5911 5959 5960 5912 5549
9 5912 5960 5961 5913 5550
9 5913 5961 5962 5914 5551
9 5914 5962 5963 5915 5552
9 5915 5963 5964 5916 5553
9 5916 5964 5965 5917 5554
9 5917 5965 5966 5918 5555
9 5918 5966 5967 5919 5556
9 5919 5967 5968 5920 5557
9 5920 5968 5969 5921 5558
9 5921 5969 5970 5922 5559
9 5922 5970 508 507 5560
9 256 257 5971 5923 5561
9 5923 5971 5972 5924 5562
9 5924 5972 5973 5925 5563
9 5925 5973 5974 5926 5564
9 5926 5974 5975 5927 5565
9 5927 5975 5976 5928 5566
9 5928 5976 5977 5929 5567
9 5929 5977 5978 5930 5568
9 5930 5978 5979 5931 5569
9 5931 5979 5980 5932 5570
9 5932 5980 5981 5933 5571
9 5933 5981 5982 5934 5572
9 5934 5982 5983 5935 5573
9 5935 5983 5984 5936 5574
9 5936 5984 5985 5937 5575
9 5937 5985 5986 5938 5576
9 5938 5986 5987 5939 5577
9 5939 5987 5988 5940 5578
9 5940 5988 5989 5941 5579
9 5941 5989 5990 5942 5580
9 5942 5990 5991 5943 5581
9 5943 5991 5992 5944 5582
9 5944 5992 5993 5945 5583
9 5945 5993 5994 5946 5584
9 5946 5994 5995 5947 5585
9 5947 5995 5996 5948 5586
9 5948 5996 5997 5949 5587
9 5949 5997 5998 5950 5588
9 5950 5998 5999 5951 5589
9 5951 5999 6000 5952 5590
9 5952 6000 6001 5953 5591
9 5953 6001 6002 5954 5592
9 5954 6002 6003 5955 5593
9 5955 6003 6004 5956 5594
9 5956 6004 6005 5957 5595
9 5957 6005 6006 5958 5596
9 5958 6006 6007 5959 5597
9 5959 6007 6008 5960 5598
9 5960 6008 6009 5961 5599
9 5961 6009 6010 5962 5600
9 5962 6010 6011 5963 5601
9 5963 6011 6012 5964 5602
9 5964 6012 6013 5965 5603
9 5965 6013 6014 5966 5604
9 5966 6014 6015 5967 5605
9 5967 6015 6016 5968 5606
9 5968 6016 6017 5969 5607
9 5969 6017 6018 5970 5608
9 5970 6018 509 508 5609
9 257 258 6019 5971 5610
9 5971 6019 6020 5972 5611
9 5972 6020 6021 5973 5612
9 5973 6021 6022 5974 5613
9 5974 6022 6023 5975 5614
9 5975 6023 6024 5976 5615
9 5976 6024 6025 5977 5616
9 5977 6025 6026 5978 5617
9 5978 6026 6027 5979 5618
9 5979 6027 6028 5980 5619
9 5980 6028 6029 5981 5620
9 5981 6029 6030 5982 5621
9 5982 6030 6031 5983 5622
9 5983 6031 6032 5984 5623
9 5984 6032 6033 5985 5624
9 5985 6033 6034 5986 5625
9 5986 6034 6035 5987 5626
9 5987 6035 6036 5988 5627
9 5988 6036 6037 5989 5628
9 5989 6037 6038 5990 5629
9 5990 6038 6039 5991 5630
9 5991 6039 6040 5992 5631
9 5992 6040 6041 5993 5632
9 5993 6041 6042 5994 5633
9 5994 6042 6043 5995 5634
9 5995 6043 6044 5996 5635
9 5996 6044 6045 5997 5636
9 5997 6045 6046 5998 5637
9 5998 6046 6047 5999 5638
9 5999 6047 6048 6000 5639
9 6000 6048 6049 6001 5640
9 6001 6049 6050 6002 5641
9 6002 6050 6051 6003 5642
9 6003 6051 6052 6004 5643
9 6004 6052 6053 6005 5644
9 6005 6053 6054 6006 5645
9 6006 6054 6055 6007 5646
9 6007 6055 6056 6008 5647
9 6008 6056 6057 6009 5648
9 6009 6057 6058 6010 5649
9 6010 6058 6059 6011 5650
9 6011 6059 6060 6012 5651
9 6012 6060 6061 6013 5652
9 6013 6061 6062 6014 5653
9 6014 6062 6063 6015 5654
9 6015 6063 6064 6016 5655
9 6016 6064 6065 6017 5656
9 6017 6065 6066 6018 5657
9 6018 6066 510 509 5658
9 258 259 6067 6019 5659
9 6019 6067 6068 6020 5660
9 6020 6068 6069 6021 5661
9 6021 6069 6070 6022 5662
9 6022 6070 6071 6023 5663
9 6023 6071 6072 6024 5664
9 6024 6072 6073 6025 5665
9 6025 6073 6074 6026 5666
9 6026 6074 6075 6027 5667
9 6027 6075 6076 6028 5668
9 6028 6076 6077 6029 5669
9 6029 6077 6078 6030 5670
9 6030 6078 6079 6031 5671
9 6031 6079 6080 6032 5672
9 6032 6080 6081 6033 5673
9 6033 6081 6082 6034 5674
9 6034 6082 6083 6035 5675
9 6035 6083 6084 6036 5676
9 6036 6084 6085 6037 5677
9 6037 6085 6086 6038 5678
9 6038 6086 6087 6039 5679
9 6039 6087 6088 6040 5680
9 6040 6088 6089 6041 5681
9 6041 6089 6090 6042 5682
9 6042 6090 6091 6043 5683
9 6043 6091 6092 6044 5684
9 6044 6092 6093 6045 5685
9 6045 6093 6094 6046 5686
9 6046 6094 6095 6047 5687
9 6047 6095 6096 6048 5688
9 6048 6096 6097 6049 5689
9 6049 6097 6098 6050 5690
9 6050 6098 6099 6051 5691
9 6051 6099 6100 6052 5692
9 6052 6100 6101 6053 5693
9 6053 6101 6102 6054 5694
9 6054 6102 6103 6055 5695
9 6055 6103 6104 6056 5696
9 6056 6104 6105 6057 5697
9 6057 6105 6106 6058 5698
9 6058 6106 6107 6059 5699
9 6059 6107 6108 6060 5700
9 6060 6108 6109 6061 5701
9 6061 6109 6110 6062 5702
9 6062 6110 6111 6063 5703
9 6063 6111 6112 6064 5704
9 6064 6112 6113 6065 5705
9 6065 6113 6114 6066 5706
9 6066 6114 511 510 5707
9 259 260 6115 6067 5708
9 6067 6115 6116 6068 5709
9 6068 6116 6117 6069 5710
9 6069 6117 6118 6070 5711
9 6070 6118 6119 6071 5712
9 6071 6119 6120 6072 5713
9 6072 6120 6121 6073 5714
9 6073 6121 6122 6074 5715
9 6074 6122 6123 6075 5716
9 6075 6123 6124 6076 5717
9 6076 6124 6125 6077 5718
9 6077 6125 6126 6078 5719
9 6078 6126 6127 6079 5720
9 6079 6127 6128 6080 5721
9 6080 6128 6129 6081 5722
9 6081 6129 6130 6082 5723
9 6082 6130 6131 6083 5724
9 6083 6131 6132 6084 5725
9 6084 6132 6133 6085 5726
9 6085 6133 6134 6086 5727
9 6086 6134 6135 6087 5728
9 6087 6135 6136 6088 5729
9 6088 6136 6137 6089 5730
9 6089 6137 6138 6090 5731
9 6090 6138 6139 6091 5732
9 6091 6139 6140 6092 5733
9 6092 6140 6141 6093 5734
9 6093 6141 6142 6094 5735
9 6094 6142 6143 6095 5736
9 6095 6143 6144 6096 5737
9 6096 6144 6145 6097 5738
9 6097 6145 6146 6098 5739
9 6098 6146 6147 6099 5740
9 6099 6147 6148 6100 5741
9 6100 6148 6149 6101 5742
9 6101 6149 6150 6102 5743
9 6102 6150 6151 6103 5744
9 6103 6151 6152 6104 5745
9 6104 6152 6153 6105 5746
9 6105 6153 6154 6106 5747
9 6106 6154 6155 6107 5748
9 6107 6155 6156 6108 5749
9 6108 6156 6157 6109 5750
9 6109 6157 6158 6110 5751
9 6110 6158 6159 6111 5752
9 6111 6159 6160 6112 5753
9 6112 6160 6161 6113 5754
9 6113 6161 6162 6114 5755
9 6114 6162 512 511 5756
9 260 261 6163 6115 5757
9 6115 6163 6164 6116 5758
9 6116 6164 6165 6117 5759
9 6117 6165 6166 6118 5760
9 6118 6166 6167 6119 5761
9 6119 6167 6168 6120 5762
9 6120 6168 6169 6121 5763
9 6121 6169 6170 6122 5764
9 6122 6170 6171 6123 5765
9 6123 6171 6172 6124 5766
9 6124 6172 6173 6125 5767
9 6125 6173 6174 6126 5768
9 6126 6174 6175 6127 5769
9 6127 6175 6176 6128 5770
9 6128 6176 6177 6129 5771
9 6129 6177 6178 6130 5772
9 6130 6178 6179 6131 5773
9 6131 6179 6180 6132 5774
9 6132 6180 6181 6133 5775
9 6133 6181 6182 6134 5776
9 6134 6182 6183 6135 5777
9 6135 6183 6184 6136 5778
9 6136 6184 6185 6137 5779
9 6137 6185 6186 6138 5780
9 6138 6186 6187 6139 5781
9 6139 6187 6188 6140 5782
9 6140 6188 6189 6141 5783
9 6141 6189 6190 6142 5784
9 6142 6190 6191 6143 5785
9 6143 6191 6192 6144 5786
9 6144 6192 6193 6145 5787
9 6145 6193 6194 6146 5788
9 6146 6194 6195 6147 5789
9 6147 6195 6196 6148 5790
9 6148 6196 6197 6149 5791
9 6149 6197 6198 6150 5792
9 6150 6198 6199 6151 5793
9 6151 6199 6200 6152 5794
9 6152 6200 6201 6153 5795
9 6153 6201 6202 6154 5796
9 6154 6202 6203 6155 5797
9 6155 6203 6204 6156 5798
9 6156 6204 6205 6157 5799
9 6157 6205 6206 6158 5800
9 6158 6206 6207 6159 5801
9 6159 6207 6208 6160 5802
9 6160 6208 6209 6161 5803
9 6161 6209 6210 6162 5804
9 6162 6210 513 512 5805
9 261 262 6211 6163 5806
9 6163 6211 6212 6164 5807
9 6164 6212 6213 6165 5808
9 6165 6213 6214 6166 5809
9 6166 6214 6215 6167 5810
9 6167 6215 6216 6168 5811
9 6168 6216 6217 6169 5812
9 6169 6217 6218 6170 5813
9 6170 6218 6219 6171 5814
9 6171 6219 6220 6172 5815
9 6172 6220 6221 6173 5816
9 6173 6221 6222 6174 5817
9 6174 6222 6223 6175 5818
9 6175 6223 6224 6176 5819
9 6176 6224 6225 6177 5820
9 6177 6225 6226 6178 5821
9 6178 6226 6227 6179 5822
9 6179 6227 6228 6180 5823
9 6180 6228 6229 6181 5824
9 6181 6229 6230 6182 5825
9 6182 6230 6231 6183 5826
9 6183 6231 6232 6184 5827
9 6184 6232 6233 6185 5828
9 6185 6233 6234 6186 5829
9 6186 6234 6235 6187 5830
9 6187 6235 6236 6188 5831
9 6188 6236 6237 6189 5832
9 6189 6237 6238 6190 5833
9 6190 6238 6239 6191 5834
9 6191 6239 6240 6192 5835
9 6192 6240 6241 6193 5836
9 6193 6241 6242 6194 5837
9 6194 6242 6243 6195 5838
9 6195 6243 6244 6196 5839
9 6196 6244 6245 6197 5840
9 6197 6245 6246 6198 5841
9 6198 6246 6247 6199 5842
9 6199 6247 6248 6200 5843
9 6200 6248 6249 6201 5844
9 6201 6249 6250 6202 5845
9 6202 6250 6251 6203 5846
9 6203 6251 6252 6204 5847
9 6204 6252 6253 6205 5848
9 6205 6253 6254 6206 5849
9 6206 6254 6255 6207 5850
9 6207 6255 6256 6208 5851
9 6208 6256 6257 6209 5852
9 6209 6257 6258 6210 5853
9 6210 6258 514 513 5854
9 262 263 6259 6211 5855
9 6211 6259 6260 6212 5856
9 6212 6260 6261 6213 5857
9 6213 6261 6262 6214 5858
9 6214 6262 6263 6215 5859
9 6215 6263 6264 6216 5860
9 6216 6264 6265 6217 5861
9 6217 6265 6266 6218 5862
9 6218 6266 6267 6219 5863
9 6219 6267 6268 6220 5864
9 6220 6268 6269 6221 5865
9 6221 6269 6270 6222 5866
9 6222 6270 6271 6223 5867
9 6223 6271 6272 6224 5868
9 6224 6272 6273 6225 5869
9 6225 6273 6274 6226 5870
9 6226 6274 6275 6227 5871
9 6227 6275 6276 6228 5872
9 6228 6276 6277 6229 5873
9 6229 6277 6278 6230 5874
9 6230 6278 6279 6231 5875
9 6231 6279 6280 6232 5876
9 6232 6280 6281 6233 5877
9 6233 6281 6282 6234 5878
9 6234 6282 6283 6235 5879
9 6235 6283 6284 6236 5880
9 6236 6284 6285 6237 5881
9 6237 6285 6286 6238 5882
9 6238 6286 6287 6239 5883
9 6239 6287 6288 6240 5884
9 6240 6288 6289 6241 5885
9 6241 6289 6290 6242 5886
9 6242 6290 6291 6243 5887
9 6243 6291 6292 6244 5888
9 6244 6292 6293 6245 5889
9 6245 6293 6294 6246 5890
9 6246 6294 6295 6247 5891
9 6247 6295 6296 6248 5892
9 6248 6296 6297 6249 5893
9 6249 6297 6298 6250 5894
9 6250 6298 6299 6251 5895
9 6251 6299 6300 6252 5896
9 6252 6300 6301 6253 5897
9 6253 6301 6302 6254 5898
9 6254 6302 6303 6255 5899
9 6255 6303 6304 6256 5900
9 6256 6304 6305 6257 5901
9 6257 6305 6306 6258 5902
9 6258 6306 515 514 5903
9 263 264 6307 6259 5904
9 6259 6307 6308 6260 5905
9 6260 6308 6309 6261 5906
9 6261 6309 6310 6262 5907
9 6262 6310 6311 6263 5908
9 6263 6311 6312 6264 5909
9 6264 6312 6313 6265 5910
9 6265 6313 6314 6266 5911
9 6266 6314 6315 6267 5912
9 6267 6315 6316 6268 5913
9 6268 6316 6317 6269 5914
9 6269 6317 6318 6270 5915
9 6270 6318 6319 6271 5916
9 6271 6319 6320 6272 5917
9 6272 6320 6321 6273 5918
9 6273 6321 6322 6274 5919
9 6274 6322 6323 6275 5920
9 6275 6323 6324 6276 5921
9 6276 6324 6325 6277 5922
9 6277 6325 6326 6278 5923
9 6278 6326 6327 6279 5924
9 6279 6327 6328 6280 5925
9 6280 6328 6329 6281 5926
9 6281 6329 6330 6282 5927
9 6282 6330 6331 6283 5928
9 6283 6331 6332 6284 5929
9 6284 6332 6333 6285 5930
9 6285 6333 6334 6286 5931
9 6286 6334 6335 6287 5932
9 6287 6335 6336 6288 5933
9 6288 6336 6337 6289 5934
9 6289 6337 6338 6290 5935
9 6290 6338 6339 6291 5936
9 6291 6339 6340 6292 5937
9 6292 6340 6341 6293 5938
9 6293 6341 6342 6294 5939
9 6294 6342 6343 6295 5940
9 6295 6343 6344 6296 5941
9 6296 6344 6345 6297 5942
9 6297 6345 6346 6298 5943
9 6298 6346 6347 6299 5944
9 6299 6347 6348 6300 5945
9 6300 6348 6349 6301 5946
9 6301 6349 6350 6302 5947
9 6302 6350 6351 6303 5948
9 6303 6351 6352 6304 5949
9 6304 6352 6353 6305 5950
9 6305 6353 6354 6306 5951
9 6306 6354 516 515 5952
9 264 265 6355 6307 5953
9 6307 6355 6356 6308 5954
9 6308 6356 6357 6309 5955
9 6309 6357 6358 6310 5956
9 6310 6358 6359 6311 5957
9 6311 6359 6360 6312 5958
9 6312 6360 6361 6313 5959
9 6313 6361 6362 6314 5960
9 6314 6362 6363 6315 5961
9 6315 6363 6364 6316 5962
9 6316 6364 6365 6317 5963
9 6317 6365 6366 6318 5964
9 6318 6366 6367 6319 5965
9 6319 6367 6368 6320 5966
9 6320 6368 6369 6321 5967
9 6321 6369 6370 6322 5968
9 6322 6370 6371 6323 5969
9 6323 6371 6372 6324 5970
9 6324 6372 6373 6325 5971
9 6325 6373 6374 6326 5972
9 6326 6374 6375 6327 5973
9 6327 6375 6376 6328 5974
9 6328 6376 6377 6329 5975
9 6329 6377 6378 6330 5976
9 6330 6378 6379 6331 5977
9 6331 6379 6380 6332 5978
9 6332 6380 6381 6333 5979
9 6333 6381 6382 6334 5980
9 6334 6382 6383 6335 5981
9 6335 6383 6384 6336 5982
9 6336 6384 6385 6337 5983
9 6337 6385 6386 6338 5984
9 6338 6386 6387 6339 5985
9 6339 6387 6388 6340 5986
9 6340 6388 6389 6341 5987
9 6341 6389 6390 6342 5988
9 6342 6390 6391 6343 5989
9 6343 6391 6392 6344 5990
9 6344 6392 6393 6345 5991
9 6345 6393 6394 6346 5992
9 6346 6394 6395 6347 5993
9 6347 6395 6396 6348 5994
9 6348 6396 6397 6349 5995
9 6349 6397 6398 6350 5996
9 6350 6398 6399 6351 5997
9 6351 6399 6400 6352 5998
9 6352 6400 6401 6353 5999
9 6353 6401 6402 6354 6000
9 6354 6402 517 516 6001
9 265 266 6403 6355 6002
9 6355 6403 6404 6356 6003
9 6356 6404 6405 6357 6004
9 6357 6405 6406 6358 6005
9 6358 6406 6407 6359 6006
9 6359 6407 6408 6360 6007
9 6360 6408 6409 6361 6008
9 6361 6409 6410 6362 6009
9 6362 6410 6411 6363 6010
9 6363 6411 6412 6364 6011
9 6364 6412 6413 6365 6012
9 6365 6413 6414 6366 6013
9 6366 6414 6415 6367 6014
9 6367 6415 6416 6368 6015
9 6368 6416 6417 6369 6016
9 6369 6417 6418 6370 6017
9 6370 6418 6419 6371 6018
9 6371 6419 6420 6372 6019
9 6372 6420 6421 6373 6020
9 6373 6421 6422 6374 6021
9 6374 6422 6423 6375 6022
9 6375 6423 6424 6376 6023
9 6376 6424 6425 6377 6024
9 6377 6425 6426 6378 6025
9 6378 6426 6427 6379 6026
9 6379 6427 6428 6380 6027
9 6380 6428 6429 6381 6028
9 6381 6429 6430 6382 6029
9 6382 6430 6431 6383 6030
9 6383 6431 6432 6384 6031
9 6384 6432 6433 6385 6032
9 6385 6433 6434 6386 6033
9 6386 6434 6435 6387 6034
9 6387 6435 6436 6388 6035
9 6388 6436 6437 6389 6036
9 6389 6437 6438 6390 6037
9 6390 6438 6439 6391 6038
9 6391 6439 6440 6392 6039
9 6392 6440 6441 6393 6040
9 6393 6441 6442 6394 6041
9 6394 6442 6443 6395 6042
9 6395 6443 6444 6396 6043
9 6396 6444 6445 6397 6044
9 6397 6445 6446 6398 6045
9 6398 6446 6447 6399 6046
9 6399 6447 6448 6400 6047
9 6400 6448 6449 6401 6048
9 6401 6449 6450 6402 6049
9 6402 6450 518 517 6050
9 266 267 6451 6403 6051
9 6403 6451 6452 6404 6052
9 6404 6452 6453 6405 6053
9 6405 6453 6454 6406 6054
9 6406 6454 6455 6407 6055
9 6407 6455 6456 6408 6056
9 6408 6456 6457 6409 6057
9 6409 6457 6458 6410 6058
9 6410 6458 6459 6411 6059
9 6411 6459 6460 6412 6060
9 6412 6460 6461 6413 6061
9 6413 6461 6462 6414 6062
9 6414 6462 6463 6415 6063
9 6415 6463 6464 6416 6064
9 6416 6464 6465 6417 6065
9 6417 6465 6466 6418 6066
9 6418 6466 6467 6419 6067
9 6419 6467 6468 6420 6068
9 6420 6468 6469 6421 6069
9 6421 6469 6470 6422 6070
9 6422 6470 6471 6423 6071
9 6423 6471 6472 6424 6072
9 6424 6472 6473 6425 6073
9 6425 6473 6474 6426 6074
9 6426 6474 6475 6427 6075
9 6427 6475 6476 6428 6076
9 6428 6476 6477 6429 6077
9 6429 6477 6478 6430 6078
9 6430 6478 6479 6431 6079
9 6431 6479 6480 6432 6080
9 6432 6480 6481 6433 6081
9 6433 6481 6482 6434 6082
9 6434 6482 6483 6435 6083
9 6435 6483 6484 6436 6084
9 6436 6484 6485 6437 6085
9 6437 6485 6486 6438 6086
9 6438 6486 6487 6439 6087
9 6439 6487 6488 6440 6088
9 6440 6488 6489 6441 6089
9 6441 6489 6490 6442 6090
9 6442 6490 6491 6443 6091
9 6443 6491 6492 6444 6092
9 6444 6492 6493 6445 6093
9 6445 6493 6494 6446 6094
9 6446 6494 6495 6447 6095
9 6447 6495 6496 6448 6096
9 6448 6496 6497 6449 6097
9 6449 6497 6498 6450 6098
9 6450 6498 519 518 6099
9 267 268 6499 6451 6100
9 6451 6499 6500 6452 6101
9 6452 6500 6501 6453 6102
9 6453 6501 6502 6454 6103
9 6454 6502 6503 6455 6104
9 6455 6503 6504 6456 6105
9 6456 6504 6505 6457 6106
9 6457 6505 6506 6458 6107
9 6458 6506 6507 6459 6108
9 6459 6507 6508 6460 6109
9 6460 6508 6509 6461 6110
9 6461 6509 6510 6462 6111
9 6462 6510 6511 6463 6112
9 6463 6511 6512 6464 6113
9 6464 6512 6513 6465 6114
9 6465 6513 6514 6466 6115
9 6466 6514 6515 6467 6116
9 6467 6515 6516 6468 6117
9 6468 6516 6517 6469 6118
9 6469 6517 6518 6470 6119
9 6470 6518 6519 6471 6120
9 6471 6519 6520 6472 6121
9 6472 6520 6521 6473 6122
9 6473 6521 6522 6474 6123
9 6474 6522 6523 6475 6124
9 6475 6523 6524 6476 6125
9 6476 6524 6525 6477 6126
9 6477 6525 6526 6478 6127
9 6478 6526 6527 6479 6128
9 6479 6527 6528 6480 6129
9 6480 6528 6529 6481 6130
9 6481 6529 6530 6482 6131
9 6482 6530 6531 6483 6132
9 6483 6531 6532 6484 6133
9 6484 6532 6533 6485 6134
9 6485 6533 6534 6486 6135
9 6486 6534 6535 6487 6136
9 6487 6535 6536 6488 6137
9 6488 6536 6537 6489 6138
9 6489 6537 6538 6490 6139
9 6490 6538 6539 6491 6140
9 6491 6539 6540 6492 6141
9 6492 6540 6541 6493 6142
9 6493 6541 6542 6494 6143
9 6494 6542 6543 6495 6144
9 6495 6543 6544 6496 6145
9 6496 6544 6545 6497 6146
9 6497 6545 6546 6498 6147
9 6498 6546 520 519 6148
9 268 269 6547 6499 6149
9 6499 6547 6548 6500 6150
9 6500 6548 6549 6501 6151
9 6501 6549 6550 6502 6152
9 6502 6550 6551 6503 6153
9 6503 6551 6552 6504 6154
9 6504 6552 6553 6505 6155
9 6505 6553 6554 6506 6156
9 6506 6554 6555 6507 6157
9 6507 6555 6556 6508 6158
9 6508 6556 6557 6509 6159
9 6509 6557 6558 6510 6160
9 6510 6558 6559 6511 6161
9 6511 6559 6560 6512 6162
9 6512 6560 6561 6513 6163
9 6513 6561 6562 6514 6164
9 6514 6562 6563 6515 6165
9 6515 6563 6564 6516 6166
9 6516 6564 6565 6517 6167
9 6517 6565 6566 6518 6168
9 6518 6566 6567 6519 6169
9 6519 6567 6568 6520 6170
9 6520 6568 6569 6521 6171
9 6521 6569 6570 6522 6172
9 6522 6570 6571 6523 6173
9 6523 6571 6572 6524 6174
9 6524 6572 6573 6525 6175
9 6525 6573 6574 6526 6176
9 6526 6574 6575 6527 6177
9 6527 6575 6576 6528 6178
9 6528 6576 6577 6529 6179
9 6529 6577 6578 6530 6180
9 6530 6578 6579 6531 6181
9 6531 6579 6580 6532 6182
9 6532 6580 6581 6533 6183
9 6533 6581 6582 6534 6184
9 6534 6582 6583 6535 6185
9 6535 6583 6584 6536 6186
9 6536 6584 6585 6537 6187
9 6537 6585 6586 6538 6188
9 6538 6586 6587 6539 6189
9 6539 6587 6588 6540 6190
9 6540 6588 6589 6541 6191
9 6541 6589 6590 6542 6192
9 6542 6590 6591 6543 6193
9 6543 6591 6592 6544 6194
9 6544 6592 6593 6545 6195
9 6545 6593 6594 6546 6196
9 6546 6594 521 520 6197
9 269 270 6595 6547 6198
9 6547 6595 6596 6548 6199
9 6548 6596 6597 6549 6200
9 6549 6597 6598 6550 6201
9 6550 6598 6599 6551 6202
9 6551 6599 6600 6552 6203
9 6552 6600 6601 6553 6204
9 6553 6601 6602 6554 6205
9 6554 6602 6603 6555 6206
9 6555 6603 6604 6556 6207
9 6556 6604 6605 6557 6208
9 6557 6605 6606 6558 6209
9 6558 6606 6607 6559 6210
9 6559 6607 6608 6560 6211
9 6560 6608 6609 6561 6212
9 6561 6609 6610 6562 6213
9 6562 6610 6611 6563 6214
9 6563 6611 6612 6564 6215
9 6564 6612 6613 6565 6216
9 6565 6613 6614 6566 6217
9 6566 6614 6615 6567 6218
9 6567 6615 6616 6568 6219
9 6568 6616 6617 6569 6220
9 6569 6617 6618 6570 6221
9 6570 6618 6619 6571 6222
9 6571 6619 6620 6572 6223
9 6572 6620 6621 6573 6224
9 6573 6621 6622 6574 6225
9 6574 6622 6623 6575 6226
9 6575 6623 6624 6576 6227
9 6576 6624 6625 6577 6228
9 6577 6625 6626 6578 6229
9 6578 6626 6627 6579 6230
9 6579 6627 6628 6580 6231
9 6580 6628 6629 6581 6232
9 6581 6629 6630 6582 6233
9 6582 6630 6631 6583 6234
9 6583 6631 6632 6584 6235
9 6584 6632 6633 6585 6236
9 6585 6633 6634 6586 6237
9 6586 6634 6635 6587 6238
9 6587 6635 6636 6588 6239
9 6588 6636 6637 6589 6240
9 6589 6637 6638 6590 6241
9 6590 6638 6639 6591 6242
9 6591 6639 6640 6592 6243
9 6592 6640 6641 6593 6244
9 6593 6641 6642 6594 6245
9 6594 6642 522 521 6246
9 270 271 6643 6595 6247
9 6595 6643 6644 6596 6248
9 6596 6644 6645 6597 6249
9 6597 6645 6646 6598 6250
9 6598 6646 6647 6599 6251
9 6599 6647 6648 6600 6252
9 6600 6648 6649 6601 6253
9 6601 6649 6650 6602 6254
9 6602 6650 6651 6603 6255
9 6603 6651 6652 6604 6256
9 6604 6652 6653 6605 6257
9 6605 6653 6654 6606 6258
9 6606 6654 6655 6607 6259
9 6607 6655 6656 6608 6260
9 6608 6656 6657 6609 6261
9 6609 6657 6658 6610 6262
9 6610 6658 6659 6611 6263
9 6611 6659 6660 6612 6264
9 6612 6660 6661 6613 6265
9 6613 6661 6662 6614 6266
9 6614 6662 6663 6615 6267
9 6615 6663 6664 6616 6268
9 6616 6664 6665 6617 6269
9 6617 6665 6666 6618 6270
9 6618 6666 6667 6619 6271
9 6619 6667 6668 6620 6272
9 6620 6668 6669 6621 6273
9 6621 6669 6670 6622 6274
9 6622 6670 6671 6623 6275
9 6623 6671 6672 6624 6276
9 6624 6672 6673 6625 6277
9 6625 6673 6674 6626 6278
9 6626 6674 6675 6627 6279
9 6627 6675 6676 6628 6280
9 6628 6676 6677 6629 6281
9 6629 6677 6678 6630 6282
9 6630 6678 6679 6631 6283
9 6631 6679 6680 6632 6284
9 6632 6680 6681 6633 6285
9 6633 6681 6682 6634 6286
9 6634 6682 6683 6635 6287
9 6635 6683 6684 6636 6288
9 6636 6684 6685 6637 6289
9 6637 6685 6686 6638 6290
9 6638 6686 6687 6639 6291
9 6639 6687 6688 6640 6292
9 6640 6688 6689 6641 6293
9 6641 6689 6690 6642 6294
9 6642 6690 523 522 6295
9 271 272 6691 6643 6296
9 6643 6691 6692 6644 6297
9 6644 6692 6693 6645 6298
9 6645 6693 6694 6646 6299
9 6646 6694 6695 6647 6300
9 6647 6695 6696 6648 6301
9 6648 6696 6697 6649 6302
9 6649 6697 6698 6650 6303
9 6650 6698 6699 6651 6304
9 6651 6699 6700 6652 6305
9 6652 6700 6701 6653 6306
9 6653 6701 6702 6654 6307
9 6654 6702 6703 6655 6308
9 6655 6703 6704 6656 6309
9 6656 6704 6705 6657 6310
9 6657 6705 6706 6658 6311
9 6658 6706 6707 6659 6312
9 6659 6707 6708 6660 6313
9 6660 6708 6709 6661 6314
9 6661 6709 6710 6662 6315
9 6662 6710 6711 6663 6316
9 6663 6711 6712 6664 6317
9 6664 6712 6713 6665 6318
9 6665 6713 6714 6666 6319
9 6666 6714 6715 6667 6320
9 6667 6715 6716 6668 6321
9 6668 6716 6717 6669 6322
9 6669 6717 6718 6670 6323
9 6670 6718 6719 6671 6324
9 6671 6719 6720 6672 6325
9 6672 6720 6721 6673 6326
9 6673 6721 6722 6674 6327
9 6674 6722 6723 6675 6328
9 6675 6723 6724 6676 6329
9 6676 6724 6725 6677 6330
9 6677 6725 6726 6678 6331
9 6678 6726 6727 6679 6332
9 6679 6727 6728 6680 6333
9 6680 6728 6729 6681 6334
9 6681 6729 6730 6682 6335
9 6682 6730 6731 6683 6336
9 6683 6731 6732 6684 6337
9 6684 6732 6733 6685 6338
9 6685 6733 6734 6686 6339
9 6686 6734 6735 6687 6340
9 6687 6735 6736 6688 6341
9 6688 6736 6737 6689 6342
9 6689 6737 6738 6690 6343
9 6690 6738 524 523 6344
9 272 273 6739 6691 6345
9 6691 6739 6740 6692 6346
9 6692 6740 6741 6693 6347
9 6693 6741 6742 6694 6348
9 6694 6742 6743 6695 6349
9 6695 6743 6744 6696 6350
9 6696 6744 6745 6697 6351
9 6697 6745 6746 6698 6352
9 6698 6746 6747 6699 6353
9 6699 6747 6748 6700 6354
9 6700 6748 6749 6701 6355
9 6701 6749 6750 6702 6356
9 6702 6750 6751 6703 6357
9 6703 6751 6752 6704 6358
9 6704 6752 6753 6705 6359
9 6705 6753 6754 6706 6360
9 6706 6754 6755 6707 6361
9 6707 6755 6756 6708 6362
9 6708 6756 6757 6709 6363
9 6709 6757 6758 6710 6364
9 6710 6758 6759 6711 6365
9 6711 6759 6760 6712 6366
9 6712 6760 6761 6713 6367
9 6713 6761 6762 6714 6368
9 6714 6762 6763 6715 6369
9 6715 6763 6764 6716 6370
9 6716 6764 6765 6717 6371
9 6717 6765 6766 6718 6372
9 6718 6766 6767 6719 6373
9 6719 6767 6768 6720 6374
9 6720 6768 6769 6721 6375
9 6721 6769 6770 6722 6376
9 6722 6770 6771 6723 6377
9 6723 6771 6772 6724 6378
9 6724 6772 6773 6725 6379
9 6725 6773 6774 6726 6380
9 6726 6774 6775 6727 6381
9 6727 6775 6776 6728 6382
9 6728 6776 6777 6729 6383
9 6729 6777 6778 6730 6384
9 6730 6778 6779 6731 6385
9 6731 6779 6780 6732 6386
9 6732 6780 6781 6733 6387
9 6733 6781 6782 6734 6388
9 6734 6782 6783 6735 6389
9 6735 6783 6784 6736 6390
9 6736 6784 6785 6737 6391
9 6737 6785 6786 6738 6392
9 6738 6786 525 524 6393
9 273 274 6787 6739 6394
9 6739 6787 6788 6740 6395
9 6740 6788 6789 6741 6396
9 6741 6789 6790 6742 6397
9 6742 6790 6791 6743 6398
9 6743 6791 6792 6744 6399
9 6744 6792 6793 6745 6400
9 6745 6793 6794 6746 6401
9 6746 6794 6795 6747 6402
9 6747 6795 6796 6748 6403
9 6748 6796 6797 6749 6404
9 6749 6797 6798 6750 6405
9 6750 6798 6799 6751 6406
9 6751 6799 6800 6752 6407
9 6752 6800 6801 6753 6408
9 6753 6801 6802 6754 6409
9 6754 6802 6803 6755 6410
9 6755 6803 6804 6756 6411
9 6756 6804 6805 6757 6412
9 6757 6805 6806 6758 6413
9 6758 6806 6807 6759 6414
9 6759 6807 6808 6760 6415
9 6760 6808 6809 6761 6416
9 6761 6809 6810 6762 6417
9 6762 6810 6811 6763 6418
9 6763 6811 6812 6764 6419
9 6764 6812 6813 6765 6420
9 6765 6813 6814 6766 6421
9 6766 6814 6815 6767 6422
9 6767 6815 6816 6768 6423
9 6768 6816 6817 6769 6424
9 6769 6817 6818 6770 6425
9 6770 6818 6819 6771 6426
9 6771 6819 6820 6772 6427
9 6772 6820 6821 6773 6428
9 6773 6821 6822 6774 6429
9 6774 6822 6823 6775 6430
9 6775 6823 6824 6776 6431
9 6776 6824 6825 6777 6432
9 6777 6825 6826 6778 6433
9 6778 6826 6827 6779 6434
9 6779 6827 6828 6780 6435
9 6780 6828 6829 6781 6436
9 6781 6829 6830 6782 6437
9 6782 6830 6831 6783 6438
9 6783 6831 6832 6784 6439
9 6784 6832 6833 6785 6440
9 6785 6833 6834 6786 6441
9 6786 6834 526 525 6442
9 274 275 6835 6787 6443
9 6787 6835 6836 6788 6444
9 6788 6836 6837 6789 6445
9 6789 6837 6838 6790 6446
9 6790 6838 6839 6791 6447
9 6791 6839 6840 6792 6448
9 6792 6840 6841 6793 6449
9 6793 6841 6842 6794 6450
9 6794 6842 6843 6795 6451
9 6795 6843 6844 6796 6452
9 6796 6844 6845 6797 6453
9 6797 6845 6846 6798 6454
9 6798 6846 6847 6799 6455
9 6799 6847 6848 6800 6456
9 6800 6848 6849 6801 6457
9 6801 6849 6850 6802 6458
9 6802 6850 6851 6803 6459
9 6803 6851 6852 6804 6460
9 6804 6852 6853 6805 6461
9 6805 6853 6854 6806 6462
9 6806 6854 6855 6807 6463
9 6807 6855 6856 6808 6464
9 6808 6856 6857 6809 6465
9 6809 6857 6858 6810 6466
9 6810 6858 6859 6811 6467
9 6811 6859 6860 6812 6468
9 6812 6860 6861 6813 6469
9 6813 6861 6862 6814 6470
9 6814 6862 6863 6815 6471
9 6815 6863 6864 6816 6472
9 6816 6864 6865 6817 6473
9 6817 6865 6866 6818 6474
9 6818 6866 6867 6819 6475
9 6819 6867 6868 6820 6476
9 6820 6868 6869 6821 6477
9 6821 6869 6870 6822 6478
9 6822 6870 6871 6823 6479
9 6823 6871 6872 6824 6480
9 6824 6872 6873 6825 6481
9 6825 6873 6874 6826 6482
9 6826 6874 6875 6827 6483
9 6827 6875 6876 6828 6484
9 6828 6876 6877 6829 6485
9 6829 6877 6878 6830 6486
9 6830 6878 6879 6831 6487
9 6831 6879 6880 6832 6488
9 6832 6880 6881 6833 6489
9 6833 6881 6882 6834 6490
9 6834 6882 527 526 6491
9 275 276 6883 6835 6492
9 6835 6883 6884 6836 6493
9 6836 6884 6885 6837 6494
9 6837 6885 6886 6838 6495
9 6838 6886 6887 6839 6496
9 6839 6887 6888 6840 6497
9 6840 6888 6889 6841 6498
9 6841 6889 6890 6842 6499
9 6842 6890 6891 6843 6500
9 6843 6891 6892 6844 6501
9 6844 6892 6893 6845 6502
9 6845 6893 6894 6846 6503
9 6846 6894 6895 6847 6504
9 6847 6895 6896 6848 6505
9 6848 6896 6897 6849 6506
9 6849 6897 6898 6850 6507
9 6850 6898 6899 6851 6508
9 6851 6899 6900 6852 6509
9 6852 6900 6901 6853 6510
9 6853 6901 6902 6854 6511
9 6854 6902 6903 6855 6512
9 6855 6903 6904 6856 6513
9 6856 6904 6905 6857 6514
9 6857 6905 6906 6858 6515
9 6858 6906 6907 6859 6516
9 6859 6907 6908 6860 6517
9 6860 6908 6909 6861 6518
9 6861 6909 6910 6862 6519
9 6862 6910 6911 6863 6520
9 6863 6911 6912 6864 6521
9 6864 6912 6913 6865 6522
9 6865 6913 6914 6866 6523
9 6866 6914 6915 6867 6524
9 6867 6915 6916 6868 6525
9 6868 6916 6917 6869 6526
9 6869 6917 6918 6870 6527
9 6870 6918 6919 6871 6528
9 6871 6919 6920 6872 6529
9 6872 6920 6921 6873 6530
9 6873 6921 6922 6874 6531
9 6874 6922 6923 6875 6532
9 6875 6923 6924 6876 6533
9 6876 6924 6925 6877 6534
9 6877 6925 6926 6878 6535
9 6878 6926 6927 6879 6536
9 6879 6927 6928 6880 6537
9 6880 6928 6929 6881 6538
9 6881 6929 6930 6882 6539
9 6882 6930 528 527 6540
9 276 277 6931 6883 6541
9 6883 6931 6932 6884 6542
9 6884 6932 6933 6885 6543
9 6885 6933 6934 6886 6544
9 6886 6934 6935 6887 6545
9 6887 6935 6936 6888 6546
9 6888 6936 6937 6889 6547
9 6889 6937 6938 6890 6548
9 6890 6938 6939 6891 6549
9 6891 6939 6940 6892 6550
9 6892 6940 6941 6893 6551
9 6893 6941 6942 6894 6552
9 6894 6942 6943 6895 6553
9 6895 6943 6944 6896 6554
9 6896 6944 6945 6897 6555
9 6897 6945 6946 6898 6556
9 6898 6946 6947 6899 6557
9 6899 6947 6948 6900 6558
9 6900 6948 6949 6901 6559
9 6901 6949 6950 6902 6560
9 6902 6950 6951 6903 6561
9 6903 6951 6952 6904 6562
9 6904 6952 6953 6905 6563
9 6905 6953 6954 6906 6564
9 6906 6954 6955 6907 6565
9 6907 6955 6956 6908 6566
9 6908 6956 6957 6909 6567
9 6909 6957 6958 6910 6568
9 6910 6958 6959 6911 6569
9 6911 6959 6960 6912 6570
9 6912 6960 6961 6913 6571
9 6913 6961 6962 6914 6572
9 6914 6962 6963 6915 6573
9 6915 6963 6964 6916 6574
9 6916 6964 6965 6917 6575
9 6917 6965 6966 6918 6576
9 6918 6966 6967 6919 6577
9 6919 6967 6968 6920 6578
9 6920 6968 6969 6921 6579
9 6921 6969 6970 6922 6580
9 6922 6970 6971 6923 6581
9 6923 6971 6972 6924 6582
9 6924 6972 6973 6925 6583
9 6925 6973 6974 6926 6584
9 6926 6974 6975 6927 6585
9 6927 6975 6976 6928 6586
9 6928 6976 6977 6929 6587
9 6929 6977 6978 6930 6588
9 6930 6978 529 528 6589
9 277 278 6979 6931 6590
9 6931 6979 6980 6932 6591
9 6932 6980 6981 6933 6592
9 6933 6981 6982 6934 6593
9 6934 6982 6983 6935 6594
9 6935 6983 6984 6936 6595
9 6936 6984 6985 6937 6596
9 6937 6985 6986 6938 6597
9 6938 6986 6987 6939 6598
9 6939 6987 6988 6940 6599
9 6940 6988 6989 6941 6600
9 6941 6989 6990 6942 6601
9 6942 6990 6991 6943 6602
9 6943 6991 6992 6944 6603
9 6944 6992 6993 6945 6604
9 6945 6993 6994 6946 6605
9 6946 6994 6995 6947 6606
9 6947 6995 6996 6948 6607
9 6948 6996 6997 6949 6608
9 6949 6997 6998 6950 6609
9 6950 6998 6999 6951 6610
9 6951 6999 7000 6952 6611
9 6952 7000 7001 6953 6612
9 6953 7001 7002 6954 6613
9 6954 7002 7003 6955 6614
9 6955 7003 7004 6956 6615
9 6956 7004 7005 6957 6616
9 6957 7005 7006 6958 6617
9 6958 7006 7007 6959 6618
9 6959 7007 7008 6960 6619
9 6960 7008 7009 6961 6620
9 6961 7009 7010 6962 6621
9 6962 7010 7011 6963 6622
9 6963 7011 7012 6964 6623
9 6964 7012 7013 6965 6624
9 6965 7013 7014 6966 6625
9 6966 7014 7015 6967 6626
9 6967 7015 7016 6968 6627
9 6968 7016 7017 6969 6628
9 6969 7017 7018 6970 6629
9 6970 7018 7019 6971 6630
9 6971 7019 7020 6972 6631
9 6972 7020 7021 6973 6632
9 6973 7021 7022 6974 6633
9 6974 7022 7023 6975 6634
9 6975 7023 7024 6976 6635
9 6976 7024 7025 6977 6636
9 6977 7025 7026 6978 6637
9 6978 7026 530 529 6638
9 278 279 7027 6979 6639
9 6979 7027 7028 6980 6640
9 6980 7028 7029 6981 6641
9 6981 7029 7030 6982 6642
9 6982 7030 7031 6983 6643
9 6983 7031 7032 6984 6644
9 6984 7032 7033 6985 6645
9 6985 7033 7034 6986 6646
9 6986 7034 7035 6987 6647
9 6987 7035 7036 6988 6648
9 6988 7036 7037 6989 6649
9 6989 7037 7038 6990 6650
9 6990 7038 7039 6991 6651
9 6991 7039 7040 6992 6652
9 6992 7040 7041 6993 6653
9 6993 7041 7042 6994 6654
9 6994 7042 7043 6995 6655
9 6995 7043 7044 6996 6656
9 6996 7044 7045 6997 6657
9 6997 7045 7046 6998 6658
9 6998 7046 7047 6999 6659
9 6999 7047 7048 7000 6660
9 7000 7048 7049 7001 6661
9 7001 7049 7050 7002 6662
9 7002 7050 7051 7003 6663
9 7003 7051 7052 7004 6664
9 7004 7052 7053 7005 6665
9 7005 7053 7054 7006 6666
9 7006 7054 7055 7007 6667
9 7007 7055 7056 7008 6668
9 7008 7056 7057 7009 6669
9 7009 7057 7058 7010 6670
9 7010 7058 7059 7011 6671
9 7011 7059 7060 7012 6672
9 7012 7060 7061 7013 6673
9 7013 7061 7062 7014 6674
9 7014 7062 7063 7015 6675
9 7015 7063 7064 7016 6676
9 7016 7064 7065 7017 6677
9 7017 7065 7066 7018 6678
9 7018 7066 7067 7019 6679
9 7019 7067 7068 7020 6680
9 7020 7068 7069 7021 6681
9 7021 7069 7070 7022 6682
9 7022 7070 7071 7023 6683
9 7023 7071 7072 7024 6684
9 7024 7072 7073 7025 6685
9 7025 7073 7074 7026 6686
9 7026 7074 531 530 6687
9 279 280 7075 7027 6688
9 7027 7075 7076 7028 6689
9 7028 7076 7077 7029 6690
9 7029 7077 7078 7030 6691
9 7030 7078 7079 7031 6692
9 7031 7079 7080 7032 6693
9 7032 7080 7081 7033 6694
9 7033 7081 7082 7034 6695
9 7034 7082 7083 7035 6696
9 7035 7083 7084 7036 6697
9 7036 7084 7085 7037 6698
9 7037 7085 7086 7038 6699
9 7038 7086 7087 7039 6700
9 7039 7087 7088 7040 6701
9 7040 7088 7089 7041 6702
9 7041 7089 7090 7042 6703
9 7042 7090 7091 7043 6704
9 7043 7091 7092 7044 6705
9 7044 7092 7093 7045 6706
9 7045 7093 7094 7046 6707
9 7046 7094 7095 7047 6708
9 7047 7095 7096 7048 6709
9 7048 7096 7097 7049 6710
9 7049 7097 7098 7050 6711
9 7050 7098 7099 7051 6712
9 7051 7099 7100 7052 6713
9 7052 7100 7101 7053 6714
9 7053 7101 7102 7054 6715
9 7054 7102 7103 7055 6716
9 7055 7103 7104 7056 6717
9 7056 7104 7105 7057 6718
9 7057 7105 7106 7058 6719
9 7058 7106 7107 7059 6720
9 7059 7107 7108 7060 6721
9 7060 7108 7109 7061 6722
9 7061 7109 7110 7062 6723
9 7062 7110 7111 7063 6724
9 7063 7111 7112 7064 6725
9 7064 7112 7113 7065 6726
9 7065 7113 7114 7066 6727
9 7066 7114 7115 7067 6728
9 7067 7115 7116 7068 6729
9 7068 7116 7117 7069 6730
9 7069 7117 7118 7070 6731
9 7070 7118 7119 7071 6732
9 7071 7119 7120 7072 6733
9 7072 7120 7121 7073 6734
9 7073 7121 7122 7074 6735
9 7074 7122 532 531 6736
9 280 281 7123 7075 6737
9 7075 7123 7124 7076 6738
9 7076 7124 7125 7077 6739
9 7077 7125 7126 7078 6740
9 7078 7126 7127 7079 6741
9 7079 7127 7128 7080 6742
9 7080 7128 7129 7081 6743
9 7081 7129 7130 7082 6744
9 7082 7130 7131 7083 6745
9 7083 7131 7132 7084 6746
9 7084 7132 7133 7085 6747
9 7085 7133 7134 7086 6748
9 7086 7134 7135 7087 6749
9 7087 7135 7136 7088 6750
9 7088 7136 7137 7089 6751
9 7089 7137 7138 7090 6752
9 7090 7138 7139 7091 6753
9 7091 7139 7140 7092 6754
9 7092 7140 7141 7093 6755
9 7093 7141 7142 7094 6756
9 7094 7142 7143 7095 6757
9 7095 7143 7144 7096 6758
9 7096 7144 7145 7097 6759
9 7097 7145 7146 7098 6760
9 7098 7146 7147 7099 6761
9 7099 7147 7148 7100 6762
9 7100 7148 7149 7101 6763
9 7101 7149 7150 7102 6764
9 7102 7150 7151 7103 6765
9 7103 7151 7152 7104 6766
9 7104 7152 7153 7105 6767
9 7105 7153 7154 7106 6768
9 7106 7154 7155 7107 6769
9 7107 7155 7156 7108 6770
9 7108 7156 7157 7109 6771
9 7109 7157 7158 7110 6772
9 7110 7158 7159 7111 6773
9 7111 7159 7160 7112 6774
9 7112 7160 7161 7113 6775
9 7113 7161 7162 7114 6776
9 7114 7162 7163 7115 6777
9 7115 7163 7164 7116 6778
9 7116 7164 7165 7117 6779
9 7117 7165 7166 7118 6780
9 7118 7166 7167 7119 6781
9 7119 7167 7168 7120 6782
9 7120 7168 7169 7121 6783
9 7121 7169 7170 7122 6784
9 7122 7170 533 532 6785
9 281 282 7171 7123 6786
9 7123 7171 7172 7124 6787
9 7124 7172 7173 7125 6788
9 7125 7173 7174 7126 6789
9 7126 7174 7175 7127 6790
9 7127 7175 7176 7128 6791
9 7128 7176 7177 7129 6792
9 7129 7177 7178 7130 6793
9 7130 7178 7179 7131 6794
9 7131 7179 7180 7132 6795
9 7132 7180 7181 7133 6796
9 7133 7181 7182 7134 6797
9 7134 7182 7183 7135 6798
9 7135 7183 7184 7136 6799
9 7136 7184 7185 7137 6800
9 7137 7185 7186 7138 6801
9 7138 7186 7187 7139 6802
9 7139 7187 7188 7140 6803
9 7140 7188 7189 7141 6804
9 7141 7189 7190 7142 6805
9 7142 7190 7191 7143 6806
9 7143 7191 7192 7144 6807
9 7144 7192 7193 7145 6808
9 7145 7193 7194 7146 6809
9 7146 7194 7195 7147 6810
9 7147 7195 7196 7148 6811
9 7148 7196 7197 7149 6812
9 7149 7197 7198 7150 6813
9 7150 7198 7199 7151 6814
9 7151 7199 7200 7152 6815
9 7152 7200 7201 7153 6816
9 7153 7201 7202 7154 6817
9 7154 7202 7203 7155 6818
9 7155 7203 7204 7156 6819
9 7156 7204 7205 7157 6820
9 7157 7205 7206 7158 6821
9 7158 7206 7207 7159 6822
9 7159 7207 7208 7160 6823
9 7160 7208 7209 7161 6824
9 7161 7209 7210 7162 6825
9 7162 7210 7211 7163 6826
9 7163 7211 7212 7164 6827
9 7164 7212 7213 7165 6828
9 7165 7213 7214 7166 6829
9 7166 7214 7215 7167 6830
9 7167 7215 7216 7168 6831
9 7168 7216 7217 7169 6832
9 7169 7217 7218 7170 6833
9 7170 7218 534 533 6834
9 282 283 7219 7171 6835
9 7171 7219 7220 7172 6836
9 7172 7220 7221 7173 6837
9 7173 7221 7222 7174 6838
9 7174 7222 7223 7175 6839
9 7175 7223 7224 7176 6840
9 7176 7224 7225 7177 6841
9 7177 7225 7226 7178 6842
9 7178 7226 7227 7179 6843
9 7179 7227 7228 7180 6844
9 7180 7228 7229 7181 6845
9 7181 7229 7230 7182 6846
9 7182 7230 7231 7183 6847
9 7183 7231 7232 7184 6848
9 7184 7232 7233 7185 6849
9 7185 7233 7234 7186 6850
9 7186 7234 7235 7187 6851
9 7187 7235 7236 7188 6852
9 7188 7236 7237 7189 6853
9 7189 7237 7238 7190 6854
9 7190 7238 7239 7191 6855
9 7191 7239 7240 7192 6856
9 7192 7240 7241 7193 6857
9 7193 7241 7242 7194 6858
9 7194 7242 7243 7195 6859
9 7195 7243 7244 7196 6860
9 7196 7244 7245 7197 6861
9 7197 7245 7246 7198 6862
9 7198 7246 7247 7199 6863
9 7199 7247 7248 7200 6864
9 7200 7248 7249 7201 6865
9 7201 7249 7250 7202 6866
9 7202 7250 7251 7203 6867
9 7203 7251 7252 7204 6868
9 7204 7252 7253 7205 6869
9 7205 7253 7254 7206 6870
9 7206 7254 7255 7207 6871
9 7207 7255 7256 7208 6872
9 7208 7256 7257 7209 6873
9 7209 7257 7258 7210 6874
9 7210 7258 7259 7211 6875
9 7211 7259 7260 7212 6876
9 7212 7260 7261 7213 6877
9 7213 7261 7262 7214 6878
9 7214 7262 7263 7215 6879
9 7215 7263 7264 7216 6880
9 7216 7264 7265 7217 6881
9 7217 7265 7266 7218 6882
9 7218 7266 535 534 6883
9 283 284 7267 7219 6884
9 7219 7267 7268 7220 6885
9 7220 7268 7269 7221 6886
9 7221 7269 7270 7222 6887
9 7222 7270 7271 7223 6888
9 7223 7271 7272 7224 6889
9 7224 7272 7273 7225 6890
9 7225 7273 7274 7226 6891
9 7226 7274 7275 7227 6892
9 7227 7275 7276 7228 6893
9 7228 7276 7277 7229 6894
9 7229 7277 7278 7230 6895
9 7230 7278 7279 7231 6896
9 7231 7279 7280 7232 6897
9 7232 7280 7281 7233 6898
9 7233 7281 7282 7234 6899
9 7234 7282 7283 7235 6900
9 7235 7283 7284 7236 6901
9 7236 7284 7285 7237 6902
9 7237 7285 7286 7238 6903
9 7238 7286 7287 7239 6904
9 7239 7287 7288 7240 6905
9 7240 7288 7289 7241 6906
9 7241 7289 7290 7242 6907
9 7242 7290 7291 7243 6908
9 7243 7291 7292 7244 6909
9 7244 7292 7293 7245 6910
9 7245 7293 7294 7246 6911
9 7246 7294 7295 7247 6912
9 7247 7295 7296 7248 6913
9 7248 7296 7297 7249 6914
9 7249 7297 7298 7250 6915
9 7250 7298 7299 7251 6916
9 7251 7299 7300 7252 6917
9 7252 7300 7301 7253 6918
9 7253 7301 7302 7254 6919
9 7254 7302 7303 7255 6920
9 7255 7303 7304 7256 6921
9 7256 7304 7305 7257 6922
9 7257 7305 7306 7258 6923
9 7258 7306 7307 7259 6924
9 7259 7307 7308 7260 6925
9 7260 7308 7309 7261 6926
9 7261 7309 7310 7262 6927
9 7262 7310 7311 7263 6928
9 7263 7311 7312 7264 6929
9 7264 7312 7313 7265 6930
9 7265 7313 7314 7266 6931
9 7266 7314 536 535 6932
9 284 285 7315 7267 6933
9 7267 7315 7316 7268 6934
9 7268 7316 7317 7269 6935
9 7269 7317 7318 7270 6936
9 7270 7318 7319 7271 6937
9 7271 7319 7320 7272 6938
9 7272 7320 7321 7273 6939
9 7273 7321 7322 7274 6940
9 7274 7322 7323 7275 6941
9 7275 7323 7324 7276 6942
9 7276 7324 7325 7277 6943
9 7277 7325 7326 7278 6944
9 7278 7326 7327 7279 6945
9 7279 7327 7328 7280 6946
9 7280 7328 7329 7281 6947
9 7281 7329 7330 7282 6948
9 7282 7330 7331 7283 6949
9 7283 7331 7332 7284 6950
9 7284 7332 7333 7285 6951
9 7285 7333 7334 7286 6952
9 7286 7334 7335 7287 6953
9 7287 7335 7336 7288 6954
9 7288 7336 7337 7289 6955
9 7289 7337 7338 7290 6956
9 7290 7338 7339 7291 6957
9 7291 7339 7340 7292 6958
9 7292 7340 7341 7293 6959
9 7293 7341 7342 7294 6960
9 7294 7342 7343 7295 6961
9 7295 7343 7344 7296 6962
9 7296 7344 7345 7297 6963
9 7297 7345 7346 7298 6964
9 7298 7346 7347 7299 6965
9 7299 7347 7348 7300 6966
9 7300 7348 7349 7301 6967
9 7301 7349 7350 7302 6968
9 7302 7350 7351 7303 6969
9 7303 7351 7352 7304 6970
9 7304 7352 7353 7305 6971
9 7305 7353 7354 7306 6972
9 7306 7354 7355 7307 6973
9 7307 7355 7356 7308 6974
9 7308 7356 7357 7309 6975
9 7309 7357 7358 7310 6976
9 7310 7358 7359 7311 6977
9 7311 7359 7360 7312 6978
9 7312 7360 7361 7313 6979
9 7313 7361 7362 7314 6980
9 7314 7362 537 536 6981
9 285 286 7363 7315 6982
9 7315 7363 7364 7316 6983
9 7316 7364 7365 7317 6984
9 7317 7365 7366 7318 6985
9 7318 7366 7367 7319 6986
9 7319 7367 7368 7320 6987
9 7320 7368 7369 7321 6988
9 7321 7369 7370 7322 6989
9 7322 7370 7371 7323 6990
9 7323 7371 7372 7324 6991
9 7324 7372 7373 7325 6992
9 7325 7373 7374 7326 6993
9 7326 7374 7375 7327 6994
9 7327 7375 7376 7328 6995
9 7328 7376 7377 7329 6996
9 7329 7377 7378 7330 6997
9 7330 7378 7379 7331 6998
9 7331 7379 7380 7332 6999
9 7332 7380 7381 7333 7000
9 7333 7381 7382 7334 7001
9 7334 7382 7383 7335 7002
9 7335 7383 7384 7336 7003
9 7336 7384 7385 7337 7004
9 7337 7385 7386 7338 7005
9 7338 7386 7387 7339 7006
9 7339 7387 7388 7340 7007
9 7340 7388 7389 7341 7008
9 7341 7389 7390 7342 7009
9 7342 7390 7391 7343 7010
9 7343 7391 7392 7344 7011
9 7344 7392 7393 7345 7012
9 7345 7393 7394 7346 7013
9 7346 7394 7395 7347 7014
9 7347 7395 7396 7348 7015
9 7348 7396 7397 7349 7016
9 7349 7397 7398 7350 7017
9 7350 7398 7399 7351 7018
9 7351 7399 7400 7352 7019
9 7352 7400 7401 7353 7020
9 7353 7401 7402 7354 7021
9 7354 7402 7403 7355 7022
9 7355 7403 7404 7356 7023
9 7356 7404 7405 7357 7024
9 7357 7405 7406 7358 7025
9 7358 7406 7407 7359 7026
9 7359 7407 7408 7360 7027
9 7360 7408 7409 7361 7028
9 7361 7409 7410 7362 7029
9 7362 7410 538 537 7030
9 286 287 7411 7363 7031
9 7363 7411 7412 7364 7032
9 7364 7412 7413 7365 7033
9 7365 7413 7414 7366 7034
9 7366 7414 7415 7367 7035
9 7367 7415 7416 7368 7036
9 7368 7416 7417 7369 7037
9 7369 7417 7418 7370 7038
9 7370 7418 7419 7371 7039
9 7371 7419 7420 7372 7040
9 7372 7420 7421 7373 7041
9 7373 7421 7422 7374 7042
9 7374 7422 7423 7375 7043
9 7375 7423 7424 7376 7044
9 7376 7424 7425 7377 7045
9 7377 7425 7426 7378 7046
9 7378 7426 7427 7379 7047
9 7379 7427 7428 7380 7048
9 7380 7428 7429 7381 7049
9 7381 7429 7430 7382 7050
9 7382 7430 7431 7383 7051
9 7383 7431 7432 7384 7052
9 7384 7432 7433 7385 7053
9 7385 7433 7434 7386 7054
9 7386 7434 7435 7387 7055
9 7387 7435 7436 7388 7056
9 7388 7436 7437 7389 7057
9 7389 7437 7438 7390 7058
9 7390 7438 7439 7391 7059
9 7391 7439 7440 7392 7060
9 7392 7440 7441 7393 7061
9 7393 7441 7442 7394 7062
9 7394 7442 7443 7395 7063
9 7395 7443 7444 7396 7064
9 7396 7444 7445 7397 7065
9 7397 7445 7446 7398 7066
9 7398 7446 7447 7399 7067
9 7399 7447 7448 7400 7068
9 7400 7448 7449 7401 7069
9 7401 7449 7450 7402 7070
9 7402 7450 7451 7403 7071
9 7403 7451 7452 7404 7072
9 7404 7452 7453 7405 7073
9 7405 7453 7454 7406 7074
9 7406 7454 7455 7407 7075
9 7407 7455 7456 7408 7076
9 7408 7456 7457 7409 7077
9 7409 7457 7458 7410 7078
9 7410 7458 539 538 7079
9 287 288 7459 7411 7080
9 7411 7459 7460 7412 7081
9 7412 7460 7461 7413 7082
9 7413 7461 7462 7414 7083
9 7414 7462 7463 7415 7084
9 7415 7463 7464 7416 7085
9 7416 7464 7465 7417 7086
9 7417 7465 7466 7418 7087
9 7418 7466 7467 7419 7088
9 7419 7467 7468 7420 7089
9 7420 7468 7469 7421 7090
9 7421 7469 7470 7422 7091
9 7422 7470 7471 7423 7092
9 7423 7471 7472 7424 7093
9 7424 7472 7473 7425 7094
9 7425 7473 7474 7426 7095
9 7426 7474 7475 7427 7096
9 7427 7475 7476 7428 7097
9 7428 7476 7477 7429 7098
9 7429 7477 7478 7430 7099
9 7430 7478 7479 7431 7100
9 7431 7479 7480 7432 7101
9 7432 7480 7481 7433 7102
9 7433 7481 7482 7434 7103
9 7434 7482 7483 7435 7104
9 7435 7483 7484 7436 7105
9 7436 7484 7485 7437 7106
9 7437 7485 7486 7438 7107
9 7438 7486 7487 7439 7108
9 7439 7487 7488 7440 7109
9 7440 7488 7489 7441 7110
9 7441 7489 7490 7442 7111
9 7442 7490 7491 7443 7112
9 7443 7491 7492 7444 7113
9 7444 7492 7493 7445 7114
9 7445 7493 7494 7446 7115
9 7446 7494 7495 7447 7116
9 7447 7495 7496 7448 7117
9 7448 7496 7497 7449 7118
9 7449 7497 7498 7450 7119
9 7450 7498 7499 7451 7120
9 7451 7499 7500 7452 7121
9 7452 7500 7501 7453 7122
9 7453 7501 7502 7454 7123
9 7454 7502 7503 7455 7124
9 7455 7503 7504 7456 7125
9 7456 7504 7505 7457 7126
9 7457 7505 7506 7458 7127
9 7458 7506 540 539 7128
9 288 289 7507 7459 7129
9 7459 7507 7508 7460 7130
9 7460 7508 7509 7461 7131
9 7461 7509 7510 7462 7132
9 7462 7510 7511 7463 7133
9 7463 7511 7512 7464 7134
9 7464 7512 7513 7465 7135
9 7465 7513 7514 7466 7136
9 7466 7514 7515 7467 7137
9 7467 7515 7516 7468 7138
9 7468 7516 7517 7469 7139
9 7469 7517 7518 7470 7140
9 7470 7518 7519 7471 7141
9 7471 7519 7520 7472 7142
9 7472 7520 7521 7473 7143
9 7473 7521 7522 7474 7144
9 7474 7522 7523 7475 7145
9 7475 7523 7524 7476 7146
9 7476 7524 7525 7477 7147
9 7477 7525 7526 7478 7148
9 7478 7526 7527 7479 7149
9 7479 7527 7528 7480 7150
9 7480 7528 7529 7481 7151
9 7481 7529 7530 7482 7152
9 7482 7530 7531 7483 7153
9 7483 7531 7532 7484 7154
9 7484 7532 7533 7485 7155
9 7485 7533 7534 7486 7156
9 7486 7534 7535 7487 7157
9 7487 7535 7536 7488 7158
9 7488 7536 7537 7489 7159
9 7489 7537 7538 7490 7160
9 7490 7538 7539 7491 7161
9 7491 7539 7540 7492 7162
9 7492 7540 7541 7493 7163
9 7493 7541 7542 7494 7164
9 7494 7542 7543 7495 7165
9 7495 7543 7544 7496 7166
9 7496 7544 7545 7497 7167
9 7497 7545 7546 7498 7168
9 7498 7546 7547 7499 7169
9 7499 7547 7548 7500 7170
9 7500 7548 7549 7501 7171
9 7501 7549 7550 7502 7172
9 7502 7550 7551 7503 7173
9 7503 7551 7552 7504 7174
9 7504 7552 7553 7505 7175
9 7505 7553 7554 7506 7176
9 7506 7554 541 540 7177
9 289 290 7555 7507 7178
9 7507 7555 7556 7508 7179
9 7508 7556 7557 7509 7180
9 7509 7557 7558 7510 7181
9 7510 7558 7559 7511 7182
9 7511 7559 7560 7512 7183
9 7512 7560 7561 7513 7184
9 7513 7561 7562 7514 7185
9 7514 7562 7563 7515 7186
9 7515 7563 7564 7516 7187
9 7516 7564 7565 7517 7188
9 7517 7565 7566 7518 7189
9 7518 7566 7567 7519 7190
9 7519 7567 7568 7520 7191
9 7520 7568 7569 7521 7192
9 7521 7569 7570 7522 7193
9 7522 7570 7571 7523 7194
9 7523 7571 7572 7524 7195
9 7524 7572 7573 7525 7196
9 7525 7573 7574 7526 7197
9 7526 7574 7575 7527 7198
9 7527 7575 7576 7528 7199
9 7528 7576 7577 7529 7200
9 7529 7577 7578 7530 7201
9 7530 7578 7579 7531 7202
9 7531 7579 7580 7532 7203
9 7532 7580 7581 7533 7204
9 7533 7581 7582 7534 7205
9 7534 7582 7583 7535 7206
9 7535 7583 7584 7536 7207
9 7536 7584 7585 7537 7208
9 7537 7585 7586 7538 7209
9 7538 7586 7587 7539 7210
9 7539 7587 7588 7540 7211
9 7540 7588 7589 7541 7212
9 7541 7589 7590 7542 7213
9 7542 7590 7591 7543 7214
9 7543 7591 7592 7544 7215
9 7544 7592 7593 7545 7216
9 7545 7593 7594 7546 7217
9 7546 7594 7595 7547 7218
9 7547 7595 7596 7548 7219
9 7548 7596 7597 7549 7220
9 7549 7597 7598 7550 7221
9 7550 7598 7599 7551 7222
9 7551 7599 7600 7552 7223
9 7552 7600 7601 7553 7224
9 7553 7601 7602 7554 7225
9 7554 7602 542 541 7226
9 290 291 7603 7555 7227
9 7555 7603 7604 7556 7228
9 7556 7604 7605 7557 7229
9 7557 7605 7606 7558 7230
9 7558 7606 7607 7559 7231
9 7559 7607 7608 7560 7232
9 7560 7608 7609 7561 7233
9 7561 7609 7610 7562 7234
9 7562 7610 7611 7563 7235
9 7563 7611 7612 7564 7236
9 7564 7612 7613 7565 7237
9 7565 7613 7614 7566 7238
9 7566 7614 7615 7567 7239
9 7567 7615 7616 7568 7240
9 7568 7616 7617 7569 7241
9 7569 7617 7618 7570 7242
9 7570 7618 7619 7571 7243
9 7571 7619 7620 7572 7244
9 7572 7620 7621 7573 7245
9 7573 7621 7622 7574 7246
9 7574 7622 7623 7575 7247
9 7575 7623 7624 7576 7248
9 7576 7624 7625 7577 7249
9 7577 7625 7626 7578 7250
9 7578 7626 7627 7579 7251
9 7579 7627 7628 7580 7252
9 7580 7628 7629 7581 7253
9 7581 7629 7630 7582 7254
9 7582 7630 7631 7583 7255
9 7583 7631 7632 7584 7256
9 7584 7632 7633 7585 7257
9 7585 7633 7634 7586 7258
9 7586 7634 7635 7587 7259
9 7587 7635 7636 7588 7260
9 7588 7636 7637 7589 7261
9 7589 7637 7638 7590 7262
9 7590 7638 7639 7591 7263
9 7591 7639 7640 7592 7264
9 7592 7640 7641 7593 7265
9 7593 7641 7642 7594 7266
9 7594 7642 7643 7595 7267
9 7595 7643 7644 7596 7268
9 7596 7644 7645 7597 7269
9 7597 7645 7646 7598 7270
9 7598 7646 7647 7599 7271
9 7599 7647 7648 7600 7272
9 7600 7648 7649 7601 7273
9 7601 7649 7650 7602 7274
9 7602 7650 543 542 7275
9 291 292 7651 7603 7276
9 7603 7651 7652 7604 7277
9 7604 7652 7653 7605 7278
9 7605 7653 7654 7606 7279
9 7606 7654 7655 7607 7280
9 7607 7655 7656 7608 7281
9 7608 7656 7657 7609 7282
9 7609 7657 7658 7610 7283
9 7610 7658 7659 7611 7284
9 7611 7659 7660 7612 7285
9 7612 7660 7661 7613 7286
9 7613 7661 7662 7614 7287
9 7614 7662 7663 7615 7288
9 7615 7663 7664 7616 7289
9 7616 7664 7665 7617 7290
9 7617 7665 7666 7618 7291
9 7618 7666 7667 7619 7292
9 7619 7667 7668 7620 7293
9 7620 7668 7669 7621 7294
9 7621 7669 7670 7622 7295
9 7622 7670 7671 7623 7296
9 7623 7671 7672 7624 7297
9 7624 7672 7673 7625 7298
9 7625 7673 7674 7626 7299
9 7626 7674 7675 7627 7300
9 7627 7675 7676 7628 7301
9 7628 7676 7677 7629 7302
9 7629 7677 7678 7630 7303
9 7630 7678 7679 7631 7304
9 7631 7679 7680 7632 7305
9 7632 7680 7681 7633 7306
9 7633 7681 7682 7634 7307
9 7634 7682 7683 7635 7308
9 7635 7683 7684 7636 7309
9 7636 7684 7685 7637 7310
9 7637 7685 7686 7638 7311
9 7638 7686 7687 7639 7312
9 7639 7687 7688 7640 7313
9 7640 7688 7689 7641 7314
9 7641 7689 7690 7642 7315
9 7642 7690 7691 7643 7316
9 7643 7691 7692 7644 7317
9 7644 7692 7693 7645 7318
9 7645 7693 7694 7646 7319
9 7646 7694 7695 7647 7320
9 7647 7695 7696 7648 7321
9 7648 7696 7697 7649 7322
9 7649 7697 7698 7650 7323
9 7650 7698 544 543 7324
9 292 293 7699 7651 7325
9 7651 7699 7700 7652 7326
9 7652 7700 7701 7653 7327
9 7653 7701 7702 7654 7328
9 7654 7702 7703 7655 7329
9 7655 7703 7704 7656 7330
9 7656 7704 7705 7657 7331
9 7657 7705 7706 7658 7332
9 7658 7706 7707 7659 7333
9 7659 7707 7708 7660 7334
9 7660 7708 7709 7661 7335
9 7661 7709 7710 7662 7336
9 7662 7710 7711 7663 7337
9 7663 7711 7712 7664 7338
9 7664 7712 7713 7665 7339
9 7665 7713 7714 7666 7340
9 7666 7714 7715 7667 7341
9 7667 7715 7716 7668 7342
9 7668 7716 7717 7669 7343
9 7669 7717 7718 7670 7344
9 7670 7718 7719 7671 7345
9 7671 7719 7720 7672 7346
9 7672 7720 7721 7673 7347
9 7673 7721 7722 7674 7348
9 7674 7722 7723 7675 7349
9 7675 7723 7724 7676 7350
9 7676 7724 7725 7677 7351
9 7677 7725 7726 7678 7352
9 7678 7726 7727 7679 7353
9 7679 7727 7728 7680 7354
9 7680 7728 7729 7681 7355
9 7681 7729 7730 7682 7356
9 7682 7730 7731 7683 7357
9 7683 7731 7732 7684 7358
9 7684 7732 7733 7685 7359
9 7685 7733 7734 7686 7360
9 7686 7734 7735 7687 7361
9 7687 7735 7736 7688 7362
9 7688 7736 7737 7689 7363
9 7689 7737 7738 7690 7364
9 7690 7738 7739 7691 7365
9 7691 7739 7740 7692 7366
9 7692 7740 7741 7693 7367
9 7693 7741 7742 7694 7368
9 7694 7742 7743 7695 7369
9 7695 7743 7744 7696 7370
9 7696 7744 7745 7697 7371
9 7697 7745 7746 7698 7372
9 7698 7746 545 544 7373
9 293 294 7747 7699 7374
9 7699 7747 7748 7700 7375
9 7700 7748 7749 7701 7376
9 7701 7749 7750 7702 7377
9 7702 7750 7751 7703 7378
9 7703 7751 7752 7704 7379
9 7704 7752 7753 7705 7380
9 7705 7753 7754 7706 7381
9 7706 7754 7755 7707 7382
9 7707 7755 7756 7708 7383
9 7708 7756 7757 7709 7384
9 7709 7757 7758 7710 7385
9 7710 7758 7759 7711 7386
9 7711 7759 7760 7712 7387
9 7712 7760 7761 7713 7388
9 7713 7761 7762 7714 7389
9 7714 7762 7763 7715 7390
9 7715 7763 7764 7716 7391
9 7716 7764 7765 7717 7392
9 7717 7765 7766 7718 7393
9 7718 7766 7767 7719 7394
9 7719 7767 7768 7720 7395
9 7720 7768 7769 7721 7396
9 7721 7769 7770 7722 7397
9 7722 7770 7771 7723 7398
9 7723 7771 7772 7724 7399
9 7724 7772 7773 7725 7400
9 7725 7773 7774 7726 7401
9 7726 7774 7775 7727 7402
9 7727 7775 7776 7728 7403
9 7728 7776 7777 7729 7404
9 7729 7777 7778 7730 7405
9 7730 7778 7779 7731 7406
9 7731 7779 7780 7732 7407
9 7732 7780 7781 7733 7408
9 7733 7781 7782 7734 7409
9 7734 7782 7783 7735 7410
9 7735 7783 7784 7736 7411
9 7736 7784 7785 7737 7412
9 7737 7785 7786 7738 7413
9 7738 7786 7787 7739 7414
9 7739 7787 7788 7740 7415
9 7740 7788 7789 7741 7416
9 7741 7789 7790 7742 7417
9 7742 7790 7791 7743 7418
9 7743 7791 7792 7744 7419
9 7744 7792 7793 7745 7420
9 7745 7793 7794 7746 7421
9 7746 7794 546 545 7422
9 294 295 7795 7747 7423
9 7747 7795 7796 7748 7424
9 7748 7796 7797 7749 7425
9 7749 7797 7798 7750 7426
9 7750 7798 7799 7751 7427
9 7751 7799 7800 7752 7428
9 7752 7800 7801 7753 7429
9 7753 7801 7802 7754 7430
9 7754 7802 7803 7755 7431
9 7755 7803 7804 7756 7432
9 7756 7804 7805 7757 7433
9 7757 7805 7806 7758 7434
9 7758 7806 7807 7759 7435
9 7759 7807 7808 7760 7436
9 7760 7808 7809 7761 7437
9 7761 7809 7810 7762 7438
9 7762 7810 7811 7763 7439
9 7763 7811 7812 7764 7440
9 7764 7812 7813 7765 7441
9 7765 7813 7814 7766 7442
9 7766 7814 7815 7767 7443
9 7767 7815 7816 7768 7444
9 7768 7816 7817 7769 7445
9 7769 7817 7818 7770 7446
9 7770 7818 7819 7771 7447
9 7771 7819 7820 7772 7448
9 7772 7820 7821 7773 7449
9 7773 7821 7822 7774 7450
9 7774 7822 7823 7775 7451
9 7775 7823 7824 7776 7452
9 7776 7824 7825 7777 7453
9 7777 7825 7826 7778 7454
9 7778 7826 7827 7779 7455
9 7779 7827 7828 7780 7456
9 7780 7828 7829 7781 7457
9 7781 7829 7830 7782 7458
9 7782 7830 7831 7783 7459
9 7783 7831 7832 7784 7460
9 7784 7832 7833 7785 7461
9 7785 7833 7834 7786 7462
9 7786 7834 7835 7787 7463
9 7787 7835 7836 7788 7464
9 7788 7836 7837 7789 7465
9 7789 7837 7838 7790 7466
9 7790 7838 7839 7791 7467
9 7791 7839 7840 7792 7468
9 7792 7840 7841 7793 7469
9 7793 7841 7842 7794 7470
9 7794 7842 547 546 7471
9 295 296 7843 7795 7472
9 7795 7843 7844 7796 7473
9 7796 7844 7845 7797 7474
9 7797 7845 7846 7798 7475
9 7798 7846 7847 7799 7476
9 7799 7847 7848 7800 7477
9 7800 7848 7849 7801 7478
9 7801 7849 7850 7802 7479
9 7802 7850 7851 7803 7480
9 7803 7851 7852 7804 7481
9 7804 7852 7853 7805 7482
9 7805 7853 7854 7806 7483
9 7806 7854 7855 7807 7484
9 7807 7855 7856 7808 7485
9 7808 7856 7857 7809 7486
9 7809 7857 7858 7810 7487
9 7810 7858 7859 7811 7488
9 7811 7859 7860 7812 7489
9 7812 7860 7861 7813 7490
9 7813 7861 7862 7814 7491
9 7814 7862 7863 7815 7492
9 7815 7863 7864 7816 7493
9 7816 7864 7865 7817 7494
9 7817 7865 7866 7818 7495
9 7818 7866 7867 7819 7496
9 7819 7867 7868 7820 7497
9 7820 7868 7869 7821 7498
9 7821 7869 7870 7822 7499
9 7822 7870 7871 7823 7500
9 7823 7871 7872 7824 7501
9 7824 7872 7873 7825 7502
9 7825 7873 7874 7826 7503
9 7826 7874 7875 7827 7504
9 7827 7875 7876 7828 7505
9 7828 7876 7877 7829 7506
9 7829 7877 7878 7830 7507
9 7830 7878 7879 7831 7508
9 7831 7879 7880 7832 7509
9 7832 7880 7881 7833 7510
9 7833 7881 7882 7834 7511
9 7834 7882 7883 7835 7512
9 7835 7883 7884 7836 7513
9 7836 7884 7885 7837 7514
9 7837 7885 7886 7838 7515
9 7838 7886 7887 7839 7516
9 7839 7887 7888 7840 7517
9 7840 7888 7889 7841 7518
9 7841 7889 7890 7842 7519
9 7842 7890 548 547 7520
9 296 297 7891 7843 7521
9 7843 7891 7892 7844 7522
9 7844 7892 7893 7845 7523
9 7845 7893 7894 7846 7524
9 7846 7894 7895 7847 7525
9 7847 7895 7896 7848 7526
9 7848 7896 7897 7849 7527
9 7849 7897 7898 7850 7528
9 7850 7898 7899 7851 7529
9 7851 7899 7900 7852 7530
9 7852 7900 7901 7853 7531
9 7853 7901 7902 7854 7532
9 7854 7902 7903 7855 7533
9 7855 7903 7904 7856 7534
9 7856 7904 7905 7857 7535
9 7857 7905 7906 7858 7536
9 7858 7906 7907 7859 7537
9 7859 7907 7908 7860 7538
9 7860 7908 7909 7861 7539
9 7861 7909 7910 7862 7540
9 7862 7910 7911 7863 7541
9 7863 7911 7912 7864 7542
9 7864 7912 7913 7865 7543
9 7865 7913 7914 7866 7544
9 7866 7914 7915 7867 7545
9 7867 7915 7916 7868 7546
9 7868 7916 7917 7869 7547
9 7869 7917 7918 7870 7548
9 7870 7918 7919 7871 7549
9 7871 7919 7920 7872 7550
9 7872 7920 7921 7873 7551
9 7873 7921 7922 7874 7552
9 7874 7922 7923 7875 7553
9 7875 7923 7924 7876 7554
9 7876 7924 7925 7877 7555
9 7877 7925 7926 7878 7556
9 7878 7926 7927 7879 7557
9 7879 7927 7928 7880 7558
9 7880 7928 7929 7881 7559
9 7881 7929 7930 7882 7560
9 7882 7930 7931 7883 7561
9 7883 7931 7932 7884 7562
9 7884 7932 7933 7885 7563
9 7885 7933 7934 7886 7564
9 7886 7934 7935 7887 7565
9 7887 7935 7936 7888 7566
9 7888 7936 7937 7889 7567
9 7889 7937 7938 7890 7568
9 7890 7938 549 548 7569
9 297 298 7939 7891 7570
9 7891 7939 7940 7892 7571
9 7892 7940 7941 7893 7572
9 7893 7941 7942 7894 7573
9 7894 7942 7943 7895 7574
9 7895 7943 7944 7896 7575
9 7896 7944 7945 7897 7576
9 7897 7945 7946 7898 7577
9 7898 7946 7947 7899 7578
9 7899 7947 7948 7900 7579
9 7900 7948 7949 7901 7580
9 7901 7949 7950 7902 7581
9 7902 7950 7951 7903 7582
9 7903 7951 7952 7904 7583
9 7904 7952 7953 7905 7584
9 7905 7953 7954 7906 7585
9 7906 7954 7955 7907 7586
9 7907 7955 7956 7908 7587
9 7908 7956 7957 7909 7588
9 7909 7957 7958 7910 7589
9 7910 7958 7959 7911 7590
9 7911 7959 7960 7912 7591
9 7912 7960 7961 7913 7592
9 7913 7961 7962 7914 7593
9 7914 7962 7963 7915 7594
9 7915 7963 7964 7916 7595
9 7916 7964 7965 7917 7596
9 7917 7965 7966 7918 7597
9 7918 7966 7967 7919 7598
9 7919 7967 7968 7920 7599
9 7920 7968 7969 7921 7600
9 7921 7969 7970 7922 7601
9 7922 7970 7971 7923 7602
9 7923 7971 7972 7924 7603
9 7924 7972 7973 7925 7604
9 7925 7973 7974 7926 7605
9 7926 7974 7975 7927 7606
9 7927 7975 7976 7928 7607
9 7928 7976 7977 7929 7608
9 7929 7977 7978 7930 7609
9 7930 7978 7979 7931 7610
9 7931 7979 7980 7932 7611
9 7932 7980 7981 7933 7612
9 7933 7981 7982 7934 7613
9 7934 7982 7983 7935 7614
9 7935 7983 7984 7936 7615
9 7936 7984 7985 7937 7616
9 7937 7985 7986 7938 7617
9 7938 7986 550 549 7618
9 298 299 7987 7939 7619
9 7939 7987 7988 7940 7620
9 7940 7988 7989 7941 7621
9 7941 7989 7990 7942 7622
9 7942 7990 7991 7943 7623
9 7943 7991 7992 7944 7624
9 7944 7992 7993 7945 7625
9 7945 7993 7994 7946 7626
9 7946 7994 7995 7947 7627
9 7947 7995 7996 7948 7628
9 7948 7996 7997 7949 7629
9 7949 7997 7998 7950 7630
9 7950 7998 7999 7951 7631
9 7951 7999 8000 7952 7632
9 7952 8000 8001 7953 7633
9 7953 8001 8002 7954 7634
9 7954 8002 8003 7955 7635
9 7955 8003 8004 7956 7636
9 7956 8004 8005 7957 7637
9 7957 8005 8006 7958 7638
9 7958 8006 8007 7959 7639
9 7959 8007 8008 7960 7640
9 7960 8008 8009 7961 7641
9 7961 8009 8010 7962 7642
9 7962 8010 8011 7963 7643
9 7963 8011 8012 7964 7644
9 7964 8012 8013 7965 7645
9 7965 8013 8014 7966 7646
9 7966 8014 8015 7967 7647
9 7967 8015 8016 7968 7648
9 7968 8016 8017 7969 7649
9 7969 8017 8018 7970 7650
9 7970 8018 8019 7971 7651
9 7971 8019 8020 7972 7652
9 7972 8020 8021 7973 7653
9 7973 8021 8022 7974 7654
9 7974 8022 8023 7975 7655
9 7975 8023 8024 7976 7656
9 7976 8024 8025 7977 7657
9 7977 8025 8026 7978 7658
9 7978 8026 8027 7979 7659
9 7979 8027 8028 7980 7660
9 7980 8028 8029 7981 7661
9 7981 8029 8030 7982 7662
9 7982 8030 8031 7983 7663
9 7983 8031 8032 7984 7664
9 7984 8032 8033 7985 7665
9 7985 8033 8034 7986 7666
9 7986 8034 551 550 7667
9 299 300 8035 7987 7668
9 7987 8035 8036 7988 7669
9 7988 8036 8037 7989 7670
9 7989 8037 8038 7990 7671
9 7990 8038 8039 7991 7672
9 7991 8039 8040 7992 7673
9 7992 8040 8041 7993 7674
9 7993 8041 8042 7994 7675
9 7994 8042 8043 7995 7676
9 7995 8043 8044 7996 7677
9 7996 8044 8045 7997 7678
9 7997 8045 8046 7998 7679
9 7998 8046 8047 7999 7680
9 7999 8047 8048 8000 7681
9 8000 8048 8049 8001 7682
9 8001 8049 8050 8002 7683
9 8002 8050 8051 8003 7684
9 8003 8051 8052 8004 7685
9 8004 8052 8053 8005 7686
9 8005 8053 8054 8006 7687
9 8006 8054 8055 8007 7688
9 8007 8055 8056 8008 7689
9 8008 8056 8057 8009 7690
9 8009 8057 8058 8010 7691
9 8010 8058 8059 8011 7692
9 8011 8059 8060 8012 7693
9 8012 8060 8061 8013 7694
9 8013 8061 8062 8014 7695
9 8014 8062 8063 8015 7696
9 8015 8063 8064 8016 7697
9 8016 8064 8065 8017 7698
9 8017 8065 8066 8018 7699
9 8018 8066 8067 8019 7700
9 8019 8067 8068 8020 7701
9 8020 8068 8069 8021 7702
9 8021 8069 8070 8022 7703
9 8022 8070 8071 8023 7704
9 8023 8071 8072 8024 7705
9 8024 8072 8073 8025 7706
9 8025 8073 8074 8026 7707
9 8026 8074 8075 8027 7708
9 8027 8075 8076 8028 7709
9 8028 8076 8077 8029 7710
9 8029 8077 8078 8030 7711
9 8030 8078 8079 8031 7712
9 8031 8079 8080 8032 7713
9 8032 8080 8081 8033 7714
9 8033 8081 8082 8034 7715
9 8034 8082 552 551 7716
9 300 301 8083 8035 7717
9 8035 8083 8084 8036 7718
9 8036 8084 8085 8037 7719
9 8037 8085 8086 8038 7720
9 8038 8086 8087 8039 7721
9 8039 8087 8088 8040 7722
9 8040 8088 8089 8041 7723
9 8041 8089 8090 8042 7724
9 8042 8090 8091 8043 7725
9 8043 8091 8092 8044 7726
9 8044 8092 8093 8045 7727
9 8045 8093 8094 8046 7728
9 8046 8094 8095 8047 7729
9 8047 8095 8096 8048 7730
9 8048 8096 8097 8049 7731
9 8049 8097 8098 8050 7732
9 8050 8098 8099 8051 7733
9 8051 8099 8100 8052 7734
9 8052 8100 8101 8053 7735
9 8053 8101 8102 8054 7736
9 8054 8102 8103 8055 7737
9 8055 8103 8104 8056 7738
9 8056 8104 8105 8057 7739
9 8057 8105 8106 8058 7740
9 8058 8106 8107 8059 7741
9 8059 8107 8108 8060 7742
9 8060 8108 8109 8061 7743
9 8061 8109 8110 8062 7744
9 8062 8110 8111 8063 7745
9 8063 8111 8112 8064 7746
9 8064 8112 8113 8065 7747
9 8065 8113 8114 8066 7748
9 8066 8114 8115 8067 7749
9 8067 8115 8116 8068 7750
9 8068 8116 8117 8069 7751
9 8069 8117 8118 8070 7752
9 8070 8118 8119 8071 7753
9 8071 8119 8120 8072 7754
9 8072 8120 8121 8073 7755
9 8073 8121 8122 8074 7756
9 8074 8122 8123 8075 7757
9 8075 8123 8124 8076 7758
9 8076 8124 8125 8077 7759
9 8077 8125 8126 8078 7760
9 8078 8126 8127 8079 7761
9 8079 8127 8128 8080 7762
9 8080 8128 8129 8081 7763
9 8081 8129 8130 8082 7764
9 8082 8130 553 552 7765
9 301 302 8131 8083 7766
9 8083 8131 8132 8084 7767
9 8084 8132 8133 8085 7768
9 8085 8133 8134 8086 7769
9 8086 8134 8135 8087 7770
9 8087 8135 8136 8088 7771
9 8088 8136 8137 8089 7772
9 8089 8137 8138 8090 7773
9 8090 8138 8139 8091 7774
9 8091 8139 8140 8092 7775
9 8092 8140 8141 8093 7776
9 8093 8141 8142 8094 7777
9 8094 8142 8143 8095 7778
9 8095 8143 8144 8096 7779
9 8096 8144 8145 8097 7780
9 8097 8145 8146 8098 7781
9 8098 8146 8147 8099 7782
9 8099 8147 8148 8100 7783
9 8100 8148 8149 8101 7784
9 8101 8149 8150 8102 7785
9 8102 8150 8151 8103 7786
9 8103 8151 8152 8104 7787
9 8104 8152 8153 8105 7788
9 8105 8153 8154 8106 7789
9 8106 8154 8155 8107 7790
9 8107 8155 8156 8108 7791
9 8108 8156 8157 8109 7792
9 8109 8157 8158 8110 7793
9 8110 8158 8159 8111 7794
9 8111 8159 8160 8112 7795
9 8112 8160 8161 8113 7796
9 8113 8161 8162 8114 7797
9 8114 8162 8163 8115 7798
9 8115 8163 8164 8116 7799
9 8116 8164 8165 8117 7800
9 8117 8165 8166 8118 7801
9 8118 8166 8167 8119 7802
9 8119 8167 8168 8120 7803
9 8120 8168 8169 8121 7804
9 8121 8169 8170 8122 7805
9 8122 8170 8171 8123 7806
9 8123 8171 8172 8124 7807
9 8124 8172 8173 8125 7808
9 8125 8173 8174 8126 7809
9 8126 8174 8175 8127 7810
9 8127 8175 8176 8128 7811
9 8128 8176 8177 8129 7812
9 8129 8177 8178 8130 7813
9 8130 8178 554 553 7814
9 302 303 8179 8131 7815
9 8131 8179 8180 8132 7816
9 8132 8180 8181 8133 7817
9 8133 8181 8182 8134 7818
9 8134 8182 8183 8135 7819
9 8135 8183 8184 8136 7820
9 8136 8184 8185 8137 7821
9 8137 8185 8186 8138 7822
9 8138 8186 8187 8139 7823
9 8139 8187 8188 8140 7824
9 8140 8188 8189 8141 7825
9 8141 8189 8190 8142 7826
9 8142 8190 8191 8143 7827
9 8143 8191 8192 8144 7828
9 8144 8192 8193 8145 7829
9 8145 8193 8194 8146 7830
9 8146 8194 8195 8147 7831
9 8147 8195 8196 8148 7832
9 8148 8196 8197 8149 7833
9 8149 8197 8198 8150 7834
9 8150 8198 8199 8151 7835
9 8151 8199 8200 8152 7836
9 8152 8200 8201 8153 7837
9 8153 8201 8202 8154 7838
9 8154 8202 8203 8155 7839
9 8155 8203 8204 8156 7840
9 8156 8204 8205 8157 7841
9 8157 8205 8206 8158 7842
9 8158 8206 8207 8159 7843
9 8159 8207 8208 8160 7844
9 8160 8208 8209 8161 7845
9 8161 8209 8210 8162 7846
9 8162 8210 8211 8163 7847
9 8163 8211 8212 8164 7848
9 8164 8212 8213 8165 7849
9 8165 8213 8214 8166 7850
9 8166 8214 8215 8167 7851
9 8167 8215 8216 8168 7852
9 8168 8216 8217 8169 7853
9 8169 8217 8218 8170 7854
9 8170 8218 8219 8171 7855
9 8171 8219 8220 8172 7856
9 8172 8220 8221 8173 7857
9 8173 8221 8222 8174 7858
9 8174 8222 8223 8175 7859
9 8175 8223 8224 8176 7860
9 8176 8224 8225 8177 7861
9 8177 8225 8226 8178 7862
9 8178 8226 555 554 7863
9 303 304 8227 8179 7864
9 8179 8227 8228 8180 7865
9 8180 8228 8229 8181 7866
9 8181 8229 8230 8182 7867
9 8182 8230 8231 8183 7868
9 8183 8231 8232 8184 7869
9 8184 8232 8233 8185 7870
9 8185 8233 8234 8186 7871
9 8186 8234 8235 8187 7872
9 8187 8235 8236 8188 7873
9 8188 8236 8237 8189 7874
9 8189 8237 8238 8190 7875
9 8190 8238 8239 8191 7876
9 8191 8239 8240 8192 7877
9 8192 8240 8241 8193 7878
9 8193 8241 8242 8194 7879
9 8194 8242 8243 8195 7880
9 8195 8243 8244 8196 7881
9 8196 8244 8245 8197 7882
9 8197 8245 8246 8198 7883
9 8198 8246 8247 8199 7884
9 8199 8247 8248 8200 7885
9 8200 8248 8249 8201 7886
9 8201 8249 8250 8202 7887
9 8202 8250 8251 8203 7888
9 8203 8251 8252 8204 7889
9 8204 8252 8253 8205 7890
9 8205 8253 8254 8206 7891
9 8206 8254 8255 8207 7892
9 8207 8255 8256 8208 7893
9 8208 8256 8257 8209 7894
9 8209 8257 8258 8210 7895
9 8210 8258 8259 8211 7896
9 8211 8259 8260 8212 7897
9 8212 8260 8261 8213 7898
9 8213 8261 8262 8214 7899
9 8214 8262 8263 8215 7900
9 8215 8263 8264 8216 7901
9 8216 8264 8265 8217 7902
9 8217 8265 8266 8218 7903
9 8218 8266 8267 8219 7904
9 8219 8267 8268 8220 7905
9 8220 8268 8269 8221 7906
9 8221 8269 8270 8222 7907
9 8222 8270 8271 8223 7908
9 8223 8271 8272 8224 7909
9 8224 8272 8273 8225 7910
9 8225 8273 8274 8226 7911
9 8226 8274 556 555 7912
9 304 305 8275 8227 7913
9 8227 8275 8276 8228 7914
9 8228 8276 8277 8229 7915
9 8229 8277 8278 8230 7916
9 8230 8278 8279 8231 7917
9 8231 8279 8280 8232 7918
9 8232 8280 8281 8233 7919
9 8233 8281 8282 8234 7920
9 8234 8282 8283 8235 7921
9 8235 8283 8284 8236 7922
9 8236 8284 8285 8237 7923
9 8237 8285 8286 8238 7924
9 8238 8286 8287 8239 7925
9 8239 8287 8288 8240 7926
9 8240 8288 8289 8241 7927
9 8241 8289 8290 8242 7928
9 8242 8290 8291 8243 7929
9 8243 8291 8292 8244 7930
9 8244 8292 8293 8245 7931
9 8245 8293 8294 8246 7932
9 8246 8294 8295 8247 7933
9 8247 8295 8296 8248 7934
9 8248 8296 8297 8249 7935
9 8249 8297 8298 8250 7936
9 8250 8298 8299 8251 7937
9 8251 8299 8300 8252 7938
9 8252 8300 8301 8253 7939
9 8253 8301 8302 8254 7940
9 8254 8302 8303 8255 7941
9 8255 8303 8304 8256 7942
9 8256 8304 8305 8257 7943
9 8257 8305 8306 8258 7944
9 8258 8306 8307 8259 7945
9 8259 8307 8308 8260 7946
9 8260 8308 8309 8261 7947
9 8261 8309 8310 8262 7948
9 8262 8310 8311 8263 7949
9 8263 8311 8312 8264 7950
9 8264 8312 8313 8265 7951
9 8265 8313 8314 8266 7952
9 8266 8314 8315 8267 7953
9 8267 8315 8316 8268 7954
9 8268 8316 8317 8269 7955
9 8269 8317 8318 8270 7956
9 8270 8318 8319 8271 7957
9 8271 8319 8320 8272 7958
9 8272 8320 8321 8273 7959
9 8273 8321 8322 8274 7960
9 8274 8322 557 556 7961
9 305 306 8323 8275 7962
9 8275 8323 8324 8276 7963
9 8276 8324 8325 8277 7964
9 8277 8325 8326 8278 7965
9 8278 8326 8327 8279 7966
9 8279 8327 8328 8280 7967
9 8280 8328 8329 8281 7968
9 8281 8329 8330 8282 7969
9 8282 8330 8331 8283 7970
9 8283 8331 8332 8284 7971
9 8284 8332 8333 8285 7972
9 8285 8333 8334 8286 7973
9 8286 8334 8335 8287 7974
9 8287 8335 8336 8288 7975
9 8288 8336 8337 8289 7976
9 8289 8337 8338 8290 7977
9 8290 8338 8339 8291 7978
9 8291 8339 8340 8292 7979
9 8292 8340 8341 8293 7980
9 8293 8341 8342 8294 7981
9 8294 8342 8343 8295 7982
9 8295 8343 8344 8296 7983
9 8296 8344 8345 8297 7984
9 8297 8345 8346 8298 7985
9 8298 8346 8347 8299 7986
9 8299 8347 8348 8300 7987
9 8300 8348 8349 8301 7988
9 8301 8349 8350 8302 7989
9 8302 8350 8351 8303 7990
9 8303 8351 8352 8304 7991
9 8304 8352 8353 8305 7992
9 8305 8353 8354 8306 7993
9 8306 8354 8355 8307 7994
9 8307 8355 8356 8308 7995
9 8308 8356 8357 8309 7996
9 8309 8357 8358 8310 7997
9 8310 8358 8359 8311 7998
9 8311 8359 8360 8312 7999
9 8312 8360 8361 8313 8000
9 8313 8361 8362 8314 8001
9 8314 8362 8363 8315 8002
9 8315 8363 8364 8316 8003
9 8316 8364 8365 8317 8004
9 8317 8365 8366 8318 8005
9 8318 8366 8367 8319 8006
9 8319 8367 8368 8320 8007
9 8320 8368 8369 8321 8008
9 8321 8369 8370 8322 8009
9 8322 8370 558 557 8010
9 306 307 8371 8323 8011
9 8323 8371 8372 8324 8012
9 8324 8372 8373 8325 8013
9 8325 8373 8374 8326 8014
9 8326 8374 8375 8327 8015
9 8327 8375 8376 8328 8016
9 8328 8376 8377 8329 8017
9 8329 8377 8378 8330 8018
9 8330 8378 8379 8331 8019
9 8331 8379 8380 8332 8020
9 8332 8380 8381 8333 8021
9 8333 8381 8382 8334 8022
9 8334 8382 8383 8335 8023
9 8335 8383 8384 8336 8024
9 8336 8384 8385 8337 8025
9 8337 8385 8386 8338 8026
9 8338 8386 8387 8339 8027
9 8339 8387 8388 8340 8028
9 8340 8388 8389 8341 8029
9 8341 8389 8390 8342 8030
9 8342 8390 8391 8343 8031
9 8343 8391 8392 8344 8032
9 8344 8392 8393 8345 8033
9 8345 8393 8394 8346 8034
9 8346 8394 8395 8347 8035
9 8347 8395 8396 8348 8036
9 8348 8396 8397 8349 8037
9 8349 8397 8398 8350 8038
9 8350 8398 8399 8351 8039
9 8351 8399 8400 8352 8040
9 8352 8400 8401 8353 8041
9 8353 8401 8402 8354 8042
9 8354 8402 8403 8355 8043
9 8355 8403 8404 8356 8044
9 8356 8404 8405 8357 8045
9 8357 8405 8406 8358 8046
9 8358 8406 8407 8359 8047
9 8359 8407 8408 8360 8048
9 8360 8408 8409 8361 8049
9 8361 8409 8410 8362 8050
9 8362 8410 8411 8363 8051
9 8363 8411 8412 8364 8052
9 8364 8412 8413 8365 8053
9 8365 8413 8414 8366 8054
9 8366 8414 8415 8367 8055
9 8367 8415 8416 8368 8056
9 8368 8416 8417 8369 8057
9 8369 8417 8418 8370 8058
9 8370 8418 559 558 8059
9 307 308 8419 8371 8060
9 8371 8419 8420 8372 8061
9 8372 8420 8421 8373 8062
9 8373 8421 8422 8374 8063
9 8374 8422 8423 8375 8064
9 8375 8423 8424 8376 8065
9 8376 8424 8425 8377 8066
9 8377 8425 8426 8378 8067
9 8378 8426 8427 8379 8068
9 8379 8427 8428 8380 8069
9 8380 8428 8429 8381 8070
9 8381 8429 8430 8382 8071
9 8382 8430 8431 8383 8072
9 8383 8431 8432 8384 8073
9 8384 8432 8433 8385 8074
9 8385 8433 8434 8386 8075
9 8386 8434 8435 8387 8076
9 8387 8435 8436 8388 8077
9 8388 8436 8437 8389 8078
9 8389 8437 8438 8390 8079
9 8390 8438 8439 8391 8080
9 8391 8439 8440 8392 8081
9 8392 8440 8441 8393 8082
9 8393 8441 8442 8394 8083
9 8394 8442 8443 8395 8084
9 8395 8443 8444 8396 8085
9 8396 8444 8445 8397 8086
9 8397 8445 8446 8398 8087
9 8398 8446 8447 8399 8088
9 8399 8447 8448 8400 8089
9 8400 8448 8449 8401 8090
9 8401 8449 8450 8402 8091
9 8402 8450 8451 8403 8092
9 8403 8451 8452 8404 8093
9 8404 8452 8453 8405 8094
9 8405 8453 8454 8406 8095
9 8406 8454 8455 8407 8096
9 8407 8455 8456 8408 8097
9 8408 8456 8457 8409 8098
9 8409 8457 8458 8410 8099
9 8410 8458 8459 8411 8100
9 8411 8459 8460 8412 8101
9 8412 8460 8461 8413 8102
9 8413 8461 8462 8414 8103
9 8414 8462 8463 8415 8104
9 8415 8463 8464 8416 8105
9 8416 8464 8465 8417 8106
9 8417 8465 8466 8418 8107
9 8418 8466 560 559 8108
9 308 309 8467 8419 8109
9 8419 8467 8468 8420 8110
9 8420 8468 8469 8421 8111
9 8421 8469 8470 8422 8112
9 8422 8470 8471 8423 8113
9 8423 8471 8472 8424 8114
9 8424 8472 8473 8425 8115
9 8425 8473 8474 8426 8116
9 8426 8474 8475 8427 8117
9 8427 8475 8476 8428 8118
9 8428 8476 8477 8429 8119
9 8429 8477 8478 8430 8120
9 8430 8478 8479 8431 8121
9 8431 8479 8480 8432 8122
9 8432 8480 8481 8433 8123
9 8433 8481 8482 8434 8124
9 8434 8482 8483 8435 8125
9 8435 8483 8484 8436 8126
9 8436 8484 8485 8437 8127
9 8437 8485 8486 8438 8128
9 8438 8486 8487 8439 8129
9 8439 8487 8488 8440 8130
9 8440 8488 8489 8441 8131
9 8441 8489 8490 8442 8132
9 8442 8490 8491 8443 8133
9 8443 8491 8492 8444 8134
9 8444 8492 8493 8445 8135
9 8445 8493 8494 8446 8136
9 8446 8494 8495 8447 8137
9 8447 8495 8496 8448 8138
9 8448 8496 8497 8449 8139
9 8449 8497 8498 8450 8140
9 8450 8498 8499 8451 8141
9 8451 8499 8500 8452 8142
9 8452 8500 8501 8453 8143
9 8453 8501 8502 8454 8144
9 8454 8502 8503 8455 8145
9 8455 8503 8504 8456 8146
9 8456 8504 8505 8457 8147
9 8457 8505 8506 8458 8148
9 8458 8506 8507 8459 8149
9 8459 8507 8508 8460 8150
9 8460 8508 8509 8461 8151
9 8461 8509 8510 8462 8152
9 8462 8510 8511 8463 8153
9 8463 8511 8512 8464 8154
9 8464 8512 8513 8465 8155
9 8465 8513 8514 8466 8156
9 8466 8514 561 560 8157
9 309 310 8515 8467 8158
9 8467 8515 8516 8468 8159
9 8468 8516 8517 8469 8160
9 8469 8517 8518 8470 8161
9 8470 8518 8519 8471 8162
9 8471 8519 8520 8472 8163
9 8472 8520 8521 8473 8164
9 8473 8521 8522 8474 8165
9 8474 8522 8523 8475 8166
9 8475 8523 8524 8476 8167
9 8476 8524 8525 8477 8168
9 8477 8525 8526 8478 8169
9 8478 8526 8527 8479 8170
9 8479 8527 8528 8480 8171
9 8480 8528 8529 8481 8172
9 8481 8529 8530 8482 8173
9 8482 8530 8531 8483 8174
9 8483 8531 8532 8484 8175
9 8484 8532 8533 8485 8176
9 8485 8533 8534 8486 8177
9 8486 8534 8535 8487 8178
9 8487 8535 8536 8488 8179
9 8488 8536 8537 8489 8180
9 8489 8537 8538 8490 8181
9 8490 8538 8539 8491 8182
9 8491 8539 8540 8492 8183
9 8492 8540 8541 8493 8184
9 8493 8541 8542 8494 8185
9 8494 8542 8543 8495 8186
9 8495 8543 8544 8496 8187
9 8496 8544 8545 8497 8188
9 8497 8545 8546 8498 8189
9 8498 8546 8547 8499 8190
9 8499 8547 8548 8500 8191
9 8500 8548 8549 8501 8192
9 8501 8549 8550 8502 8193
9 8502 8550 8551 8503 8194
9 8503 8551 8552 8504 8195
9 8504 8552 8553 8505 8196
9 8505 8553 8554 8506 8197
9 8506 8554 8555 8507 8198
9 8507 8555 8556 8508 8199
9 8508 8556 8557 8509 8200
9 8509 8557 8558 8510 8201
9 8510 8558 8559 8511 8202
9 8511 8559 8560 8512 8203
9 8512 8560 8561 8513 8204
9 8513 8561 8562 8514 8205
9 8514 8562 562 561 8206
9 310 311 8563 8515 8207
9 8515 8563 8564 8516 8208
9 8516 8564 8565 8517 8209
9 8517 8565 8566 8518 8210
9 8518 8566 8567 8519 8211
9 8519 8567 8568 8520 8212
9 8520 8568 8569 8521 8213
9 8521 8569 8570 8522 8214
9 8522 8570 8571 8523 8215
9 8523 8571 8572 8524 8216
9 8524 8572 8573 8525 8217
9 8525 8573 8574 8526 8218
9 8526 8574 8575 8527 8219
9 8527 8575 8576 8528 8220
9 8528 8576 8577 8529 8221
9 8529 8577 8578 8530 8222
9 8530 8578 8579 8531 8223
9 8531 8579 8580 8532 8224
9 8532 8580 8581 8533 8225
9 8533 8581 8582 8534 8226
9 8534 8582 8583 8535 8227
9 8535 8583 8584 8536 8228
9 8536 8584 8585 8537 8229
9 8537 8585 8586 8538 8230
9 8538 8586 8587 8539 8231
9 8539 8587 8588 8540 8232
9 8540 8588 8589 8541 8233
9 8541 8589 8590 8542 8234
9 8542 8590 8591 8543 8235
9 8543 8591 8592 8544 8236
9 8544 8592 8593 8545 8237
9 8545 8593 8594 8546 8238
9 8546 8594 8595 8547 8239
9 8547 8595 8596 8548 8240
9 8548 8596 8597 8549 8241
9 8549 8597 8598 8550 8242
9 8550 8598 8599 8551 8243
9 8551 8599 8600 8552 8244
9 8552 8600 8601 8553 8245
9 8553 8601 8602 8554 8246
9 8554 8602 8603 8555 8247
9 8555 8603 8604 8556 8248
9 8556 8604 8605 8557 8249
9 8557 8605 8606 8558 8250
9 8558 8606 8607 8559 8251
9 8559 8607 8608 8560 8252
9 8560 8608 8609 8561 8253
9 8561 8609 8610 8562 8254
9 8562 8610 563 562 8255
9 311 312 8611 8563 8256
9 8563 8611 8612 8564 8257
9 8564 8612 8613 8565 8258
9 8565 8613 8614 8566 8259
9 8566 8614 8615 8567 8260
9 8567 8615 8616 8568 8261
9 8568 8616 8617 8569 8262
9 8569 8617 8618 8570 8263
9 8570 8618 8619 8571 8264
9 8571 8619 8620 8572 8265
9 8572 8620 8621 8573 8266
9 8573 8621 8622 8574 8267
9 8574 8622 8623 8575 8268
9 8575 8623 8624 8576 8269
9 8576 8624 8625 8577 8270
9 8577 8625 8626 8578 8271
9 8578 8626 8627 8579 8272
9 8579 8627 8628 8580 8273
9 8580 8628 8629 8581 8274
9 8581 8629 8630 8582 8275
9 8582 8630 8631 8583 8276
9 8583 8631 8632 8584 8277
9 8584 8632 8633 8585 8278
9 8585 8633 8634 8586 8279
9 8586 8634 8635 8587 8280
9 8587 8635 8636 8588 8281
9 8588 8636 8637 8589 8282
9 8589 8637 8638 8590 8283
9 8590 8638 8639 8591 8284
9 8591 8639 8640 8592 8285
9 8592 8640 8641 8593 8286
9 8593 8641 8642 8594 8287
9 8594 8642 8643 8595 8288
9 8595 8643 8644 8596 8289
9 8596 8644 8645 8597 8290
9 8597 8645 8646 8598 8291
9 8598 8646 8647 8599 8292
9 8599 8647 8648 8600 8293
9 8600 8648 8649 8601 8294
9 8601 8649 8650 8602 8295
9 8602 8650 8651 8603 8296
9 8603 8651 8652 8604 8297
9 8604 8652 8653 8605 8298
9 8605 8653 8654 8606 8299
9 8606 8654 8655 8607 8300
9 8607 8655 8656 8608 8301
9 8608 8656 8657 8609 8302
9 8609 8657 8658 8610 8303
9 8610 8658 564 563 8304
9 312 313 8659 8611 8305
9 8611 8659 8660 8612 8306
9 8612 8660 8661 8613 8307
9 8613 8661 8662 8614 8308
9 8614 8662 8663 8615 8309
9 8615 8663 8664 8616 8310
9 8616 8664 8665 8617 8311
9 8617 8665 8666 8618 8312
9 8618 8666 8667 8619 8313
9 8619 8667 8668 8620 8314
9 8620 8668 8669 8621 8315
9 8621 8669 8670 8622 8316
9 8622 8670 8671 8623 8317
9 8623 8671 8672 8624 8318
9 8624 8672 8673 8625 8319
9 8625 8673 8674 8626 8320
9 8626 8674 8675 8627 8321
9 8627 8675 8676 8628 8322
9 8628 8676 8677 8629 8323
9 8629 8677 8678 8630 8324
9 8630 8678 8679 8631 8325
9 8631 8679 8680 8632 8326
9 8632 8680 8681 8633 8327
9 8633 8681 8682 8634 8328
9 8634 8682 8683 8635 8329
9 8635 8683 8684 8636 8330
9 8636 8684 8685 8637 8331
9 8637 8685 8686 8638 8332
9 8638 8686 8687 8639 8333
9 8639 8687 8688 8640 8334
9 8640 8688 8689 8641 8335
9 8641 8689 8690 8642 8336
9 8642 8690 8691 8643 8337
9 8643 8691 8692 8644 8338
9 8644 8692 8693 8645 8339
9 8645 8693 8694 8646 8340
9 8646 8694 8695 8647 8341
9 8647 8695 8696 8648 8342
9 8648 8696 8697 8649 8343
9 8649 8697 8698 8650 8344
9 8650 8698 8699 8651 8345
9 8651 8699 8700 8652 8346
9 8652 8700 8701 8653 8347
9 8653 8701 8702 8654 8348
9 8654 8702 8703 8655 8349
9 8655 8703 8704 8656 8350
9 8656 8704 8705 8657 8351
9 8657 8705 8706 8658 8352
9 8658 8706 565 564 8353
9 313 314 8707 8659 8354
9 8659 8707 8708 8660 8355
9 8660 8708 8709 8661 8356
9 8661 8709 8710 8662 8357
9 8662 8710 8711 8663 8358
9 8663 8711 8712 8664 8359
9 8664 8712 8713 8665 8360
9 8665 8713 8714 8666 8361
9 8666 8714 8715 8667 8362
9 8667 8715 8716 8668 8363
9 8668 8716 8717 8669 8364
9 8669 8717 8718 8670 8365
9 8670 8718 8719 8671 8366
9 8671 8719 8720 8672 8367
9 8672 8720 8721 8673 8368
9 8673 8721 8722 8674 8369
9 8674 8722 8723 8675 8370
9 8675 8723 8724 8676 8371
9 8676 8724 8725 8677 8372
9 8677 8725 8726 8678 8373
9 8678 8726 8727 8679 8374
9 8679 8727 8728 8680 8375
9 8680 8728 8729 8681 8376
9 8681 8729 8730 8682 8377
9 8682 8730 8731 8683 8378
9 8683 8731 8732 8684 8379
9 8684 8732 8733 8685 8380
9 8685 8733 8734 8686 8381
9 8686 8734 8735 8687 8382
9 8687 8735 8736 8688 8383
9 8688 8736 8737 8689 8384
9 8689 8737 8738 8690 8385
9 8690 8738 8739 8691 8386
9 8691 8739 8740 8692 8387
9 8692 8740 8741 8693 8388
9 8693 8741 8742 8694 8389
9 8694 8742 8743 8695 8390
9 8695 8743 8744 8696 8391
9 8696 8744 8745 8697 8392
9 8697 8745 8746 8698 8393
9 8698 8746 8747 8699 8394
9 8699 8747 8748 8700 8395
9 8700 8748 8749 8701 8396
9 8701 8749 8750 8702 8397
9 8702 8750 8751 8703 8398
9 8703 8751 8752 8704 8399
9 8704 8752 8753 8705 8400
9 8705 8753 8754 8706 8401
9 8706 8754 566 565 8402
9 314 315 8755 8707 8403
9 8707 8755 8756 8708 8404
9 8708 8756 8757 8709 8405
9 8709 8757 8758 8710 8406
9 8710 8758 8759 8711 8407
9 8711 8759 8760 8712 8408
9 8712 8760 8761 8713 8409
9 8713 8761 8762 8714 8410
9 8714 8762 8763 8715 8411
9 8715 8763 8764 8716 8412
9 8716 8764 8765 8717 8413
9 8717 8765 8766 8718 8414
9 8718 8766 8767 8719 8415
9 8719 8767 8768 8720 8416
9 8720 8768 8769 8721 8417
9 8721 8769 8770 8722 8418
9 8722 8770 8771 8723 8419
9 8723 8771 8772 8724 8420
9 8724 8772 8773 8725 8421
9 8725 8773 8774 8726 8422
9 8726 8774 8775 8727 8423
9 8727 8775 8776 8728 8424
9 8728 8776 8777 8729 8425
9 8729 8777 8778 8730 8426
9 8730 8778 8779 8731 8427
9 8731 8779 8780 8732 8428
9 8732 8780 8781 8733 8429
9 8733 8781 8782 8734 8430
9 8734 8782 8783 8735 8431
9 8735 8783 8784 8736 8432
9 8736 8784 8785 8737 8433
9 8737 8785 8786 8738 8434
9 8738 8786 8787 8739 8435
9 8739 8787 8788 8740 8436
9 8740 8788 8789 8741 8437
9 8741 8789 8790 8742 8438
9 8742 8790 8791 8743 8439
9 8743 8791 8792 8744 8440
9 8744 8792 8793 8745 8441
9 8745 8793 8794 8746 8442
9 8746 8794 8795 8747 8443
9 8747 8795 8796 8748 8444
9 8748 8796 8797 8749 8445
9 8749 8797 8798 8750 8446
9 8750 8798 8799 8751 8447
9 8751 8799 8800 8752 8448
9 8752 8800 8801 8753 8449
9 8753 8801 8802 8754 8450
9 8754 8802 567 566 8451
9 315 316 8803 8755 8452
9 8755 8803 8804 8756 8453
9 8756 8804 8805 8757 8454
9 8757 8805 8806 8758 8455
9 8758 8806 8807 8759 8456
9 8759 8807 8808 8760 8457
9 8760 8808 8809 8761 8458
9 8761 8809 8810 8762 8459
9 8762 8810 8811 8763 8460
9 8763 8811 8812 8764 8461
9 8764 8812 8813 8765 8462
9 8765 8813 8814 8766 8463
9 8766 8814 8815 8767 8464
9 8767 8815 8816 8768 8465
9 8768 8816 8817 8769 8466
9 8769 8817 8818 8770 8467
9 8770 8818 8819 8771 8468
9 8771 8819 8820 8772 8469
9 8772 8820 8821 8773 8470
9 8773 8821 8822 8774 8471
9 8774 8822 8823 8775 8472
9 8775 8823 8824 8776 8473
9 8776 8824 8825 8777 8474
9 8777 8825 8826 8778 8475
9 8778 8826 8827 8779 8476
9 8779 8827 8828 8780 8477
9 8780 8828 8829 8781 8478
9 8781 8829 8830 8782 8479
9 8782 8830 8831 8783 8480
9 8783 8831 8832 8784 8481
9 8784 8832 8833 8785 8482
9 8785 8833 8834 8786 8483
9 8786 8834 8835 8787 8484
9 8787 8835 8836 8788 8485
9 8788 8836 8837 8789 8486
9 8789 8837 8838 8790 8487
9 8790 8838 8839 8791 8488
9 8791 8839 8840 8792 8489
9 8792 8840 8841 8793 8490
9 8793 8841 8842 8794 8491
9 8794 8842 8843 8795 8492
9 8795 8843 8844 8796 8493
9 8796 8844 8845 8797 8494
9 8797 8845 8846 8798 8495
9 8798 8846 8847 8799 8496
9 8799 8847 8848 8800 8497
9 8800 8848 8849 8801 8498
9 8801 8849 8850 8802 8499
9 8802 8850 568 567 8500
9 316 317 8851 8803 8501
9 8803 8851 8852 8804 8502
9 8804 8852 8853 8805 8503
9 8805 8853 8854 8806 8504
9 8806 8854 8855 8807 8505
9 8807 8855 8856 8808 8506
9 8808 8856 8857 8809 8507
9 8809 8857 8858 8810 8508
9 8810 8858 8859 8811 8509
9 8811 8859 8860 8812 8510
9 8812 8860 8861 8813 8511
9 8813 8861 8862 8814 8512
9 8814 8862 8863 8815 8513
9 8815 8863 8864 8816 8514
9 8816 8864 8865 8817 8515
9 8817 8865 8866 8818 8516
9 8818 8866 8867 8819 8517
9 8819 8867 8868 8820 8518
9 8820 8868 8869 8821 8519
9 8821 8869 8870 8822 8520
9 8822 8870 8871 8823 8521
9 8823 8871 8872 8824 8522
9 8824 8872 8873 8825 8523
9 8825 8873 8874 8826 8524
9 8826 8874 8875 8827 8525
9 8827 8875 8876 8828 8526
9 8828 8876 8877 8829 8527
9 8829 8877 8878 8830 8528
9 8830 8878 8879 8831 8529
9 8831 8879 8880 8832 8530
9 8832 8880 8881 8833 8531
9 8833 8881 8882 8834 8532
9 8834 8882 8883 8835 8533
9 8835 8883 8884 8836 8534
9 8836 8884 8885 8837 8535
9 8837 8885 8886 8838 8536
9 8838 8886 8887 8839 8537
9 8839 8887 8888 8840 8538
9 8840 8888 8889 8841 8539
9 8841 8889 8890 8842 8540
9 8842 8890 8891 8843 8541
9 8843 8891 8892 8844 8542
9 8844 8892 8893 8845 8543
9 8845 8893 8894 8846 8544
9 8846 8894 8895 8847 8545
9 8847 8895 8896 8848 8546
9 8848 8896 8897 8849 8547
9 8849 8897 8898 8850 8548
9 8850 8898 569 568 8549
9 317 318 8899 8851 8550
9 8851 8899 8900 8852 8551
9 8852 8900 8901 8853 8552
9 8853 8901 8902 8854 8553
9 8854 8902 8903 8855 8554
9 8855 8903 8904 8856 8555
9 8856 8904 8905 8857 8556
9 8857 8905 8906 8858 8557
9 8858 8906 8907 8859 8558
9 8859 8907 8908 8860 8559
9 8860 8908 8909 8861 8560
9 8861 8909 8910 8862 8561
9 8862 8910 8911 8863 8562
9 8863 8911 8912 8864 8563
9 8864 8912 8913 8865 8564
9 8865 8913 8914 8866 8565
9 8866 8914 8915 8867 8566
9 8867 8915 8916 8868 8567
9 8868 8916 8917 8869 8568
9 8869 8917 8918 8870 8569
9 8870 8918 8919 8871 8570
9 8871 8919 8920 8872 8571
9 8872 8920 8921 8873 8572
9 8873 8921 8922 8874 8573
9 8874 8922 8923 8875 8574
9 8875 8923 8924 8876 8575
9 8876 8924 8925 8877 8576
9 8877 8925 8926 8878 8577
9 8878 8926 8927 8879 8578
9 8879 8927 8928 8880 8579
9 8880 8928 8929 8881 8580
9 8881 8929 8930 8882 8581
9 8882 8930 8931 8883 8582
9 8883 8931 8932 8884 8583
9 8884 8932 8933 8885 8584
9 8885 8933 8934 8886 8585
9 8886 8934 8935 8887 8586
9 8887 8935 8936 8888 8587
9 8888 8936 8937 8889 8588
9 8889 8937 8938 8890 8589
9 8890 8938 8939 8891 8590
9 8891 8939 8940 8892 8591
9 8892 8940 8941 8893 8592
9 8893 8941 8942 8894 8593
9 8894 8942 8943 8895 8594
9 8895 8943 8944 8896 8595
9 8896 8944 8945 8897 8596
9 8897 8945 8946 8898 8597
9 8898 8946 570 569 8598
9 318 319 8947 8899 8599
9 8899 8947 8948 8900 8600
9 8900 8948 8949 8901 8601
9 8901 8949 8950 8902 8602
9 8902 8950 8951 8903 8603
9 8903 8951 8952 8904 8604
9 8904 8952 8953 8905 8605
9 8905 8953 8954 8906 8606
9 8906 8954 8955 8907 8607
9 8907 8955 8956 8908 8608
9 8908 8956 8957 8909 8609
9 8909 8957 8958 8910 8610
9 8910 8958 8959 8911 8611
9 8911 8959 8960 8912 8612
9 8912 8960 8961 8913 8613
9 8913 8961 8962 8914 8614
9 8914 8962 8963 8915 8615
9 8915 8963 8964 8916 8616
9 8916 8964 8965 8917 8617
9 8917 8965 8966 8918 8618
9 8918 8966 8967 8919 8619
9 8919 8967 8968 8920 8620
9 8920 8968 8969 8921 8621
9 8921 8969 8970 8922 8622
9 8922 8970 8971 8923 8623
9 8923 8971 8972 8924 8624
9 8924 8972 8973 8925 8625
9 8925 8973 8974 8926 8626
9 8926 8974 8975 8927 8627
9 8927 8975 8976 8928 8628
9 8928 8976 8977 8929 8629
9 8929 8977 8978 8930 8630
9 8930 8978 8979 8931 8631
9 8931 8979 8980 8932 8632
9 8932 8980 8981 8933 8633
9 8933 8981 8982 8934 8634
9 8934 8982 8983 8935 8635
9 8935 8983 8984 8936 8636
9 8936 8984 8985 8937 8637
9 8937 8985 8986 8938 8638
9 8938 8986 8987 8939 8639
9 8939 8987 8988 8940 8640
9 8940 8988 8989 8941 8641
9 8941 8989 8990 8942 8642
9 8942 8990 8991 8943 8643
9 8943 8991 8992 8944 8644
9 8944 8992 8993 8945 8645
9 8945 8993 8994 8946 8646
9 8946 8994 571 570 8647
9 319 320 8995 8947 8648
9 8947 8995 8996 8948 8649
9 8948 8996 8997 8949 8650
9 8949 8997 8998 8950 8651
9 8950 8998 8999 8951 8652
9 8951 8999 9000 8952 8653
9 8952 9000 9001 8953 8654
9 8953 9001 9002 8954 8655
9 8954 9002 9003 8955 8656
9 8955 9003 9004 8956 8657
9 8956 9004 9005 8957 8658
9 8957 9005 9006 8958 8659
9 8958 9006 9007 8959 8660
9 8959 9007 9008 8960 8661
9 8960 9008 9009 8961 8662
9 8961 9009 9010 8962 8663
9 8962 9010 9011 8963 8664
9 8963 9011 9012 8964 8665
9 8964 9012 9013 8965 8666
9 8965 9013 9014 8966 8667
9 8966 9014 9015 8967 8668
9 8967 9015 9016 8968 8669
9 8968 9016 9017 8969 8670
9 8969 9017 9018 8970 8671
9 8970 9018 9019 8971 8672
9 8971 9019 9020 8972 8673
9 8972 9020 9021 8973 8674
9 8973 9021 9022 8974 8675
9 8974 9022 9023 8975 8676
9 8975 9023 9024 8976 8677
9 8976 9024 9025 8977 8678
9 8977 9025 9026 8978 8679
9 8978 9026 9027 8979 8680
9 8979 9027 9028 8980 8681
9 8980 9028 9029 8981 8682
9 8981 9029 9030 8982 8683
9 8982 9030 9031 8983 8684
9 8983 9031 9032 8984 8685
9 8984 9032 9033 8985 8686
9 8985 9033 9034 8986 8687
9 8986 9034 9035 8987 8688
9 8987 9035 9036 8988 8689
9 8988 9036 9037 8989 8690
9 8989 9037 9038 8990 8691
9 8990 9038 9039 8991 8692
9 8991 9039 9040 8992 8693
9 8992 9040 9041 8993 8694
9 8993 9041 9042 8994 8695
9 8994 9042 572 571 8696
9 320 321 9043 8995 8697
9 8995 9043 9044 8996 8698
9 8996 9044 9045 8997 8699
9 8997 9045 9046 8998 8700
9 8998 9046 9047 8999 8701
9 8999 9047 9048 9000 8702
9 9000 9048 9049 9001 8703
9 9001 9049 9050 9002 8704
9 9002 9050 9051 9003 8705
9 9003 9051 9052 9004 8706
9 9004 9052 9053 9005 8707
9 9005 9053 9054 9006 8708
9 9006 9054 9055 9007 8709
9 9007 9055 9056 9008 8710
9 9008 9056 9057 9009 8711
9 9009 9057 9058 9010 8712
9 9010 9058 9059 9011 8713
9 9011 9059 9060 9012 8714
9 9012 9060 9061 9013 8715
9 9013 9061 9062 9014 8716
9 9014 9062 9063 9015 8717
9 9015 9063 9064 9016 8718
9 9016 9064 9065 9017 8719
9 9017 9065 9066 9018 8720
9 9018 9066 9067 9019 8721
9 9019 9067 9068 9020 8722
9 9020 9068 9069 9021 8723
9 9021 9069 9070 9022 8724
9 9022 9070 9071 9023 8725
9 9023 9071 9072 9024 8726
9 9024 9072 9073 9025 8727
9 9025 9073 9074 9026 8728
9 9026 9074 9075 9027 8729
9 9027 9075 9076 9028 8730
9 9028 9076 9077 9029 8731
9 9029 9077 9078 9030 8732
9 9030 9078 9079 9031 8733
9 9031 9079 9080 9032 8734
9 9032 9080 9081 9033 8735
9 9033 9081 9082 9034 8736
9 9034 9082 9083 9035 8737
9 9035 9083 9084 9036 8738
9 9036 9084 9085 9037 8739
9 9037 9085 9086 9038 8740
9 9038 9086 9087 9039 8741
9 9039 9087 9088 9040 8742
9 9040 9088 9089 9041 8743
9 9041 9089 9090 9042 8744
9 9042 9090 573 572 8745
9 321 322 9091 9043 8746
9 9043 9091 9092 9044 8747
9 9044 9092 9093 9045 8748
9 9045 9093 9094 9046 8749
9 9046 9094 9095 9047 8750
9 9047 9095 9096 9048 8751
9 9048 9096 9097 9049 8752
9 9049 9097 9098 9050 8753
9 9050 9098 9099 9051 8754
9 9051 9099 9100 9052 8755
9 9052 9100 9101 9053 8756
9 9053 9101 9102 9054 8757
9 9054 9102 9103 9055 8758
9 9055 9103 9104 9056 8759
9 9056 9104 9105 9057 8760
9 9057 9105 9106 9058 8761
9 9058 9106 9107 9059 8762
9 9059 9107 9108 9060 8763
9 9060 9108 9109 9061 8764
9 9061 9109 9110 9062 8765
9 9062 9110 9111 9063 8766
9 9063 9111 9112 9064 8767
9 9064 9112 9113 9065 8768
9 9065 9113 9114 9066 8769
9 9066 9114 9115 9067 8770
9 9067 9115 9116 9068 8771
9 9068 9116 9117 9069 8772
9 9069 9117 9118 9070 8773
9 9070 9118 9119 9071 8774
9 9071 9119 9120 9072 8775
9 9072 9120 9121 9073 8776
9 9073 9121 9122 9074 8777
9 9074 9122 9123 9075 8778
9 9075 9123 9124 9076 8779
9 9076 9124 9125 9077 8780
9 9077 9125 9126 9078 8781
9 9078 9126 9127 9079 8782
9 9079 9127 9128 9080 8783
9 9080 9128 9129 9081 8784
9 9081 9129 9130 9082 8785
9 9082 9130 9131 9083 8786
9 9083 9131 9132 9084 8787
9 9084 9132 9133 9085 8788
9 9085 9133 9134 9086 8789
9 9086 9134 9135 9087 8790
9 9087 9135 9136 9088 8791
9 9088 9136 9137 9089 8792
9 9089 9137 9138 9090 8793
9 9090 9138 574 573 8794
9 322 323 9139 9091 8795
9 9091 9139 9140 9092 8796
9 9092 9140 9141 9093 8797
9 9093 9141 9142 9094 8798
9 9094 9142 9143 9095 8799
9 9095 9143 9144 9096 8800
9 9096 9144 9145 9097 8801
9 9097 9145 9146 9098 8802
9 9098 9146 9147 9099 8803
9 9099 9147 9148 9100 8804
9 9100 9148 9149 9101 8805
9 9101 9149 9150 9102 8806
9 9102 9150 9151 9103 8807
9 9103 9151 9152 9104 8808
9 9104 9152 9153 9105 8809
9 9105 9153 9154 9106 8810
9 9106 9154 9155 9107 8811
9 9107 9155 9156 9108 8812
9 9108 9156 9157 9109 8813
9 9109 9157 9158 9110 8814
9 9110 9158 9159 9111 8815
9 9111 9159 9160 9112 8816
9 9112 9160 9161 9113 8817
9 9113 9161 9162 9114 8818
9 9114 9162 9163 9115 8819
9 9115 9163 9164 9116 8820
9 9116 9164 9165 9117 8821
9 9117 9165 9166 9118 8822
9 9118 9166 9167 9119 8823
9 9119 9167 9168 9120 8824
9 9120 9168 9169 9121 8825
9 9121 9169 9170 9122 8826
9 9122 9170 9171 9123 8827
9 9123 9171 9172 9124 8828
9 9124 9172 9173 9125 8829
9 9125 9173 9174 9126 8830
9 9126 9174 9175 9127 8831
9 9127 9175 9176 9128 8832
9 9128 9176 9177 9129 8833
9 9129 9177 9178 9130 8834
9 9130 9178 9179 9131 8835
9 9131 9179 9180 9132 8836
9 9132 9180 9181 9133 8837
9 9133 9181 9182 9134 8838
9 9134 9182 9183 9135 8839
9 9135 9183 9184 9136 8840
9 9136 9184 9185 9137 8841
9 9137 9185 9186 9138 8842
9 9138 9186 575 574 8843
9 323 324 9187 9139 8844
9 9139 9187 9188 9140 8845
9 9140 9188 9189 9141 8846
9 9141 9189 9190 9142 8847
9 9142 9190 9191 9143 8848
9 9143 9191 9192 9144 8849
9 9144 9192 9193 9145 8850
9 9145 9193 9194 9146 8851
9 9146 9194 9195 9147 8852
9 9147 9195 9196 9148 8853
9 9148 9196 9197 9149 8854
9 9149 9197 9198 9150 8855
9 9150 9198 9199 9151 8856
9 9151 9199 9200 9152 8857
9 9152 9200 9201 9153 8858
9 9153 9201 9202 9154 8859
9 9154 9202 9203 9155 8860
9 9155 9203 9204 9156 8861
9 9156 9204 9205 9157 8862
9 9157 9205 9206 9158 8863
9 9158 9206 9207 9159 8864
9 9159 9207 9208 9160 8865
9 9160 9208 9209 9161 8866
9 9161 9209 9210 9162 8867
9 9162 9210 9211 9163 8868
9 9163 9211 9212 9164 8869
9 9164 9212 9213 9165 8870
9 9165 9213 9214 9166 8871
9 9166 9214 9215 9167 8872
9 9167 9215 9216 9168 8873
9 9168 9216 9217 9169 8874
9 9169 9217 9218 9170 8875
9 9170 9218 9219 9171 8876
9 9171 9219 9220 9172 8877
9 9172 9220 9221 9173 8878
9 9173 9221 9222 9174 8879
9 9174 9222 9223 9175 8880
9 9175 9223 9224 9176 8881
9 9176 9224 9225 9177 8882
9 9177 9225 9226 9178 8883
9 9178 9226 9227 9179 8884
9 9179 9227 9228 9180 8885
9 9180 9228 9229 9181 8886
9 9181 9229 9230 9182 8887
9 9182 9230 9231 9183 8888
9 9183 9231 9232 9184 8889
9 9184 9232 9233 9185 8890
9 9185 9233 9234 9186 8891
9 9186 9234 576 575 8892
9 324 325 9235 9187 8893
9 9187 9235 9236 9188 8894
9 9188 9236 9237 9189 8895
9 9189 9237 9238 9190 8896
9 9190 9238 9239 9191 8897
9 9191 9239 9240 9192 8898
9 9192 9240 9241 9193 8899
9 9193 9241 9242 9194 8900
9 9194 9242 9243 9195 8901
9 9195 9243 9244 9196 8902
9 9196 9244 9245 9197 8903
9 9197 9245 9246 9198 8904
9 9198 9246 9247 9199 8905
9 9199 9247 9248 9200 8906
9 9200 9248 9249 9201 8907
9 9201 9249 9250 9202 8908
9 9202 9250 9251 9203 8909
9 9203 9251 9252 9204 8910
9 9204 9252 9253 9205 8911
9 9205 9253 9254 9206 8912
9 9206 9254 9255 9207 8913
9 9207 9255 9256 9208 8914
9 9208 9256 9257 9209 8915
9 9209 9257 9258 9210 8916
9 9210 9258 9259 9211 8917
9 9211 9259 9260 9212 8918
9 9212 9260 9261 9213 8919
9 9213 9261 9262 9214 8920
9 9214 9262 9263 9215 8921
9 9215 9263 9264 9216 8922
9 9216 9264 9265 9217 8923
9 9217 9265 9266 9218 8924
9 9218 9266 9267 9219 8925
9 9219 9267 9268 9220 8926
9 9220 9268 9269 9221 8927
9 9221 9269 9270 9222 8928
9 9222 9270 9271 9223 8929
9 9223 9271 9272 9224 8930
9 9224 9272 9273 9225 8931
9 9225 9273 9274 9226 8932
9 9226 9274 9275 9227 8933
9 9227 9275 9276 9228 8934
9 9228 9276 9277 9229 8935
9 9229 9277 9278 9230 8936
9 9230 9278 9279 9231 8937
9 9231 9279 9280 9232 8938
9 9232 9280 9281 9233 8939
9 9233 9281 9282 9234 8940
9 9234 9282 577 576 8941
9 325 326 9283 9235 8942
9 9235 9283 9284 9236 8943
9 9236 9284 9285 9237 8944
9 9237 9285 9286 9238 8945
9 9238 9286 9287 9239 8946
9 9239 9287 9288 9240 8947
9 9240 9288 9289 9241 8948
9 9241 9289 9290 9242 8949
9 9242 9290 9291 9243 8950
9 9243 9291 9292 9244 8951
9 9244 9292 9293 9245 8952
9 9245 9293 9294 9246 8953
9 9246 9294 9295 9247 8954
9 9247 9295 9296 9248 8955
9 9248 9296 9297 9249 8956
9 9249 9297 9298 9250 8957
9 9250 9298 9299 9251 8958
9 9251 9299 9300 9252 8959
9 9252 9300 9301 9253 8960
9 9253 9301 9302 9254 8961
9 9254 9302 9303 9255 8962
9 9255 9303 9304 9256 8963
9 9256 9304 9305 9257 8964
9 9257 9305 9306 9258 8965
9 9258 9306 9307 9259 8966
9 9259 9307 9308 9260 8967
9 9260 9308 9309 9261 8968
9 9261 9309 9310 9262 8969
9 9262 9310 9311 9263 8970
9 9263 9311 9312 9264 8971
9 9264 9312 9313 9265 8972
9 9265 9313 9314 9266 8973
9 9266 9314 9315 9267 8974
9 9267 9315 9316 9268 8975
9 9268 9316 9317 9269 8976
9 9269 9317 9318 9270 8977
9 9270 9318 9319 9271 8978
9 9271 9319 9320 9272 8979
9 9272 9320 9321 9273 8980
9 9273 9321 9322 9274 8981
9 9274 9322 9323 9275 8982
9 9275 9323 9324 9276 8983
9 9276 9324 9325 9277 8984
9 9277 9325 9326 9278 8985
9 9278 9326 9327 9279 8986
9 9279 9327 9328 9280 8987
9 9280 9328 9329 9281 8988
9 9281 9329 9330 9282 8989
9 9282 9330 578 577 8990
9 326 327 9331 9283 8991
9 9283 9331 9332 9284 8992
9 9284 9332 9333 9285 8993
9 9285 9333 9334 9286 8994
9 9286 9334 9335 9287 8995
9 9287 9335 9336 9288 8996
9 9288 9336 9337 9289 8997
9 9289 9337 9338 9290 8998
9 9290 9338 9339 9291 8999
9 9291 9339 9340 9292 9000
9 9292 9340 9341 9293 9001
9 9293 9341 9342 9294 9002
9 9294 9342 9343 9295 9003
9 9295 9343 9344 9296 9004
9 9296 9344 9345 9297 9005
9 9297 9345 9346 9298 9006
9 9298 9346 9347 9299 9007
9 9299 9347 9348 9300 9008
9 9300 9348 9349 9301 9009
9 9301 9349 9350 9302 9010
9 9302 9350 9351 9303 9011
9 9303 9351 9352 9304 9012
9 9304 9352 9353 9305 9013
9 9305 9353 9354 9306 9014
9 9306 9354 9355 9307 9015
9 9307 9355 9356 9308 9016
9 9308 9356 9357 9309 9017
9 9309 9357 9358 9310 9018
9 9310 9358 9359 9311 9019
9 9311 9359 9360 9312 9020
9 9312 9360 9361 9313 9021
9 9313 9361 9362 9314 9022
9 9314 9362 9363 9315 9023
9 9315 9363 9364 9316 9024
9 9316 9364 9365 9317 9025
9 9317 9365 9366 9318 9026
9 9318 9366 9367 9319 9027
9 9319 9367 9368 9320 9028
9 9320 9368 9369 9321 9029
9 9321 9369 9370 9322 9030
9 9322 9370 9371 9323 9031
9 9323 9371 9372 9324 9032
9 9324 9372 9373 9325 9033
9 9325 9373 9374 9326 9034
9 9326 9374 9375 9327 9035
9 9327 9375 9376 9328 9036
9 9328 9376 9377 9329 9037
9 9329 9377 9378 9330 9038
9 9330 9378 579 578 9039
9 327 328 9379 9331 9040
9 9331 9379 9380 9332 9041
9 9332 9380 9381 9333 9042
9 9333 9381 9382 9334 9043
9 9334 9382 9383 9335 9044
9 9335 9383 9384 9336 9045
9 9336 9384 9385 9337 9046
9 9337 9385 9386 9338 9047
9 9338 9386 9387 9339 9048
9 9339 9387 9388 9340 9049
9 9340 9388 9389 9341 9050
9 9341 9389 9390 9342 9051
9 9342 9390 9391 9343 9052
9 9343 9391 9392 9344 9053
9 9344 9392 9393 9345 9054
9 9345 9393 9394 9346 9055
9 9346 9394 9395 9347 9056
9 9347 9395 9396 9348 9057
9 9348 9396 9397 9349 9058
9 9349 9397 9398 9350 9059
9 9350 9398 9399 9351 9060
9 9351 9399 9400 9352 9061
9 9352 9400 9401 9353 9062
9 9353 9401 9402 9354 9063
9 9354 9402 9403 9355 9064
9 9355 9403 9404 9356 9065
9 9356 9404 9405 9357 9066
9 9357 9405 9406 9358 9067
9 9358 9406 9407 9359 9068
9 9359 9407 9408 9360 9069
9 9360 9408 9409 9361 9070
9 9361 9409 9410 9362 9071
9 9362 9410 9411 9363 9072
9 9363 9411 9412 9364 9073
9 9364 9412 9413 9365 9074
9 9365 9413 9414 9366 9075
9 9366 9414 9415 9367 9076
9 9367 9415 9416 9368 9077
9 9368 9416 9417 9369 9078
9 9369 9417 9418 9370 9079
9 9370 9418 9419 9371 9080
9 9371 9419 9420 9372 9081
9 9372 9420 9421 9373 9082
9 9373 9421 9422 9374 9083
9 9374 9422 9423 9375 9084
9 9375 9423 9424 9376 9085
9 9376 9424 9425 9377 9086
9 9377 9425 9426 9378 9087
9 9378 9426 580 579 9088
9 328 329 9427 9379 9089
9 9379 9427 9428 9380 9090
9 9380 9428 9429 9381 9091
9 9381 9429 9430 9382 9092
9 9382 9430 9431 9383 9093
9 9383 9431 9432 9384 9094
9 9384 9432 9433 9385 9095
9 9385 9433 9434 9386 9096
9 9386 9434 9435 9387 9097
9 9387 9435 9436 9388 9098
9 9388 9436 9437 9389 9099
9 9389 9437 9438 9390 9100
9 9390 9438 9439 9391 9101
9 9391 9439 9440 9392 9102
9 9392 9440 9441 9393 9103
9 9393 9441 9442 9394 9104
9 9394 9442 9443 9395 9105
9 9395 9443 9444 9396 9106
9 9396 9444 9445 9397 9107
9 9397 9445 9446 9398 9108
9 9398 9446 9447 9399 9109
9 9399 9447 9448 9400 9110
9 9400 9448 9449 9401 9111
9 9401 9449 9450 9402 9112
9 9402 9450 9451 9403 9113
9 9403 9451 9452 9404 9114
9 9404 9452 9453 9405 9115
9 9405 9453 9454 9406 9116
9 9406 9454 9455 9407 9117
9 9407 9455 9456 9408 9118
9 9408 9456 9457 9409 9119
9 9409 9457 9458 9410 9120
9 9410 9458 9459 9411 9121
9 9411 9459 9460 9412 9122
9 9412 9460 9461 9413 9123
9 9413 9461 9462 9414 9124
9 9414 9462 9463 9415 9125
9 9415 9463 9464 9416 9126
9 9416 9464 9465 9417 9127
9 9417 9465 9466 9418 9128
9 9418 9466 9467 9419 9129
9 9419 9467 9468 9420 9130
9 9420 9468 9469 9421 9131
9 9421 9469 9470 9422 9132
9 9422 9470 9471 9423 9133
9 9423 9471 9472 9424 9134
9 9424 9472 9473 9425 9135
9 9425 9473 9474 9426 9136
9 9426 9474 581 580 9137
9 329 330 9475 9427 9138
9 9427 9475 9476 9428 9139
9 9428 9476 9477 9429 9140
9 9429 9477 9478 9430 9141
9 9430 9478 9479 9431 9142
9 9431 9479 9480 9432 9143
9 9432 9480 9481 9433 9144
9 9433 9481 9482 9434 9145
9 9434 9482 9483 9435 9146
9 9435 9483 9484 9436 9147
9 9436 9484 9485 9437 9148
9 9437 9485 9486 9438 9149
9 9438 9486 9487 9439 9150
9 9439 9487 9488 9440 9151
9 9440 9488 9489 9441 9152
9 9441 9489 9490 9442 9153
9 9442 9490 9491 9443 9154
9 9443 9491 9492 9444 9155
9 9444 9492 9493 9445 9156
9 9445 9493 9494 9446 9157
9 9446 9494 9495 9447 9158
9 9447 9495 9496 9448 9159
9 9448 9496 9497 9449 9160
9 9449 9497 9498 9450 9161
9 9450 9498 9499 9451 9162
9 9451 9499 9500 9452 9163
9 9452 9500 9501 9453 9164
9 9453 9501 9502 9454 9165
9 9454 9502 9503 9455 9166
9 9455 9503 9504 9456 9167
9 9456 9504 9505 9457 9168
9 9457 9505 9506 9458 9169
9 9458 9506 9507 9459 9170
9 9459 9507 9508 9460 9171
9 9460 9508 9509 9461 9172
9 9461 9509 9510 9462 9173
9 9462 9510 9511 9463 9174
9 9463 9511 9512 9464 9175
9 9464 9512 9513 9465 9176
9 9465 9513 9514 9466 9177
9 9466 9514 9515 9467 9178
9 9467 9515 9516 9468 9179
9 9468 9516 9517 9469 9180
9 9469 9517 9518 9470 9181
9 9470 9518 9519 9471 9182
9 9471 9519 9520 9472 9183
9 9472 9520 9521 9473 9184
9 9473 9521 9522 9474 9185
9 9474 9522 582 581 9186
9 330 331 9523 9475 9187
9 9475 9523 9524 9476 9188
9 9476 9524 9525 9477 9189
9 9477 9525 9526 9478 9190
9 9478 9526 9527 9479 9191
9 9479 9527 9528 9480 9192
9 9480 9528 9529 9481 9193
9 9481 9529 9530 9482 9194
9 9482 9530 9531 9483 9195
9 9483 9531 9532 9484 9196
9 9484 9532 9533 9485 9197
9 9485 9533 9534 9486 9198
9 9486 9534 9535 9487 9199
9 9487 9535 9536 9488 9200
9 9488 9536 9537 9489 9201
9 9489 9537 9538 9490 9202
9 9490 9538 9539 9491 9203
9 9491 9539 9540 9492 9204
9 9492 9540 9541 9493 9205
9 9493 9541 9542 9494 9206
9 9494 9542 9543 9495 9207
9 9495 9543 9544 9496 9208
9 9496 9544 9545 9497 9209
9 9497 9545 9546 9498 9210
9 9498 9546 9547 9499 9211
9 9499 9547 9548 9500 9212
9 9500 9548 9549 9501 9213
9 9501 9549 9550 9502 9214
9 9502 9550 9551 9503 9215
9 9503 9551 9552 9504 9216
9 9504 9552 9553 9505 9217
9 9505 9553 9554 9506 9218
9 9506 9554 9555 9507 9219
9 9507 9555 9556 9508 9220
9 9508 9556 9557 9509 9221
9 9509 9557 9558 9510 9222
9 9510 9558 9559 9511 9223
9 9511 9559 9560 9512 9224
9 9512 9560 9561 9513 9225
9 9513 9561 9562 9514 9226
9 9514 9562 9563 9515 9227
9 9515 9563 9564 9516 9228
9 9516 9564 9565 9517 9229
9 9517 9565 9566 9518 9230
9 9518 9566 9567 9519 9231
9 9519 9567 9568 9520 9232
9 9520 9568 9569 9521 9233
9 9521 9569 9570 9522 9234
9 9522 9570 583 582 9235
9 331 332 9571 9523 9236
9 9523 9571 9572 9524 9237
9 9524 9572 9573 9525 9238
9 9525 9573 9574 9526 9239
9 9526 9574 9575 9527 9240
9 9527 9575 9576 9528 9241
9 9528 9576 9577 9529 9242
9 9529 9577 9578 9530 9243
9 9530 9578 9579 9531 9244
9 9531 9579 9580 9532 9245
9 9532 9580 9581 9533 9246
9 9533 9581 9582 9534 9247
9 9534 9582 9583 9535 9248
9 9535 9583 9584 9536 9249
9 9536 9584 9585 9537 9250
9 9537 9585 9586 9538 9251
9 9538 9586 9587 9539 9252
9 9539 9587 9588 9540 9253
9 9540 9588 9589 9541 9254
9 9541 9589 9590 9542 9255
9 9542 9590 9591 9543 9256
9 9543 9591 9592 9544 9257
9 9544 9592 9593 9545 9258
9 9545 9593 9594 9546 9259
9 9546 9594 9595 9547 9260
9 9547 9595 9596 9548 9261
9 9548 9596 9597 9549 9262
9 9549 9597 9598 9550 9263
9 9550 9598 9599 9551 9264
9 9551 9599 9600 9552 9265
9 9552 9600 9601 9553 9266
9 9553 9601 9602 9554 9267
9 9554 9602 9603 9555 9268
9 9555 9603 9604 9556 9269
9 9556 9604 9605 9557 9270
9 9557 9605 9606 9558 9271
9 9558 9606 9607 9559 9272
9 9559 9607 9608 9560 9273
9 9560 9608 9609 9561 9274
9 9561 9609 9610 9562 9275
9 9562 9610 9611 9563 9276
9 9563 9611 9612 9564 9277
9 9564 9612 9613 9565 9278
9 9565 9613 9614 9566 9279
9 9566 9614 9615 9567 9280
9 9567 9615 9616 9568 9281
9 9568 9616 9617 9569 9282
9 9569 9617 9618 9570 9283
9 9570 9618 584 583 9284
9 332 333 9619 9571 9285
9 9571 9619 9620 9572 9286
9 9572 9620 9621 9573 9287
9 9573 9621 9622 9574 9288
9 9574 9622 9623 9575 9289
9 9575 9623 9624 9576 9290
9 9576 9624 9625 9577 9291
9 9577 9625 9626 9578 9292
9 9578 9626 9627 9579 9293
9 9579 9627 9628 9580 9294
9 9580 9628 9629 9581 9295
9 9581 9629 9630 9582 9296
9 9582 9630 9631 9583 9297
9 9583 9631 9632 9584 9298
9 9584 9632 9633 9585 9299
9 9585 9633 9634 9586 9300
9 9586 9634 9635 9587 9301
9 9587 9635 9636 9588 9302
9 9588 9636 9637 9589 9303
9 9589 9637 9638 9590 9304
9 9590 9638 9639 9591 9305
9 9591 9639 9640 9592 9306
9 9592 9640 9641 9593 9307
9 9593 9641 9642 9594 9308
9 9594 9642 9643 9595 9309
9 9595 9643 9644 9596 9310
9 9596 9644 9645 9597 9311
9 9597 9645 9646 9598 9312
9 9598 9646 9647 9599 9313
9 9599 9647 9648 9600 9314
9 9600 9648 9649 9601 9315
9 9601 9649 9650 9602 9316
9 9602 9650 9651 9603 9317
9 9603 9651 9652 9604 9318
9 9604 9652 9653 9605 9319
9 9605 9653 9654 9606 9320
9 9606 9654 9655 9607 9321
9 9607 9655 9656 9608 9322
9 9608 9656 9657 9609 9323
9 9609 9657 9658 9610 9324
9 9610 9658 9659 9611 9325
9 9611 9659 9660 9612 9326
9 9612 9660 9661 9613 9327
9 9613 9661 9662 9614 9328
9 9614 9662 9663 9615 9329
9 9615 9663 9664 9616 9330
9 9616 9664 9665 9617 9331
9 9617 9665 9666 9618 9332
9 9618 9666 585 584 9333
9 333 334 9667 9619 9334
9 9619 9667 9668 9620 9335
9 9620 9668 9669 9621 9336
9 9621 9669 9670 9622 9337
9 9622 9670 9671 9623 9338
9 9623 9671 9672 9624 9339
9 9624 9672 9673 9625 9340
9 9625 9673 9674 9626 9341
9 9626 9674 9675 9627 9342
9 9627 9675 9676 9628 9343
9 9628 9676 9677 9629 9344
9 9629 9677 9678 9630 9345
9 9630 9678 9679 9631 9346
9 9631 9679 9680 9632 9347
9 9632 9680 9681 9633 9348
9 9633 9681 9682 9634 9349
9 9634 9682 9683 9635 9350
9 9635 9683 9684 9636 9351
9 9636 9684 9685 9637 9352
9 9637 9685 9686 9638 9353
9 9638 9686 9687 9639 9354
9 9639 9687 9688 9640 9355
9 9640 9688 9689 9641 9356
9 9641 9689 9690 9642 9357
9 9642 9690 9691 9643 9358
9 9643 9691 9692 9644 9359
9 9644 9692 9693 9645 9360
9 9645 9693 9694 9646 9361
9 9646 9694 9695 9647 9362
9 9647 9695 9696 9648 9363
9 9648 9696 9697 9649 9364
9 9649 9697 9698 9650 9365
9 9650 9698 9699 9651 9366
9 9651 9699 9700 9652 9367
9 9652 9700 9701 9653 9368
9 9653 9701 9702 9654 9369
9 9654 9702 9703 9655 9370
9 9655 9703 9704 9656 9371
9 9656 9704 9705 9657 9372
9 9657 9705 9706 9658 9373
9 9658 9706 9707 9659 9374
9 9659 9707 9708 9660 9375
9 9660 9708 9709 9661 9376
9 9661 9709 9710 9662 9377
9 9662 9710 9711 9663 9378
9 9663 9711 9712 9664 9379
9 9664 9712 9713 9665 9380
9 9665 9713 9714 9666 9381
9 9666 9714 586 585 9382
9 334 335 9715 9667 9383
9 9667 9715 9716 9668 9384
9 9668 9716 9717 9669 9385
9 9669 9717 9718 9670 9386
9 9670 9718 9719 9671 9387
9 9671 9719 9720 9672 9388
9 9672 9720 9721 9673 9389
9 9673 9721 9722 9674 9390
9 9674 9722 9723 9675 9391
9 9675 9723 9724 9676 9392
9 9676 9724 9725 9677 9393
9 9677 9725 9726 9678 9394
9 9678 9726 9727 9679 9395
9 9679 9727 9728 9680 9396
9 9680 9728 9729 9681 9397
9 9681 9729 9730 9682 9398
9 9682 9730 9731 9683 9399
9 9683 9731 9732 9684 9400
9 9684 9732 9733 9685 9401
9 9685 9733 9734 9686 9402
9 9686 9734 9735 9687 9403
9 9687 9735 9736 9688 9404
9 9688 9736 9737 9689 9405
9 9689 9737 9738 9690 9406
9 9690 9738 9739 9691 9407
9 9691 9739 9740 9692 9408
9 9692 9740 9741 9693 9409
9 9693 9741 9742 9694 9410
9 9694 9742 9743 9695 9411
9 9695 9743 9744 9696 9412
9 9696 9744 9745 9697 9413
9 9697 9745 9746 9698 9414
9 9698 9746 9747 9699 9415
9 9699 9747 9748 9700 9416
9 9700 9748 9749 9701 9417
9 9701 9749 9750 9702 9418
9 9702 9750 9751 9703 9419
9 9703 9751 9752 9704 9420
9 9704 9752 9753 9705 9421
9 9705 9753 9754 9706 9422
9 9706 9754 9755 9707 9423
9 9707 9755 9756 9708 9424
9 9708 9756 9757 9709 9425
9 9709 9757 9758 9710 9426
9 9710 9758 9759 9711 9427
9 9711 9759 9760 9712 9428
9 9712 9760 9761 9713 9429
9 9713 9761 9762 9714 9430
9 9714 9762 587 586 9431
9 335 336 9763 9715 9432
9 9715 9763 9764 9716 9433
9 9716 9764 9765 9717 9434
9 9717 9765 9766 9718 9435
9 9718 9766 9767 9719 9436
9 9719 9767 9768 9720 9437
9 9720 9768 9769 9721 9438
9 9721 9769 9770 9722 9439
9 9722 9770 9771 9723 9440
9 9723 9771 9772 9724 9441
9 9724 9772 9773 9725 9442
9 9725 9773 9774 9726 9443
9 9726 9774 9775 9727 9444
9 9727 9775 9776 9728 9445
9 9728 9776 9777 9729 9446
9 9729 9777 9778 9730 9447
9 9730 9778 9779 9731 9448
9 9731 9779 9780 9732 9449
9 9732 9780 9781 9733 9450
9 9733 9781 9782 9734 9451
9 9734 9782 9783 9735 9452
9 9735 9783 9784 9736 9453
9 9736 9784 9785 9737 9454
9 9737 9785 9786 9738 9455
9 9738 9786 9787 9739 9456
9 9739 9787 9788 9740 9457
9 9740 9788 9789 9741 9458
9 9741 9789 9790 9742 9459
9 9742 9790 9791 9743 9460
9 9743 9791 9792 9744 9461
9 9744 9792 9793 9745 9462
9 9745 9793 9794 9746 9463
9 9746 9794 9795 9747 9464
9 9747 9795 9796 9748 9465
9 9748 9796 9797 9749 9466
9 9749 9797 9798 9750 9467
9 9750 9798 9799 9751 9468
9 9751 9799 9800 9752 9469
9 9752 9800 9801 9753 9470
9 9753 9801 9802 9754 9471
9 9754 9802 9803 9755 9472
9 9755 9803 9804 9756 9473
9 9756 9804 9805 9757 9474
9 9757 9805 9806 9758 9475
9 9758 9806 9807 9759 9476
9 9759 9807 9808 9760 9477
9 9760 9808 9809 9761 9478
9 9761 9809 9810 9762 9479
9 9762 9810 588 587 9480
9 336 337 9811 9763 9481
9 9763 9811 9812 9764 9482
9 9764 9812 9813 9765 9483
9 9765 9813 9814 9766 9484
9 9766 9814 9815 9767 9485
9 9767 9815 9816 9768 9486
9 9768 9816 9817 9769 9487
9 9769 9817 9818 9770 9488
9 9770 9818 9819 9771 9489
9 9771 9819 9820 9772 9490
9 9772 9820 9821 9773 9491
9 9773 9821 9822 9774 9492
9 9774 9822 9823 9775 9493
9 9775 9823 9824 9776 9494
9 9776 9824 9825 9777 9495
9 9777 9825 9826 9778 9496
9 9778 9826 9827 9779 9497
9 9779 9827 9828 9780 9498
9 9780 9828 9829 9781 9499
9 9781 9829 9830 9782 9500
9 9782 9830 9831 9783 9501
9 9783 9831 9832 9784 9502
9 9784 9832 9833 9785 9503
9 9785 9833 9834 9786 9504
9 9786 9834 9835 9787 9505
9 9787 9835 9836 9788 9506
9 9788 9836 9837 9789 9507
9 9789 9837 9838 9790 9508
9 9790 9838 9839 9791 9509
9 9791 9839 9840 9792 9510
9 9792 9840 9841 9793 9511
9 9793 9841 9842 9794 9512
9 9794 9842 9843 9795 9513
9 9795 9843 9844 9796 9514
9 9796 9844 9845 9797 9515
9 9797 9845 9846 9798 9516
9 9798 9846 9847 9799 9517
9 9799 9847 9848 9800 9518
9 9800 9848 9849 9801 9519
9 9801 9849 9850 9802 9520
9 9802 9850 9851 9803 9521
9 9803 9851 9852 9804 9522
9 9804 9852 9853 9805 9523
9 9805 9853 9854 9806 9524
9 9806 9854 9855 9807 9525
9 9807 9855 9856 9808 9526
9 9808 9856 9857 9809 9527
9 9809 9857 9858 9810 9528
9 9810 9858 589 588 9529
9 337 338 9859 9811 9530
9 9811 9859 9860 9812 9531
9 9812 9860 9861 9813 9532
9 9813 9861 9862 9814 9533
9 9814 9862 9863 9815 9534
9 9815 9863 9864 9816 9535
9 9816 9864 9865 9817 9536
9 9817 9865 9866 9818 9537
9 9818 9866 9867 9819 9538
9 9819 9867 9868 9820 9539
9 9820 9868 9869 9821 9540
9 9821 9869 9870 9822 9541
9 9822 9870 9871 9823 9542
9 9823 9871 9872 9824 9543
9 9824 9872 9873 9825 9544
9 9825 9873 9874 9826 9545
9 9826 9874 9875 9827 9546
9 9827 9875 9876 9828 9547
9 9828 9876 9877 9829 9548
9 9829 9877 9878 9830 9549
9 9830 9878 9879 9831 9550
9 9831 9879 9880 9832 9551
9 9832 9880 9881 9833 9552
9 9833 9881 9882 9834 9553
9 9834 9882 9883 9835 9554
9 9835 9883 9884 9836 9555
9 9836 9884 9885 9837 9556
9 9837 9885 9886 9838 9557
9 9838 9886 9887 9839 9558
9 9839 9887 9888 9840 9559
9 9840 9888 9889 9841 9560
9 9841 9889 9890 9842 9561
9 9842 9890 9891 9843 9562
9 9843 9891 9892 9844 9563
9 9844 9892 9893 9845 9564
9 9845 9893 9894 9846 9565
9 9846 9894 9895 9847 9566
9 9847 9895 9896 9848 9567
9 9848 9896 9897 9849 9568
9 9849 9897 9898 9850 9569
9 9850 9898 9899 9851 9570
9 9851 9899 9900 9852 9571
9 9852 9900 9901 9853 9572
9 9853 9901 9902 9854 9573
9 9854 9902 9903 9855 9574
9 9855 9903 9904 9856 9575
9 9856 9904 9905 9857 9576
9 9857 9905 9906 9858 9577
9 9858 9906 590 589 9578
9 338 339 9907 9859 9579
9 9859 9907 9908 9860 9580
9 9860 9908 9909 9861 9581
9 9861 9909 9910 9862 9582
9 9862 9910 9911 9863 9583
9 9863 9911 9912 9864 9584
9 9864 9912 9913 9865 9585
9 9865 9913 9914 9866 9586
9 9866 9914 9915 9867 9587
9 9867 9915 9916 9868 9588
9 9868 9916 9917 9869 9589
9 9869 9917 9918 9870 9590
9 9870 9918 9919 9871 9591
9 9871 9919 9920 9872 9592
9 9872 9920 9921 9873 9593
9 9873 9921 9922 9874 9594
9 9874 9922 9923 9875 9595
9 9875 9923 9924 9876 9596
9 9876 9924 9925 9877 9597
9 9877 9925 9926 9878 9598
9 9878 9926 9927 9879 9599
9 9879 9927 9928 9880 9600
9 9880 9928 9929 9881 9601
9 9881 9929 9930 9882 9602
9 9882 9930 9931 9883 9603
9 9883 9931 9932 9884 9604
9 9884 9932 9933 9885 9605
9 9885 9933 9934 9886 9606
9 9886 9934 9935 9887 9607
9 9887 9935 9936 9888 9608
9 9888 9936 9937 9889 9609
9 9889 9937 9938 9890 9610
9 9890 9938 9939 9891 9611
9 9891 9939 9940 9892 9612
9 9892 9940 9941 9893 9613
9 9893 9941 9942 9894 9614
9 9894 9942 9943 9895 9615
9 9895 9943 9944 9896 9616
9 9896 9944 9945 9897 9617
9 9897 9945 9946 9898 9618
9 9898 9946 9947 9899 9619
9 9899 9947 9948 9900 9620
9 9900 9948 9949 9901 9621
9 9901 9949 9950 9902 9622
9 9902 9950 9951 9903 9623
9 9903 9951 9952 9904 9624
9 9904 9952 9953 9905 9625
9 9905 9953 9954 9906 9626
9 9906 9954 591 590 9627
9 339 340 9955 9907 9628
9 9907 9955 9956 9908 9629
9 9908 9956 9957 9909 9630
9 9909 9957 9958 9910 9631
9 9910 9958 9959 9911 9632
9 9911 9959 9960 9912 9633
9 9912 9960 9961 9913 9634
9 9913 9961 9962 9914 9635
9 9914 9962 9963 9915 9636
9 9915 9963 9964 9916 9637
9 9916 9964 9965 9917 9638
9 9917 9965 9966 9918 9639
9 9918 9966 9967 9919 9640
9 9919 9967 9968 9920 9641
9 9920 9968 9969 9921 9642
9 9921 9969 9970 9922 9643
9 9922 9970 9971 9923 9644
9 9923 9971 9972 9924 9645
9 9924 9972 9973 9925 9646
9 9925 9973 9974 9926 9647
9 9926 9974 9975 9927 9648
9 9927 9975 9976 9928 9649
9 9928 9976 9977 9929 9650
9 9929 9977 9978 9930 9651
9 9930 9978 9979 9931 9652
9 9931 9979 9980 9932 9653
9 9932 9980 9981 9933 9654
9 9933 9981 9982 9934 9655
9 9934 9982 9983 9935 9656
9 9935 9983 9984 9936 9657
9 9936 9984 9985 9937 9658
9 9937 9985 9986 9938 9659
9 9938 9986 9987 9939 9660
9 9939 9987 9988 9940 9661
9 9940 9988 9989 9941 9662
9 9941 9989 9990 9942 9663
9 9942 9990 9991 9943 9664
9 9943 9991 9992 9944 9665
9 9944 9992 9993 9945 9666
9 9945 9993 9994 9946 9667
9 9946 9994 9995 9947 9668
9 9947 9995 9996 9948 9669
9 9948 9996 9997 9949 9670
9 9949 9997 9998 9950 9671
9 9950 9998 9999 9951 9672
9 9951 9999 10000 9952 9673
9 9952 10000 10001 9953 9674
9 9953 10001 10002 9954 9675
9 9954 10002 592 591 9676
9 340 341 10003 9955 9677
9 9955 10003 10004 9956 9678
9 9956 10004 10005 9957 9679
9 9957 10005 10006 9958 9680
9 9958 10006 10007 9959 9681
9 9959 10007 10008 9960 9682
9 9960 10008 10009 9961 9683
9 9961 10009 10010 9962 9684
9 9962 10010 10011 9963 9685
9 9963 10011 10012 9964 9686
9 9964 10012 10013 9965 9687
9 9965 10013 10014 9966 9688
9 9966 10014 10015 9967 9689
9 9967 10015 10016 9968 9690
9 9968 10016 10017 9969 9691
9 9969 10017 10018 9970 9692
9 9970 10018 10019 9971 9693
9 9971 10019 10020 9972 9694
9 9972 10020 10021 9973 9695
9 9973 10021 10022 9974 9696
9 9974 10022 10023 9975 9697
9 9975 10023 10024 9976 9698
9 9976 10024 10025 9977 9699
9 9977 10025 10026 9978 9700
9 9978 10026 10027 9979 9701
9 9979 10027 10028 9980 9702
9 9980 10028 10029 9981 9703
9 9981 10029 10030 9982 9704
9 9982 10030 10031 9983 9705
9 9983 10031 10032 9984 9706
9 9984 10032 10033 9985 9707
9 9985 10033 10034 9986 9708
9 9986 10034 10035 9987 9709
9 9987 10035 10036 9988 9710
9 9988 10036 10037 9989 9711
9 9989 10037 10038 9990 9712
9 9990 10038 10039 9991 9713
9 9991 10039 10040 9992 9714
9 9992 10040 10041 9993 9715
9 9993 10041 10042 9994 9716
9 9994 10042 10043 9995 9717
9 9995 10043 10044 9996 9718
9 9996 10044 10045 9997 9719
9 9997 10045 10046 9998 9720
9 9998 10046 10047 9999 9721
9 9999 10047 10048 10000 9722
9 10000 10048 10049 10001 9723
9 10001 10049 10050 10002 9724
9 10002 10050 593 592 9725
9 341 342 10051 10003 9726
9 10003 10051 10052 10004 9727
9 10004 10052 10053 10005 9728
9 10005 10053 10054 10006 9729
9 10006 10054 10055 10007 9730
9 10007 10055 10056 10008 9731
9 10008 10056 10057 10009 9732
9 10009 10057 10058 10010 9733
9 10010 10058 10059 10011 9734
9 10011 10059 10060 10012 9735
9 10012 10060 10061 10013 9736
9 10013 10061 10062 10014 9737
9 10014 10062 10063 10015 9738
9 10015 10063 10064 10016 9739
9 10016 10064 10065 10017 9740
9 10017 10065 10066 10018 9741
9 10018 10066 10067 10019 9742
9 10019 10067 10068 10020 9743
9 10020 10068 10069 10021 9744
9 10021 10069 10070 10022 9745
9 10022 10070 10071 10023 9746
9 10023 10071 10072 10024 9747
9 10024 10072 10073 10025 9748
9 10025 10073 10074 10026 9749
9 10026 10074 10075 10027 9750
9 10027 10075 10076 10028 9751
9 10028 10076 10077 10029 9752
9 10029 10077 10078 10030 9753
9 10030 10078 10079 10031 9754
9 10031 10079 10080 10032 9755
9 10032 10080 10081 10033 9756
9 10033 10081 10082 10034 9757
9 10034 10082 10083 10035 9758
9 10035 10083 10084 10036 9759
9 10036 10084 10085 10037 9760
9 10037 10085 10086 10038 9761
9 10038 10086 10087 10039 9762
9 10039 10087 10088 10040 9763
9 10040 10088 10089 10041 9764
9 10041 10089 10090 10042 9765
9 10042 10090 10091 10043 9766
9 10043 10091 10092 10044 9767
9 10044 10092 10093 10045 9768
9 10045 10093 10094 10046 9769
9 10046 10094 10095 10047 9770
9 10047 10095 10096 10048 9771
9 10048 10096 10097 10049 9772
9 10049 10097 10098 10050 9773
9 10050 10098 594 593 9774
9 342 343 10099 10051 9775
9 10051 10099 10100 10052 9776
9 10052 10100 10101 10053 9777
9 10053 10101 10102 10054 9778
9 10054 10102 10103 10055 9779
9 10055 10103 10104 10056 9780
9 10056 10104 10105 10057 9781
9 10057 10105 10106 10058 9782
9 10058 10106 10107 10059 9783
9 10059 10107 10108 10060 9784
9 10060 10108 10109 10061 9785
9 10061 10109 10110 10062 9786
9 10062 10110 10111 10063 9787
9 10063 10111 10112 10064 9788
9 10064 10112 10113 10065 9789
9 10065 10113 10114 10066 9790
9 10066 10114 10115 10067 9791
9 10067 10115 10116 10068 9792
9 10068 10116 10117 10069 9793
9 10069 10117 10118 10070 9794
9 10070 10118 10119 10071 9795
9 10071 10119 10120 10072 9796
9 10072 10120 10121 10073 9797
9 10073 10121 10122 10074 9798
9 10074 10122 10123 10075 9799
9 10075 10123 10124 10076 9800
9 10076 10124 10125 10077 9801
9 10077 10125 10126 10078 9802
9 10078 10126 10127 10079 9803
9 10079 10127 10128 10080 9804
9 10080 10128 10129 10081 9805
9 10081 10129 10130 10082 9806
9 10082 10130 10131 10083 9807
9 10083 10131 10132 10084 9808
9 10084 10132 10133 10085 9809
9 10085 10133 10134 10086 9810
9 10086 10134 10135 10087 9811
9 10087 10135 10136 10088 9812
9 10088 10136 10137 10089 9813
9 10089 10137 10138 10090 9814
9 10090 10138 10139 10091 9815
9 10091 10139 10140 10092 9816
9 10092 10140 10141 10093 9817
9 10093 10141 10142 10094 9818
9 10094 10142 10143 10095 9819
9 10095 10143 10144 10096 9820
9 10096 10144 10145 10097 9821
9 10097 10145 10146 10098 9822
9 10098 10146 595 594 9823
9 343 344 10147 10099 9824
9 10099 10147 10148 10100 9825
9 10100 10148 10149 10101 9826
9 10101 10149 10150 10102 9827
9 10102 10150 10151 10103 9828
9 10103 10151 10152 10104 9829
9 10104 10152 10153 10105 9830
9 10105 10153 10154 10106 9831
9 10106 10154 10155 10107 9832
9 10107 10155 10156 10108 9833
9 10108 10156 10157 10109 9834
9 10109 10157 10158 10110 9835
9 10110 10158 10159 10111 9836
9 10111 10159 10160 10112 9837
9 10112 10160 10161 10113 9838
9 10113 10161 10162 10114 9839
9 10114 10162 10163 10115 9840
9 10115 10163 10164 10116 9841
9 10116 10164 10165 10117 9842
9 10117 10165 10166 10118 9843
9 10118 10166 10167 10119 9844
9 10119 10167 10168 10120 9845
9 10120 10168 10169 10121 9846
9 10121 10169 10170 10122 9847
9 10122 10170 10171 10123 9848
9 10123 10171 10172 10124 9849
9 10124 10172 10173 10125 9850
9 10125 10173 10174 10126 9851
9 10126 10174 10175 10127 9852
9 10127 10175 10176 10128 9853
9 10128 10176 10177 10129 9854
9 10129 10177 10178 10130 9855
9 10130 10178 10179 10131 9856
9 10131 10179 10180 10132 9857
9 10132 10180 10181 10133 9858
9 10133 10181 10182 10134 9859
9 10134 10182 10183 10135 9860
9 10135 10183 10184 10136 9861
9 10136 10184 10185 10137 9862
9 10137 10185 10186 10138 9863
9 10138 10186 10187 10139 9864
9 10139 10187 10188 10140 9865
9 10140 10188 10189 10141 9866
9 10141 10189 10190 10142 9867
9 10142 10190 10191 10143 9868
9 10143 10191 10192 10144 9869
9 10144 10192 10193 10145 9870
9 10145 10193 10194 10146 9871
9 10146 10194 596 595 9872
9 344 345 10195 10147 9873
9 10147 10195 10196 10148 9874
9 10148 10196 10197 10149 9875
9 10149 10197 10198 10150 9876
9 10150 10198 10199 10151 9877
9 10151 10199 10200 10152 9878
9 10152 10200 10201 10153 9879
9 10153 10201 10202 10154 9880
9 10154 10202 10203 10155 9881
9 10155 10203 10204 10156 9882
9 10156 10204 10205 10157 9883
9 10157 10205 10206 10158 9884
9 10158 10206 10207 10159 9885
9 10159 10207 10208 10160 9886
9 10160 10208 10209 10161 9887
9 10161 10209 10210 10162 9888
9 10162 10210 10211 10163 9889
9 10163 10211 10212 10164 9890
9 10164 10212 10213 10165 9891
9 10165 10213 10214 10166 9892
9 10166 10214 10215 10167 9893
9 10167 10215 10216 10168 9894
9 10168 10216 10217 10169 9895
9 10169 10217 10218 10170 9896
9 10170 10218 10219 10171 9897
9 10171 10219 10220 10172 9898
9 10172 10220 10221 10173 9899
9 10173 10221 10222 10174 9900
9 10174 10222 10223 10175 9901
9 10175 10223 10224 10176 9902
9 10176 10224 10225 10177 9903
9 10177 10225 10226 10178 9904
9 10178 10226 10227 10179 9905
9 10179 10227 10228 10180 9906
9 10180 10228 10229 10181 9907
9 10181 10229 10230 10182 9908
9 10182 10230 10231 10183 9909
9 10183 10231 10232 10184 9910
9 10184 10232 10233 10185 9911
9 10185 10233 10234 10186 9912
9 10186 10234 10235 10187 9913
9 10187 10235 10236 10188 9914
9 10188 10236 10237 10189 9915
9 10189 10237 10238 10190 9916
9 10190 10238 10239 10191 9917
9 10191 10239 10240 10192 9918
9 10192 10240 10241 10193 9919
9 10193 10241 10242 10194 9920
9 10194 10242 597 596 9921
9 345 346 10243 10195 9922
9 10195 10243 10244 10196 9923
9 10196 10244 10245 10197 9924
9 10197 10245 10246 10198 9925
9 10198 10246 10247 10199 9926
9 10199 10247 10248 10200 9927
9 10200 10248 10249 10201 9928
9 10201 10249 10250 10202 9929
9 10202 10250 10251 10203 9930
9 10203 10251 10252 10204 9931
9 10204 10252 10253 10205 9932
9 10205 10253 10254 10206 9933
9 10206 10254 10255 10207 9934
9 10207 10255 10256 10208 9935
9 10208 10256 10257 10209 9936
9 10209 10257 10258 10210 9937
9 10210 10258 10259 10211 9938
9 10211 10259 10260 10212 9939
9 10212 10260 10261 10213 9940
9 10213 10261 10262 10214 9941
9 10214 10262 10263 10215 9942
9 10215 10263 10264 10216 9943
9 10216 10264 10265 10217 9944
9 10217 10265 10266 10218 9945
9 10218 10266 10267 10219 9946
9 10219 10267 10268 10220 9947
9 10220 10268 10269 10221 9948
9 10221 10269 10270 10222 9949
9 10222 10270 10271 10223 9950
9 10223 10271 10272 10224 9951
9 10224 10272 10273 10225 9952
9 10225 10273 10274 10226 9953
9 10226 10274 10275 10227 9954
9 10227 10275 10276 10228 9955
9 10228 10276 10277 10229 9956
9 10229 10277 10278 10230 9957
9 10230 10278 10279 10231 9958
9 10231 10279 10280 10232 9959
9 10232 10280 10281 10233 9960
9 10233 10281 10282 10234 9961
9 10234 10282 10283 10235 9962
9 10235 10283 10284 10236 9963
9 10236 10284 10285 10237 9964
9 10237 10285 10286 10238 9965
9 10238 10286 10287 10239 9966
9 10239 10287 10288 10240 9967
9 10240 10288 10289 10241 9968
9 10241 10289 10290 10242 9969
9 10242 10290 598 597 9970
9 346 347 10291 10243 9971
9 10243 10291 10292 10244 9972
9 10244 10292 10293 10245 9973
9 10245 10293 10294 10246 9974
9 10246 10294 10295 10247 9975
9 10247 10295 10296 10248 9976
9 10248 10296 10297 10249 9977
9 10249 10297 10298 10250 9978
9 10250 10298 10299 10251 9979
9 10251 10299 10300 10252 9980
9 10252 10300 10301 10253 9981
9 10253 10301 10302 10254 9982
9 10254 10302 10303 10255 9983
9 10255 10303 10304 10256 9984
9 10256 10304 10305 10257 9985
9 10257 10305 10306 10258 9986
9 10258 10306 10307 10259 9987
9 10259 10307 10308 10260 9988
9 10260 10308 10309 10261 9989
9 10261 10309 10310 10262 9990
9 10262 10310 10311 10263 9991
9 10263 10311 10312 10264 9992
9 10264 10312 10313 10265 9993
9 10265 10313 10314 10266 9994
9 10266 10314 10315 10267 9995
9 10267 10315 10316 10268 9996
9 10268 10316 10317 10269 9997
9 10269 10317 10318 10270 9998
9 10270 10318 10319 10271 9999
9 10271 10319 10320 10272 10000
9 10272 10320 10321 10273 10001
9 10273 10321 10322 10274 10002
9 10274 10322 10323 10275 10003
9 10275 10323 10324 10276 10004
9 10276 10324 10325 10277 10005
9 10277 10325 10326 10278 10006
9 10278 10326 10327 10279 10007
9 10279 10327 10328 10280 10008
9 10280 10328 10329 10281 10009
9 10281 10329 10330 10282 10010
9 10282 10330 10331 10283 10011
9 10283 10331 10332 10284 10012
9 10284 10332 10333 10285 10013
9 10285 10333 10334 10286 10014
9 10286 10334 10335 10287 10015
9 10287 10335 10336 10288 10016
9 10288 10336 10337 10289 10017
9 10289 10337 10338 10290 10018
9 10290 10338 599 598 10019
9 347 348 10339 10291 10020
9 10291 10339 10340 10292 10021
9 10292 10340 10341 10293 10022
9 10293 10341 10342 10294 10023
9 10294 10342 10343 10295 10024
9 10295 10343 10344 10296 10025
9 10296 10344 10345 10297 10026
9 10297 10345 10346 10298 10027
9 10298 10346 10347 10299 10028
9 10299 10347 10348 10300 10029
9 10300 10348 10349 10301 10030
9 10301 10349 10350 10302 10031
9 10302 10350 10351 10303 10032
9 10303 10351 10352 10304 10033
9 10304 10352 10353 10305 10034
9 10305 10353 10354 10306 10035
9 10306 10354 10355 10307 10036
9 10307 10355 10356 10308 10037
9 10308 10356 10357 10309 10038
9 10309 10357 10358 10310 10039
9 10310 10358 10359 10311 10040
9 10311 10359 10360 10312 10041
9 10312 10360 10361 10313 10042
9 10313 10361 10362 10314 10043
9 10314 10362 10363 10315 10044
9 10315 10363 10364 10316 10045
9 10316 10364 10365 10317 10046
9 10317 10365 10366 10318 10047
9 10318 10366 10367 10319 10048
9 10319 10367 10368 10320 10049
9 10320 10368 10369 10321 10050
9 10321 10369 10370 10322 10051
9 10322 10370 10371 10323 10052
9 10323 10371 10372 10324 10053
9 10324 10372 10373 10325 10054
9 10325 10373 10374 10326 10055
9 10326 10374 10375 10327 10056
9 10327 10375 10376 10328 10057
9 10328 10376 10377 10329 10058
9 10329 10377 10378 10330 10059
9 10330 10378 10379 10331 10060
9 10331 10379 10380 10332 10061
9 10332 10380 10381 10333 10062
9 10333 10381 10382 10334 10063
9 10334 10382 10383 10335 10064
9 10335 10383 10384 10336 10065
9 10336 10384 10385 10337 10066
9 10337 10385 10386 10338 10067
9 10338 10386 600 599 10068
9 348 349 10387 10339 10069
9 10339 10387 10388 10340 10070
9 10340 10388 10389 10341 10071
9 10341 10389 10390 10342 10072
9 10342 10390 10391 10343 10073
9 10343 10391 10392 10344 10074
9 10344 10392 10393 10345 10075
9 10345 10393 10394 10346 10076
9 10346 10394 10395 10347 10077
9 10347 10395 10396 10348 10078
9 10348 10396 10397 10349 10079
9 10349 10397 10398 10350 10080
9 10350 10398 10399 10351 10081
9 10351 10399 10400 10352 10082
9 10352 10400 10401 10353 10083
9 10353 10401 10402 10354 10084
9 10354 10402 10403 10355 10085
9 10355 10403 10404 10356 10086
9 10356 10404 10405 10357 10087
9 10357 10405 10406 10358 10088
9 10358 10406 10407 10359 10089
9 10359 10407 10408 10360 10090
9 10360 10408 10409 10361 10091
9 10361 10409 10410 10362 10092
9 10362 10410 10411 10363 10093
9 10363 10411 10412 10364 10094
9 10364 10412 10413 10365 10095
9 10365 10413 10414 10366 10096
9 10366 10414 10415 10367 10097
9 10367 10415 10416 10368 10098
9 10368 10416 10417 10369 10099
9 10369 10417 10418 10370 10100
9 10370 10418 10419 10371 10101
9 10371 10419 10420 10372 10102
9 10372 10420 10421 10373 10103
9 10373 10421 10422 10374 10104
9 10374 10422 10423 10375 10105
9 10375 10423 10424 10376 10106
9 10376 10424 10425 10377 10107
9 10377 10425 10426 10378 10108
9 10378 10426 10427 10379 10109
9 10379 10427 10428 10380 10110
9 10380 10428 10429 10381 10111
9 10381 10429 10430 10382 10112
9 10382 10430 10431 10383 10113
9 10383 10431 10432 10384 10114
9 10384 10432 10433 10385 10115
9 10385 10433 10434 10386 10116
9 10386 10434 601 600 10117
9 349 350 10435 10387 10118
9 10387 10435 10436 10388 10119
9 10388 10436 10437 10389 10120
9 10389 10437 10438 10390 10121
9 10390 10438 10439 10391 10122
9 10391 10439 10440 10392 10123
9 10392 10440 10441 10393 10124
9 10393 10441 10442 10394 10125
9 10394 10442 10443 10395 10126
9 10395 10443 10444 10396 10127
9 10396 10444 10445 10397 10128
9 10397 10445 10446 10398 10129
9 10398 10446 10447 10399 10130
9 10399 10447 10448 10400 10131
9 10400 10448 10449 10401 10132
9 10401 10449 10450 10402 10133
9 10402 10450 10451 10403 10134
9 10403 10451 10452 10404 10135
9 10404 10452 10453 10405 10136
9 10405 10453 10454 10406 10137
9 10406 10454 10455 10407 10138
9 10407 10455 10456 10408 10139
9 10408 10456 10457 10409 10140
9 10409 10457 10458 10410 10141
9 10410 10458 10459 10411 10142
9 10411 10459 10460 10412 10143
9 10412 10460 10461 10413 10144
9 10413 10461 10462 10414 10145
9 10414 10462 10463 10415 10146
9 10415 10463 10464 10416 10147
9 10416 10464 10465 10417 10148
9 10417 10465 10466 10418 10149
9 10418 10466 10467 10419 10150
9 10419 10467 10468 10420 10151
9 10420 10468 10469 10421 10152
9 10421 10469 10470 10422 10153
9 10422 10470 10471 10423 10154
9 10423 10471 10472 10424 10155
9 10424 10472 10473 10425 10156
9 10425 10473 10474 10426 10157
9 10426 10474 10475 10427 10158
9 10427 10475 10476 10428 10159
9 10428 10476 10477 10429 10160
9 10429 10477 10478 10430 10161
9 10430 10478 10479 10431 10162
9 10431 10479 10480 10432 10163
9 10432 10480 10481 10433 10164
9 10433 10481 10482 10434 10165
9 10434 10482 602 601 10166
9 350 351 10483 10435 10167
9 10435 10483 10484 10436 10168
9 10436 10484 10485 10437 10169
9 10437 10485 10486 10438 10170
9 10438 10486 10487 10439 10171
9 10439 10487 10488 10440 10172
9 10440 10488 10489 10441 10173
9 10441 10489 10490 10442 10174
9 10442 10490 10491 10443 10175
9 10443 10491 10492 10444 10176
9 10444 10492 10493 10445 10177
9 10445 10493 10494 10446 10178
9 10446 10494 10495 10447 10179
9 10447 10495 10496 10448 10180
9 10448 10496 10497 10449 10181
9 10449 10497 10498 10450 10182
9 10450 10498 10499 10451 10183
9 10451 10499 10500 10452 10184
9 10452 10500 10501 10453 10185
9 10453 10501 10502 10454 10186
9 10454 10502 10503 10455 10187
9 10455 10503 10504 10456 10188
9 10456 10504 10505 10457 10189
9 10457 10505 10506 10458 10190
9 10458 10506 10507 10459 10191
9 10459 10507 10508 10460 10192
9 10460 10508 10509 10461 10193
9 10461 10509 10510 10462 10194
9 10462 10510 10511 10463 10195
9 10463 10511 10512 10464 10196
9 10464 10512 10513 10465 10197
9 10465 10513 10514 10466 10198
9 10466 10514 10515 10467 10199
9 10467 10515 10516 10468 10200
9 10468 10516 10517 10469 10201
9 10469 10517 10518 10470 10202
9 10470 10518 10519 10471 10203
9 10471 10519 10520 10472 10204
9 10472 10520 10521 10473 10205
9 10473 10521 10522 10474 10206
9 10474 10522 10523 10475 10207
9 10475 10523 10524 10476 10208
9 10476 10524 10525 10477 10209
9 10477 10525 10526 10478 10210
9 10478 10526 10527 10479 10211
9 10479 10527 10528 10480 10212
9 10480 10528 10529 10481 10213
9 10481 10529 10530 10482 10214
9 10482 10530 603 602 10215
9 351 352 10531 10483 10216
9 10483 10531 10532 10484 10217
9 10484 10532 10533 10485 10218
9 10485 10533 10534 10486 10219
9 10486 10534 10535 10487 10220
9 10487 10535 10536 10488 10221
9 10488 10536 10537 10489 10222
9 10489 10537 10538 10490 10223
9 10490 10538 10539 10491 10224
9 10491 10539 10540 10492 10225
9 10492 10540 10541 10493 10226
9 10493 10541 10542 10494 10227
9 10494 10542 10543 10495 10228
9 10495 10543 10544 10496 10229
9 10496 10544 10545 10497 10230
9 10497 10545 10546 10498 10231
9 10498 10546 10547 10499 10232
9 10499 10547 10548 10500 10233
9 10500 10548 10549 10501 10234
9 10501 10549 10550 10502 10235
9 10502 10550 10551 10503 10236
9 10503 10551 10552 10504 10237
9 10504 10552 10553 10505 10238
9 10505 10553 10554 10506 10239
9 10506 10554 10555 10507 10240
9 10507 10555 10556 10508 10241
9 10508 10556 10557 10509 10242
9 10509 10557 10558 10510 10243
9 10510 10558 10559 10511 10244
9 10511 10559 10560 10512 10245
9 10512 10560 10561 10513 10246
9 10513 10561 10562 10514 10247
9 10514 10562 10563 10515 10248
9 10515 10563 10564 10516 10249
9 10516 10564 10565 10517 10250
9 10517 10565 10566 10518 10251
9 10518 10566 10567 10519 10252
9 10519 10567 10568 10520 10253
9 10520 10568 10569 10521 10254
9 10521 10569 10570 10522 10255
9 10522 10570 10571 10523 10256
9 10523 10571 10572 10524 10257
9 10524 10572 10573 10525 10258
9 10525 10573 10574 10526 10259
9 10526 10574 10575 10527 10260
9 10527 10575 10576 10528 10261
9 10528 10576 10577 10529 10262
9 10529 10577 10578 10530 10263
9 10530 10578 604 603 10264
9 352 353 10579 10531 10265
9 10531 10579 10580 10532 10266
9 10532 10580 10581 10533 10267
9 10533 10581 10582 10534 10268
9 10534 10582 10583 10535 10269
9 10535 10583 10584 10536 10270
9 10536 10584 10585 10537 10271
9 10537 10585 10586 10538 10272
9 10538 10586 10587 10539 10273
9 10539 10587 10588 10540 10274
9 10540 10588 10589 10541 10275
9 10541 10589 10590 10542 10276
9 10542 10590 10591 10543 10277
9 10543 10591 10592 10544 10278
9 10544 10592 10593 10545 10279
9 10545 10593 10594 10546 10280
9 10546 10594 10595 10547 10281
9 10547 10595 10596 10548 10282
9 10548 10596 10597 10549 10283
9 10549 10597 10598 10550 10284
9 10550 10598 10599 10551 10285
9 10551 10599 10600 10552 10286
9 10552 10600 10601 10553 10287
9 10553 10601 10602 10554 10288
9 10554 10602 10603 10555 10289
9 10555 10603 10604 10556 10290
9 10556 10604 10605 10557 10291
9 10557 10605 10606 10558 10292
9 10558 10606 10607 10559 10293
9 10559 10607 10608 10560 10294
9 10560 10608 10609 10561 10295
9 10561 10609 10610 10562 10296
9 10562 10610 10611 10563 10297
9 10563 10611 10612 10564 10298
9 10564 10612 10613 10565 10299
9 10565 10613 10614 10566 10300
9 10566 10614 10615 10567 10301
9 10567 10615 10616 10568 10302
9 10568 10616 10617 10569 10303
9 10569 10617 10618 10570 10304
9 10570 10618 10619 10571 10305
9 10571 10619 10620 10572 10306
9 10572 10620 10621 10573 10307
9 10573 10621 10622 10574 10308
9 10574 10622 10623 10575 10309
9 10575 10623 10624 10576 10310
9 10576 10624 10625 10577 10311
9 10577 10625 10626 10578 10312
9 10578 10626 605 604 10313
9 353 354 10627 10579 10314
9 10579 10627 10628 10580 10315
9 10580 10628 10629 10581 10316
9 10581 10629 10630 10582 10317
9 10582 10630 10631 10583 10318
9 10583 10631 10632 10584 10319
9 10584 10632 10633 10585 10320
9 10585 10633 10634 10586 10321
9 10586 10634 10635 10587 10322
9 10587 10635 10636 10588 10323
9 10588 10636 10637 10589 10324
9 10589 10637 10638 10590 10325
9 10590 10638 10639 10591 10326
9 10591 10639 10640 10592 10327
9 10592 10640 10641 10593 10328
9 10593 10641 10642 10594 10329
9 10594 10642 10643 10595 10330
9 10595 10643 10644 10596 10331
9 10596 10644 10645 10597 10332
9 10597 10645 10646 10598 10333
9 10598 10646 10647 10599 10334
9 10599 10647 10648 10600 10335
9 10600 10648 10649 10601 10336
9 10601 10649 10650 10602 10337
9 10602 10650 10651 10603 10338
9 10603 10651 10652 10604 10339
9 10604 10652 10653 10605 10340
9 10605 10653 10654 10606 10341
9 10606 10654 10655 10607 10342
9 10607 10655 10656 10608 10343
9 10608 10656 10657 10609 10344
9 10609 10657 10658 10610 10345
9 10610 10658 10659 10611 10346
9 10611 10659 10660 10612 10347
9 10612 10660 10661 10613 10348
9 10613 10661 10662 10614 10349
9 10614 10662 10663 10615 10350
9 10615 10663 10664 10616 10351
9 10616 10664 10665 10617 10352
9 10617 10665 10666 10618 10353
9 10618 10666 10667 10619 10354
9 10619 10667 10668 10620 10355
9 10620 10668 10669 10621 10356
9 10621 10669 10670 10622 10357
9 10622 10670 10671 10623 10358
9 10623 10671 10672 10624 10359
9 10624 10672 10673 10625 10360
9 10625 10673 10674 10626 10361
9 10626 10674 606 605 10362
9 354 355 10675 10627 10363
9 10627 10675 10676 10628 10364
9 10628 10676 10677 10629 10365
9 10629 10677 10678 10630 10366
9 10630 10678 10679 10631 10367
9 10631 10679 10680 10632 10368
9 10632 10680 10681 10633 10369
9 10633 10681 10682 10634 10370
9 10634 10682 10683 10635 10371
9 10635 10683 10684 10636 10372
9 10636 10684 10685 10637 10373
9 10637 10685 10686 10638 10374
9 10638 10686 10687 10639 10375
9 10639 10687 10688 10640 10376
9 10640 10688 10689 10641 10377
9 10641 10689 10690 10642 10378
9 10642 10690 10691 10643 10379
9 10643 10691 10692 10644 10380
9 10644 10692 10693 10645 10381
9 10645 10693 10694 10646 10382
9 10646 10694 10695 10647 10383
9 10647 10695 10696 10648 10384
9 10648 10696 10697 10649 10385
9 10649 10697 10698 10650 10386
9 10650 10698 10699 10651 10387
9 10651 10699 10700 10652 10388
9 10652 10700 10701 10653 10389
9 10653 10701 10702 10654 10390
9 10654 10702 10703 10655 10391
9 10655 10703 10704 10656 10392
9 10656 10704 10705 10657 10393
9 10657 10705 10706 10658 10394
9 10658 10706 10707 10659 10395
9 10659 10707 10708 10660 10396
9 10660 10708 10709 10661 10397
9 10661 10709 10710 10662 10398
9 10662 10710 10711 10663 10399
9 10663 10711 10712 10664 10400
9 10664 10712 10713 10665 10401
9 10665 10713 10714 10666 10402
9 10666 10714 10715 10667 10403
9 10667 10715 10716 10668 10404
9 10668 10716 10717 10669 10405
9 10669 10717 10718 10670 10406
9 10670 10718 10719 10671 10407
9 10671 10719 10720 10672 10408
9 10672 10720 10721 10673 10409
9 10673 10721 10722 10674 10410
9 10674 10722 607 606 10411
9 355 356 10723 10675 10412
9 10675 10723 10724 10676 10413
9 10676 10724 10725 10677 10414
9 10677 10725 10726 10678 10415
9 10678 10726 10727 10679 10416
9 10679 10727 10728 10680 10417
9 10680 10728 10729 10681 10418
9 10681 10729 10730 10682 10419
9 10682 10730 10731 10683 10420
9 10683 10731 10732 10684 10421
9 10684 10732 10733 10685 10422
9 10685 10733 10734 10686 10423
9 10686 10734 10735 10687 10424
9 10687 10735 10736 10688 10425
9 10688 10736 10737 10689 10426
9 10689 10737 10738 10690 10427
9 10690 10738 10739 10691 10428
9 10691 10739 10740 10692 10429
9 10692 10740 10741 10693 10430
9 10693 10741 10742 10694 10431
9 10694 10742 10743 10695 10432
9 10695 10743 10744 10696 10433
9 10696 10744 10745 10697 10434
9 10697 10745 10746 10698 10435
9 10698 10746 10747 10699 10436
9 10699 10747 10748 10700 10437
9 10700 10748 10749 10701 10438
9 10701 10749 10750 10702 10439
9 10702 10750 10751 10703 10440
9 10703 10751 10752 10704 10441
9 10704 10752 10753 10705 10442
9 10705 10753 10754 10706 10443
9 10706 10754 10755 10707 10444
9 10707 10755 10756 10708 10445
9 10708 10756 10757 10709 10446
9 10709 10757 10758 10710 10447
9 10710 10758 10759 10711 10448
9 10711 10759 10760 10712 10449
9 10712 10760 10761 10713 10450
9 10713 10761 10762 10714 10451
9 10714 10762 10763 10715 10452
9 10715 10763 10764 10716 10453
9 10716 10764 10765 10717 10454
9 10717 10765 10766 10718 10455
9 10718 10766 10767 10719 10456
9 10719 10767 10768 10720 10457
9 10720 10768 10769 10721 10458
9 10721 10769 10770 10722 10459
9 10722 10770 608 607 10460
9 356 357 10771 10723 10461
9 10723 10771 10772 10724 10462
9 10724 10772 10773 10725 10463
9 10725 10773 10774 10726 10464
9 10726 10774 10775 10727 10465
9 10727 10775 10776 10728 10466
9 10728 10776 10777 10729 10467
9 10729 10777 10778 10730 10468
9 10730 10778 10779 10731 10469
9 10731 10779 10780 10732 10470
9 10732 10780 10781 10733 10471
9 10733 10781 10782 10734 10472
9 10734 10782 10783 10735 10473
9 10735 10783 10784 10736 10474
9 10736 10784 10785 10737 10475
9 10737 10785 10786 10738 10476
9 10738 10786 10787 10739 10477
9 10739 10787 10788 10740 10478
9 10740 10788 10789 10741 10479
9 10741 10789 10790 10742 10480
9 10742 10790 10791 10743 10481
9 10743 10791 10792 10744 10482
9 10744 10792 10793 10745 10483
9 10745 10793 10794 10746 10484
9 10746 10794 10795 10747 10485
9 10747 10795 10796 10748 10486
9 10748 10796 10797 10749 10487
9 10749 10797 10798 10750 10488
9 10750 10798 10799 10751 10489
9 10751 10799 10800 10752 10490
9 10752 10800 10801 10753 10491
9 10753 10801 10802 10754 10492
9 10754 10802 10803 10755 10493
9 10755 10803 10804 10756 10494
9 10756 10804 10805 10757 10495
9 10757 10805 10806 10758 10496
9 10758 10806 10807 10759 10497
9 10759 10807 10808 10760 10498
9 10760 10808 10809 10761 10499
9 10761 10809 10810 10762 10500
9 10762 10810 10811 10763 10501
9 10763 10811 10812 10764 10502
9 10764 10812 10813 10765 10503
9 10765 10813 10814 10766 10504
9 10766 10814 10815 10767 10505
9 10767 10815 10816 10768 10506
9 10768 10816 10817 10769 10507
9 10769 10817 10818 10770 10508
9 10770 10818 609 608 10509
9 357 358 10819 10771 10510
9 10771 10819 10820 10772 10511
9 10772 10820 10821 10773 10512
9 10773 10821 10822 10774 10513
9 10774 10822 10823 10775 10514
9 10775 10823 10824 10776 10515
9 10776 10824 10825 10777 10516
9 10777 10825 10826 10778 10517
9 10778 10826 10827 10779 10518
9 10779 10827 10828 10780 10519
9 10780 10828 10829 10781 10520
9 10781 10829 10830 10782 10521
9 10782 10830 10831 10783 10522
9 10783 10831 10832 10784 10523
9 10784 10832 10833 10785 10524
9 10785 10833 10834 10786 10525
9 10786 10834 10835 10787 10526
9 10787 10835 10836 10788 10527
9 10788 10836 10837 10789 10528
9 10789 10837 10838 10790 10529
9 10790 10838 10839 10791 10530
9 10791 10839 10840 10792 10531
9 10792 10840 10841 10793 10532
9 10793 10841 10842 10794 10533
9 10794 10842 10843 10795 10534
9 10795 10843 10844 10796 10535
9 10796 10844 10845 10797 10536
9 10797 10845 10846 10798 10537
9 10798 10846 10847 10799 10538
9 10799 10847 10848 10800 10539
9 10800 10848 10849 10801 10540
9 10801 10849 10850 10802 10541
9 10802 10850 10851 10803 10542
9 10803 10851 10852 10804 10543
9 10804 10852 10853 10805 10544
9 10805 10853 10854 10806 10545
9 10806 10854 10855 10807 10546
9 10807 10855 10856 10808 10547
9 10808 10856 10857 10809 10548
9 10809 10857 10858 10810 10549
9 10810 10858 10859 10811 10550
9 10811 10859 10860 10812 10551
9 10812 10860 10861 10813 10552
9 10813 10861 10862 10814 10553
9 10814 10862 10863 10815 10554
9 10815 10863 10864 10816 10555
9 10816 10864 10865 10817 10556
9 10817 10865 10866 10818 10557
9 10818 10866 610 609 10558
9 358 359 10867 10819 10559
9 10819 10867 10868 10820 10560
9 10820 10868 10869 10821 10561
9 10821 10869 10870 10822 10562
9 10822 10870 10871 10823 10563
9 10823 10871 10872 10824 10564
9 10824 10872 10873 10825 10565
9 10825 10873 10874 10826 10566
9 10826 10874 10875 10827 10567
9 10827 10875 10876 10828 10568
9 10828 10876 10877 10829 10569
9 10829 10877 10878 10830 10570
9 10830 10878 10879 10831 10571
9 10831 10879 10880 10832 10572
9 10832 10880 10881 10833 10573
9 10833 10881 10882 10834 10574
9 10834 10882 10883 10835 10575
9 10835 10883 10884 10836 10576
9 10836 10884 10885 10837 10577
9 10837 10885 10886 10838 10578
9 10838 10886 10887 10839 10579
9 10839 10887 10888 10840 10580
9 10840 10888 10889 10841 10581
9 10841 10889 10890 10842 10582
9 10842 10890 10891 10843 10583
9 10843 10891 10892 10844 10584
9 10844 10892 10893 10845 10585
9 10845 10893 10894 10846 10586
9 10846 10894 10895 10847 10587
9 10847 10895 10896 10848 10588
9 10848 10896 10897 10849 10589
9 10849 10897 10898 10850 10590
9 10850 10898 10899 10851 10591
9 10851 10899 10900 10852 10592
9 10852 10900 10901 10853 10593
9 10853 10901 10902 10854 10594
9 10854 10902 10903 10855 10595
9 10855 10903 10904 10856 10596
9 10856 10904 10905 10857 10597
9 10857 10905 10906 10858 10598
9 10858 10906 10907 10859 10599
9 10859 10907 10908 10860 10600
9 10860 10908 10909 10861 10601
9 10861 10909 10910 10862 10602
9 10862 10910 10911 10863 10603
9 10863 10911 10912 10864 10604
9 10864 10912 10913 10865 10605
9 10865 10913 10914 10866 10606
9 10866 10914 611 610 10607
9 359 360 10915 10867 10608
9 10867 10915 10916 10868 10609
9 10868 10916 10917 10869 10610
9 10869 10917 10918 10870 10611
9 10870 10918 10919 10871 10612
9 10871 10919 10920 10872 10613
9 10872 10920 10921 10873 10614
9 10873 10921 10922 10874 10615
9 10874 10922 10923 10875 10616
9 10875 10923 10924 10876 10617
9 10876 10924 10925 10877 10618
9 10877 10925 10926 10878 10619
9 10878 10926 10927 10879 10620
9 10879 10927 10928 10880 10621
9 10880 10928 10929 10881 10622
9 10881 10929 10930 10882 10623
9 10882 10930 10931 10883 10624
9 10883 10931 10932 10884 10625
9 10884 10932 10933 10885 10626
9 10885 10933 10934 10886 10627
9 10886 10934 10935 10887 10628
9 10887 10935 10936 10888 10629
9 10888 10936 10937 10889 10630
9 10889 10937 10938 10890 10631
9 10890 10938 10939 10891 10632
9 10891 10939 10940 10892 10633
9 10892 10940 10941 10893 10634
9 10893 10941 10942 10894 10635
9 10894 10942 10943 10895 10636
9 10895 10943 10944 10896 10637
9 10896 10944 10945 10897 10638
9 10897 10945 10946 10898 10639
9 10898 10946 10947 10899 10640
9 10899 10947 10948 10900 10641
9 10900 10948 10949 10901 10642
9 10901 10949 10950 10902 10643
9 10902 10950 10951 10903 10644
9 10903 10951 10952 10904 10645
9 10904 10952 10953 10905 10646
9 10905 10953 10954 10906 10647
9 10906 10954 10955 10907 10648
9 10907 10955 10956 10908 10649
9 10908 10956 10957 10909 10650
9 10909 10957 10958 10910 10651
9 10910 10958 10959 10911 10652
9 10911 10959 10960 10912 10653
9 10912 10960 10961 10913 10654
9 10913 10961 10962 10914 10655
9 10914 10962 612 611 10656
9 360 361 10963 10915 10657
9 10915 10963 10964 10916 10658
9 10916 10964 10965 10917 10659
9 10917 10965 10966 10918 10660
9 10918 10966 10967 10919 10661
9 10919 10967 10968 10920 10662
9 10920 10968 10969 10921 10663
9 10921 10969 10970 10922 10664
9 10922 10970 10971 10923 10665
9 10923 10971 10972 10924 10666
9 10924 10972 10973 10925 10667
9 10925 10973 10974 10926 10668
9 10926 10974 10975 10927 10669
9 10927 10975 10976 10928 10670
9 10928 10976 10977 10929 10671
9 10929 10977 10978 10930 10672
9 10930 10978 10979 10931 10673
9 10931 10979 10980 10932 10674
9 10932 10980 10981 10933 10675
9 10933 10981 10982 10934 10676
9 10934 10982 10983 10935 10677
9 10935 10983 10984 10936 10678
9 10936 10984 10985 10937 10679
9 10937 10985 10986 10938 10680
9 10938 10986 10987 10939 10681
9 10939 10987 10988 10940 10682
9 10940 10988 10989 10941 10683
9 10941 10989 10990 10942 10684
9 10942 10990 10991 10943 10685
9 10943 10991 10992 10944 10686
9 10944 10992 10993 10945 10687
9 10945 10993 10994 10946 10688
9 10946 10994 10995 10947 10689
9 10947 10995 10996 10948 10690
9 10948 10996 10997 10949 10691
9 10949 10997 10998 10950 10692
9 10950 10998 10999 10951 10693
9 10951 10999 11000 10952 10694
9 10952 11000 11001 10953 10695
9 10953 11001 11002 10954 10696
9 10954 11002 11003 10955 10697
9 10955 11003 11004 10956 10698
9 10956 11004 11005 10957 10699
9 10957 11005 11006 10958 10700
9 10958 11006 11007 10959 10701
9 10959 11007 11008 10960 10702
9 10960 11008 11009 10961 10703
9 10961 11009 11010 10962 10704
9 10962 11010 613 612 10705
9 361 362 11011 10963 10706
9 10963 11011 11012 10964 10707
9 10964 11012 11013 10965 10708
9 10965 11013 11014 10966 10709
9 10966 11014 11015 10967 10710
9 10967 11015 11016 10968 10711
9 10968 11016 11017 10969 10712
9 10969 11017 11018 10970 10713
9 10970 11018 11019 10971 10714
9 10971 11019 11020 10972 10715
9 10972 11020 11021 10973 10716
9 10973 11021 11022 10974 10717
9 10974 11022 11023 10975 10718
9 10975 11023 11024 10976 10719
9 10976 11024 11025 10977 10720
9 10977 11025 11026 10978 10721
9 10978 11026 11027 10979 10722
9 10979 11027 11028 10980 10723
9 10980 11028 11029 10981 10724
9 10981 11029 11030 10982 10725
9 10982 11030 11031 10983 10726
9 10983 11031 11032 10984 10727
9 10984 11032 11033 10985 10728
9 10985 11033 11034 10986 10729
9 10986 11034 11035 10987 10730
9 10987 11035 11036 10988 10731
9 10988 11036 11037 10989 10732
9 10989 11037 11038 10990 10733
9 10990 11038 11039 10991 10734
9 10991 11039 11040 10992 10735
9 10992 11040 11041 10993 10736
9 10993 11041 11042 10994 10737
9 10994 11042 11043 10995 10738
9 10995 11043 11044 10996 10739
9 10996 11044 11045 10997 10740
9 10997 11045 11046 10998 10741
9 10998 11046 11047 10999 10742
9 10999 11047 11048 11000 10743
9 11000 11048 11049 11001 10744
9 11001 11049 11050 11002 10745
9 11002 11050 11051 11003 10746
9 11003 11051 11052 11004 10747
9 11004 11052 11053 11005 10748
9 11005 11053 11054 11006 10749
9 11006 11054 11055 11007 10750
9 11007 11055 11056 11008 10751
9 11008 11056 11057 11009 10752
9 11009 11057 11058 11010 10753
9 11010 11058 614 613 10754
9 362 363 11059 11011 10755
9 11011 11059 11060 11012 10756
9 11012 11060 11061 11013 10757
9 11013 11061 11062 11014 10758
9 11014 11062 11063 11015 10759
9 11015 11063 11064 11016 10760
9 11016 11064 11065 11017 10761
9 11017 11065 11066 11018 10762
9 11018 11066 11067 11019 10763
9 11019 11067 11068 11020 10764
9 11020 11068 11069 11021 10765
9 11021 11069 11070 11022 10766
9 11022 11070 11071 11023 10767
9 11023 11071 11072 11024 10768
9 11024 11072 11073 11025 10769
9 11025 11073 11074 11026 10770
9 11026 11074 11075 11027 10771
9 11027 11075 11076 11028 10772
9 11028 11076 11077 11029 10773
9 11029 11077 11078 11030 10774
9 11030 11078 11079 11031 10775
9 11031 11079 11080 11032 10776
9 11032 11080 11081 11033 10777
9 11033 11081 11082 11034 10778
9 11034 11082 11083 11035 10779
9 11035 11083 11084 11036 10780
9 11036 11084 11085 11037 10781
9 11037 11085 11086 11038 10782
9 11038 11086 11087 11039 10783
9 11039 11087 11088 11040 10784
9 11040 11088 11089 11041 10785
9 11041 11089 11090 11042 10786
9 11042 11090 11091 11043 10787
9 11043 11091 11092 11044 10788
9 11044 11092 11093 11045 10789
9 11045 11093 11094 11046 10790
9 11046 11094 11095 11047 10791
9 11047 11095 11096 11048 10792
9 11048 11096 11097 11049 10793
9 11049 11097 11098 11050 10794
9 11050 11098 11099 11051 10795
9 11051 11099 11100 11052 10796
9 11052 11100 11101 11053 10797
9 11053 11101 11102 11054 10798
9 11054 11102 11103 11055 10799
9 11055 11103 11104 11056 10800
9 11056 11104 11105 11057 10801
9 11057 11105 11106 11058 10802
9 11058 11106 615 614 10803
9 363 364 11107 11059 10804
9 11059 11107 11108 11060 10805
9 11060 11108 11109 11061 10806
9 11061 11109 11110 11062 10807
9 11062 11110 11111 11063 10808
9 11063 11111 11112 11064 10809
9 11064 11112 11113 11065 10810
9 11065 11113 11114 11066 10811
9 11066 11114 11115 11067 10812
9 11067 11115 11116 11068 10813
9 11068 11116 11117 11069 10814
9 11069 11117 11118 11070 10815
9 11070 11118 11119 11071 10816
9 11071 11119 11120 11072 10817
9 11072 11120 11121 11073 10818
9 11073 11121 11122 11074 10819
9 11074 11122 11123 11075 10820
9 11075 11123 11124 11076 10821
9 11076 11124 11125 11077 10822
9 11077 11125 11126 11078 10823
9 11078 11126 11127 11079 10824
9 11079 11127 11128 11080 10825
9 11080 11128 11129 11081 10826
9 11081 11129 11130 11082 10827
9 11082 11130 11131 11083 10828
9 11083 11131 11132 11084 10829
9 11084 11132 11133 11085 10830
9 11085 11133 11134 11086 10831
9 11086 11134 11135 11087 10832
9 11087 11135 11136 11088 10833
9 11088 11136 11137 11089 10834
9 11089 11137 11138 11090 10835
9 11090 11138 11139 11091 10836
9 11091 11139 11140 11092 10837
9 11092 11140 11141 11093 10838
9 11093 11141 11142 11094 10839
9 11094 11142 11143 11095 10840
9 11095 11143 11144 11096 10841
9 11096 11144 11145 11097 10842
9 11097 11145 11146 11098 10843
9 11098 11146 11147 11099 10844
9 11099 11147 11148 11100 10845
9 11100 11148 11149 11101 10846
9 11101 11149 11150 11102 10847
9 11102 11150 11151 11103 10848
9 11103 11151 11152 11104 10849
9 11104 11152 11153 11105 10850
9 11105 11153 11154 11106 10851
9 11106 11154 616 615 10852
9 364 365 11155 11107 10853
9 11107 11155 11156 11108 10854
9 11108 11156 11157 11109 10855
9 11109 11157 11158 11110 10856
9 11110 11158 11159 11111 10857
9 11111 11159 11160 11112 10858
9 11112 11160 11161 11113 10859
9 11113 11161 11162 11114 10860
9 11114 11162 11163 11115 10861
9 11115 11163 11164 11116 10862
9 11116 11164 11165 11117 10863
9 11117 11165 11166 11118 10864
9 11118 11166 11167 11119 10865
9 11119 11167 11168 11120 10866
9 11120 11168 11169 11121 10867
9 11121 11169 11170 11122 10868
9 11122 11170 11171 11123 10869
9 11123 11171 11172 11124 10870
9 11124 11172 11173 11125 10871
9 11125 11173 11174 11126 10872
9 11126 11174 11175 11127 10873
9 11127 11175 11176 11128 10874
9 11128 11176 11177 11129 10875
9 11129 11177 11178 11130 10876
9 11130 11178 11179 11131 10877
9 11131 11179 11180 11132 10878
9 11132 11180 11181 11133 10879
9 11133 11181 11182 11134 10880
9 11134 11182 11183 11135 10881
9 11135 11183 11184 11136 10882
9 11136 11184 11185 11137 10883
9 11137 11185 11186 11138 10884
9 11138 11186 11187 11139 10885
9 11139 11187 11188 11140 10886
9 11140 11188 11189 11141 10887
9 11141 11189 11190 11142 10888
9 11142 11190 11191 11143 10889
9 11143 11191 11192 11144 10890
9 11144 11192 11193 11145 10891
9 11145 11193 11194 11146 10892
9 11146 11194 11195 11147 10893
9 11147 11195 11196 11148 10894
9 11148 11196 11197 11149 10895
9 11149 11197 11198 11150 10896
9 11150 11198 11199 11151 10897
9 11151 11199 11200 11152 10898
9 11152 11200 11201 11153 10899
9 11153 11201 11202 11154 10900
9 11154 11202 617 616 10901
9 365 366 11203 11155 10902
9 11155 11203 11204 11156 10903
9 11156 11204 11205 11157 10904
9 11157 11205 11206 11158 10905
9 11158 11206 11207 11159 10906
9 11159 11207 11208 11160 10907
9 11160 11208 11209 11161 10908
9 11161 11209 11210 11162 10909
9 11162 11210 11211 11163 10910
9 11163 11211 11212 11164 10911
9 11164 11212 11213 11165 10912
9 11165 11213 11214 11166 10913
9 11166 11214 11215 11167 10914
9 11167 11215 11216 11168 10915
9 11168 11216 11217 11169 10916
9 11169 11217 11218 11170 10917
9 11170 11218 11219 11171 10918
9 11171 11219 11220 11172 10919
9 11172 11220 11221 11173 10920
9 11173 11221 11222 11174 10921
9 11174 11222 11223 11175 10922
9 11175 11223 11224 11176 10923
9 11176 11224 11225 11177 10924
9 11177 11225 11226 11178 10925
9 11178 11226 11227 11179 10926
9 11179 11227 11228 11180 10927
9 11180 11228 11229 11181 10928
9 11181 11229 11230 11182 10929
9 11182 11230 11231 11183 10930
9 11183 11231 11232 11184 10931
9 11184 11232 11233 11185 10932
9 11185 11233 11234 11186 10933
9 11186 11234 11235 11187 10934
9 11187 11235 11236 11188 10935
9 11188 11236 11237 11189 10936
9 11189 11237 11238 11190 10937
9 11190 11238 11239 11191 10938
9 11191 11239 11240 11192 10939
9 11192 11240 11241 11193 10940
9 11193 11241 11242 11194 10941
9 11194 11242 11243 11195 10942
9 11195 11243 11244 11196 10943
9 11196 11244 11245 11197 10944
9 11197 11245 11246 11198 10945
9 11198 11246 11247 11199 10946
9 11199 11247 11248 11200 10947
9 11200 11248 11249 11201 10948
9 11201 11249 11250 11202 10949
9 11202 11250 618 617 10950
9 366 367 11251 11203 10951
9 11203 11251 11252 11204 10952
9 11204 11252 11253 11205 10953
9 11205 11253 11254 11206 10954
9 11206 11254 11255 11207 10955
9 11207 11255 11256 11208 10956
9 11208 11256 11257 11209 10957
9 11209 11257 11258 11210 10958
9 11210 11258 11259 11211 10959
9 11211 11259 11260 11212 10960
9 11212 11260 11261 11213 10961
9 11213 11261 11262 11214 10962
9 11214 11262 11263 11215 10963
9 11215 11263 11264 11216 10964
9 11216 11264 11265 11217 10965
9 11217 11265 11266 11218 10966
9 11218 11266 11267 11219 10967
9 11219 11267 11268 11220 10968
9 11220 11268 11269 11221 10969
9 11221 11269 11270 11222 10970
9 11222 11270 11271 11223 10971
9 11223 11271 11272 11224 10972
9 11224 11272 11273 11225 10973
9 11225 11273 11274 11226 10974
9 11226 11274 11275 11227 10975
9 11227 11275 11276 11228 10976
9 11228 11276 11277 11229 10977
9 11229 11277 11278 11230 10978
9 11230 11278 11279 11231 10979
9 11231 11279 11280 11232 10980
9 11232 11280 11281 11233 10981
9 11233 11281 11282 11234 10982
9 11234 11282 11283 11235 10983
9 11235 11283 11284 11236 10984
9 11236 11284 11285 11237 10985
9 11237 11285 11286 11238 10986
9 11238 11286 11287 11239 10987
9 11239 11287 11288 11240 10988
9 11240 11288 11289 11241 10989
9 11241 11289 11290 11242 10990
9 11242 11290 11291 11243 10991
9 11243 11291 11292 11244 10992
9 11244 11292 11293 11245 10993
9 11245 11293 11294 11246 10994
9 11246 11294 11295 11247 10995
9 11247 11295 11296 11248 10996
9 11248 11296 11297 11249 10997
9 11249 11297 11298 11250 10998
9 11250 11298 619 618 10999
9 367 368 11299 11251 11000
9 11251 11299 11300 11252 11001
9 11252 11300 11301 11253 11002
9 11253 11301 11302 11254 11003
9 11254 11302 11303 11255 11004
9 11255 11303 11304 11256 11005
9 11256 11304 11305 11257 11006
9 11257 11305 11306 11258 11007
9 11258 11306 11307 11259 11008
9 11259 11307 11308 11260 11009
9 11260 11308 11309 11261 11010
9 11261 11309 11310 11262 11011
9 11262 11310 11311 11263 11012
9 11263 11311 11312 11264 11013
9 11264 11312 11313 11265 11014
9 11265 11313 11314 11266 11015
9 11266 11314 11315 11267 11016
9 11267 11315 11316 11268 11017
9 11268 11316 11317 11269 11018
9 11269 11317 11318 11270 11019
9 11270 11318 11319 11271 11020
9 11271 11319 11320 11272 11021
9 11272 11320 11321 11273 11022
9 11273 11321 11322 11274 11023
9 11274 11322 11323 11275 11024
9 11275 11323 11324 11276 11025
9 11276 11324 11325 11277 11026
9 11277 11325 11326 11278 11027
9 11278 11326 11327 11279 11028
9 11279 11327 11328 11280 11029
9 11280 11328 11329 11281 11030
9 11281 11329 11330 11282 11031
9 11282 11330 11331 11283 11032
9 11283 11331 11332 11284 11033
9 11284 11332 11333 11285 11034
9 11285 11333 11334 11286 11035
9 11286 11334 11335 11287 11036
9 11287 11335 11336 11288 11037
9 11288 11336 11337 11289 11038
9 11289 11337 11338 11290 11039
9 11290 11338 11339 11291 11040
9 11291 11339 11340 11292 11041
9 11292 11340 11341 11293 11042
9 11293 11341 11342 11294 11043
9 11294 11342 11343 11295 11044
9 11295 11343 11344 11296 11045
9 11296 11344 11345 11297 11046
9 11297 11345 11346 11298 11047
9 11298 11346 620 619 11048
9 368 369 11347 11299 11049
9 11299 11347 11348 11300 11050
9 11300 11348 11349 11301 11051
9 11301 11349 11350 11302 11052
9 11302 11350 11351 11303 11053
9 11303 11351 11352 11304 11054
9 11304 11352 11353 11305 11055
9 11305 11353 11354 11306 11056
9 11306 11354 11355 11307 11057
9 11307 11355 11356 11308 11058
9 11308 11356 11357 11309 11059
9 11309 11357 11358 11310 11060
9 11310 11358 11359 11311 11061
9 11311 11359 11360 11312 11062
9 11312 11360 11361 11313 11063
9 11313 11361 11362 11314 11064
9 11314 11362 11363 11315 11065
9 11315 11363 11364 11316 11066
9 11316 11364 11365 11317 11067
9 11317 11365 11366 11318 11068
9 11318 11366 11367 11319 11069
9 11319 11367 11368 11320 11070
9 11320 11368 11369 11321 11071
9 11321 11369 11370 11322 11072
9 11322 11370 11371 11323 11073
9 11323 11371 11372 11324 11074
9 11324 11372 11373 11325 11075
9 11325 11373 11374 11326 11076
9 11326 11374 11375 11327 11077
9 11327 11375 11376 11328 11078
9 11328 11376 11377 11329 11079
9 11329 11377 11378 11330 11080
9 11330 11378 11379 11331 11081
9 11331 11379 11380 11332 11082
9 11332 11380 11381 11333 11083
9 11333 11381 11382 11334 11084
9 11334 11382 11383 11335 11085
9 11335 11383 11384 11336 11086
9 11336 11384 11385 11337 11087
9 11337 11385 11386 11338 11088
9 11338 11386 11387 11339 11089
9 11339 11387 11388 11340 11090
9 11340 11388 11389 11341 11091
9 11341 11389 11390 11342 11092
9 11342 11390 11391 11343 11093
9 11343 11391 11392 11344 11094
9 11344 11392 11393 11345 11095
9 11345 11393 11394 11346 11096
9 11346 11394 621 620 11097
9 369 370 11395 11347 11098
9 11347 11395 11396 11348 11099
9 11348 11396 11397 11349 11100
9 11349 11397 11398 11350 11101
9 11350 11398 11399 11351 11102
9 11351 11399 11400 11352 11103
9 11352 11400 11401 11353 11104
9 11353 11401 11402 11354 11105
9 11354 11402 11403 11355 11106
9 11355 11403 11404 11356 11107
9 11356 11404 11405 11357 11108
9 11357 11405 11406 11358 11109
9 11358 11406 11407 11359 11110
9 11359 11407 11408 11360 11111
9 11360 11408 11409 11361 11112
9 11361 11409 11410 11362 11113
9 11362 11410 11411 11363 11114
9 11363 11411 11412 11364 11115
9 11364 11412 11413 11365 11116
9 11365 11413 11414 11366 11117
9 11366 11414 11415 11367 11118
9 11367 11415 11416 11368 11119
9 11368 11416 11417 11369 11120
9 11369 11417 11418 11370 11121
9 11370 11418 11419 11371 11122
9 11371 11419 11420 11372 11123
9 11372 11420 11421 11373 11124
9 11373 11421 11422 11374 11125
9 11374 11422 11423 11375 11126
9 11375 11423 11424 11376 11127
9 11376 11424 11425 11377 11128
9 11377 11425 11426 11378 11129
9 11378 11426 11427 11379 11130
9 11379 11427 11428 11380 11131
9 11380 11428 11429 11381 11132
9 11381 11429 11430 11382 11133
9 11382 11430 11431 11383 11134
9 11383 11431 11432 11384 11135
9 11384 11432 11433 11385 11136
9 11385 11433 11434 11386 11137
9 11386 11434 11435 11387 11138
9 11387 11435 11436 11388 11139
9 11388 11436 11437 11389 11140
9 11389 11437 11438 11390 11141
9 11390 11438 11439 11391 11142
9 11391 11439 11440 11392 11143
9 11392 11440 11441 11393 11144
9 11393 11441 11442 11394 11145
9 11394 11442 622 621 11146
9 370 371 11443 11395 11147
9 11395 11443 11444 11396 11148
9 11396 11444 11445 11397 11149
9 11397 11445 11446 11398 11150
9 11398 11446 11447 11399 11151
9 11399 11447 11448 11400 11152
9 11400 11448 11449 11401 11153
9 11401 11449 11450 11402 11154
9 11402 11450 11451 11403 11155
9 11403 11451 11452 11404 11156
9 11404 11452 11453 11405 11157
9 11405 11453 11454 11406 11158
9 11406 11454 11455 11407 11159
9 11407 11455 11456 11408 11160
9 11408 11456 11457 11409 11161
9 11409 11457 11458 11410 11162
9 11410 11458 11459 11411 11163
9 11411 11459 11460 11412 11164
9 11412 11460 11461 11413 11165
9 11413 11461 11462 11414 11166
9 11414 11462 11463 11415 11167
9 11415 11463 11464 11416 11168
9 11416 11464 11465 11417 11169
9 11417 11465 11466 11418 11170
9 11418 11466 11467 11419 11171
9 11419 11467 11468 11420 11172
9 11420 11468 11469 11421 11173
9 11421 11469 11470 11422 11174
9 11422 11470 11471 11423 11175
9 11423 11471 11472 11424 11176
9 11424 11472 11473 11425 11177
9 11425 11473 11474 11426 11178
9 11426 11474 11475 11427 11179
9 11427 11475 11476 11428 11180
9 11428 11476 11477 11429 11181
9 11429 11477 11478 11430 11182
9 11430 11478 11479 11431 11183
9 11431 11479 11480 11432 11184
9 11432 11480 11481 11433 11185
9 11433 11481 11482 11434 11186
9 11434 11482 11483 11435 11187
9 11435 11483 11484 11436 11188
9 11436 11484 11485 11437 11189
9 11437 11485 11486 11438 11190
9 11438 11486 11487 11439 11191
9 11439 11487 11488 11440 11192
9 11440 11488 11489 11441 11193
9 11441 11489 11490 11442 11194
9 11442 11490 623 622 11195
9 371 372 11491 11443 11196
9 11443 11491 11492 11444 11197
9 11444 11492 11493 11445 11198
9 11445 11493 11494 11446 11199
9 11446 11494 11495 11447 11200
9 11447 11495 11496 11448 11201
9 11448 11496 11497 11449 11202
9 11449 11497 11498 11450 11203
9 11450 11498 11499 11451 11204
9 11451 11499 11500 11452 11205
9 11452 11500 11501 11453 11206
9 11453 11501 11502 11454 11207
9 11454 11502 11503 11455 11208
9 11455 11503 11504 11456 11209
9 11456 11504 11505 11457 11210
9 11457 11505 11506 11458 11211
9 11458 11506 11507 11459 11212
9 11459 11507 11508 11460 11213
9 11460 11508 11509 11461 11214
9 11461 11509 11510 11462 11215
9 11462 11510 11511 11463 11216
9 11463 11511 11512 11464 11217
9 11464 11512 11513 11465 11218
9 11465 11513 11514 11466 11219
9 11466 11514 11515 11467 11220
9 11467 11515 11516 11468 11221
9 11468 11516 11517 11469 11222
9 11469 11517 11518 11470 11223
9 11470 11518 11519 11471 11224
9 11471 11519 11520 11472 11225
9 11472 11520 11521 11473 11226
9 11473 11521 11522 11474 11227
9 11474 11522 11523 11475 11228
9 11475 11523 11524 11476 11229
9 11476 11524 11525 11477 11230
9 11477 11525 11526 11478 11231
9 11478 11526 11527 11479 11232
9 11479 11527 11528 11480 11233
9 11480 11528 11529 11481 11234
9 11481 11529 11530 11482 11235
9 11482 11530 11531 11483 11236
9 11483 11531 11532 11484 11237
9 11484 11532 11533 11485 11238
9 11485 11533 11534 11486 11239
9 11486 11534 11535 11487 11240
9 11487 11535 11536 11488 11241
9 11488 11536 11537 11489 11242
9 11489 11537 11538 11490 11243
9 11490 11538 624 623 11244
9 372 373 11539 11491 11245
9 11491 11539 11540 11492 11246
9 11492 11540 11541 11493 11247
9 11493 11541 11542 11494 11248
9 11494 11542 11543 11495 11249
9 11495 11543 11544 11496 11250
9 11496 11544 11545 11497 11251
9 11497 11545 11546 11498 11252
9 11498 11546 11547 11499 11253
9 11499 11547 11548 11500 11254
9 11500 11548 11549 11501 11255
9 11501 11549 11550 11502 11256
9 11502 11550 11551 11503 11257
9 11503 11551 11552 11504 11258
9 11504 11552 11553 11505 11259
9 11505 11553 11554 11506 11260
9 11506 11554 11555 11507 11261
9 11507 11555 11556 11508 11262
9 11508 11556 11557 11509 11263
9 11509 11557 11558 11510 11264
9 11510 11558 11559 11511 11265
9 11511 11559 11560 11512 11266
9 11512 11560 11561 11513 11267
9 11513 11561 11562 11514 11268
9 11514 11562 11563 11515 11269
9 11515 11563 11564 11516 11270
9 11516 11564 11565 11517 11271
9 11517 11565 11566 11518 11272
9 11518 11566 11567 11519 11273
9 11519 11567 11568 11520 11274
9 11520 11568 11569 11521 11275
9 11521 11569 11570 11522 11276
9 11522 11570 11571 11523 11277
9 11523 11571 11572 11524 11278
9 11524 11572 11573 11525 11279
9 11525 11573 11574 11526 11280
9 11526 11574 11575 11527 11281
9 11527 11575 11576 11528 11282
9 11528 11576 11577 11529 11283
9 11529 11577 11578 11530 11284
9 11530 11578 11579 11531 11285
9 11531 11579 11580 11532 11286
9 11532 11580 11581 11533 11287
9 11533 11581 11582 11534 11288
9 11534 11582 11583 11535 11289
9 11535 11583 11584 11536 11290
9 11536 11584 11585 11537 11291
9 11537 11585 11586 11538 11292
9 11538 11586 625 624 11293
9 373 374 11587 11539 11294
9 11539 11587 11588 11540 11295
9 11540 11588 11589 11541 11296
9 11541 11589 11590 11542 11297
9 11542 11590 11591 11543 11298
9 11543 11591 11592 11544 11299
9 11544 11592 11593 11545 11300
9 11545 11593 11594 11546 11301
9 11546 11594 11595 11547 11302
9 11547 11595 11596 11548 11303
9 11548 11596 11597 11549 11304
9 11549 11597 11598 11550 11305
9 11550 11598 11599 11551 11306
9 11551 11599 11600 11552 11307
9 11552 11600 11601 11553 11308
9 11553 11601 11602 11554 11309
9 11554 11602 11603 11555 11310
9 11555 11603 11604 11556 11311
9 11556 11604 11605 11557 11312
9 11557 11605 11606 11558 11313
9 11558 11606 11607 11559 11314
9 11559 11607 11608 11560 11315
9 11560 11608 11609 11561 11316
9 11561 11609 11610 11562 11317
9 11562 11610 11611 11563 11318
9 11563 11611 11612 11564 11319
9 11564 11612 11613 11565 11320
9 11565 11613 11614 11566 11321
9 11566 11614 11615 11567 11322
9 11567 11615 11616 11568 11323
9 11568 11616 11617 11569 11324
9 11569 11617 11618 11570 11325
9 11570 11618 11619 11571 11326
9 11571 11619 11620 11572 11327
9 11572 11620 11621 11573 11328
9 11573 11621 11622 11574 11329
9 11574 11622 11623 11575 11330
9 11575 11623 11624 11576 11331
9 11576 11624 11625 11577 11332
9 11577 11625 11626 11578 11333
9 11578 11626 11627 11579 11334
9 11579 11627 11628 11580 11335
9 11580 11628 11629 11581 11336
9 11581 11629 11630 11582 11337
9 11582 11630 11631 11583 11338
9 11583 11631 11632 11584 11339
9 11584 11632 11633 11585 11340
9 11585 11633 11634 11586 11341
9 11586 11634 626 625 11342
9 374 4 675 11587 11343
9 11587 675 676 11588 11344
9 11588 676 677 11589 11345
9 11589 677 678 11590 11346
9 11590 678 679 11591 11347
9 11591 679 680 11592 11348
9 11592 680 681 11593 11349
9 11593 681 682 11594 11350
9 11594 682 683 11595 11351
9 11595 683 684 11596 11352
9 11596 684 685 11597 11353
9 11597 685 686 11598 11354
9 11598 686 687 11599 11355
9 11599 687 688 11600 11356
9 11600 688 689 11601 11357
9 11601 689 690 11602 11358
9 11602 690 691 11603 11359
9 11603 691 692 11604 11360
9 11604 692 693 11605 11361
9 11605 693 694 11606 11362
9 11606 694 695 11607 11363
9 11607 695 696 11608 11364
9 11608 696 697 11609 11365
9 11609 697 698 11610 11366
9 11610 698 699 11611 11367
9 11611 699 700 11612 11368
9 11612 700 701 11613 11369
9 11613 701 702 11614 11370
9 11614 702 703 11615 11371
9 11615 703 704 11616 11372
9 11616 704 705 11617 11373
9 11617 705 706 11618 11374
9 11618 706 707 11619 11375
9 11619 707 708 11620 11376
9 11620 708 709 11621 11377
9 11621 709 710 11622 11378
9 11622 710 711 11623 11379
9 11623 711 712 11624 11380
9 11624 712 713 11625 11381
9 11625 713 714 11626 11382
9 11626 714 715 11627 11383
9 11627 715 716 11628 11384
9 11628 716 717 11629 11385
9 11629 717 718 11630 11386
9 11630 718 719 11631 11387
9 11631 719 720 11632 11388
9 11632 720 721 11633 11389
9 11633 721 722 11634 11390
9 11634 722 5 626 11391
NPOIN= 11635
0 0 0
0 0.0005 1
0 0.04 2
0.13 0 3
0.13 0.0005 4
0.13 0.04 5
0.03 0.0005 6
0.03 0 7
0.03 0.04 8
0.003917148622358814 0 9
0.007325067893945432 0 10
0.0102899575865921 0 11
0.01286941160453007 0 12
0.01511353654844268 0 13
0.01706592525466065 0 14
0.01876450341017673 0 15
0.02024226639775612 0 16
0.0215279201902329 0 17
0.02264643896466624 0 18
0.02361955027200633 0 19
0.02446615712650769 0 20
0.02520270502577901 0 21
0.02584350174520178 0 22
0.02640099487799185 0 23
0.02688601388223625 0 24
0.02730798039566978 0 25
0.02767509124414991 0 26
0.02799447770658669 0 27
0.02827234390816934 0 28
0.02851408753664583 0 29
0.02872440448502376 0 30
0.02890738023499829 0 31
0.02906656910426673 0 32
0.02920506343926359 0 33
0.02932555351549669 0 34
0.02943037985681604 0 35
0.02952157878583053 0 36
0.02960092183290081 0 37
0.02966995027329887 0 38
0.02973000504365332 0 39
0.02978225270469102 0 40
0.02982770816346954 0 41
0.02986725439025929 0 42
0.02990165958635995 0 43
0.02993159210647003 0 44
0.02995763341707984 0 45
0.02998028935128511 0 46
0.03001723029151534 0 47
0.03003514978265102 0 48
0.03005378605909551 0 49
0.03007316777028205 0 50
0.03009332474963699 0 51
0.03011428801872161 0 52
0.03013608982379724 0 53
0.03015876370501664 0 54
0.03018234454235753 0 55
0.03020686860316048 0 56
0.03023237362531246 0 57
0.03025889884642938 0 58
0.03028648509384047 0 59
0.0303151747964863 0 60
0.03034501208049492 0 61
0.03037604285254422 0 62
0.0304083148484234 0 63
0.03044187772615334 0 64
0.03047678312725952 0 65
0.03051308475179219 0 66
0.0305508384314062 0 67
0.03059010224860197 0 68
0.03063093661309358 0 69
0.03067340435904009 0 70
0.03071757082178123 0 71
0.03076350396779782 0 72
0.03081127442282339 0 73
0.03086095568789481 0 74
0.03091262422472642 0 75
0.03096635948619425 0 76
0.03102224414085251 0 77
0.03108036419469877 0 78
0.03114080903855613 0 79
0.03120367168352 0 80
0.03126904884385943 0 81
0.03133704108195075 0 82
0.0314077530040168 0 83
0.03148129340673143 0 84
0.03155777543667058 0 85
0.03163731676296741 0 86
0.03172003973475511 0 87
0.03180607160955689 0 88
0.03189554477277801 0 89
0.03198859685937472 0 90
0.03208537099896444 0 91
0.03218601612427663 0 92
0.03229068707099899 0 93
0.03239954484681103 0 94
0.03251275695112528 0 95
0.03263049753220896 0 96
0.03275294771773733 0 97
0.03288029590794213 0 98
0.0330127380302087 0 99
0.03315047784700959 0 100
0.03329372724305169 0 101
0.03344270662775372 0 102
0.03359764519299884 0 103
0.03375878129395955 0 104
0.03392636286610839 0 105
0.03410064769147338 0 106
0.03428190389685121 0 107
0.03447041034908262 0 108
0.03466645704380887 0 109
0.03487034563222453 0 110
0.0350823897338867 0 111
0.03530291563663425 0 112
0.03553226257623548 0 113
0.03577078335965574 0 114
0.03601884500235873 0 115
0.03627682907772441 0 116
0.03654513253190058 0 117
0.03682416814469709 0 118
0.0371143651636968 0 119
0.03741617006071737 0 120
0.03773004714600118 0 121
0.03805647933776832 0 122
0.03839596881497569 0 123
0.03874903784510925 0 124
0.03911622968111531 0 125
0.03949810920278041 0 126
0.03989526390662893 0 127
0.04030830479401309 0 128
0.04073786726695542 0 129
0.04118461227135752 0 130
0.04164922704779057 0 131
0.04213242645991951 0 132
0.0426349538282009 0 133
0.04315758231843167 0 134
0.04370111595063972 0 135
0.04426639088506813 0 136
0.0448542768547929 0 137
0.04546567824075388 0 138
0.04610153571591888 0 139
0.04676282747513878 0 140
0.04745057087010417 0 141
0.04816582405069064 0 142
0.04890968731733271 0 143
0.04968330512904633 0 144
0.05048786766344226 0 145
0.05132461268837868 0 146
0.05219482752211721 0 147
0.05309985096924305 0 148
0.05404107535363563 0 149
0.05501994871514498 0 150
0.05603797700100455 0 151
0.05709672643400991 0 152
0.05819782582968101 0 153
0.05934296922170099 0 154
0.06053391833498196 0 155
0.06177250544071288 0 156
0.06306063601679321 0 157
0.06440029180625005 0 158
0.06579353381723188 0 159
0.06724250550535019 0 160
0.0687494360909367 0 161
0.07031664390247774 0 162
0.07194654005057051 0 163
0.07364163203387777 0 164
0.07540452769730061 0 165
0.07723793920476443 0 166
0.07914468715258396 0 167
0.08112770501427294 0 168
0.08319004357906666 0 169
0.08533487568893927 0 170
0.08756550111440048 0 171
0.08988535158216936 0 172
0.09229799602819072 0 173
0.09480714627197009 0 174
0.09741666254144418 0 175
0.1001305594472847 0 176
0.1029530122549032 0 177
0.1058883631775439 0 178
0.1089411281274902 0 179
0.112116003718941 0 180
0.1154178743287708 0 181
0.1188518197561935 0 182
0.1224231229912906 0 183
0.1261372783704369 0 184
0 6.29636589152726e-05 185
0 0.000119630952069252 186
0 0.0001706315158682544 187
0 0.0002165320234281834 188
0 0.0002578424800451915 189
0 0.0002950218907460969 190
0 0.0003284833605596476 191
0 0.0003585986834933876 192
0 0.0003857024739782694 193
0 0.0004100958856275008 194
0 0.000432049956189741 195
0 0.0004518086195737455 196
0 0.0004695914168035637 197
0 0.0004855959344644811 198
0.003917148622358814 0.0005 199
0.007325067893945432 0.0005 200
0.0102899575865921 0.0005 201
0.01286941160453007 0.0005 202
0.01511353654844268 0.0005 203
0.01706592525466065 0.0005 204
0.01876450341017673 0.0005 205
0.02024226639775612 0.0005 206
0.0215279201902329 0.0005 207
0.02264643896466624 0.0005 208
0.02361955027200633 0.0005 209
0.02446615712650769 0.0005 210
0.02520270502577901 0.0005 211
0.02584350174520178 0.0005 212
0.02640099487799185 0.0005 213
0.02688601388223625 0.0005 214
0.02730798039566978 0.0005 215
0.02767509124414991 0.0005 216
0.02799447770658669 0.0005 217
0.02827234390816934 0.0005 218
0.02851408753664583 0.0005 219
0.02872440448502376 0.0005 220
0.02890738023499829 0.0005 221
0.02906656910426673 0.0005 222
0.02920506343926359 0.0005 223
0.02932555351549669 0.0005 224
0.02943037985681604 0.0005 225
0.02952157878583053 0.0005 226
0.02960092183290081 0.0005 227
0.02966995027329887 0.0005 228
0.02973000504365332 0.0005 229
0.02978225270469102 0.0005 230
0.02982770816346954 0.0005 231
0.02986725439025929 0.0005 232
0.02990165958635995 0.0005 233
0.02993159210647003 0.0005 234
0.02995763341707984 0.0005 235
0.02998028935128511 0.0005 236
0.03001723029151534 0.0005 237
0.03003514978265102 0.0005 238
0.03005378605909551 0.0005 239
0.03007316777028205 0.0005 240
0.03009332474963699 0.0005 241
0.03011428801872161 0.0005 242
0.03013608982379724 0.0005 243
0.03015876370501664 0.0005 244
0.03018234454235753 0.0005 245
0.03020686860316048 0.0005 246
0.03023237362531246 0.0005 247
0.03025889884642938 0.0005 248
0.03028648509384047 0.0005 249
0.0303151747964863 0.0005 250
0.03034501208049492 0.0005 251
0.03037604285254422 0.0005 252
0.0304083148484234 0.0005 253
0.03044187772615334 0.0005 254
0.03047678312725952 0.0005 255
0.03051308475179219 0.0005 256
0.0305508384314062 0.0005 257
0.03059010224860197 0.0005 258
0.03063093661309358 0.0005 259
0.03067340435904009 0.0005 260
0.03071757082178123 0.0005 261
0.03076350396779782 0.0005 262
0.03081127442282339 0.0005 263
0.03086095568789481 0.0005 264
0.03091262422472642 0.0005 265
0.03096635948619425 0.0005 266
0.03102224414085251 0.0005 267
0.03108036419469877 0.0005 268
0.03114080903855613 0.0005 269
0.03120367168352 0.0005 270
0.03126904884385943 0.0005 271
0.03133704108195075 0.0005 272
0.0314077530040168 0.0005 273
0.03148129340673143 0.0005 274
0.03155777543667058 0.0005 275
0.03163731676296741 0.0005 276
0.03172003973475511 0.0005 277
0.03180607160955689 0.0005 278
0.03189554477277801 0.0005 279
0.03198859685937472 0.0005 280
0.03208537099896444 0.0005 281
0.03218601612427663 0.0005 282
0.03229068707099899 0.0005 283
0.03239954484681103 0.0005 284
0.03251275695112528 0.0005 285
0.03263049753220896 0.0005 286
0.03275294771773733 0.0005 287
0.03288029590794213 0.0005 288
0.0330127380302087 0.0005 289
0.03315047784700959 0.0005 290
0.03329372724305169 0.0005 291
0.03344270662775372 0.0005 292
0.03359764519299884 0.0005 293
0.03375878129395955 0.0005 294
0.03392636286610839 0.0005 295
0.03410064769147338 0.0005 296
0.03428190389685121 0.0005 297
0.03447041034908262 0.0005 298
0.03466645704380887 0.0005 299
0.03487034563222453 0.0005 300
0.0350823897338867 0.0005 301
0.03530291563663425 0.0005 302
0.03553226257623548 0.0005 303
0.03577078335965574 0.0005 304
0.03601884500235873 0.0005 305
0.03627682907772441 0.0005 306
0.03654513253190058 0.0005 307
0.03682416814469709 0.0005 308
0.0371143651636968 0.0005 309
0.03741617006071737 0.0005 310
0.03773004714600118 0.0005 311
0.03805647933776832 0.0005 312
0.03839596881497569 0.0005 313
0.03874903784510925 0.0005 314
0.03911622968111531 0.0005 315
0.03949810920278041 0.0005 316
0.03989526390662893 0.0005 317
0.04030830479401309 0.0005 318
0.04073786726695542 0.0005 319
0.04118461227135752 0.0005 320
0.04164922704779057 0.0005 321
0.04213242645991951 0.0005 322
0.0426349538282009 0.0005 323
0.04315758231843167 0.0005 324
0.04370111595063972 0.0005 325
0.04426639088506813 0.0005 326
0.0448542768547929 0.0005 327
0.04546567824075388 0.0005 328
0.04610153571591888 0.0005 329
0.04676282747513878 0.0005 330
0.04745057087010417 0.0005 331
0.04816582405069064 0.0005 332
0.04890968731733271 0.0005 333
0.04968330512904633 0.0005 334
0.05048786766344226 0.0005 335
0.05132461268837868 0.0005 336
0.05219482752211721 0.0005 337
0.05309985096924305 0.0005 338
0.05404107535363563 0.0005 339
0.05501994871514498 0.0005 340
0.05603797700100455 0.0005 341
0.05709672643400991 0.0005 342
0.05819782582968101 0.0005 343
0.05934296922170099 0.0005 344
0.06053391833498196 0.0005 345
0.06177250544071288 0.0005 346
0.06306063601679321 0.0005 347
0.06440029180625005 0.0005 348
0.06579353381723188 0.0005 349
0.06724250550535019 0.0005 350
0.0687494360909367 0.0005 351
0.07031664390247774 0.0005 352
0.07194654005057051 0.0005 353
0.07364163203387777 0.0005 354
0.07540452769730061 0.0005 355
0.07723793920476443 0.0005 356
0.07914468715258396 0.0005 357
0.08112770501427294 0.0005 358
0.08319004357906666 0.0005 359
0.08533487568893927 0.0005 360
0.08756550111440048 0.0005 361
0.08988535158216936 0.0005 362
0.09229799602819072 0.0005 363
0.09480714627197009 0.0005 364
0.09741666254144418 0.0005 365
0.1001305594472847 0.0005 366
0.1029530122549032 0.0005 367
0.1058883631775439 0.0005 368
0.1089411281274902 0.0005 369
0.112116003718941 0.0005 370
0.1154178743287708 0.0005 371
0.1188518197561935 0.0005 372
0.1224231229912906 0.0005 373
0.1261372783704369 0.0005 374
0.03 6.29636589152726e-05 375
0.03 0.000119630952069252 376
0.03 0.0001706315158682544 377
0.03 0.0002165320234281834 378
0.03 0.0002578424800451915 379
0.03 0.0002950218907460969 380
0.03 0.0003284833605596476 381
0.03 0.0003585986834933876 382
0.03 0.0003857024739782694 383
0.03 0.0004100958856275008 384
0.03 0.000432049956189741 385
0.03 0.0004518086195737455 386
0.03 0.0004695914168035637 387
0.03 0.0004855959344644811 388
0.13 6.29636589152726e-05 389
0.13 0.000119630952069252 390
0.13 0.0001706315158682544 391
0.13 0.0002165320234281834 392
0.13 0.0002578424800451915 393
0.13 0.0002950218907460969 394
0.13 0.0003284833605596476 395
0.13 0.0003585986834933876 396
0.13 0.0003857024739782694 397
0.13 0.0004100958856275008 398
0.13 0.000432049956189741 399
0.13 0.0004518086195737455 400
0.13 0.0004695914168035637 401
0.13 0.0004855959344644811 402
0 0.0005744801518658966 403
0 0.0006549187023411366 404
0 0.0007417923242596626 405
0 0.0008356158349343708 406
0 0.000936945243677711 407
0 0.001046381012230214 408
0 0.001164571636941929 409
0 0.001292217511602556 410
0 0.001430075062922938 411
0 0.001578961209800969 412
0 0.001739758244719251 413
0 0.001913419042969198 414
0 0.00210097269019394 415
0 0.00230353063927247 416
0 0.002522293228240823 417
0 0.002758556814951889 418
0 0.003013721494810931 419
0 0.00328929936452097 420
0 0.003586923470452022 421
0 0.003908357479700804 422
0 0.004255506196689488 423
0 0.004630426835077315 424
0 0.005035341124316705 425
0 0.005472648553571963 426
0 0.005944940571786645 427
0 0.006455015939055441 428
0 0.007005897352521075 429
0 0.007600849281163178 430
0 0.008243397348877591 431
0 0.008937349263397636 432
0 0.009686817353161487 433
0 0.01049624287276043 434
0 0.01137042242050506 435
0 0.01231453633798136 436
0 0.01333417939040457 437
0 0.01443539387837664 438
0 0.01562470553421714 439
0 0.01690916210325998 440
0 0.01829637518188409 441
0 0.01979456529529753 442
0 0.02141261061703501 443
0 0.02316009957282735 444
0 0.02504738766014365 445
0 0.02708565881053514 446
0 0.02928699163221531 447
0 0.0316644310697716 448
0 0.03423206566161056 449
0 0.03700511102124814 450
0.003917148622358814 0.04 451
0.007325067893945432 0.04 452
0.0102899575865921 0.04 453
0.01286941160453007 0.04 454
0.01511353654844268 0.04 455
0.01706592525466065 0.04 456
0.01876450341017673 0.04 457
0.02024226639775612 0.04 458
0.0215279201902329 0.04 459
0.02264643896466624 0.04 460
0.02361955027200633 0.04 461
0.02446615712650769 0.04 462
0.02520270502577901 0.04 463
0.02584350174520178 0.04 464
0.02640099487799185 0.04 465
0.02688601388223625 0.04 466
0.02730798039566978 0.04 467
0.02767509124414991 0.04 468
0.02799447770658669 0.04 469
0.02827234390816934 0.04 470
0.02851408753664583 0.04 471
0.02872440448502376 0.04 472
0.02890738023499829 0.04 473
0.02906656910426673 0.04 474
0.02920506343926359 0.04 475
0.02932555351549669 0.04 476
0.02943037985681604 0.04 477
0.02952157878583053 0.04 478
0.02960092183290081 0.04 479
0.02966995027329887 0.04 480
0.02973000504365332 0.04 481
0.02978225270469102 0.04 482
0.02982770816346954 0.04 483
0.02986725439025929 0.04 484
0.02990165958635995 0.04 485
0.02993159210647003 0.04 486
0.02995763341707984 0.04 487
0.02998028935128511 0.04 488
0.03001723029151534 0.04 489
0.03003514978265102 0.04 490
0.03005378605909551 0.04 491
0.03007316777028205 0.04 492
0.03009332474963699 0.04 493
0.03011428801872161 0.04 494
0.03013608982379724 0.04 495
0.03015876370501664 0.04 496
0.03018234454235753 0.04 497
0.03020686860316048 0.04 498
0.03023237362531246 0.04 499
0.03025889884642938 0.04 500
0.03028648509384047 0.04 501
0.0303151747964863 0.04 502
0.03034501208049492 0.04 503
0.03037604285254422 0.04 504
0.0304083148484234 0.04 505
0.03044187772615334 0.04 506
0.03047678312725952 0.04 507
0.03051308475179219 0.04 508
0.0305508384314062 0.04 509
0.03059010224860197 0.04 510
0.03063093661309358 0.04 511
0.03067340435904009 0.04 512
0.03071757082178123 0.04 513
0.03076350396779782 0.04 514
0.03081127442282339 0.04 515
0.03086095568789481 0.04 516
0.03091262422472642 0.04 517
0.03096635948619425 0.04 518
0.03102224414085251 0.04 519
0.03108036419469877 0.04 520
0.03114080903855613 0.04 521
0.03120367168352 0.04 522
0.03126904884385943 0.04 523
0.03133704108195075 0.04 524
0.0314077530040168 0.04 525
0.03148129340673143 0.04 526
0.03155777543667058 0.04 527
0.03163731676296741 0.04 528
0.03172003973475511 0.04 529
0.03180607160955689 0.04 530
0.03189554477277801 0.04 531
0.03198859685937472 0.04 532
0.03208537099896444 0.04 533
0.03218601612427663 0.04 534
0.03229068707099899 0.04 535
0.03239954484681103 0.04 536
0.03251275695112528 0.04 537
0.03263049753220896 0.04 538
0.03275294771773733 0.04 539
0.03288029590794213 0.04 540
0.0330127380302087 0.04 541
0.03315047784700959 0.04 542
0.03329372724305169 0.04 543
0.03344270662775372 0.04 544
0.03359764519299884 0.04 545
0.03375878129395955 0.04 546
0.03392636286610839 0.04 547
0.03410064769147338 0.04 548
0.03428190389685121 0.04 549
0.03447041034908262 0.04 550
0.03466645704380887 0.04 551
0.03487034563222453 0.04 552
0.0350823897338867 0.04 553
0.03530291563663425 0.04 554
0.03553226257623548 0.04 555
0.03577078335965574 0.04 556
0.03601884500235873 0.04 557
0.03627682907772441 0.04 558
0.03654513253190058 0.04 559
0.03682416814469709 0.04 560
0.0371143651636968 0.04 561
0.03741617006071737 0.04 562
0.03773004714600118 0.04 563
0.03805647933776832 0.04 564
0.03839596881497569 0.04 565
0.03874903784510925 0.04 566
0.03911622968111531 0.04 567
0.03949810920278041 0.04 568
0.03989526390662893 0.04 569
0.04030830479401309 0.04 570
0.04073786726695542 0.04 571
0.04118461227135752 0.04 572
0.04164922704779057 0.04 573
0.04213242645991951 0.04 574
0.0426349538282009 0.04 575
0.04315758231843167 0.04 576
0.04370111595063972 0.04 577
0.04426639088506813 0.04 578
0.0448542768547929 0.04 579
0.04546567824075388 0.04 580
0.04610153571591888 0.04 581
0.04676282747513878 0.04 582
0.04745057087010417 0.04 583
0.04816582405069064 0.04 584
0.04890968731733271 0.04 585
0.04968330512904633 0.04 586
0.05048786766344226 0.04 587
0.05132461268837868 0.04 588
0.05219482752211721 0.04 589
0.05309985096924305 0.04 590
0.05404107535363563 0.04 591
0.05501994871514498 0.04 592
0.05603797700100455 0.04 593
0.05709672643400991 0.04 594
0.05819782582968101 0.04 595
0.05934296922170099 0.04 596
0.06053391833498196 0.04 597
0.06177250544071288 0.04 598
0.06306063601679321 0.04 599
0.06440029180625005 0.04 600
0.06579353381723188 0.04 601
0.06724250550535019 0.04 602
0.0687494360909367 0.04 603
0.07031664390247774 0.04 604
0.07194654005057051 0.04 605
0.07364163203387777 0.04 606
0.07540452769730061 0.04 607
0.07723793920476443 0.04 608
0.07914468715258396 0.04 609
0.08112770501427294 0.04 610
0.08319004357906666 0.04 611
0.08533487568893927 0.04 612
0.08756550111440048 0.04 613
0.08988535158216936 0.04 614
0.09229799602819072 0.04 615
0.09480714627197009 0.04 616
0.09741666254144418 0.04 617
0.1001305594472847 0.04 618
0.1029530122549032 0.04 619
0.1058883631775439 0.04 620
0.1089411281274902 0.04 621
0.112116003718941 0.04 622
0.1154178743287708 0.04 623
0.1188518197561935 0.04 624
0.1224231229912906 0.04 625
0.1261372783704369 0.04 626
0.03 0.0005744801518658966 627
0.03 0.0006549187023411366 628
0.03 0.0007417923242596626 629
0.03 0.0008356158349343708 630
0.03 0.000936945243677711 631
0.03 0.001046381012230214 632
0.03 0.001164571636941929 633
0.03 0.001292217511602556 634
0.03 0.001430075062922938 635
0.03 0.001578961209800969 636
0.03 0.001739758244719251 637
0.03 0.001913419042969198 638
0.03 0.00210097269019394 639
0.03 0.00230353063927247 640
0.03 0.002522293228240823 641
0.03 0.002758556814951889 642
0.03 0.003013721494810931 643
0.03 0.00328929936452097 644
0.03 0.003586923470452022 645
0.03 0.003908357479700804 646
0.03 0.004255506196689488 647
0.03 0.004630426835077315 648
0.03 0.005035341124316705 649
0.03 0.005472648553571963 650
0.03 0.005944940571786645 651
0.03 0.006455015939055441 652
0.03 0.007005897352521075 653
0.03 0.007600849281163178 654
0.03 0.008243397348877591 655
0.03 0.008937349263397636 656
0.03 0.009686817353161487 657
0.03 0.01049624287276043 658
0.03 0.01137042242050506 659
0.03 0.01231453633798136 660
0.03 0.01333417939040457 661
0.03 0.01443539387837664 662
0.03 0.01562470553421714 663
0.03 0.01690916210325998 664
0.03 0.01829637518188409 665
0.03 0.01979456529529753 666
0.03 0.02141261061703501 667
0.03 0.02316009957282735 668
0.03 0.02504738766014365 669
0.03 0.02708565881053514 670
0.03 0.02928699163221531 671
0.03 0.0316644310697716 672
0.03 0.03423206566161056 673
0.03 0.03700511102124814 674
0.13 0.0005744801518658966 675
0.13 0.0006549187023411366 676
0.13 0.0007417923242596626 677
0.13 0.0008356158349343708 678
0.13 0.000936945243677711 679
0.13 0.001046381012230214 680
0.13 0.001164571636941929 681
0.13 0.001292217511602556 682
0.13 0.001430075062922938 683
0.13 0.001578961209800969 684
0.13 0.001739758244719251 685
0.13 0.001913419042969198 686
0.13 0.00210097269019394 687
0.13 0.00230353063927247 688
0.13 0.002522293228240823 689
0.13 0.002758556814951889 690
0.13 0.003013721494810931 691
0.13 0.00328929936452097 692
0.13 0.003586923470452022 693
0.13 0.003908357479700804 694
0.13 0.004255506196689488 695
0.13 0.004630426835077315 696
0.13 0.005035341124316705 697
0.13 0.005472648553571963 698
0.13 0.005944940571786645 699
0.13 0.006455015939055441 700
0.13 0.007005897352521075 701
0.13 0.007600849281163178 702
0.13 0.008243397348877591 703
0.13 0.008937349263397636 704
0.13 0.009686817353161487 705
0.13 0.01049624287276043 706
0.13 0.01137042242050506 707
0.13 0.01231453633798136 708
0.13 0.01333417939040457 709
0.13 0.01443539387837664 710
0.13 0.01562470553421714 711
0.13 0.01690916210325998 712
0.13 0.01829637518188409 713
0.13 0.01979456529529753 714
0.13 0.02141261061703501 715
0.13 0.02316009957282735 716
0.13 0.02504738766014365 717
0.13 0.02708565881053514 718
0.13 0.02928699163221531 719
0.13 0.0316644310697716 720
0.13 0.03423206566161056 721
0.13 0.03700511102124814 722
0.003917148622358814 6.29636589152726e-05 723
0.003917148622358814 0.000119630952069252 724
0.003917148622358814 0.0001706315158682544 725
0.003917148622358814 0.0002165320234281834 726
0.003917148622358814 0.0002578424800451915 727
0.003917148622358814 0.0002950218907460969 728
0.003917148622358814 0.0003284833605596477 729
0.003917148622358814 0.0003585986834933876 730
0.003917148622358814 0.0003857024739782694 731
0.003917148622358814 0.0004100958856275008 732
0.003917148622358814 0.000432049956189741 733
0.003917148622358813 0.0004518086195737456 734
0.003917148622358814 0.0004695914168035637 735
0.003917148622358813 0.000485595934464481 736
0.007325067893945433 6.296365891527262e-05 737
0.007325067893945431 0.000119630952069252 738
0.007325067893945431 0.0001706315158682544 739
0.007325067893945431 0.0002165320234281834 740
0.007325067893945433 0.0002578424800451915 741
0.007325067893945433 0.0002950218907460969 742
0.007325067893945434 0.0003284833605596476 743
0.007325067893945433 0.0003585986834933874 744
0.007325067893945434 0.0003857024739782694 745
0.007325067893945431 0.0004100958856275008 746
0.007325067893945433 0.0004320499561897411 747
0.007325067893945431 0.0004518086195737455 748
0.007325067893945432 0.0004695914168035637 749
0.007325067893945433 0.0004855959344644811 750
0.0102899575865921 6.296365891527262e-05 751
0.0102899575865921 0.000119630952069252 752
0.0102899575865921 0.0001706315158682544 753
0.0102899575865921 0.0002165320234281834 754
0.0102899575865921 0.0002578424800451915 755
0.0102899575865921 0.0002950218907460969 756
0.0102899575865921 0.0003284833605596476 757
0.0102899575865921 0.0003585986834933876 758
0.0102899575865921 0.0003857024739782694 759
0.0102899575865921 0.0004100958856275008 760
0.0102899575865921 0.000432049956189741 761
0.0102899575865921 0.0004518086195737455 762
0.0102899575865921 0.0004695914168035639 763
0.01028995758659209 0.000485595934464481 764
0.01286941160453007 6.29636589152726e-05 765
0.01286941160453007 0.000119630952069252 766
0.01286941160453007 0.0001706315158682544 767
0.01286941160453007 0.0002165320234281834 768
0.01286941160453007 0.0002578424800451915 769
0.01286941160453007 0.0002950218907460969 770
0.01286941160453008 0.0003284833605596476 771
0.01286941160453007 0.0003585986834933877 772
0.01286941160453007 0.0003857024739782694 773
0.01286941160453007 0.0004100958856275008 774
0.01286941160453007 0.0004320499561897412 775
0.01286941160453007 0.0004518086195737455 776
0.01286941160453007 0.0004695914168035638 777
0.01286941160453007 0.0004855959344644811 778
0.01511353654844269 6.29636589152726e-05 779
0.01511353654844268 0.000119630952069252 780
0.01511353654844268 0.0001706315158682544 781
0.01511353654844268 0.0002165320234281835 782
0.01511353654844268 0.0002578424800451915 783
0.01511353654844268 0.0002950218907460969 784
0.01511353654844268 0.0003284833605596476 785
0.01511353654844269 0.0003585986834933877 786
0.01511353654844268 0.0003857024739782694 787
0.01511353654844268 0.0004100958856275008 788
0.01511353654844269 0.0004320499561897411 789
0.01511353654844268 0.0004518086195737455 790
0.01511353654844268 0.0004695914168035637 791
0.01511353654844268 0.0004855959344644811 792
0.01706592525466065 6.29636589152726e-05 793
0.01706592525466065 0.000119630952069252 794
0.01706592525466065 0.0001706315158682544 795
0.01706592525466065 0.0002165320234281835 796
0.01706592525466065 0.0002578424800451915 797
0.01706592525466065 0.0002950218907460969 798
0.01706592525466065 0.0003284833605596476 799
0.01706592525466065 0.0003585986834933876 800
0.01706592525466065 0.0003857024739782694 801
0.01706592525466065 0.0004100958856275008 802
0.01706592525466065 0.0004320499561897411 803
0.01706592525466065 0.0004518086195737455 804
0.01706592525466065 0.0004695914168035639 805
0.01706592525466065 0.0004855959344644811 806
0.01876450341017673 6.296365891527262e-05 807
0.01876450341017673 0.000119630952069252 808
0.01876450341017673 0.0001706315158682544 809
0.01876450341017673 0.0002165320234281834 810
0.01876450341017673 0.0002578424800451915 811
0.01876450341017673 0.0002950218907460969 812
0.01876450341017673 0.0003284833605596476 813
0.01876450341017673 0.0003585986834933877 814
0.01876450341017673 0.0003857024739782694 815
0.01876450341017673 0.0004100958856275008 816
0.01876450341017673 0.0004320499561897411 817
0.01876450341017673 0.0004518086195737455 818
0.01876450341017673 0.0004695914168035636 819
0.01876450341017673 0.0004855959344644811 820
0.02024226639775612 6.29636589152726e-05 821
0.02024226639775612 0.000119630952069252 822
0.02024226639775612 0.0001706315158682544 823
0.02024226639775613 0.0002165320234281835 824
0.02024226639775612 0.0002578424800451915 825
0.02024226639775612 0.0002950218907460969 826
0.02024226639775612 0.0003284833605596476 827
0.02024226639775612 0.0003585986834933876 828
0.02024226639775612 0.0003857024739782692 829
0.02024226639775612 0.0004100958856275008 830
0.02024226639775612 0.0004320499561897411 831
0.02024226639775612 0.0004518086195737456 832
0.02024226639775612 0.0004695914168035637 833
0.02024226639775612 0.0004855959344644811 834
0.0215279201902329 6.29636589152726e-05 835
0.0215279201902329 0.000119630952069252 836
0.0215279201902329 0.0001706315158682544 837
0.0215279201902329 0.0002165320234281834 838
0.02152792019023289 0.0002578424800451915 839
0.0215279201902329 0.0002950218907460969 840
0.0215279201902329 0.0003284833605596477 841
0.0215279201902329 0.0003585986834933876 842
0.0215279201902329 0.0003857024739782693 843
0.0215279201902329 0.0004100958856275008 844
0.0215279201902329 0.0004320499561897412 845
0.0215279201902329 0.0004518086195737455 846
0.0215279201902329 0.0004695914168035637 847
0.0215279201902329 0.0004855959344644811 848
0.02264643896466625 6.29636589152726e-05 849
0.02264643896466625 0.000119630952069252 850
0.02264643896466625 0.0001706315158682544 851
0.02264643896466624 0.0002165320234281835 852
0.02264643896466625 0.0002578424800451915 853
0.02264643896466625 0.0002950218907460969 854
0.02264643896466625 0.0003284833605596477 855
0.02264643896466625 0.0003585986834933877 856
0.02264643896466624 0.0003857024739782693 857
0.02264643896466625 0.0004100958856275008 858
0.02264643896466624 0.000432049956189741 859
0.02264643896466625 0.0004518086195737456 860
0.02264643896466625 0.0004695914168035639 861
0.02264643896466624 0.000485595934464481 862
0.02361955027200632 6.29636589152726e-05 863
0.02361955027200633 0.000119630952069252 864
0.02361955027200633 0.0001706315158682544 865
0.02361955027200633 0.0002165320234281834 866
0.02361955027200633 0.0002578424800451915 867
0.02361955027200633 0.0002950218907460969 868
0.02361955027200632 0.0003284833605596476 869
0.02361955027200632 0.0003585986834933877 870
0.02361955027200633 0.0003857024739782694 871
0.02361955027200633 0.0004100958856275008 872
0.02361955027200633 0.000432049956189741 873
0.02361955027200633 0.0004518086195737455 874
0.02361955027200633 0.0004695914168035637 875
0.02361955027200633 0.0004855959344644811 876
0.02446615712650769 6.29636589152726e-05 877
0.02446615712650769 0.000119630952069252 878
0.02446615712650769 0.0001706315158682544 879
0.02446615712650769 0.0002165320234281834 880
0.02446615712650769 0.0002578424800451915 881
0.02446615712650769 0.0002950218907460969 882
0.02446615712650769 0.0003284833605596477 883
0.02446615712650769 0.0003585986834933876 884
0.02446615712650769 0.0003857024739782693 885
0.02446615712650769 0.0004100958856275008 886
0.02446615712650769 0.000432049956189741 887
0.02446615712650769 0.0004518086195737455 888
0.02446615712650769 0.0004695914168035636 889
0.02446615712650769 0.0004855959344644811 890
0.02520270502577901 6.29636589152726e-05 891
0.025202705025779 0.000119630952069252 892
0.02520270502577901 0.0001706315158682544 893
0.02520270502577901 0.0002165320234281834 894
0.02520270502577901 0.0002578424800451915 895
0.025202705025779 0.0002950218907460969 896
0.02520270502577901 0.0003284833605596477 897
0.02520270502577901 0.0003585986834933876 898
0.02520270502577901 0.0003857024739782694 899
0.02520270502577901 0.0004100958856275008 900
0.02520270502577901 0.0004320499561897411 901
0.02520270502577901 0.0004518086195737455 902
0.02520270502577901 0.0004695914168035637 903
0.02520270502577901 0.000485595934464481 904
0.02584350174520178 6.29636589152726e-05 905
0.02584350174520179 0.000119630952069252 906
0.02584350174520178 0.0001706315158682544 907
0.02584350174520179 0.0002165320234281835 908
0.02584350174520178 0.0002578424800451915 909
0.02584350174520178 0.0002950218907460969 910
0.02584350174520178 0.0003284833605596476 911
0.02584350174520178 0.0003585986834933874 912
0.02584350174520178 0.0003857024739782695 913
0.02584350174520178 0.0004100958856275008 914
0.02584350174520178 0.000432049956189741 915
0.02584350174520179 0.0004518086195737455 916
0.02584350174520178 0.0004695914168035639 917
0.02584350174520178 0.0004855959344644811 918
0.02640099487799184 6.29636589152726e-05 919
0.02640099487799185 0.000119630952069252 920
0.02640099487799185 0.0001706315158682544 921
0.02640099487799185 0.0002165320234281834 922
0.02640099487799185 0.0002578424800451915 923
0.02640099487799185 0.0002950218907460969 924
0.02640099487799185 0.0003284833605596477 925
0.02640099487799184 0.0003585986834933876 926
0.02640099487799185 0.0003857024739782694 927
0.02640099487799185 0.0004100958856275008 928
0.02640099487799185 0.000432049956189741 929
0.02640099487799185 0.0004518086195737455 930
0.02640099487799185 0.0004695914168035637 931
0.02640099487799185 0.0004855959344644811 932
0.02688601388223625 6.29636589152726e-05 933
0.02688601388223624 0.000119630952069252 934
0.02688601388223625 0.0001706315158682544 935
0.02688601388223625 0.0002165320234281834 936
0.02688601388223625 0.0002578424800451915 937
0.02688601388223625 0.0002950218907460969 938
0.02688601388223625 0.0003284833605596477 939
0.02688601388223624 0.0003585986834933876 940
0.02688601388223624 0.0003857024739782694 941
0.02688601388223624 0.0004100958856275008 942
0.02688601388223625 0.0004320499561897411 943
0.02688601388223625 0.0004518086195737456 944
0.02688601388223625 0.0004695914168035637 945
0.02688601388223625 0.0004855959344644811 946
0.02730798039566978 6.29636589152726e-05 947
0.02730798039566978 0.000119630952069252 948
0.02730798039566979 0.0001706315158682544 949
0.02730798039566978 0.0002165320234281834 950
0.02730798039566979 0.0002578424800451916 951
0.02730798039566978 0.0002950218907460969 952
0.02730798039566978 0.0003284833605596477 953
0.02730798039566978 0.0003585986834933876 954
0.02730798039566979 0.0003857024739782694 955
0.02730798039566978 0.0004100958856275008 956
0.02730798039566978 0.000432049956189741 957
0.02730798039566978 0.0004518086195737455 958
0.02730798039566978 0.0004695914168035638 959
0.02730798039566978 0.000485595934464481 960
0.0276750912441499 6.29636589152726e-05 961
0.02767509124414991 0.000119630952069252 962
0.02767509124414991 0.0001706315158682544 963
0.02767509124414991 0.0002165320234281834 964
0.02767509124414991 0.0002578424800451916 965
0.02767509124414991 0.000295021890746097 966
0.02767509124414991 0.0003284833605596477 967
0.02767509124414991 0.0003585986834933877 968
0.02767509124414991 0.0003857024739782694 969
0.0276750912441499 0.0004100958856275007 970
0.02767509124414991 0.000432049956189741 971
0.02767509124414991 0.0004518086195737456 972
0.02767509124414991 0.0004695914168035639 973
0.02767509124414991 0.0004855959344644811 974
0.02799447770658669 6.29636589152726e-05 975
0.02799447770658669 0.000119630952069252 976
0.02799447770658669 0.0001706315158682544 977
0.02799447770658668 0.0002165320234281834 978
0.02799447770658669 0.0002578424800451915 979
0.02799447770658669 0.0002950218907460969 980
0.02799447770658669 0.0003284833605596476 981
0.02799447770658669 0.0003585986834933876 982
0.02799447770658669 0.0003857024739782694 983
0.02799447770658669 0.0004100958856275008 984
0.02799447770658669 0.0004320499561897411 985
0.02799447770658669 0.0004518086195737455 986
0.02799447770658669 0.0004695914168035637 987
0.02799447770658669 0.0004855959344644811 988
0.02827234390816934 6.29636589152726e-05 989
0.02827234390816934 0.000119630952069252 990
0.02827234390816934 0.0001706315158682544 991
0.02827234390816934 0.0002165320234281835 992
0.02827234390816934 0.0002578424800451915 993
0.02827234390816934 0.0002950218907460969 994
0.02827234390816934 0.0003284833605596477 995
0.02827234390816934 0.0003585986834933876 996
0.02827234390816934 0.0003857024739782694 997
0.02827234390816934 0.0004100958856275008 998
0.02827234390816934 0.000432049956189741 999
0.02827234390816934 0.0004518086195737455 1000
0.02827234390816934 0.0004695914168035638 1001
0.02827234390816934 0.0004855959344644811 1002
0.02851408753664582 6.296365891527262e-05 1003
0.02851408753664583 0.000119630952069252 1004
0.02851408753664583 0.0001706315158682544 1005
0.02851408753664584 0.0002165320234281834 1006
0.02851408753664584 0.0002578424800451915 1007
0.02851408753664583 0.0002950218907460969 1008
0.02851408753664583 0.0003284833605596476 1009
0.02851408753664583 0.0003585986834933876 1010
0.02851408753664582 0.0003857024739782694 1011
0.02851408753664582 0.0004100958856275008 1012
0.02851408753664583 0.000432049956189741 1013
0.02851408753664584 0.0004518086195737455 1014
0.02851408753664583 0.0004695914168035637 1015
0.02851408753664583 0.000485595934464481 1016
0.02872440448502375 6.29636589152726e-05 1017
0.02872440448502376 0.000119630952069252 1018
0.02872440448502377 0.0001706315158682544 1019
0.02872440448502376 0.0002165320234281834 1020
0.02872440448502376 0.0002578424800451915 1021
0.02872440448502376 0.0002950218907460969 1022
0.02872440448502376 0.0003284833605596476 1023
0.02872440448502376 0.0003585986834933876 1024
0.02872440448502376 0.0003857024739782694 1025
0.02872440448502376 0.0004100958856275007 1026
0.02872440448502376 0.0004320499561897411 1027
0.02872440448502376 0.0004518086195737455 1028
0.02872440448502376 0.0004695914168035638 1029
0.02872440448502376 0.000485595934464481 1030
0.0289073802349983 6.29636589152726e-05 1031
0.02890738023499828 0.000119630952069252 1032
0.0289073802349983 0.0001706315158682544 1033
0.0289073802349983 0.0002165320234281834 1034
0.0289073802349983 0.0002578424800451915 1035
0.0289073802349983 0.000295021890746097 1036
0.0289073802349983 0.0003284833605596477 1037
0.02890738023499829 0.0003585986834933876 1038
0.0289073802349983 0.0003857024739782694 1039
0.0289073802349983 0.0004100958856275008 1040
0.0289073802349983 0.000432049956189741 1041
0.0289073802349983 0.0004518086195737455 1042
0.02890738023499829 0.0004695914168035637 1043
0.02890738023499829 0.0004855959344644811 1044
0.02906656910426673 6.29636589152726e-05 1045
0.02906656910426673 0.000119630952069252 1046
0.02906656910426673 0.0001706315158682544 1047
0.02906656910426672 0.0002165320234281835 1048
0.02906656910426673 0.0002578424800451915 1049
0.02906656910426673 0.0002950218907460969 1050
0.02906656910426673 0.0003284833605596477 1051
0.02906656910426673 0.0003585986834933876 1052
0.02906656910426673 0.0003857024739782694 1053
0.02906656910426673 0.0004100958856275008 1054
0.02906656910426673 0.000432049956189741 1055
0.02906656910426673 0.0004518086195737456 1056
0.02906656910426673 0.0004695914168035637 1057
0.02906656910426673 0.0004855959344644811 1058
0.02920506343926359 6.296365891527262e-05 1059
0.02920506343926359 0.000119630952069252 1060
0.02920506343926359 0.0001706315158682544 1061
0.02920506343926359 0.0002165320234281834 1062
0.02920506343926359 0.0002578424800451915 1063
0.02920506343926359 0.0002950218907460969 1064
0.02920506343926359 0.0003284833605596476 1065
0.02920506343926359 0.0003585986834933877 1066
0.02920506343926359 0.0003857024739782694 1067
0.02920506343926359 0.0004100958856275008 1068
0.02920506343926359 0.0004320499561897411 1069
0.02920506343926359 0.0004518086195737456 1070
0.02920506343926359 0.0004695914168035637 1071
0.02920506343926359 0.000485595934464481 1072
0.02932555351549669 6.29636589152726e-05 1073
0.02932555351549669 0.000119630952069252 1074
0.02932555351549668 0.0001706315158682544 1075
0.02932555351549669 0.0002165320234281834 1076
0.02932555351549669 0.0002578424800451915 1077
0.02932555351549669 0.0002950218907460969 1078
0.02932555351549669 0.0003284833605596477 1079
0.02932555351549669 0.0003585986834933876 1080
0.02932555351549669 0.0003857024739782694 1081
0.02932555351549669 0.0004100958856275008 1082
0.02932555351549669 0.000432049956189741 1083
0.02932555351549669 0.0004518086195737455 1084
0.02932555351549669 0.0004695914168035637 1085
0.02932555351549669 0.000485595934464481 1086
0.02943037985681604 6.29636589152726e-05 1087
0.02943037985681604 0.000119630952069252 1088
0.02943037985681603 0.0001706315158682544 1089
0.02943037985681604 0.0002165320234281834 1090
0.02943037985681604 0.0002578424800451915 1091
0.02943037985681604 0.0002950218907460969 1092
0.02943037985681604 0.0003284833605596476 1093
0.02943037985681604 0.0003585986834933876 1094
0.02943037985681604 0.0003857024739782694 1095
0.02943037985681604 0.0004100958856275008 1096
0.02943037985681604 0.000432049956189741 1097
0.02943037985681604 0.0004518086195737455 1098
0.02943037985681604 0.0004695914168035637 1099
0.02943037985681604 0.0004855959344644811 1100
0.02952157878583053 6.29636589152726e-05 1101
0.02952157878583053 0.000119630952069252 1102
0.02952157878583053 0.0001706315158682544 1103
0.02952157878583054 0.0002165320234281834 1104
0.02952157878583053 0.0002578424800451915 1105
0.02952157878583053 0.0002950218907460969 1106
0.02952157878583053 0.0003284833605596476 1107
0.02952157878583053 0.0003585986834933876 1108
0.02952157878583054 0.0003857024739782694 1109
0.02952157878583054 0.0004100958856275008 1110
0.02952157878583053 0.0004320499561897411 1111
0.02952157878583054 0.0004518086195737456 1112
0.02952157878583053 0.0004695914168035637 1113
0.02952157878583053 0.0004855959344644811 1114
0.02960092183290081 6.296365891527262e-05 1115
0.02960092183290081 0.000119630952069252 1116
0.0296009218329008 0.0001706315158682544 1117
0.02960092183290081 0.0002165320234281835 1118
0.02960092183290081 0.0002578424800451916 1119
0.02960092183290082 0.0002950218907460969 1120
0.02960092183290081 0.0003284833605596476 1121
0.02960092183290081 0.0003585986834933876 1122
0.02960092183290082 0.0003857024739782694 1123
0.02960092183290082 0.0004100958856275008 1124
0.0296009218329008 0.000432049956189741 1125
0.02960092183290082 0.0004518086195737455 1126
0.02960092183290081 0.0004695914168035637 1127
0.02960092183290081 0.0004855959344644811 1128
0.02966995027329887 6.29636589152726e-05 1129
0.02966995027329887 0.000119630952069252 1130
0.02966995027329887 0.0001706315158682544 1131
0.02966995027329888 0.0002165320234281834 1132
0.02966995027329887 0.0002578424800451916 1133
0.02966995027329887 0.0002950218907460969 1134
0.02966995027329887 0.0003284833605596476 1135
0.02966995027329887 0.0003585986834933876 1136
0.02966995027329887 0.0003857024739782694 1137
0.02966995027329887 0.0004100958856275008 1138
0.02966995027329887 0.000432049956189741 1139
0.02966995027329887 0.0004518086195737455 1140
0.02966995027329887 0.0004695914168035637 1141
0.02966995027329887 0.0004855959344644811 1142
0.02973000504365332 6.296365891527262e-05 1143
0.02973000504365332 0.000119630952069252 1144
0.02973000504365331 0.0001706315158682544 1145
0.02973000504365331 0.0002165320234281835 1146
0.02973000504365332 0.0002578424800451915 1147
0.02973000504365332 0.0002950218907460969 1148
0.02973000504365331 0.0003284833605596477 1149
0.02973000504365332 0.0003585986834933877 1150
0.02973000504365332 0.0003857024739782694 1151
0.02973000504365331 0.0004100958856275008 1152
0.02973000504365331 0.000432049956189741 1153
0.02973000504365331 0.0004518086195737455 1154
0.02973000504365332 0.0004695914168035637 1155
0.02973000504365332 0.000485595934464481 1156
0.02978225270469103 6.29636589152726e-05 1157
0.02978225270469103 0.000119630952069252 1158
0.02978225270469102 0.0001706315158682544 1159
0.02978225270469102 0.0002165320234281834 1160
0.02978225270469102 0.0002578424800451916 1161
0.02978225270469102 0.0002950218907460969 1162
0.02978225270469102 0.0003284833605596476 1163
0.02978225270469102 0.0003585986834933876 1164
0.02978225270469102 0.0003857024739782694 1165
0.02978225270469102 0.0004100958856275008 1166
0.02978225270469102 0.000432049956189741 1167
0.02978225270469102 0.0004518086195737455 1168
0.02978225270469103 0.0004695914168035638 1169
0.02978225270469102 0.0004855959344644811 1170
0.02982770816346954 6.296365891527262e-05 1171
0.02982770816346954 0.000119630952069252 1172
0.02982770816346954 0.0001706315158682544 1173
0.02982770816346953 0.0002165320234281834 1174
0.02982770816346954 0.0002578424800451915 1175
0.02982770816346954 0.0002950218907460969 1176
0.02982770816346954 0.0003284833605596477 1177
0.02982770816346954 0.0003585986834933877 1178
0.02982770816346954 0.0003857024739782694 1179
0.02982770816346954 0.0004100958856275008 1180
0.02982770816346954 0.000432049956189741 1181
0.02982770816346954 0.0004518086195737455 1182
0.02982770816346954 0.0004695914168035637 1183
0.02982770816346954 0.0004855959344644811 1184
0.0298672543902593 6.29636589152726e-05 1185
0.0298672543902593 0.000119630952069252 1186
0.02986725439025929 0.0001706315158682544 1187
0.0298672543902593 0.0002165320234281834 1188
0.02986725439025929 0.0002578424800451915 1189
0.0298672543902593 0.0002950218907460969 1190
0.02986725439025929 0.0003284833605596476 1191
0.02986725439025929 0.0003585986834933876 1192
0.0298672543902593 0.0003857024739782694 1193
0.0298672543902593 0.0004100958856275008 1194
0.02986725439025929 0.000432049956189741 1195
0.0298672543902593 0.0004518086195737455 1196
0.0298672543902593 0.0004695914168035638 1197
0.02986725439025929 0.0004855959344644811 1198
0.02990165958635995 6.29636589152726e-05 1199
0.02990165958635995 0.000119630952069252 1200
0.02990165958635995 0.0001706315158682544 1201
0.02990165958635994 0.0002165320234281834 1202
0.02990165958635994 0.0002578424800451915 1203
0.02990165958635994 0.0002950218907460969 1204
0.02990165958635995 0.0003284833605596476 1205
0.02990165958635995 0.0003585986834933876 1206
0.02990165958635996 0.0003857024739782694 1207
0.02990165958635995 0.0004100958856275008 1208
0.02990165958635995 0.000432049956189741 1209
0.02990165958635995 0.0004518086195737456 1210
0.02990165958635995 0.0004695914168035637 1211
0.02990165958635994 0.000485595934464481 1212
0.02993159210647003 6.29636589152726e-05 1213
0.02993159210647003 0.000119630952069252 1214
0.02993159210647003 0.0001706315158682544 1215
0.02993159210647003 0.0002165320234281834 1216
0.02993159210647003 0.0002578424800451916 1217
0.02993159210647003 0.0002950218907460969 1218
0.02993159210647003 0.0003284833605596476 1219
0.02993159210647003 0.0003585986834933877 1220
0.02993159210647003 0.0003857024739782694 1221
0.02993159210647003 0.0004100958856275008 1222
0.02993159210647002 0.000432049956189741 1223
0.02993159210647002 0.0004518086195737455 1224
0.02993159210647003 0.0004695914168035637 1225
0.02993159210647003 0.0004855959344644811 1226
0.02995763341707984 6.296365891527262e-05 1227
0.02995763341707984 0.000119630952069252 1228
0.02995763341707983 0.0001706315158682544 1229
0.02995763341707983 0.0002165320234281834 1230
0.02995763341707984 0.0002578424800451916 1231
0.02995763341707983 0.0002950218907460969 1232
0.02995763341707984 0.0003284833605596477 1233
0.02995763341707984 0.0003585986834933876 1234
0.02995763341707984 0.0003857024739782694 1235
0.02995763341707983 0.0004100958856275008 1236
0.02995763341707983 0.0004320499561897411 1237
0.02995763341707984 0.0004518086195737455 1238
0.02995763341707984 0.0004695914168035637 1239
0.02995763341707983 0.0004855959344644811 1240
0.0299802893512851 6.29636589152726e-05 1241
0.0299802893512851 0.000119630952069252 1242
0.02998028935128511 0.0001706315158682544 1243
0.02998028935128511 0.0002165320234281834 1244
0.02998028935128511 0.0002578424800451916 1245
0.02998028935128511 0.0002950218907460969 1246
0.02998028935128511 0.0003284833605596476 1247
0.0299802893512851 0.0003585986834933876 1248
0.02998028935128511 0.0003857024739782694 1249
0.02998028935128511 0.0004100958856275008 1250
0.02998028935128511 0.000432049956189741 1251
0.02998028935128511 0.0004518086195737455 1252
0.02998028935128511 0.0004695914168035638 1253
0.0299802893512851 0.000485595934464481 1254
0.03001723029151534 6.296365891527262e-05 1255
0.03001723029151533 0.000119630952069252 1256
0.03001723029151534 0.0001706315158682544 1257
0.03001723029151534 0.0002165320234281835 1258
0.03001723029151534 0.0002578424800451915 1259
0.03001723029151533 0.0002950218907460969 1260
0.03001723029151534 0.0003284833605596477 1261
0.03001723029151534 0.0003585986834933877 1262
0.03001723029151534 0.0003857024739782694 1263
0.03001723029151533 0.0004100958856275008 1264
0.03001723029151534 0.000432049956189741 1265
0.03001723029151533 0.0004518086195737456 1266
0.03001723029151533 0.0004695914168035637 1267
0.03001723029151534 0.0004855959344644811 1268
0.03003514978265101 6.29636589152726e-05 1269
0.03003514978265102 0.000119630952069252 1270
0.03003514978265102 0.0001706315158682544 1271
0.03003514978265102 0.0002165320234281834 1272
0.03003514978265101 0.0002578424800451916 1273
0.03003514978265102 0.0002950218907460969 1274
0.03003514978265101 0.0003284833605596477 1275
0.03003514978265101 0.0003585986834933876 1276
0.03003514978265101 0.0003857024739782694 1277
0.03003514978265102 0.0004100958856275008 1278
0.03003514978265101 0.000432049956189741 1279
0.03003514978265102 0.0004518086195737456 1280
0.03003514978265101 0.0004695914168035637 1281
0.03003514978265102 0.0004855959344644811 1282
0.03005378605909551 6.296365891527262e-05 1283
0.03005378605909551 0.000119630952069252 1284
0.03005378605909552 0.0001706315158682544 1285
0.03005378605909551 0.0002165320234281834 1286
0.03005378605909551 0.0002578424800451915 1287
0.03005378605909551 0.0002950218907460969 1288
0.03005378605909551 0.0003284833605596478 1289
0.03005378605909551 0.0003585986834933876 1290
0.03005378605909551 0.0003857024739782694 1291
0.03005378605909551 0.0004100958856275008 1292
0.03005378605909552 0.0004320499561897411 1293
0.03005378605909551 0.0004518086195737456 1294
0.03005378605909551 0.0004695914168035637 1295
0.03005378605909551 0.0004855959344644811 1296
0.03007316777028206 6.29636589152726e-05 1297
0.03007316777028205 0.000119630952069252 1298
0.03007316777028205 0.0001706315158682544 1299
0.03007316777028206 0.0002165320234281835 1300
0.03007316777028205 0.0002578424800451915 1301
0.03007316777028205 0.0002950218907460969 1302
0.03007316777028205 0.0003284833605596477 1303
0.03007316777028205 0.0003585986834933876 1304
0.03007316777028205 0.0003857024739782694 1305
0.03007316777028205 0.0004100958856275007 1306
0.03007316777028206 0.0004320499561897411 1307
0.03007316777028205 0.0004518086195737456 1308
0.03007316777028205 0.0004695914168035637 1309
0.03007316777028205 0.0004855959344644811 1310
0.030093324749637 6.29636589152726e-05 1311
0.03009332474963699 0.000119630952069252 1312
0.03009332474963699 0.0001706315158682544 1313
0.030093324749637 0.0002165320234281834 1314
0.030093324749637 0.0002578424800451915 1315
0.030093324749637 0.0002950218907460969 1316
0.03009332474963699 0.0003284833605596476 1317
0.030093324749637 0.0003585986834933876 1318
0.030093324749637 0.0003857024739782694 1319
0.030093324749637 0.0004100958856275008 1320
0.030093324749637 0.000432049956189741 1321
0.030093324749637 0.0004518086195737455 1322
0.030093324749637 0.0004695914168035637 1323
0.030093324749637 0.000485595934464481 1324
0.03011428801872161 6.29636589152726e-05 1325
0.03011428801872161 0.000119630952069252 1326
0.03011428801872162 0.0001706315158682544 1327
0.03011428801872161 0.0002165320234281835 1328
0.03011428801872161 0.0002578424800451916 1329
0.03011428801872161 0.0002950218907460969 1330
0.03011428801872161 0.0003284833605596476 1331
0.03011428801872161 0.0003585986834933876 1332
0.03011428801872161 0.0003857024739782694 1333
0.03011428801872161 0.0004100958856275008 1334
0.03011428801872161 0.000432049956189741 1335
0.03011428801872161 0.0004518086195737456 1336
0.03011428801872161 0.0004695914168035637 1337
0.03011428801872161 0.0004855959344644811 1338
0.03013608982379723 6.296365891527262e-05 1339
0.03013608982379723 0.000119630952069252 1340
0.03013608982379724 0.0001706315158682544 1341
0.03013608982379723 0.0002165320234281834 1342
0.03013608982379724 0.0002578424800451915 1343
0.03013608982379724 0.0002950218907460969 1344
0.03013608982379724 0.0003284833605596477 1345
0.03013608982379724 0.0003585986834933876 1346
0.03013608982379724 0.0003857024739782694 1347
0.03013608982379724 0.0004100958856275008 1348
0.03013608982379724 0.0004320499561897411 1349
0.03013608982379724 0.0004518086195737455 1350
0.03013608982379724 0.0004695914168035637 1351
0.03013608982379724 0.0004855959344644811 1352
0.03015876370501664 6.29636589152726e-05 1353
0.03015876370501664 0.000119630952069252 1354
0.03015876370501664 0.0001706315158682544 1355
0.03015876370501664 0.0002165320234281835 1356
0.03015876370501664 0.0002578424800451916 1357
0.03015876370501664 0.0002950218907460969 1358
0.03015876370501664 0.0003284833605596476 1359
0.03015876370501664 0.0003585986834933876 1360
0.03015876370501664 0.0003857024739782694 1361
0.03015876370501664 0.0004100958856275008 1362
0.03015876370501664 0.000432049956189741 1363
0.03015876370501664 0.0004518086195737456 1364
0.03015876370501664 0.0004695914168035638 1365
0.03015876370501664 0.0004855959344644811 1366
0.03018234454235753 6.29636589152726e-05 1367
0.03018234454235753 0.000119630952069252 1368
0.03018234454235754 0.0001706315158682544 1369
0.03018234454235754 0.0002165320234281834 1370
0.03018234454235753 0.0002578424800451915 1371
0.03018234454235753 0.0002950218907460969 1372
0.03018234454235754 0.0003284833605596477 1373
0.03018234454235753 0.0003585986834933876 1374
0.03018234454235753 0.0003857024739782694 1375
0.03018234454235753 0.0004100958856275008 1376
0.03018234454235753 0.000432049956189741 1377
0.03018234454235754 0.0004518086195737456 1378
0.03018234454235754 0.0004695914168035638 1379
0.03018234454235753 0.0004855959344644811 1380
0.03020686860316048 6.29636589152726e-05 1381
0.03020686860316048 0.000119630952069252 1382
0.03020686860316048 0.0001706315158682544 1383
0.03020686860316049 0.0002165320234281834 1384
0.03020686860316049 0.0002578424800451915 1385
0.03020686860316049 0.0002950218907460969 1386
0.03020686860316048 0.0003284833605596477 1387
0.03020686860316048 0.0003585986834933876 1388
0.03020686860316048 0.0003857024739782694 1389
0.03020686860316049 0.0004100958856275008 1390
0.03020686860316048 0.000432049956189741 1391
0.03020686860316049 0.0004518086195737455 1392
0.03020686860316049 0.0004695914168035637 1393
0.03020686860316049 0.0004855959344644811 1394
0.03023237362531246 6.29636589152726e-05 1395
0.03023237362531245 0.000119630952069252 1396
0.03023237362531246 0.0001706315158682544 1397
0.03023237362531246 0.0002165320234281835 1398
0.03023237362531245 0.0002578424800451915 1399
0.03023237362531246 0.0002950218907460969 1400
0.03023237362531246 0.0003284833605596477 1401
0.03023237362531246 0.0003585986834933876 1402
0.03023237362531246 0.0003857024739782694 1403
0.03023237362531246 0.0004100958856275008 1404
0.03023237362531246 0.000432049956189741 1405
0.03023237362531246 0.0004518086195737456 1406
0.03023237362531246 0.0004695914168035637 1407
0.03023237362531246 0.0004855959344644811 1408
0.03025889884642939 6.296365891527262e-05 1409
0.03025889884642938 0.000119630952069252 1410
0.03025889884642939 0.0001706315158682544 1411
0.03025889884642938 0.0002165320234281835 1412
0.03025889884642938 0.0002578424800451915 1413
0.03025889884642938 0.0002950218907460969 1414
0.03025889884642938 0.0003284833605596477 1415
0.03025889884642938 0.0003585986834933877 1416
0.03025889884642938 0.0003857024739782694 1417
0.03025889884642939 0.0004100958856275008 1418
0.03025889884642938 0.000432049956189741 1419
0.03025889884642938 0.0004518086195737456 1420
0.03025889884642938 0.0004695914168035637 1421
0.03025889884642938 0.0004855959344644811 1422
0.03028648509384047 6.29636589152726e-05 1423
0.03028648509384047 0.000119630952069252 1424
0.03028648509384047 0.0001706315158682544 1425
0.03028648509384047 0.0002165320234281834 1426
0.03028648509384047 0.0002578424800451915 1427
0.03028648509384047 0.0002950218907460969 1428
0.03028648509384047 0.0003284833605596477 1429
0.03028648509384047 0.0003585986834933876 1430
0.03028648509384047 0.0003857024739782693 1431
0.03028648509384047 0.0004100958856275008 1432
0.03028648509384047 0.000432049956189741 1433
0.03028648509384047 0.0004518086195737456 1434
0.03028648509384047 0.0004695914168035637 1435
0.03028648509384047 0.000485595934464481 1436
0.0303151747964863 6.296365891527262e-05 1437
0.0303151747964863 0.000119630952069252 1438
0.03031517479648631 0.0001706315158682544 1439
0.03031517479648631 0.0002165320234281834 1440
0.0303151747964863 0.0002578424800451916 1441
0.0303151747964863 0.0002950218907460969 1442
0.03031517479648631 0.0003284833605596476 1443
0.0303151747964863 0.0003585986834933876 1444
0.03031517479648631 0.0003857024739782694 1445
0.03031517479648631 0.0004100958856275008 1446
0.0303151747964863 0.000432049956189741 1447
0.0303151747964863 0.0004518086195737455 1448
0.03031517479648631 0.0004695914168035637 1449
0.03031517479648631 0.0004855959344644811 1450
0.03034501208049492 6.296365891527262e-05 1451
0.03034501208049492 0.000119630952069252 1452
0.03034501208049493 0.0001706315158682544 1453
0.03034501208049492 0.0002165320234281834 1454
0.03034501208049492 0.0002578424800451915 1455
0.03034501208049493 0.000295021890746097 1456
0.03034501208049493 0.0003284833605596477 1457
0.03034501208049492 0.0003585986834933876 1458
0.03034501208049492 0.0003857024739782694 1459
0.03034501208049492 0.0004100958856275008 1460
0.03034501208049491 0.000432049956189741 1461
0.03034501208049492 0.0004518086195737456 1462
0.03034501208049491 0.0004695914168035638 1463
0.03034501208049492 0.0004855959344644811 1464
0.03037604285254422 6.29636589152726e-05 1465
0.03037604285254422 0.000119630952069252 1466
0.03037604285254421 0.0001706315158682544 1467
0.03037604285254422 0.0002165320234281834 1468
0.03037604285254422 0.0002578424800451915 1469
0.03037604285254422 0.0002950218907460969 1470
0.03037604285254423 0.0003284833605596477 1471
0.03037604285254422 0.0003585986834933876 1472
0.03037604285254422 0.0003857024739782693 1473
0.03037604285254423 0.0004100958856275008 1474
0.03037604285254422 0.0004320499561897411 1475
0.03037604285254422 0.0004518086195737456 1476
0.03037604285254422 0.0004695914168035637 1477
0.03037604285254422 0.0004855959344644811 1478
0.0304083148484234 6.296365891527262e-05 1479
0.03040831484842341 0.000119630952069252 1480
0.03040831484842341 0.0001706315158682544 1481
0.0304083148484234 0.0002165320234281834 1482
0.03040831484842341 0.0002578424800451916 1483
0.03040831484842341 0.000295021890746097 1484
0.03040831484842341 0.0003284833605596477 1485
0.03040831484842341 0.0003585986834933876 1486
0.03040831484842341 0.0003857024739782694 1487
0.03040831484842341 0.0004100958856275008 1488
0.03040831484842341 0.0004320499561897411 1489
0.03040831484842341 0.0004518086195737455 1490
0.0304083148484234 0.0004695914168035638 1491
0.0304083148484234 0.0004855959344644811 1492
0.03044187772615334 6.296365891527262e-05 1493
0.03044187772615334 0.000119630952069252 1494
0.03044187772615334 0.0001706315158682544 1495
0.03044187772615334 0.0002165320234281834 1496
0.03044187772615334 0.0002578424800451915 1497
0.03044187772615334 0.0002950218907460969 1498
0.03044187772615334 0.0003284833605596476 1499
0.03044187772615334 0.0003585986834933876 1500
0.03044187772615334 0.0003857024739782694 1501
0.03044187772615334 0.0004100958856275008 1502
0.03044187772615334 0.000432049956189741 1503
0.03044187772615334 0.0004518086195737456 1504
0.03044187772615334 0.0004695914168035637 1505
0.03044187772615334 0.0004855959344644811 1506
0.03047678312725952 6.29636589152726e-05 1507
0.03047678312725952 0.000119630952069252 1508
0.03047678312725952 0.0001706315158682544 1509
0.03047678312725952 0.0002165320234281834 1510
0.03047678312725952 0.0002578424800451915 1511
0.03047678312725952 0.0002950218907460969 1512
0.03047678312725952 0.0003284833605596476 1513
0.03047678312725952 0.0003585986834933877 1514
0.03047678312725952 0.0003857024739782695 1515
0.03047678312725952 0.0004100958856275007 1516
0.03047678312725951 0.000432049956189741 1517
0.03047678312725951 0.0004518086195737455 1518
0.03047678312725952 0.0004695914168035637 1519
0.03047678312725952 0.000485595934464481 1520
0.0305130847517922 6.29636589152726e-05 1521
0.03051308475179219 0.000119630952069252 1522
0.03051308475179219 0.0001706315158682544 1523
0.03051308475179219 0.0002165320234281834 1524
0.0305130847517922 0.0002578424800451915 1525
0.03051308475179219 0.0002950218907460969 1526
0.03051308475179219 0.0003284833605596477 1527
0.0305130847517922 0.0003585986834933876 1528
0.03051308475179219 0.0003857024739782694 1529
0.0305130847517922 0.0004100958856275008 1530
0.0305130847517922 0.000432049956189741 1531
0.03051308475179219 0.0004518086195737455 1532
0.0305130847517922 0.0004695914168035637 1533
0.0305130847517922 0.000485595934464481 1534
0.0305508384314062 6.29636589152726e-05 1535
0.0305508384314062 0.000119630952069252 1536
0.03055083843140619 0.0001706315158682544 1537
0.0305508384314062 0.0002165320234281835 1538
0.0305508384314062 0.0002578424800451916 1539
0.0305508384314062 0.0002950218907460969 1540
0.0305508384314062 0.0003284833605596476 1541
0.03055083843140619 0.0003585986834933876 1542
0.0305508384314062 0.0003857024739782694 1543
0.0305508384314062 0.0004100958856275008 1544
0.0305508384314062 0.000432049956189741 1545
0.03055083843140621 0.0004518086195737455 1546
0.0305508384314062 0.0004695914168035637 1547
0.03055083843140619 0.0004855959344644811 1548
0.03059010224860197 6.29636589152726e-05 1549
0.03059010224860198 0.000119630952069252 1550
0.03059010224860197 0.0001706315158682544 1551
0.03059010224860196 0.0002165320234281834 1552
0.03059010224860197 0.0002578424800451915 1553
0.03059010224860197 0.0002950218907460969 1554
0.03059010224860197 0.0003284833605596476 1555
0.03059010224860197 0.0003585986834933876 1556
0.03059010224860197 0.0003857024739782694 1557
0.03059010224860197 0.0004100958856275008 1558
0.03059010224860197 0.0004320499561897411 1559
0.03059010224860197 0.0004518086195737455 1560
0.03059010224860197 0.0004695914168035637 1561
0.03059010224860197 0.0004855959344644811 1562
0.03063093661309357 6.29636589152726e-05 1563
0.03063093661309358 0.000119630952069252 1564
0.03063093661309358 0.0001706315158682544 1565
0.03063093661309357 0.0002165320234281834 1566
0.03063093661309357 0.0002578424800451915 1567
0.03063093661309358 0.0002950218907460969 1568
0.03063093661309358 0.0003284833605596477 1569
0.03063093661309358 0.0003585986834933876 1570
0.03063093661309358 0.0003857024739782694 1571
0.03063093661309358 0.0004100958856275008 1572
0.03063093661309357 0.000432049956189741 1573
0.03063093661309358 0.0004518086195737455 1574
0.03063093661309358 0.0004695914168035637 1575
0.03063093661309359 0.0004855959344644811 1576
0.03067340435904009 6.29636589152726e-05 1577
0.03067340435904009 0.000119630952069252 1578
0.03067340435904009 0.0001706315158682544 1579
0.03067340435904009 0.0002165320234281834 1580
0.03067340435904009 0.0002578424800451915 1581
0.03067340435904009 0.0002950218907460969 1582
0.03067340435904009 0.0003284833605596476 1583
0.03067340435904009 0.0003585986834933876 1584
0.03067340435904009 0.0003857024739782694 1585
0.03067340435904009 0.0004100958856275007 1586
0.03067340435904009 0.000432049956189741 1587
0.03067340435904009 0.0004518086195737455 1588
0.03067340435904009 0.0004695914168035637 1589
0.03067340435904009 0.000485595934464481 1590
0.03071757082178123 6.29636589152726e-05 1591
0.03071757082178123 0.000119630952069252 1592
0.03071757082178123 0.0001706315158682544 1593
0.03071757082178123 0.0002165320234281834 1594
0.03071757082178123 0.0002578424800451916 1595
0.03071757082178123 0.000295021890746097 1596
0.03071757082178123 0.0003284833605596476 1597
0.03071757082178123 0.0003585986834933876 1598
0.03071757082178123 0.0003857024739782694 1599
0.03071757082178123 0.0004100958856275007 1600
0.03071757082178123 0.0004320499561897412 1601
0.03071757082178123 0.0004518086195737455 1602
0.03071757082178123 0.0004695914168035637 1603
0.03071757082178123 0.0004855959344644811 1604
0.03076350396779782 6.296365891527262e-05 1605
0.03076350396779782 0.000119630952069252 1606
0.03076350396779782 0.0001706315158682544 1607
0.03076350396779781 0.0002165320234281834 1608
0.03076350396779782 0.0002578424800451915 1609
0.03076350396779782 0.0002950218907460969 1610
0.03076350396779781 0.0003284833605596477 1611
0.03076350396779781 0.0003585986834933877 1612
0.03076350396779782 0.0003857024739782694 1613
0.03076350396779782 0.0004100958856275008 1614
0.03076350396779782 0.0004320499561897411 1615
0.03076350396779782 0.0004518086195737456 1616
0.03076350396779782 0.0004695914168035637 1617
0.03076350396779781 0.0004855959344644811 1618
0.03081127442282339 6.29636589152726e-05 1619
0.03081127442282339 0.000119630952069252 1620
0.03081127442282339 0.0001706315158682544 1621
0.0308112744228234 0.0002165320234281834 1622
0.03081127442282339 0.0002578424800451916 1623
0.03081127442282339 0.0002950218907460969 1624
0.03081127442282339 0.0003284833605596477 1625
0.03081127442282339 0.0003585986834933876 1626
0.03081127442282338 0.0003857024739782694 1627
0.03081127442282339 0.0004100958856275008 1628
0.03081127442282339 0.0004320499561897411 1629
0.0308112744228234 0.0004518086195737455 1630
0.03081127442282339 0.0004695914168035637 1631
0.03081127442282339 0.0004855959344644811 1632
0.03086095568789481 6.296365891527262e-05 1633
0.03086095568789481 0.000119630952069252 1634
0.03086095568789481 0.0001706315158682544 1635
0.03086095568789481 0.0002165320234281835 1636
0.0308609556878948 0.0002578424800451916 1637
0.03086095568789481 0.0002950218907460969 1638
0.03086095568789481 0.0003284833605596477 1639
0.03086095568789481 0.0003585986834933877 1640
0.03086095568789481 0.0003857024739782693 1641
0.03086095568789481 0.0004100958856275008 1642
0.03086095568789481 0.000432049956189741 1643
0.03086095568789481 0.0004518086195737456 1644
0.03086095568789481 0.0004695914168035637 1645
0.03086095568789481 0.0004855959344644811 1646
0.03091262422472642 6.29636589152726e-05 1647
0.03091262422472642 0.000119630952069252 1648
0.03091262422472642 0.0001706315158682544 1649
0.03091262422472641 0.0002165320234281834 1650
0.03091262422472643 0.0002578424800451915 1651
0.03091262422472643 0.0002950218907460969 1652
0.03091262422472642 0.0003284833605596477 1653
0.03091262422472642 0.0003585986834933876 1654
0.03091262422472642 0.0003857024739782694 1655
0.03091262422472643 0.0004100958856275008 1656
0.03091262422472642 0.000432049956189741 1657
0.03091262422472641 0.0004518086195737455 1658
0.03091262422472641 0.0004695914168035637 1659
0.03091262422472641 0.000485595934464481 1660
0.03096635948619425 6.296365891527262e-05 1661
0.03096635948619426 0.000119630952069252 1662
0.03096635948619425 0.0001706315158682544 1663
0.03096635948619425 0.0002165320234281834 1664
0.03096635948619425 0.0002578424800451916 1665
0.03096635948619425 0.0002950218907460969 1666
0.03096635948619425 0.0003284833605596477 1667
0.03096635948619424 0.0003585986834933876 1668
0.03096635948619424 0.0003857024739782694 1669
0.03096635948619425 0.0004100958856275008 1670
0.03096635948619426 0.0004320499561897411 1671
0.03096635948619425 0.0004518086195737455 1672
0.03096635948619425 0.0004695914168035637 1673
0.03096635948619424 0.0004855959344644811 1674
0.03102224414085251 6.29636589152726e-05 1675
0.03102224414085251 0.000119630952069252 1676
0.03102224414085251 0.0001706315158682544 1677
0.03102224414085251 0.0002165320234281834 1678
0.03102224414085251 0.0002578424800451915 1679
0.03102224414085251 0.000295021890746097 1680
0.03102224414085251 0.0003284833605596477 1681
0.03102224414085251 0.0003585986834933877 1682
0.03102224414085251 0.0003857024739782694 1683
0.03102224414085251 0.0004100958856275008 1684
0.03102224414085251 0.0004320499561897411 1685
0.03102224414085251 0.0004518086195737456 1686
0.03102224414085251 0.0004695914168035637 1687
0.03102224414085251 0.0004855959344644811 1688
0.03108036419469877 6.29636589152726e-05 1689
0.03108036419469877 0.000119630952069252 1690
0.03108036419469876 0.0001706315158682544 1691
0.03108036419469877 0.0002165320234281834 1692
0.03108036419469876 0.0002578424800451915 1693
0.03108036419469876 0.0002950218907460969 1694
0.03108036419469876 0.0003284833605596477 1695
0.03108036419469878 0.0003585986834933877 1696
0.03108036419469877 0.0003857024739782694 1697
0.03108036419469877 0.0004100958856275008 1698
0.03108036419469877 0.0004320499561897411 1699
0.03108036419469878 0.0004518086195737456 1700
0.03108036419469877 0.0004695914168035637 1701
0.03108036419469877 0.0004855959344644811 1702
0.03114080903855614 6.296365891527262e-05 1703
0.03114080903855613 0.000119630952069252 1704
0.03114080903855614 0.0001706315158682544 1705
0.03114080903855613 0.0002165320234281834 1706
0.03114080903855613 0.0002578424800451915 1707
0.03114080903855613 0.000295021890746097 1708
0.03114080903855613 0.0003284833605596477 1709
0.03114080903855613 0.0003585986834933877 1710
0.03114080903855613 0.0003857024739782694 1711
0.03114080903855613 0.0004100958856275008 1712
0.03114080903855613 0.0004320499561897409 1713
0.03114080903855613 0.0004518086195737455 1714
0.03114080903855613 0.0004695914168035637 1715
0.03114080903855613 0.000485595934464481 1716
0.03120367168352001 6.29636589152726e-05 1717
0.03120367168352001 0.000119630952069252 1718
0.03120367168352001 0.0001706315158682544 1719
0.03120367168352 0.0002165320234281834 1720
0.03120367168352001 0.0002578424800451916 1721
0.03120367168352 0.0002950218907460969 1722
0.03120367168352001 0.0003284833605596476 1723
0.03120367168352001 0.0003585986834933876 1724
0.03120367168352 0.0003857024739782694 1725
0.03120367168352001 0.0004100958856275008 1726
0.03120367168352001 0.000432049956189741 1727
0.03120367168352001 0.0004518086195737455 1728
0.03120367168352 0.0004695914168035637 1729
0.03120367168352001 0.0004855959344644811 1730
0.03126904884385943 6.296365891527262e-05 1731
0.03126904884385943 0.000119630952069252 1732
0.03126904884385943 0.0001706315158682544 1733
0.03126904884385943 0.0002165320234281834 1734
0.03126904884385942 0.0002578424800451915 1735
0.03126904884385943 0.0002950218907460969 1736
0.03126904884385943 0.0003284833605596476 1737
0.03126904884385943 0.0003585986834933876 1738
0.03126904884385943 0.0003857024739782694 1739
0.03126904884385943 0.0004100958856275008 1740
0.03126904884385943 0.0004320499561897411 1741
0.03126904884385943 0.0004518086195737456 1742
0.03126904884385943 0.0004695914168035637 1743
0.03126904884385943 0.0004855959344644811 1744
0.03133704108195075 6.29636589152726e-05 1745
0.03133704108195075 0.000119630952069252 1746
0.03133704108195075 0.0001706315158682544 1747
0.03133704108195075 0.0002165320234281834 1748
0.03133704108195075 0.0002578424800451915 1749
0.03133704108195075 0.0002950218907460969 1750
0.03133704108195075 0.0003284833605596476 1751
0.03133704108195075 0.0003585986834933876 1752
0.03133704108195075 0.0003857024739782694 1753
0.03133704108195075 0.0004100958856275008 1754
0.03133704108195075 0.000432049956189741 1755
0.03133704108195075 0.0004518086195737455 1756
0.03133704108195075 0.0004695914168035637 1757
0.03133704108195075 0.000485595934464481 1758
0.0314077530040168 6.29636589152726e-05 1759
0.03140775300401681 0.000119630952069252 1760
0.03140775300401681 0.0001706315158682544 1761
0.03140775300401681 0.0002165320234281834 1762
0.0314077530040168 0.0002578424800451915 1763
0.0314077530040168 0.0002950218907460969 1764
0.03140775300401681 0.0003284833605596476 1765
0.0314077530040168 0.0003585986834933876 1766
0.0314077530040168 0.0003857024739782694 1767
0.0314077530040168 0.0004100958856275008 1768
0.0314077530040168 0.000432049956189741 1769
0.0314077530040168 0.0004518086195737456 1770
0.0314077530040168 0.0004695914168035637 1771
0.0314077530040168 0.0004855959344644811 1772
0.03148129340673143 6.29636589152726e-05 1773
0.03148129340673143 0.000119630952069252 1774
0.03148129340673143 0.0001706315158682544 1775
0.03148129340673143 0.0002165320234281835 1776
0.03148129340673143 0.0002578424800451915 1777
0.03148129340673143 0.0002950218907460969 1778
0.03148129340673143 0.0003284833605596476 1779
0.03148129340673143 0.0003585986834933876 1780
0.03148129340673143 0.0003857024739782695 1781
0.03148129340673143 0.0004100958856275007 1782
0.03148129340673143 0.000432049956189741 1783
0.03148129340673143 0.0004518086195737456 1784
0.03148129340673143 0.0004695914168035638 1785
0.03148129340673143 0.0004855959344644811 1786
0.03155777543667058 6.29636589152726e-05 1787
0.03155777543667058 0.000119630952069252 1788
0.03155777543667058 0.0001706315158682544 1789
0.03155777543667059 0.0002165320234281835 1790
0.03155777543667058 0.0002578424800451916 1791
0.03155777543667058 0.0002950218907460969 1792
0.03155777543667058 0.0003284833605596476 1793
0.03155777543667058 0.0003585986834933876 1794
0.03155777543667058 0.0003857024739782694 1795
0.03155777543667058 0.0004100958856275008 1796
0.03155777543667058 0.0004320499561897411 1797
0.03155777543667058 0.0004518086195737455 1798
0.03155777543667058 0.0004695914168035637 1799
0.03155777543667058 0.000485595934464481 1800
0.03163731676296741 6.29636589152726e-05 1801
0.03163731676296741 0.000119630952069252 1802
0.03163731676296742 0.0001706315158682544 1803
0.03163731676296741 0.0002165320234281834 1804
0.03163731676296741 0.0002578424800451915 1805
0.03163731676296741 0.0002950218907460969 1806
0.03163731676296741 0.0003284833605596476 1807
0.03163731676296741 0.0003585986834933877 1808
0.03163731676296741 0.0003857024739782694 1809
0.03163731676296741 0.0004100958856275008 1810
0.03163731676296741 0.000432049956189741 1811
0.03163731676296741 0.0004518086195737456 1812
0.03163731676296741 0.0004695914168035637 1813
0.03163731676296741 0.0004855959344644811 1814
0.03172003973475511 6.29636589152726e-05 1815
0.03172003973475511 0.000119630952069252 1816
0.03172003973475511 0.0001706315158682544 1817
0.03172003973475511 0.0002165320234281835 1818
0.03172003973475511 0.0002578424800451915 1819
0.03172003973475511 0.0002950218907460969 1820
0.03172003973475511 0.0003284833605596476 1821
0.03172003973475511 0.0003585986834933877 1822
0.03172003973475511 0.0003857024739782694 1823
0.03172003973475511 0.0004100958856275008 1824
0.03172003973475511 0.000432049956189741 1825
0.03172003973475511 0.0004518086195737456 1826
0.03172003973475511 0.0004695914168035637 1827
0.03172003973475511 0.0004855959344644811 1828
0.03180607160955689 6.296365891527262e-05 1829
0.0318060716095569 0.000119630952069252 1830
0.03180607160955689 0.0001706315158682544 1831
0.0318060716095569 0.0002165320234281834 1832
0.03180607160955689 0.0002578424800451915 1833
0.03180607160955689 0.0002950218907460969 1834
0.03180607160955689 0.0003284833605596476 1835
0.03180607160955689 0.0003585986834933877 1836
0.03180607160955689 0.0003857024739782694 1837
0.03180607160955689 0.0004100958856275008 1838
0.03180607160955689 0.000432049956189741 1839
0.03180607160955689 0.0004518086195737456 1840
0.03180607160955689 0.0004695914168035637 1841
0.03180607160955689 0.0004855959344644811 1842
0.03189554477277801 6.296365891527262e-05 1843
0.03189554477277801 0.000119630952069252 1844
0.03189554477277801 0.0001706315158682544 1845
0.03189554477277801 0.0002165320234281834 1846
0.03189554477277801 0.0002578424800451916 1847
0.03189554477277801 0.0002950218907460969 1848
0.03189554477277801 0.0003284833605596477 1849
0.03189554477277801 0.0003585986834933876 1850
0.03189554477277801 0.0003857024739782694 1851
0.03189554477277801 0.0004100958856275008 1852
0.03189554477277801 0.000432049956189741 1853
0.03189554477277801 0.0004518086195737456 1854
0.03189554477277801 0.0004695914168035638 1855
0.03189554477277801 0.000485595934464481 1856
0.03198859685937472 6.296365891527262e-05 1857
0.03198859685937472 0.000119630952069252 1858
0.03198859685937472 0.0001706315158682544 1859
0.03198859685937472 0.0002165320234281835 1860
0.03198859685937472 0.0002578424800451915 1861
0.03198859685937472 0.0002950218907460969 1862
0.03198859685937472 0.0003284833605596477 1863
0.03198859685937472 0.0003585986834933876 1864
0.03198859685937472 0.0003857024739782695 1865
0.03198859685937472 0.0004100958856275008 1866
0.03198859685937472 0.0004320499561897412 1867
0.03198859685937472 0.0004518086195737455 1868
0.03198859685937472 0.0004695914168035637 1869
0.03198859685937472 0.000485595934464481 1870
0.03208537099896444 6.29636589152726e-05 1871
0.03208537099896444 0.000119630952069252 1872
0.03208537099896444 0.0001706315158682544 1873
0.03208537099896444 0.0002165320234281834 1874
0.03208537099896444 0.0002578424800451916 1875
0.03208537099896444 0.000295021890746097 1876
0.03208537099896444 0.0003284833605596476 1877
0.03208537099896444 0.0003585986834933876 1878
0.03208537099896444 0.0003857024739782694 1879
0.03208537099896444 0.0004100958856275008 1880
0.03208537099896444 0.000432049956189741 1881
0.03208537099896444 0.0004518086195737456 1882
0.03208537099896444 0.0004695914168035637 1883
0.03208537099896444 0.0004855959344644811 1884
0.03218601612427663 6.29636589152726e-05 1885
0.03218601612427663 0.000119630952069252 1886
0.03218601612427663 0.0001706315158682544 1887
0.03218601612427663 0.0002165320234281834 1888
0.03218601612427663 0.0002578424800451916 1889
0.03218601612427663 0.0002950218907460969 1890
0.03218601612427663 0.0003284833605596476 1891
0.03218601612427663 0.0003585986834933876 1892
0.03218601612427663 0.0003857024739782694 1893
0.03218601612427663 0.0004100958856275008 1894
0.03218601612427663 0.0004320499561897412 1895
0.03218601612427663 0.0004518086195737455 1896
0.03218601612427663 0.0004695914168035637 1897
0.03218601612427663 0.000485595934464481 1898
0.03229068707099899 6.29636589152726e-05 1899
0.03229068707099899 0.000119630952069252 1900
0.03229068707099899 0.0001706315158682544 1901
0.03229068707099899 0.0002165320234281835 1902
0.03229068707099898 0.0002578424800451915 1903
0.03229068707099899 0.0002950218907460969 1904
0.03229068707099899 0.0003284833605596476 1905
0.03229068707099899 0.0003585986834933877 1906
0.03229068707099899 0.0003857024739782694 1907
0.03229068707099899 0.0004100958856275008 1908
0.03229068707099899 0.0004320499561897411 1909
0.03229068707099899 0.0004518086195737455 1910
0.03229068707099899 0.0004695914168035637 1911
0.03229068707099898 0.000485595934464481 1912
0.03239954484681103 6.29636589152726e-05 1913
0.03239954484681103 0.000119630952069252 1914
0.03239954484681102 0.0001706315158682544 1915
0.03239954484681103 0.0002165320234281834 1916
0.03239954484681103 0.0002578424800451915 1917
0.03239954484681103 0.0002950218907460969 1918
0.03239954484681103 0.0003284833605596476 1919
0.03239954484681103 0.0003585986834933876 1920
0.03239954484681103 0.0003857024739782694 1921
0.03239954484681103 0.0004100958856275007 1922
0.03239954484681103 0.000432049956189741 1923
0.03239954484681103 0.0004518086195737456 1924
0.03239954484681103 0.0004695914168035638 1925
0.03239954484681103 0.0004855959344644811 1926
0.03251275695112529 6.296365891527262e-05 1927
0.03251275695112528 0.000119630952069252 1928
0.03251275695112528 0.0001706315158682544 1929
0.03251275695112529 0.0002165320234281834 1930
0.03251275695112528 0.0002578424800451915 1931
0.03251275695112528 0.0002950218907460969 1932
0.03251275695112528 0.0003284833605596477 1933
0.03251275695112528 0.0003585986834933876 1934
0.03251275695112528 0.0003857024739782694 1935
0.03251275695112528 0.0004100958856275008 1936
0.03251275695112528 0.0004320499561897411 1937
0.03251275695112528 0.0004518086195737456 1938
0.03251275695112528 0.0004695914168035636 1939
0.03251275695112528 0.0004855959344644811 1940
0.03263049753220897 6.29636589152726e-05 1941
0.03263049753220896 0.000119630952069252 1942
0.03263049753220897 0.0001706315158682544 1943
0.03263049753220896 0.0002165320234281834 1944
0.03263049753220896 0.0002578424800451915 1945
0.03263049753220896 0.0002950218907460969 1946
0.03263049753220896 0.0003284833605596477 1947
0.03263049753220896 0.0003585986834933876 1948
0.03263049753220896 0.0003857024739782693 1949
0.03263049753220896 0.0004100958856275008 1950
0.03263049753220896 0.0004320499561897411 1951
0.03263049753220896 0.0004518086195737455 1952
0.03263049753220896 0.0004695914168035636 1953
0.03263049753220896 0.0004855959344644811 1954
0.03275294771773733 6.29636589152726e-05 1955
0.03275294771773734 0.000119630952069252 1956
0.03275294771773733 0.0001706315158682544 1957
0.03275294771773733 0.0002165320234281834 1958
0.03275294771773733 0.0002578424800451915 1959
0.03275294771773733 0.0002950218907460969 1960
0.03275294771773733 0.0003284833605596477 1961
0.03275294771773733 0.0003585986834933877 1962
0.03275294771773733 0.0003857024739782695 1963
0.03275294771773733 0.0004100958856275008 1964
0.03275294771773733 0.000432049956189741 1965
0.03275294771773733 0.0004518086195737455 1966
0.03275294771773733 0.0004695914168035637 1967
0.03275294771773733 0.000485595934464481 1968
0.03288029590794213 6.296365891527262e-05 1969
0.03288029590794213 0.000119630952069252 1970
0.03288029590794213 0.0001706315158682544 1971
0.03288029590794213 0.0002165320234281834 1972
0.03288029590794213 0.0002578424800451916 1973
0.03288029590794213 0.0002950218907460969 1974
0.03288029590794213 0.0003284833605596476 1975
0.03288029590794213 0.0003585986834933876 1976
0.03288029590794213 0.0003857024739782693 1977
0.03288029590794213 0.0004100958856275008 1978
0.03288029590794213 0.000432049956189741 1979
0.03288029590794213 0.0004518086195737456 1980
0.03288029590794213 0.0004695914168035637 1981
0.03288029590794213 0.000485595934464481 1982
0.0330127380302087 6.29636589152726e-05 1983
0.0330127380302087 0.000119630952069252 1984
0.0330127380302087 0.0001706315158682544 1985
0.0330127380302087 0.0002165320234281834 1986
0.0330127380302087 0.0002578424800451916 1987
0.0330127380302087 0.0002950218907460969 1988
0.0330127380302087 0.0003284833605596477 1989
0.0330127380302087 0.0003585986834933876 1990
0.0330127380302087 0.0003857024739782694 1991
0.0330127380302087 0.0004100958856275008 1992
0.0330127380302087 0.000432049956189741 1993
0.0330127380302087 0.0004518086195737455 1994
0.0330127380302087 0.0004695914168035637 1995
0.0330127380302087 0.0004855959344644811 1996
0.03315047784700959 6.29636589152726e-05 1997
0.03315047784700959 0.000119630952069252 1998
0.03315047784700958 0.0001706315158682544 1999
0.03315047784700959 0.0002165320234281834 2000
0.03315047784700959 0.0002578424800451915 2001
0.03315047784700959 0.0002950218907460969 2002
0.03315047784700959 0.0003284833605596477 2003
0.03315047784700959 0.0003585986834933877 2004
0.03315047784700959 0.0003857024739782695 2005
0.03315047784700959 0.0004100958856275008 2006
0.03315047784700959 0.000432049956189741 2007
0.03315047784700959 0.0004518086195737455 2008
0.03315047784700959 0.0004695914168035638 2009
0.03315047784700959 0.000485595934464481 2010
0.03329372724305169 6.29636589152726e-05 2011
0.03329372724305169 0.000119630952069252 2012
0.03329372724305169 0.0001706315158682544 2013
0.03329372724305169 0.0002165320234281834 2014
0.03329372724305169 0.0002578424800451915 2015
0.03329372724305169 0.0002950218907460969 2016
0.03329372724305169 0.0003284833605596476 2017
0.03329372724305169 0.0003585986834933876 2018
0.03329372724305169 0.0003857024739782694 2019
0.03329372724305169 0.0004100958856275008 2020
0.03329372724305169 0.000432049956189741 2021
0.03329372724305169 0.0004518086195737455 2022
0.03329372724305169 0.0004695914168035639 2023
0.03329372724305169 0.0004855959344644811 2024
0.03344270662775372 6.29636589152726e-05 2025
0.03344270662775372 0.000119630952069252 2026
0.03344270662775373 0.0001706315158682544 2027
0.03344270662775372 0.0002165320234281834 2028
0.03344270662775372 0.0002578424800451915 2029
0.03344270662775372 0.0002950218907460969 2030
0.03344270662775372 0.0003284833605596477 2031
0.03344270662775372 0.0003585986834933877 2032
0.03344270662775372 0.0003857024739782694 2033
0.03344270662775372 0.0004100958856275008 2034
0.03344270662775372 0.0004320499561897411 2035
0.03344270662775372 0.0004518086195737455 2036
0.03344270662775372 0.0004695914168035637 2037
0.03344270662775373 0.0004855959344644811 2038
0.03359764519299883 6.29636589152726e-05 2039
0.03359764519299884 0.000119630952069252 2040
0.03359764519299884 0.0001706315158682544 2041
0.03359764519299883 0.0002165320234281834 2042
0.03359764519299884 0.0002578424800451915 2043
0.03359764519299884 0.0002950218907460969 2044
0.03359764519299884 0.0003284833605596476 2045
0.03359764519299884 0.0003585986834933877 2046
0.03359764519299884 0.0003857024739782694 2047
0.03359764519299884 0.0004100958856275007 2048
0.03359764519299884 0.0004320499561897411 2049
0.03359764519299884 0.0004518086195737455 2050
0.03359764519299884 0.0004695914168035637 2051
0.03359764519299884 0.0004855959344644811 2052
0.03375878129395955 6.29636589152726e-05 2053
0.03375878129395955 0.000119630952069252 2054
0.03375878129395956 0.0001706315158682544 2055
0.03375878129395956 0.0002165320234281834 2056
0.03375878129395955 0.0002578424800451915 2057
0.03375878129395955 0.0002950218907460969 2058
0.03375878129395955 0.0003284833605596477 2059
0.03375878129395955 0.0003585986834933876 2060
0.03375878129395955 0.0003857024739782694 2061
0.03375878129395955 0.0004100958856275008 2062
0.03375878129395955 0.000432049956189741 2063
0.03375878129395955 0.0004518086195737455 2064
0.03375878129395955 0.0004695914168035637 2065
0.03375878129395955 0.000485595934464481 2066
0.03392636286610839 6.29636589152726e-05 2067
0.03392636286610839 0.000119630952069252 2068
0.03392636286610839 0.0001706315158682544 2069
0.03392636286610838 0.0002165320234281834 2070
0.03392636286610839 0.0002578424800451915 2071
0.03392636286610839 0.0002950218907460969 2072
0.03392636286610838 0.0003284833605596476 2073
0.03392636286610839 0.0003585986834933876 2074
0.03392636286610838 0.0003857024739782693 2075
0.03392636286610839 0.0004100958856275008 2076
0.03392636286610839 0.0004320499561897411 2077
0.03392636286610839 0.0004518086195737455 2078
0.03392636286610839 0.0004695914168035637 2079
0.03392636286610839 0.0004855959344644811 2080
0.03410064769147338 6.29636589152726e-05 2081
0.03410064769147338 0.000119630952069252 2082
0.03410064769147338 0.0001706315158682544 2083
0.03410064769147338 0.0002165320234281834 2084
0.03410064769147338 0.0002578424800451916 2085
0.03410064769147338 0.000295021890746097 2086
0.03410064769147338 0.0003284833605596476 2087
0.03410064769147338 0.0003585986834933877 2088
0.03410064769147338 0.0003857024739782694 2089
0.03410064769147338 0.0004100958856275008 2090
0.03410064769147338 0.000432049956189741 2091
0.03410064769147338 0.0004518086195737456 2092
0.03410064769147338 0.0004695914168035637 2093
0.03410064769147338 0.0004855959344644811 2094
0.0342819038968512 6.296365891527262e-05 2095
0.03428190389685121 0.000119630952069252 2096
0.03428190389685122 0.0001706315158682544 2097
0.03428190389685121 0.0002165320234281834 2098
0.03428190389685121 0.0002578424800451915 2099
0.03428190389685121 0.0002950218907460969 2100
0.03428190389685121 0.0003284833605596476 2101
0.03428190389685121 0.0003585986834933877 2102
0.03428190389685121 0.0003857024739782694 2103
0.03428190389685121 0.0004100958856275008 2104
0.03428190389685121 0.000432049956189741 2105
0.03428190389685121 0.0004518086195737455 2106
0.03428190389685121 0.0004695914168035638 2107
0.03428190389685121 0.0004855959344644811 2108
0.03447041034908262 6.29636589152726e-05 2109
0.03447041034908262 0.000119630952069252 2110
0.03447041034908262 0.0001706315158682544 2111
0.03447041034908263 0.0002165320234281835 2112
0.03447041034908262 0.0002578424800451915 2113
0.03447041034908262 0.0002950218907460969 2114
0.03447041034908262 0.0003284833605596476 2115
0.03447041034908262 0.0003585986834933876 2116
0.03447041034908262 0.0003857024739782694 2117
0.03447041034908262 0.0004100958856275008 2118
0.03447041034908262 0.000432049956189741 2119
0.03447041034908262 0.0004518086195737455 2120
0.03447041034908262 0.0004695914168035639 2121
0.03447041034908262 0.0004855959344644811 2122
0.03466645704380886 6.29636589152726e-05 2123
0.03466645704380887 0.000119630952069252 2124
0.03466645704380888 0.0001706315158682544 2125
0.03466645704380887 0.0002165320234281835 2126
0.03466645704380887 0.0002578424800451915 2127
0.03466645704380886 0.0002950218907460969 2128
0.03466645704380887 0.0003284833605596476 2129
0.03466645704380887 0.0003585986834933876 2130
0.03466645704380887 0.0003857024739782694 2131
0.03466645704380887 0.0004100958856275008 2132
0.03466645704380887 0.000432049956189741 2133
0.03466645704380887 0.0004518086195737455 2134
0.03466645704380887 0.0004695914168035638 2135
0.03466645704380887 0.000485595934464481 2136
0.03487034563222453 6.29636589152726e-05 2137
0.03487034563222453 0.000119630952069252 2138
0.03487034563222453 0.0001706315158682544 2139
0.03487034563222453 0.0002165320234281834 2140
0.03487034563222453 0.0002578424800451915 2141
0.03487034563222453 0.0002950218907460969 2142
0.03487034563222452 0.0003284833605596476 2143
0.03487034563222452 0.0003585986834933877 2144
0.03487034563222453 0.0003857024739782694 2145
0.03487034563222453 0.0004100958856275007 2146
0.03487034563222453 0.0004320499561897411 2147
0.03487034563222453 0.0004518086195737455 2148
0.03487034563222453 0.0004695914168035637 2149
0.03487034563222453 0.000485595934464481 2150
0.03508238973388671 6.296365891527262e-05 2151
0.03508238973388671 0.000119630952069252 2152
0.0350823897338867 0.0001706315158682544 2153
0.03508238973388671 0.0002165320234281834 2154
0.0350823897338867 0.0002578424800451915 2155
0.03508238973388671 0.0002950218907460969 2156
0.0350823897338867 0.0003284833605596477 2157
0.03508238973388671 0.0003585986834933876 2158
0.03508238973388671 0.0003857024739782694 2159
0.0350823897338867 0.0004100958856275008 2160
0.03508238973388671 0.000432049956189741 2161
0.0350823897338867 0.0004518086195737456 2162
0.0350823897338867 0.0004695914168035638 2163
0.0350823897338867 0.000485595934464481 2164
0.03530291563663426 6.296365891527262e-05 2165
0.03530291563663425 0.000119630952069252 2166
0.03530291563663425 0.0001706315158682544 2167
0.03530291563663425 0.0002165320234281834 2168
0.03530291563663425 0.0002578424800451916 2169
0.03530291563663425 0.0002950218907460969 2170
0.03530291563663425 0.0003284833605596477 2171
0.03530291563663425 0.0003585986834933877 2172
0.03530291563663425 0.0003857024739782694 2173
0.03530291563663425 0.0004100958856275008 2174
0.03530291563663425 0.0004320499561897411 2175
0.03530291563663425 0.0004518086195737455 2176
0.03530291563663425 0.0004695914168035636 2177
0.03530291563663425 0.0004855959344644811 2178
0.03553226257623548 6.296365891527262e-05 2179
0.03553226257623549 0.000119630952069252 2180
0.03553226257623548 0.0001706315158682544 2181
0.03553226257623548 0.0002165320234281834 2182
0.03553226257623548 0.0002578424800451916 2183
0.03553226257623548 0.000295021890746097 2184
0.03553226257623548 0.0003284833605596476 2185
0.03553226257623548 0.0003585986834933876 2186
0.03553226257623548 0.0003857024739782694 2187
0.03553226257623548 0.0004100958856275008 2188
0.03553226257623548 0.000432049956189741 2189
0.03553226257623548 0.0004518086195737456 2190
0.03553226257623548 0.0004695914168035638 2191
0.03553226257623548 0.0004855959344644811 2192
0.03577078335965576 6.29636589152726e-05 2193
0.03577078335965574 0.000119630952069252 2194
0.03577078335965574 0.0001706315158682544 2195
0.03577078335965574 0.0002165320234281834 2196
0.03577078335965574 0.0002578424800451915 2197
0.03577078335965574 0.0002950218907460969 2198
0.03577078335965574 0.0003284833605596476 2199
0.03577078335965574 0.0003585986834933876 2200
0.03577078335965574 0.0003857024739782694 2201
0.03577078335965574 0.0004100958856275008 2202
0.03577078335965574 0.000432049956189741 2203
0.03577078335965574 0.0004518086195737455 2204
0.03577078335965574 0.0004695914168035637 2205
0.03577078335965574 0.0004855959344644811 2206
0.03601884500235873 6.29636589152726e-05 2207
0.03601884500235873 0.000119630952069252 2208
0.03601884500235873 0.0001706315158682544 2209
0.03601884500235873 0.0002165320234281834 2210
0.03601884500235873 0.0002578424800451916 2211
0.03601884500235873 0.0002950218907460969 2212
0.03601884500235873 0.0003284833605596477 2213
0.03601884500235873 0.0003585986834933877 2214
0.03601884500235873 0.0003857024739782694 2215
0.03601884500235873 0.0004100958856275008 2216
0.03601884500235873 0.000432049956189741 2217
0.03601884500235873 0.0004518086195737456 2218
0.03601884500235873 0.0004695914168035637 2219
0.03601884500235873 0.0004855959344644811 2220
0.03627682907772441 6.29636589152726e-05 2221
0.03627682907772441 0.000119630952069252 2222
0.03627682907772441 0.0001706315158682544 2223
0.03627682907772441 0.0002165320234281835 2224
0.03627682907772441 0.0002578424800451916 2225
0.03627682907772441 0.0002950218907460969 2226
0.03627682907772441 0.0003284833605596477 2227
0.03627682907772441 0.0003585986834933877 2228
0.03627682907772441 0.0003857024739782693 2229
0.03627682907772441 0.0004100958856275008 2230
0.03627682907772441 0.0004320499561897411 2231
0.03627682907772441 0.0004518086195737456 2232
0.03627682907772441 0.0004695914168035638 2233
0.03627682907772441 0.0004855959344644811 2234
0.03654513253190058 6.29636589152726e-05 2235
0.03654513253190058 0.000119630952069252 2236
0.03654513253190058 0.0001706315158682544 2237
0.03654513253190058 0.0002165320234281834 2238
0.03654513253190058 0.0002578424800451915 2239
0.03654513253190057 0.0002950218907460969 2240
0.03654513253190058 0.0003284833605596476 2241
0.03654513253190058 0.0003585986834933876 2242
0.03654513253190058 0.0003857024739782694 2243
0.03654513253190058 0.0004100958856275008 2244
0.03654513253190058 0.0004320499561897412 2245
0.03654513253190058 0.0004518086195737455 2246
0.03654513253190058 0.0004695914168035637 2247
0.03654513253190058 0.000485595934464481 2248
0.03682416814469709 6.29636589152726e-05 2249
0.0368241681446971 0.000119630952069252 2250
0.03682416814469709 0.0001706315158682544 2251
0.03682416814469709 0.0002165320234281834 2252
0.03682416814469709 0.0002578424800451916 2253
0.03682416814469709 0.0002950218907460969 2254
0.03682416814469709 0.0003284833605596476 2255
0.03682416814469709 0.0003585986834933876 2256
0.03682416814469709 0.0003857024739782693 2257
0.03682416814469709 0.0004100958856275008 2258
0.03682416814469709 0.000432049956189741 2259
0.03682416814469709 0.0004518086195737456 2260
0.03682416814469709 0.0004695914168035637 2261
0.03682416814469709 0.0004855959344644811 2262
0.0371143651636968 6.29636589152726e-05 2263
0.0371143651636968 0.000119630952069252 2264
0.0371143651636968 0.0001706315158682544 2265
0.0371143651636968 0.0002165320234281834 2266
0.0371143651636968 0.0002578424800451915 2267
0.0371143651636968 0.0002950218907460969 2268
0.0371143651636968 0.0003284833605596477 2269
0.0371143651636968 0.0003585986834933877 2270
0.0371143651636968 0.0003857024739782694 2271
0.0371143651636968 0.0004100958856275008 2272
0.0371143651636968 0.000432049956189741 2273
0.0371143651636968 0.0004518086195737455 2274
0.0371143651636968 0.0004695914168035638 2275
0.0371143651636968 0.0004855959344644811 2276
0.03741617006071738 6.29636589152726e-05 2277
0.03741617006071737 0.000119630952069252 2278
0.03741617006071737 0.0001706315158682544 2279
0.03741617006071737 0.0002165320234281834 2280
0.03741617006071736 0.0002578424800451915 2281
0.03741617006071736 0.0002950218907460969 2282
0.03741617006071737 0.0003284833605596477 2283
0.03741617006071736 0.0003585986834933876 2284
0.03741617006071736 0.0003857024739782694 2285
0.03741617006071737 0.0004100958856275008 2286
0.03741617006071737 0.0004320499561897412 2287
0.03741617006071737 0.0004518086195737455 2288
0.03741617006071737 0.0004695914168035637 2289
0.03741617006071737 0.000485595934464481 2290
0.03773004714600119 6.296365891527262e-05 2291
0.03773004714600118 0.000119630952069252 2292
0.03773004714600118 0.0001706315158682544 2293
0.03773004714600119 0.0002165320234281835 2294
0.03773004714600118 0.0002578424800451916 2295
0.03773004714600118 0.0002950218907460969 2296
0.03773004714600119 0.0003284833605596477 2297
0.03773004714600118 0.0003585986834933876 2298
0.03773004714600119 0.0003857024739782693 2299
0.03773004714600118 0.0004100958856275008 2300
0.03773004714600118 0.0004320499561897411 2301
0.03773004714600118 0.0004518086195737456 2302
0.03773004714600118 0.0004695914168035636 2303
0.03773004714600118 0.0004855959344644811 2304
0.03805647933776832 6.29636589152726e-05 2305
0.03805647933776832 0.000119630952069252 2306
0.03805647933776832 0.0001706315158682544 2307
0.03805647933776832 0.0002165320234281834 2308
0.03805647933776832 0.0002578424800451915 2309
0.03805647933776832 0.0002950218907460969 2310
0.03805647933776832 0.0003284833605596477 2311
0.03805647933776832 0.0003585986834933876 2312
0.03805647933776832 0.0003857024739782694 2313
0.03805647933776832 0.0004100958856275007 2314
0.03805647933776832 0.000432049956189741 2315
0.03805647933776832 0.0004518086195737455 2316
0.03805647933776832 0.0004695914168035638 2317
0.03805647933776832 0.0004855959344644811 2318
0.0383959688149757 6.296365891527262e-05 2319
0.0383959688149757 0.000119630952069252 2320
0.03839596881497569 0.0001706315158682544 2321
0.0383959688149757 0.0002165320234281834 2322
0.03839596881497569 0.0002578424800451915 2323
0.03839596881497569 0.0002950218907460969 2324
0.03839596881497569 0.0003284833605596477 2325
0.03839596881497569 0.0003585986834933877 2326
0.03839596881497569 0.0003857024739782692 2327
0.03839596881497569 0.0004100958856275008 2328
0.03839596881497569 0.000432049956189741 2329
0.03839596881497569 0.0004518086195737455 2330
0.03839596881497569 0.0004695914168035638 2331
0.03839596881497569 0.0004855959344644811 2332
0.03874903784510924 6.29636589152726e-05 2333
0.03874903784510925 0.000119630952069252 2334
0.03874903784510926 0.0001706315158682544 2335
0.03874903784510925 0.0002165320234281835 2336
0.03874903784510925 0.0002578424800451915 2337
0.03874903784510925 0.0002950218907460969 2338
0.03874903784510925 0.0003284833605596477 2339
0.03874903784510925 0.0003585986834933876 2340
0.03874903784510925 0.0003857024739782694 2341
0.03874903784510925 0.0004100958856275008 2342
0.03874903784510925 0.0004320499561897412 2343
0.03874903784510925 0.0004518086195737455 2344
0.03874903784510925 0.0004695914168035637 2345
0.03874903784510925 0.000485595934464481 2346
0.0391162296811153 6.296365891527262e-05 2347
0.03911622968111531 0.000119630952069252 2348
0.03911622968111531 0.0001706315158682544 2349
0.03911622968111531 0.0002165320234281835 2350
0.03911622968111531 0.0002578424800451915 2351
0.03911622968111531 0.0002950218907460969 2352
0.03911622968111531 0.0003284833605596476 2353
0.03911622968111531 0.0003585986834933876 2354
0.03911622968111531 0.0003857024739782694 2355
0.03911622968111531 0.0004100958856275008 2356
0.03911622968111531 0.0004320499561897411 2357
0.03911622968111531 0.0004518086195737455 2358
0.03911622968111531 0.0004695914168035637 2359
0.03911622968111531 0.0004855959344644811 2360
0.0394981092027804 6.29636589152726e-05 2361
0.0394981092027804 0.000119630952069252 2362
0.03949810920278039 0.0001706315158682544 2363
0.03949810920278041 0.0002165320234281835 2364
0.03949810920278041 0.0002578424800451915 2365
0.03949810920278041 0.0002950218907460969 2366
0.03949810920278041 0.0003284833605596476 2367
0.0394981092027804 0.0003585986834933876 2368
0.03949810920278041 0.0003857024739782694 2369
0.03949810920278041 0.0004100958856275008 2370
0.03949810920278041 0.000432049956189741 2371
0.03949810920278041 0.0004518086195737455 2372
0.03949810920278041 0.0004695914168035637 2373
0.03949810920278041 0.000485595934464481 2374
0.03989526390662893 6.29636589152726e-05 2375
0.03989526390662894 0.000119630952069252 2376
0.03989526390662893 0.0001706315158682544 2377
0.03989526390662893 0.0002165320234281834 2378
0.03989526390662893 0.0002578424800451915 2379
0.03989526390662892 0.0002950218907460969 2380
0.03989526390662893 0.0003284833605596477 2381
0.03989526390662892 0.0003585986834933876 2382
0.03989526390662894 0.0003857024739782693 2383
0.03989526390662894 0.0004100958856275008 2384
0.03989526390662893 0.000432049956189741 2385
0.03989526390662893 0.0004518086195737455 2386
0.03989526390662893 0.0004695914168035637 2387
0.03989526390662893 0.0004855959344644811 2388
0.04030830479401309 6.296365891527262e-05 2389
0.04030830479401309 0.000119630952069252 2390
0.04030830479401309 0.0001706315158682544 2391
0.0403083047940131 0.0002165320234281834 2392
0.04030830479401309 0.0002578424800451916 2393
0.04030830479401309 0.0002950218907460969 2394
0.04030830479401309 0.0003284833605596476 2395
0.04030830479401309 0.0003585986834933876 2396
0.04030830479401309 0.0003857024739782694 2397
0.0403083047940131 0.0004100958856275008 2398
0.04030830479401309 0.0004320499561897411 2399
0.04030830479401309 0.0004518086195737456 2400
0.04030830479401309 0.0004695914168035637 2401
0.04030830479401309 0.0004855959344644811 2402
0.04073786726695541 6.296365891527262e-05 2403
0.04073786726695542 0.000119630952069252 2404
0.04073786726695543 0.0001706315158682544 2405
0.04073786726695542 0.0002165320234281834 2406
0.04073786726695542 0.0002578424800451916 2407
0.04073786726695542 0.0002950218907460969 2408
0.04073786726695542 0.0003284833605596477 2409
0.04073786726695543 0.0003585986834933877 2410
0.04073786726695543 0.0003857024739782693 2411
0.04073786726695542 0.0004100958856275008 2412
0.04073786726695542 0.000432049956189741 2413
0.04073786726695542 0.0004518086195737456 2414
0.04073786726695542 0.0004695914168035637 2415
0.04073786726695542 0.0004855959344644811 2416
0.04118461227135752 6.29636589152726e-05 2417
0.04118461227135752 0.000119630952069252 2418
0.04118461227135753 0.0001706315158682544 2419
0.04118461227135752 0.0002165320234281834 2420
0.04118461227135752 0.0002578424800451915 2421
0.04118461227135752 0.0002950218907460969 2422
0.04118461227135752 0.0003284833605596476 2423
0.04118461227135752 0.0003585986834933876 2424
0.04118461227135752 0.0003857024739782694 2425
0.04118461227135752 0.0004100958856275008 2426
0.04118461227135752 0.0004320499561897412 2427
0.04118461227135752 0.0004518086195737455 2428
0.04118461227135752 0.0004695914168035637 2429
0.04118461227135752 0.0004855959344644811 2430
0.04164922704779058 6.296365891527262e-05 2431
0.04164922704779057 0.000119630952069252 2432
0.04164922704779057 0.0001706315158682544 2433
0.04164922704779057 0.0002165320234281834 2434
0.04164922704779057 0.0002578424800451916 2435
0.04164922704779057 0.0002950218907460969 2436
0.04164922704779057 0.0003284833605596477 2437
0.04164922704779057 0.0003585986834933876 2438
0.04164922704779057 0.0003857024739782693 2439
0.04164922704779057 0.0004100958856275008 2440
0.04164922704779057 0.000432049956189741 2441
0.04164922704779057 0.0004518086195737455 2442
0.04164922704779057 0.0004695914168035637 2443
0.04164922704779057 0.000485595934464481 2444
0.04213242645991951 6.296365891527262e-05 2445
0.04213242645991951 0.000119630952069252 2446
0.04213242645991951 0.0001706315158682544 2447
0.04213242645991951 0.0002165320234281834 2448
0.04213242645991951 0.0002578424800451915 2449
0.04213242645991951 0.0002950218907460969 2450
0.04213242645991951 0.0003284833605596476 2451
0.04213242645991951 0.0003585986834933876 2452
0.04213242645991951 0.0003857024739782694 2453
0.04213242645991951 0.0004100958856275008 2454
0.04213242645991951 0.0004320499561897411 2455
0.04213242645991951 0.0004518086195737456 2456
0.04213242645991951 0.0004695914168035638 2457
0.04213242645991951 0.0004855959344644811 2458
0.04263495382820091 6.296365891527262e-05 2459
0.0426349538282009 0.000119630952069252 2460
0.04263495382820091 0.0001706315158682544 2461
0.0426349538282009 0.0002165320234281834 2462
0.0426349538282009 0.0002578424800451915 2463
0.0426349538282009 0.0002950218907460969 2464
0.0426349538282009 0.0003284833605596477 2465
0.0426349538282009 0.0003585986834933876 2466
0.0426349538282009 0.0003857024739782694 2467
0.0426349538282009 0.0004100958856275008 2468
0.0426349538282009 0.0004320499561897411 2469
0.0426349538282009 0.0004518086195737456 2470
0.0426349538282009 0.0004695914168035638 2471
0.0426349538282009 0.0004855959344644811 2472
0.04315758231843167 6.29636589152726e-05 2473
0.04315758231843166 0.000119630952069252 2474
0.04315758231843167 0.0001706315158682544 2475
0.04315758231843167 0.0002165320234281834 2476
0.04315758231843167 0.0002578424800451915 2477
0.04315758231843167 0.0002950218907460969 2478
0.04315758231843167 0.0003284833605596476 2479
0.04315758231843167 0.0003585986834933876 2480
0.04315758231843167 0.0003857024739782694 2481
0.04315758231843167 0.0004100958856275008 2482
0.04315758231843167 0.000432049956189741 2483
0.04315758231843167 0.0004518086195737456 2484
0.04315758231843167 0.0004695914168035637 2485
0.04315758231843167 0.0004855959344644811 2486
0.04370111595063972 6.29636589152726e-05 2487
0.04370111595063972 0.000119630952069252 2488
0.04370111595063972 0.0001706315158682544 2489
0.04370111595063973 0.0002165320234281834 2490
0.04370111595063972 0.0002578424800451915 2491
0.04370111595063972 0.0002950218907460969 2492
0.04370111595063971 0.0003284833605596477 2493
0.04370111595063972 0.0003585986834933876 2494
0.04370111595063972 0.0003857024739782695 2495
0.04370111595063972 0.0004100958856275008 2496
0.04370111595063972 0.0004320499561897412 2497
0.04370111595063972 0.0004518086195737456 2498
0.04370111595063972 0.0004695914168035637 2499
0.04370111595063972 0.000485595934464481 2500
0.04426639088506813 6.29636589152726e-05 2501
0.04426639088506811 0.000119630952069252 2502
0.04426639088506812 0.0001706315158682544 2503
0.04426639088506813 0.0002165320234281834 2504
0.04426639088506813 0.0002578424800451916 2505
0.04426639088506813 0.000295021890746097 2506
0.04426639088506813 0.0003284833605596476 2507
0.04426639088506813 0.0003585986834933876 2508
0.04426639088506813 0.0003857024739782694 2509
0.04426639088506813 0.0004100958856275008 2510
0.04426639088506813 0.0004320499561897411 2511
0.04426639088506813 0.0004518086195737456 2512
0.04426639088506813 0.0004695914168035637 2513
0.04426639088506813 0.0004855959344644811 2514
0.04485427685479289 6.29636589152726e-05 2515
0.0448542768547929 0.000119630952069252 2516
0.0448542768547929 0.0001706315158682544 2517
0.0448542768547929 0.0002165320234281834 2518
0.0448542768547929 0.0002578424800451915 2519
0.0448542768547929 0.0002950218907460969 2520
0.0448542768547929 0.0003284833605596477 2521
0.0448542768547929 0.0003585986834933877 2522
0.0448542768547929 0.0003857024739782694 2523
0.0448542768547929 0.0004100958856275008 2524
0.0448542768547929 0.0004320499561897412 2525
0.0448542768547929 0.0004518086195737456 2526
0.0448542768547929 0.0004695914168035639 2527
0.0448542768547929 0.0004855959344644811 2528
0.04546567824075388 6.29636589152726e-05 2529
0.04546567824075388 0.000119630952069252 2530
0.04546567824075386 0.0001706315158682544 2531
0.04546567824075387 0.0002165320234281834 2532
0.04546567824075388 0.0002578424800451915 2533
0.04546567824075388 0.0002950218907460969 2534
0.04546567824075388 0.0003284833605596477 2535
0.04546567824075388 0.0003585986834933876 2536
0.04546567824075387 0.0003857024739782694 2537
0.04546567824075387 0.0004100958856275008 2538
0.04546567824075388 0.0004320499561897412 2539
0.04546567824075388 0.0004518086195737456 2540
0.04546567824075388 0.0004695914168035637 2541
0.04546567824075387 0.000485595934464481 2542
0.04610153571591888 6.29636589152726e-05 2543
0.04610153571591888 0.000119630952069252 2544
0.04610153571591888 0.0001706315158682544 2545
0.04610153571591889 0.0002165320234281834 2546
0.04610153571591888 0.0002578424800451915 2547
0.04610153571591888 0.0002950218907460969 2548
0.04610153571591888 0.0003284833605596477 2549
0.04610153571591888 0.0003585986834933876 2550
0.04610153571591888 0.0003857024739782694 2551
0.04610153571591888 0.0004100958856275008 2552
0.04610153571591888 0.000432049956189741 2553
0.04610153571591888 0.0004518086195737456 2554
0.04610153571591888 0.0004695914168035638 2555
0.04610153571591888 0.0004855959344644811 2556
0.04676282747513878 6.29636589152726e-05 2557
0.04676282747513876 0.000119630952069252 2558
0.04676282747513878 0.0001706315158682544 2559
0.04676282747513879 0.0002165320234281835 2560
0.04676282747513878 0.0002578424800451915 2561
0.04676282747513878 0.0002950218907460969 2562
0.04676282747513878 0.0003284833605596477 2563
0.04676282747513878 0.0003585986834933876 2564
0.04676282747513878 0.0003857024739782694 2565
0.04676282747513878 0.0004100958856275008 2566
0.04676282747513878 0.0004320499561897411 2567
0.04676282747513878 0.0004518086195737455 2568
0.04676282747513878 0.0004695914168035636 2569
0.04676282747513878 0.000485595934464481 2570
0.04745057087010417 6.29636589152726e-05 2571
0.04745057087010417 0.000119630952069252 2572
0.04745057087010417 0.0001706315158682544 2573
0.04745057087010417 0.0002165320234281834 2574
0.04745057087010417 0.0002578424800451915 2575
0.04745057087010417 0.0002950218907460969 2576
0.04745057087010417 0.0003284833605596477 2577
0.04745057087010417 0.0003585986834933876 2578
0.04745057087010417 0.0003857024739782694 2579
0.04745057087010417 0.0004100958856275008 2580
0.04745057087010416 0.000432049956189741 2581
0.04745057087010417 0.0004518086195737456 2582
0.04745057087010417 0.0004695914168035637 2583
0.04745057087010417 0.000485595934464481 2584
0.04816582405069064 6.296365891527262e-05 2585
0.04816582405069064 0.000119630952069252 2586
0.04816582405069064 0.0001706315158682544 2587
0.04816582405069064 0.0002165320234281834 2588
0.04816582405069065 0.0002578424800451915 2589
0.04816582405069064 0.0002950218907460969 2590
0.04816582405069064 0.0003284833605596476 2591
0.04816582405069064 0.0003585986834933876 2592
0.04816582405069064 0.0003857024739782693 2593
0.04816582405069064 0.0004100958856275008 2594
0.04816582405069064 0.000432049956189741 2595
0.04816582405069064 0.0004518086195737456 2596
0.04816582405069064 0.0004695914168035637 2597
0.04816582405069064 0.0004855959344644811 2598
0.0489096873173327 6.296365891527262e-05 2599
0.04890968731733271 0.000119630952069252 2600
0.04890968731733271 0.0001706315158682544 2601
0.04890968731733271 0.0002165320234281834 2602
0.04890968731733272 0.0002578424800451916 2603
0.04890968731733271 0.0002950218907460969 2604
0.04890968731733271 0.0003284833605596477 2605
0.04890968731733271 0.0003585986834933876 2606
0.04890968731733271 0.0003857024739782694 2607
0.04890968731733271 0.0004100958856275008 2608
0.04890968731733271 0.000432049956189741 2609
0.04890968731733271 0.0004518086195737455 2610
0.04890968731733271 0.0004695914168035637 2611
0.04890968731733271 0.0004855959344644811 2612
0.04968330512904633 6.29636589152726e-05 2613
0.04968330512904633 0.000119630952069252 2614
0.04968330512904633 0.0001706315158682544 2615
0.04968330512904633 0.0002165320234281834 2616
0.04968330512904633 0.0002578424800451915 2617
0.04968330512904632 0.0002950218907460969 2618
0.04968330512904633 0.0003284833605596477 2619
0.04968330512904633 0.0003585986834933877 2620
0.04968330512904633 0.0003857024739782694 2621
0.04968330512904633 0.0004100958856275008 2622
0.04968330512904633 0.000432049956189741 2623
0.04968330512904633 0.0004518086195737455 2624
0.04968330512904633 0.0004695914168035637 2625
0.04968330512904633 0.000485595934464481 2626
0.05048786766344226 6.29636589152726e-05 2627
0.05048786766344227 0.000119630952069252 2628
0.05048786766344227 0.0001706315158682544 2629
0.05048786766344227 0.0002165320234281834 2630
0.05048786766344227 0.0002578424800451916 2631
0.05048786766344227 0.0002950218907460969 2632
0.05048786766344227 0.0003284833605596476 2633
0.05048786766344228 0.0003585986834933876 2634
0.05048786766344226 0.0003857024739782694 2635
0.05048786766344227 0.0004100958856275008 2636
0.05048786766344225 0.000432049956189741 2637
0.05048786766344227 0.0004518086195737456 2638
0.05048786766344226 0.0004695914168035637 2639
0.05048786766344228 0.0004855959344644811 2640
0.05132461268837867 6.296365891527262e-05 2641
0.05132461268837869 0.000119630952069252 2642
0.05132461268837868 0.0001706315158682544 2643
0.05132461268837868 0.0002165320234281834 2644
0.05132461268837868 0.0002578424800451916 2645
0.05132461268837867 0.0002950218907460969 2646
0.05132461268837868 0.0003284833605596476 2647
0.05132461268837868 0.0003585986834933877 2648
0.05132461268837868 0.0003857024739782694 2649
0.05132461268837868 0.0004100958856275008 2650
0.05132461268837868 0.000432049956189741 2651
0.05132461268837868 0.0004518086195737456 2652
0.05132461268837868 0.0004695914168035637 2653
0.05132461268837868 0.0004855959344644811 2654
0.05219482752211721 6.29636589152726e-05 2655
0.05219482752211722 0.000119630952069252 2656
0.05219482752211721 0.0001706315158682544 2657
0.0521948275221172 0.0002165320234281835 2658
0.0521948275221172 0.0002578424800451915 2659
0.05219482752211721 0.0002950218907460969 2660
0.05219482752211722 0.0003284833605596477 2661
0.05219482752211721 0.0003585986834933875 2662
0.05219482752211721 0.0003857024739782694 2663
0.05219482752211721 0.0004100958856275008 2664
0.05219482752211721 0.000432049956189741 2665
0.05219482752211721 0.0004518086195737455 2666
0.05219482752211721 0.0004695914168035638 2667
0.05219482752211721 0.000485595934464481 2668
0.05309985096924304 6.29636589152726e-05 2669
0.05309985096924305 0.000119630952069252 2670
0.05309985096924305 0.0001706315158682544 2671
0.05309985096924305 0.0002165320234281835 2672
0.05309985096924304 0.0002578424800451915 2673
0.05309985096924305 0.0002950218907460969 2674
0.05309985096924305 0.0003284833605596477 2675
0.05309985096924305 0.0003585986834933876 2676
0.05309985096924305 0.0003857024739782694 2677
0.05309985096924305 0.0004100958856275008 2678
0.05309985096924305 0.000432049956189741 2679
0.05309985096924305 0.0004518086195737455 2680
0.05309985096924305 0.0004695914168035637 2681
0.05309985096924305 0.000485595934464481 2682
0.05404107535363564 6.29636589152726e-05 2683
0.05404107535363563 0.000119630952069252 2684
0.05404107535363564 0.0001706315158682544 2685
0.05404107535363563 0.0002165320234281834 2686
0.05404107535363563 0.0002578424800451915 2687
0.05404107535363563 0.0002950218907460969 2688
0.05404107535363563 0.0003284833605596476 2689
0.05404107535363563 0.0003585986834933876 2690
0.05404107535363563 0.0003857024739782694 2691
0.05404107535363563 0.0004100958856275008 2692
0.05404107535363563 0.000432049956189741 2693
0.05404107535363563 0.0004518086195737456 2694
0.05404107535363563 0.0004695914168035638 2695
0.05404107535363563 0.0004855959344644811 2696
0.05501994871514498 6.29636589152726e-05 2697
0.05501994871514497 0.000119630952069252 2698
0.05501994871514498 0.0001706315158682544 2699
0.05501994871514498 0.0002165320234281834 2700
0.05501994871514499 0.0002578424800451916 2701
0.05501994871514498 0.0002950218907460969 2702
0.05501994871514498 0.0003284833605596476 2703
0.05501994871514498 0.0003585986834933877 2704
0.05501994871514498 0.0003857024739782694 2705
0.05501994871514498 0.0004100958856275008 2706
0.05501994871514498 0.000432049956189741 2707
0.05501994871514498 0.0004518086195737456 2708
0.05501994871514498 0.0004695914168035638 2709
0.05501994871514499 0.0004855959344644811 2710
0.05603797700100454 6.29636589152726e-05 2711
0.05603797700100455 0.000119630952069252 2712
0.05603797700100455 0.0001706315158682544 2713
0.05603797700100455 0.0002165320234281834 2714
0.05603797700100455 0.0002578424800451915 2715
0.05603797700100455 0.0002950218907460969 2716
0.05603797700100454 0.0003284833605596476 2717
0.05603797700100455 0.0003585986834933877 2718
0.05603797700100454 0.0003857024739782694 2719
0.05603797700100454 0.0004100958856275008 2720
0.05603797700100455 0.0004320499561897412 2721
0.05603797700100455 0.0004518086195737455 2722
0.05603797700100453 0.0004695914168035637 2723
0.05603797700100453 0.000485595934464481 2724
0.05709672643400991 6.29636589152726e-05 2725
0.0570967264340099 0.000119630952069252 2726
0.05709672643400991 0.0001706315158682544 2727
0.05709672643400992 0.0002165320234281834 2728
0.05709672643400991 0.0002578424800451915 2729
0.05709672643400991 0.0002950218907460969 2730
0.05709672643400991 0.0003284833605596476 2731
0.05709672643400991 0.0003585986834933878 2732
0.05709672643400991 0.0003857024739782695 2733
0.05709672643400991 0.0004100958856275008 2734
0.05709672643400991 0.000432049956189741 2735
0.05709672643400991 0.0004518086195737455 2736
0.05709672643400991 0.0004695914168035637 2737
0.05709672643400993 0.0004855959344644811 2738
0.05819782582968102 6.29636589152726e-05 2739
0.05819782582968099 0.000119630952069252 2740
0.05819782582968102 0.0001706315158682544 2741
0.05819782582968101 0.0002165320234281835 2742
0.058197825829681 0.0002578424800451915 2743
0.05819782582968101 0.0002950218907460969 2744
0.058197825829681 0.0003284833605596476 2745
0.05819782582968101 0.0003585986834933878 2746
0.05819782582968101 0.0003857024739782694 2747
0.058197825829681 0.0004100958856275008 2748
0.05819782582968101 0.000432049956189741 2749
0.05819782582968103 0.0004518086195737455 2750
0.058197825829681 0.0004695914168035638 2751
0.058197825829681 0.0004855959344644811 2752
0.05934296922170097 6.29636589152726e-05 2753
0.05934296922170097 0.000119630952069252 2754
0.05934296922170099 0.0001706315158682544 2755
0.05934296922170099 0.0002165320234281834 2756
0.05934296922170098 0.0002578424800451915 2757
0.05934296922170099 0.0002950218907460969 2758
0.05934296922170099 0.0003284833605596477 2759
0.05934296922170099 0.0003585986834933877 2760
0.05934296922170099 0.0003857024739782694 2761
0.05934296922170099 0.0004100958856275008 2762
0.05934296922170099 0.0004320499561897411 2763
0.05934296922170099 0.0004518086195737455 2764
0.05934296922170099 0.0004695914168035637 2765
0.05934296922170098 0.0004855959344644811 2766
0.06053391833498196 6.29636589152726e-05 2767
0.06053391833498196 0.000119630952069252 2768
0.06053391833498196 0.0001706315158682544 2769
0.06053391833498197 0.0002165320234281835 2770
0.06053391833498196 0.0002578424800451915 2771
0.06053391833498196 0.0002950218907460969 2772
0.06053391833498196 0.0003284833605596476 2773
0.06053391833498196 0.0003585986834933877 2774
0.06053391833498196 0.0003857024739782694 2775
0.06053391833498197 0.0004100958856275008 2776
0.06053391833498196 0.0004320499561897411 2777
0.06053391833498196 0.0004518086195737455 2778
0.06053391833498196 0.0004695914168035638 2779
0.06053391833498196 0.0004855959344644811 2780
0.06177250544071287 6.296365891527262e-05 2781
0.06177250544071289 0.000119630952069252 2782
0.06177250544071287 0.0001706315158682544 2783
0.06177250544071287 0.0002165320234281835 2784
0.06177250544071289 0.0002578424800451915 2785
0.06177250544071286 0.0002950218907460969 2786
0.06177250544071287 0.0003284833605596477 2787
0.06177250544071287 0.0003585986834933876 2788
0.06177250544071287 0.0003857024739782693 2789
0.06177250544071289 0.0004100958856275008 2790
0.06177250544071289 0.0004320499561897411 2791
0.06177250544071287 0.0004518086195737456 2792
0.06177250544071289 0.0004695914168035638 2793
0.06177250544071287 0.0004855959344644811 2794
0.06306063601679321 6.296365891527262e-05 2795
0.06306063601679321 0.000119630952069252 2796
0.06306063601679321 0.0001706315158682544 2797
0.06306063601679321 0.0002165320234281835 2798
0.06306063601679321 0.0002578424800451915 2799
0.06306063601679321 0.0002950218907460969 2800
0.06306063601679321 0.0003284833605596476 2801
0.0630606360167932 0.0003585986834933876 2802
0.0630606360167932 0.0003857024739782694 2803
0.06306063601679321 0.0004100958856275008 2804
0.06306063601679321 0.000432049956189741 2805
0.06306063601679321 0.0004518086195737455 2806
0.06306063601679321 0.0004695914168035638 2807
0.06306063601679321 0.0004855959344644811 2808
0.06440029180625005 6.296365891527262e-05 2809
0.06440029180625007 0.000119630952069252 2810
0.06440029180625007 0.0001706315158682544 2811
0.06440029180625005 0.0002165320234281834 2812
0.06440029180625005 0.0002578424800451915 2813
0.06440029180625005 0.0002950218907460969 2814
0.06440029180625005 0.0003284833605596476 2815
0.06440029180625005 0.0003585986834933877 2816
0.06440029180625005 0.0003857024739782693 2817
0.06440029180625005 0.0004100958856275008 2818
0.06440029180625004 0.0004320499561897411 2819
0.06440029180625004 0.0004518086195737455 2820
0.06440029180625005 0.0004695914168035638 2821
0.06440029180625005 0.0004855959344644811 2822
0.06579353381723188 6.29636589152726e-05 2823
0.06579353381723188 0.000119630952069252 2824
0.06579353381723188 0.0001706315158682544 2825
0.06579353381723188 0.0002165320234281835 2826
0.06579353381723188 0.0002578424800451915 2827
0.06579353381723188 0.0002950218907460969 2828
0.06579353381723188 0.0003284833605596476 2829
0.06579353381723188 0.0003585986834933876 2830
0.06579353381723188 0.0003857024739782693 2831
0.06579353381723188 0.0004100958856275008 2832
0.06579353381723188 0.000432049956189741 2833
0.06579353381723188 0.0004518086195737455 2834
0.06579353381723188 0.0004695914168035637 2835
0.06579353381723187 0.000485595934464481 2836
0.06724250550535019 6.29636589152726e-05 2837
0.06724250550535019 0.000119630952069252 2838
0.06724250550535019 0.0001706315158682544 2839
0.06724250550535019 0.0002165320234281834 2840
0.06724250550535019 0.0002578424800451916 2841
0.06724250550535019 0.0002950218907460969 2842
0.06724250550535019 0.0003284833605596477 2843
0.06724250550535019 0.0003585986834933877 2844
0.06724250550535019 0.0003857024739782694 2845
0.06724250550535019 0.0004100958856275008 2846
0.06724250550535019 0.0004320499561897411 2847
0.06724250550535019 0.0004518086195737455 2848
0.06724250550535019 0.0004695914168035638 2849
0.06724250550535019 0.0004855959344644811 2850
0.06874943609093671 6.29636589152726e-05 2851
0.0687494360909367 0.000119630952069252 2852
0.0687494360909367 0.0001706315158682544 2853
0.0687494360909367 0.0002165320234281834 2854
0.0687494360909367 0.0002578424800451916 2855
0.0687494360909367 0.0002950218907460969 2856
0.0687494360909367 0.0003284833605596476 2857
0.0687494360909367 0.0003585986834933876 2858
0.0687494360909367 0.0003857024739782693 2859
0.0687494360909367 0.0004100958856275008 2860
0.0687494360909367 0.000432049956189741 2861
0.0687494360909367 0.0004518086195737455 2862
0.0687494360909367 0.0004695914168035637 2863
0.0687494360909367 0.0004855959344644811 2864
0.07031664390247774 6.29636589152726e-05 2865
0.07031664390247774 0.000119630952069252 2866
0.07031664390247774 0.0001706315158682544 2867
0.07031664390247774 0.0002165320234281834 2868
0.07031664390247774 0.0002578424800451915 2869
0.07031664390247774 0.0002950218907460969 2870
0.07031664390247773 0.0003284833605596476 2871
0.07031664390247773 0.0003585986834933877 2872
0.07031664390247774 0.0003857024739782694 2873
0.07031664390247774 0.0004100958856275008 2874
0.07031664390247774 0.0004320499561897409 2875
0.07031664390247774 0.0004518086195737455 2876
0.07031664390247774 0.0004695914168035637 2877
0.07031664390247774 0.0004855959344644811 2878
0.07194654005057047 6.29636589152726e-05 2879
0.07194654005057051 0.000119630952069252 2880
0.07194654005057051 0.0001706315158682544 2881
0.07194654005057051 0.0002165320234281834 2882
0.07194654005057051 0.0002578424800451915 2883
0.07194654005057051 0.0002950218907460969 2884
0.07194654005057051 0.0003284833605596476 2885
0.07194654005057051 0.0003585986834933878 2886
0.0719465400505705 0.0003857024739782694 2887
0.07194654005057051 0.0004100958856275007 2888
0.07194654005057051 0.0004320499561897412 2889
0.07194654005057051 0.0004518086195737456 2890
0.07194654005057051 0.0004695914168035638 2891
0.07194654005057052 0.0004855959344644811 2892
0.07364163203387779 6.29636589152726e-05 2893
0.07364163203387777 0.000119630952069252 2894
0.07364163203387777 0.0001706315158682544 2895
0.07364163203387777 0.0002165320234281834 2896
0.07364163203387777 0.0002578424800451915 2897
0.07364163203387776 0.0002950218907460969 2898
0.07364163203387779 0.0003284833605596476 2899
0.07364163203387777 0.0003585986834933876 2900
0.07364163203387777 0.0003857024739782694 2901
0.07364163203387777 0.0004100958856275008 2902
0.07364163203387777 0.000432049956189741 2903
0.07364163203387776 0.0004518086195737455 2904
0.07364163203387777 0.0004695914168035636 2905
0.07364163203387777 0.0004855959344644811 2906
0.07540452769730063 6.29636589152726e-05 2907
0.07540452769730061 0.000119630952069252 2908
0.07540452769730061 0.0001706315158682544 2909
0.07540452769730061 0.0002165320234281834 2910
0.07540452769730061 0.0002578424800451916 2911
0.07540452769730061 0.0002950218907460969 2912
0.07540452769730059 0.0003284833605596476 2913
0.07540452769730061 0.0003585986834933876 2914
0.07540452769730061 0.0003857024739782693 2915
0.07540452769730061 0.0004100958856275008 2916
0.07540452769730061 0.000432049956189741 2917
0.07540452769730061 0.0004518086195737456 2918
0.07540452769730061 0.0004695914168035638 2919
0.07540452769730061 0.0004855959344644811 2920
0.07723793920476443 6.29636589152726e-05 2921
0.07723793920476443 0.000119630952069252 2922
0.07723793920476443 0.0001706315158682544 2923
0.07723793920476443 0.0002165320234281834 2924
0.07723793920476443 0.0002578424800451915 2925
0.07723793920476443 0.0002950218907460969 2926
0.07723793920476443 0.0003284833605596476 2927
0.07723793920476443 0.0003585986834933877 2928
0.07723793920476443 0.0003857024739782694 2929
0.07723793920476442 0.0004100958856275008 2930
0.07723793920476443 0.0004320499561897411 2931
0.07723793920476443 0.0004518086195737455 2932
0.07723793920476443 0.0004695914168035638 2933
0.07723793920476443 0.0004855959344644811 2934
0.07914468715258396 6.29636589152726e-05 2935
0.07914468715258396 0.000119630952069252 2936
0.07914468715258396 0.0001706315158682544 2937
0.07914468715258396 0.0002165320234281834 2938
0.07914468715258396 0.0002578424800451915 2939
0.07914468715258398 0.0002950218907460969 2940
0.07914468715258399 0.0003284833605596476 2941
0.07914468715258396 0.0003585986834933876 2942
0.07914468715258399 0.0003857024739782694 2943
0.07914468715258396 0.0004100958856275008 2944
0.07914468715258396 0.000432049956189741 2945
0.07914468715258396 0.0004518086195737455 2946
0.07914468715258396 0.0004695914168035638 2947
0.07914468715258396 0.0004855959344644811 2948
0.08112770501427295 6.296365891527262e-05 2949
0.08112770501427291 0.000119630952069252 2950
0.08112770501427292 0.0001706315158682544 2951
0.08112770501427294 0.0002165320234281834 2952
0.08112770501427294 0.0002578424800451915 2953
0.08112770501427294 0.0002950218907460969 2954
0.08112770501427294 0.0003284833605596476 2955
0.08112770501427294 0.0003585986834933876 2956
0.08112770501427292 0.0003857024739782694 2957
0.08112770501427292 0.0004100958856275008 2958
0.08112770501427294 0.0004320499561897411 2959
0.08112770501427292 0.0004518086195737455 2960
0.08112770501427294 0.0004695914168035637 2961
0.08112770501427294 0.0004855959344644811 2962
0.08319004357906663 6.29636589152726e-05 2963
0.08319004357906663 0.000119630952069252 2964
0.08319004357906663 0.0001706315158682544 2965
0.08319004357906667 0.0002165320234281834 2966
0.08319004357906666 0.0002578424800451915 2967
0.08319004357906666 0.0002950218907460969 2968
0.08319004357906666 0.0003284833605596476 2969
0.08319004357906666 0.0003585986834933877 2970
0.08319004357906667 0.0003857024739782694 2971
0.08319004357906666 0.0004100958856275008 2972
0.08319004357906666 0.000432049956189741 2973
0.08319004357906665 0.0004518086195737455 2974
0.08319004357906666 0.0004695914168035637 2975
0.08319004357906666 0.0004855959344644811 2976
0.08533487568893927 6.29636589152726e-05 2977
0.08533487568893927 0.000119630952069252 2978
0.08533487568893927 0.0001706315158682544 2979
0.08533487568893929 0.0002165320234281835 2980
0.08533487568893929 0.0002578424800451915 2981
0.08533487568893927 0.0002950218907460969 2982
0.08533487568893927 0.0003284833605596476 2983
0.08533487568893929 0.0003585986834933877 2984
0.08533487568893927 0.0003857024739782694 2985
0.08533487568893926 0.0004100958856275008 2986
0.08533487568893927 0.0004320499561897411 2987
0.08533487568893927 0.0004518086195737455 2988
0.08533487568893929 0.0004695914168035638 2989
0.08533487568893927 0.0004855959344644811 2990
0.08756550111440048 6.29636589152726e-05 2991
0.08756550111440045 0.000119630952069252 2992
0.08756550111440049 0.0001706315158682544 2993
0.08756550111440049 0.0002165320234281834 2994
0.08756550111440048 0.0002578424800451915 2995
0.08756550111440049 0.0002950218907460969 2996
0.08756550111440048 0.0003284833605596476 2997
0.08756550111440048 0.0003585986834933876 2998
0.08756550111440048 0.0003857024739782694 2999
0.08756550111440048 0.0004100958856275008 3000
0.08756550111440047 0.0004320499561897412 3001
0.08756550111440048 0.0004518086195737455 3002
0.08756550111440049 0.0004695914168035638 3003
0.08756550111440049 0.0004855959344644811 3004
0.08988535158216936 6.29636589152726e-05 3005
0.08988535158216937 0.000119630952069252 3006
0.08988535158216936 0.0001706315158682544 3007
0.08988535158216937 0.0002165320234281835 3008
0.08988535158216933 0.0002578424800451915 3009
0.08988535158216937 0.0002950218907460969 3010
0.08988535158216936 0.0003284833605596476 3011
0.08988535158216937 0.0003585986834933876 3012
0.08988535158216936 0.0003857024739782694 3013
0.08988535158216936 0.0004100958856275008 3014
0.08988535158216934 0.0004320499561897411 3015
0.08988535158216936 0.0004518086195737455 3016
0.08988535158216937 0.0004695914168035637 3017
0.08988535158216936 0.0004855959344644811 3018
0.09229799602819072 6.29636589152726e-05 3019
0.09229799602819073 0.000119630952069252 3020
0.09229799602819072 0.0001706315158682544 3021
0.09229799602819073 0.0002165320234281834 3022
0.09229799602819073 0.0002578424800451915 3023
0.09229799602819072 0.0002950218907460969 3024
0.09229799602819072 0.0003284833605596476 3025
0.09229799602819072 0.0003585986834933876 3026
0.09229799602819072 0.0003857024739782694 3027
0.09229799602819072 0.0004100958856275008 3028
0.09229799602819073 0.000432049956189741 3029
0.09229799602819072 0.0004518086195737455 3030
0.09229799602819072 0.0004695914168035638 3031
0.09229799602819072 0.0004855959344644811 3032
0.09480714627197008 6.29636589152726e-05 3033
0.09480714627197011 0.000119630952069252 3034
0.09480714627197009 0.0001706315158682544 3035
0.09480714627197009 0.0002165320234281834 3036
0.09480714627197009 0.0002578424800451915 3037
0.09480714627197009 0.0002950218907460969 3038
0.09480714627197009 0.0003284833605596476 3039
0.09480714627197011 0.0003585986834933877 3040
0.09480714627197009 0.0003857024739782695 3041
0.09480714627197007 0.0004100958856275007 3042
0.09480714627197009 0.0004320499561897411 3043
0.09480714627197009 0.0004518086195737455 3044
0.09480714627197008 0.0004695914168035638 3045
0.09480714627197009 0.0004855959344644811 3046
0.09741666254144421 6.29636589152726e-05 3047
0.0974166625414442 0.000119630952069252 3048
0.0974166625414442 0.0001706315158682544 3049
0.09741666254144418 0.0002165320234281835 3050
0.09741666254144421 0.0002578424800451915 3051
0.09741666254144421 0.0002950218907460969 3052
0.09741666254144417 0.0003284833605596476 3053
0.09741666254144418 0.0003585986834933876 3054
0.09741666254144418 0.0003857024739782694 3055
0.09741666254144417 0.0004100958856275008 3056
0.09741666254144417 0.000432049956189741 3057
0.09741666254144417 0.0004518086195737455 3058
0.09741666254144418 0.0004695914168035638 3059
0.09741666254144418 0.0004855959344644811 3060
0.1001305594472847 6.296365891527262e-05 3061
0.1001305594472847 0.000119630952069252 3062
0.1001305594472847 0.0001706315158682544 3063
0.1001305594472847 0.0002165320234281835 3064
0.1001305594472848 0.0002578424800451915 3065
0.1001305594472847 0.0002950218907460969 3066
0.1001305594472847 0.0003284833605596476 3067
0.1001305594472847 0.0003585986834933878 3068
0.1001305594472847 0.0003857024739782694 3069
0.1001305594472847 0.0004100958856275008 3070
0.1001305594472847 0.0004320499561897412 3071
0.1001305594472847 0.0004518086195737456 3072
0.1001305594472847 0.0004695914168035638 3073
0.1001305594472847 0.0004855959344644811 3074
0.1029530122549032 6.29636589152726e-05 3075
0.1029530122549032 0.000119630952069252 3076
0.1029530122549032 0.0001706315158682544 3077
0.1029530122549032 0.0002165320234281834 3078
0.1029530122549032 0.0002578424800451916 3079
0.1029530122549032 0.0002950218907460969 3080
0.1029530122549032 0.0003284833605596476 3081
0.1029530122549032 0.0003585986834933877 3082
0.1029530122549032 0.0003857024739782694 3083
0.1029530122549032 0.0004100958856275008 3084
0.1029530122549032 0.000432049956189741 3085
0.1029530122549032 0.0004518086195737456 3086
0.1029530122549032 0.0004695914168035637 3087
0.1029530122549032 0.0004855959344644811 3088
0.1058883631775439 6.29636589152726e-05 3089
0.1058883631775439 0.000119630952069252 3090
0.1058883631775439 0.0001706315158682544 3091
0.1058883631775439 0.0002165320234281834 3092
0.1058883631775439 0.0002578424800451915 3093
0.1058883631775439 0.0002950218907460969 3094
0.1058883631775439 0.0003284833605596476 3095
0.1058883631775439 0.0003585986834933876 3096
0.1058883631775439 0.0003857024739782694 3097
0.1058883631775439 0.0004100958856275008 3098
0.1058883631775439 0.0004320499561897412 3099
0.1058883631775439 0.0004518086195737455 3100
0.1058883631775439 0.0004695914168035638 3101
0.1058883631775439 0.0004855959344644811 3102
0.1089411281274902 6.29636589152726e-05 3103
0.1089411281274902 0.000119630952069252 3104
0.1089411281274902 0.0001706315158682544 3105
0.1089411281274902 0.0002165320234281834 3106
0.1089411281274902 0.0002578424800451915 3107
0.1089411281274902 0.0002950218907460969 3108
0.1089411281274902 0.0003284833605596476 3109
0.1089411281274902 0.0003585986834933877 3110
0.1089411281274902 0.0003857024739782695 3111
0.1089411281274902 0.0004100958856275008 3112
0.1089411281274902 0.0004320499561897412 3113
0.1089411281274902 0.0004518086195737456 3114
0.1089411281274902 0.0004695914168035636 3115
0.1089411281274902 0.0004855959344644811 3116
0.112116003718941 6.29636589152726e-05 3117
0.112116003718941 0.000119630952069252 3118
0.112116003718941 0.0001706315158682544 3119
0.112116003718941 0.0002165320234281834 3120
0.112116003718941 0.0002578424800451915 3121
0.112116003718941 0.0002950218907460969 3122
0.112116003718941 0.0003284833605596477 3123
0.112116003718941 0.0003585986834933877 3124
0.112116003718941 0.0003857024739782694 3125
0.112116003718941 0.0004100958856275008 3126
0.112116003718941 0.000432049956189741 3127
0.1121160037189411 0.0004518086195737456 3128
0.112116003718941 0.0004695914168035636 3129
0.112116003718941 0.000485595934464481 3130
0.1154178743287708 6.29636589152726e-05 3131
0.1154178743287708 0.000119630952069252 3132
0.1154178743287708 0.0001706315158682544 3133
0.1154178743287708 0.0002165320234281835 3134
0.1154178743287708 0.0002578424800451915 3135
0.1154178743287709 0.0002950218907460969 3136
0.1154178743287709 0.0003284833605596477 3137
0.1154178743287709 0.0003585986834933877 3138
0.1154178743287708 0.0003857024739782694 3139
0.1154178743287709 0.0004100958856275008 3140
0.1154178743287708 0.0004320499561897409 3141
0.1154178743287708 0.0004518086195737455 3142
0.1154178743287708 0.0004695914168035637 3143
0.1154178743287708 0.000485595934464481 3144
0.1188518197561935 6.29636589152726e-05 3145
0.1188518197561935 0.000119630952069252 3146
0.1188518197561935 0.0001706315158682544 3147
0.1188518197561935 0.0002165320234281834 3148
0.1188518197561935 0.0002578424800451915 3149
0.1188518197561936 0.0002950218907460969 3150
0.1188518197561935 0.0003284833605596477 3151
0.1188518197561936 0.0003585986834933876 3152
0.1188518197561935 0.0003857024739782694 3153
0.1188518197561935 0.0004100958856275007 3154
0.1188518197561936 0.000432049956189741 3155
0.1188518197561935 0.0004518086195737455 3156
0.1188518197561936 0.0004695914168035637 3157
0.1188518197561935 0.0004855959344644811 3158
0.1224231229912907 6.29636589152726e-05 3159
0.1224231229912906 0.000119630952069252 3160
0.1224231229912907 0.0001706315158682544 3161
0.1224231229912906 0.0002165320234281834 3162
0.1224231229912907 0.0002578424800451915 3163
0.1224231229912906 0.0002950218907460969 3164
0.1224231229912907 0.0003284833605596476 3165
0.1224231229912907 0.0003585986834933876 3166
0.1224231229912906 0.0003857024739782694 3167
0.1224231229912907 0.0004100958856275008 3168
0.1224231229912907 0.000432049956189741 3169
0.1224231229912906 0.0004518086195737456 3170
0.1224231229912906 0.0004695914168035637 3171
0.1224231229912907 0.0004855959344644811 3172
0.126137278370437 6.29636589152726e-05 3173
0.1261372783704369 0.000119630952069252 3174
0.126137278370437 0.0001706315158682544 3175
0.126137278370437 0.0002165320234281835 3176
0.1261372783704369 0.0002578424800451915 3177
0.1261372783704369 0.0002950218907460969 3178
0.1261372783704369 0.0003284833605596476 3179
0.1261372783704369 0.0003585986834933877 3180
0.1261372783704369 0.0003857024739782694 3181
0.1261372783704369 0.0004100958856275008 3182
0.1261372783704369 0.0004320499561897411 3183
0.1261372783704369 0.0004518086195737456 3184
0.126137278370437 0.0004695914168035637 3185
0.1261372783704369 0.0004855959344644811 3186
0.003917148622358813 0.0005744801518658967 3187
0.003917148622358813 0.0006549187023411366 3188
0.003917148622358813 0.0007417923242596628 3189
0.003917148622358814 0.0008356158349343706 3190
0.003917148622358814 0.000936945243677711 3191
0.003917148622358813 0.001046381012230213 3192
0.003917148622358813 0.001164571636941929 3193
0.003917148622358814 0.001292217511602556 3194
0.003917148622358814 0.001430075062922938 3195
0.003917148622358814 0.001578961209800969 3196
0.003917148622358813 0.001739758244719251 3197
0.003917148622358813 0.001913419042969198 3198
0.003917148622358813 0.00210097269019394 3199
0.003917148622358813 0.00230353063927247 3200
0.003917148622358814 0.002522293228240823 3201
0.003917148622358814 0.002758556814951889 3202
0.003917148622358813 0.003013721494810931 3203
0.003917148622358813 0.003289299364520971 3204
0.003917148622358814 0.003586923470452022 3205
0.003917148622358813 0.003908357479700804 3206
0.003917148622358814 0.004255506196689488 3207
0.003917148622358813 0.004630426835077315 3208
0.003917148622358814 0.005035341124316705 3209
0.003917148622358814 0.005472648553571963 3210
0.003917148622358813 0.005944940571786644 3211
0.003917148622358813 0.006455015939055441 3212
0.003917148622358813 0.007005897352521075 3213
0.003917148622358814 0.007600849281163179 3214
0.003917148622358813 0.008243397348877591 3215
0.003917148622358814 0.008937349263397633 3216
0.003917148622358813 0.009686817353161487 3217
0.003917148622358813 0.01049624287276043 3218
0.003917148622358814 0.01137042242050506 3219
0.003917148622358814 0.01231453633798136 3220
0.003917148622358814 0.01333417939040457 3221
0.003917148622358813 0.01443539387837664 3222
0.003917148622358814 0.01562470553421713 3223
0.003917148622358814 0.01690916210325999 3224
0.003917148622358814 0.01829637518188409 3225
0.003917148622358814 0.01979456529529754 3226
0.003917148622358814 0.02141261061703501 3227
0.003917148622358814 0.02316009957282735 3228
0.003917148622358814 0.02504738766014365 3229
0.003917148622358814 0.02708565881053514 3230
0.003917148622358814 0.02928699163221531 3231
0.003917148622358814 0.0316644310697716 3232
0.003917148622358813 0.03423206566161057 3233
0.003917148622358814 0.03700511102124814 3234
0.00732506789394543 0.0005744801518658966 3235
0.007325067893945433 0.0006549187023411366 3236
0.007325067893945432 0.0007417923242596628 3237
0.007325067893945433 0.0008356158349343707 3238
0.007325067893945433 0.000936945243677711 3239
0.007325067893945432 0.001046381012230213 3240
0.007325067893945434 0.001164571636941929 3241
0.007325067893945432 0.001292217511602556 3242
0.007325067893945432 0.001430075062922938 3243
0.007325067893945432 0.001578961209800969 3244
0.007325067893945433 0.001739758244719251 3245
0.007325067893945433 0.001913419042969198 3246
0.007325067893945433 0.00210097269019394 3247
0.007325067893945432 0.00230353063927247 3248
0.007325067893945433 0.002522293228240824 3249
0.00732506789394543 0.002758556814951889 3250
0.007325067893945433 0.003013721494810931 3251
0.007325067893945433 0.003289299364520971 3252
0.007325067893945432 0.003586923470452022 3253
0.007325067893945434 0.003908357479700804 3254
0.00732506789394543 0.004255506196689488 3255
0.007325067893945432 0.004630426835077315 3256
0.007325067893945433 0.005035341124316705 3257
0.007325067893945433 0.005472648553571963 3258
0.007325067893945432 0.005944940571786645 3259
0.007325067893945432 0.006455015939055441 3260
0.007325067893945434 0.007005897352521075 3261
0.007325067893945434 0.007600849281163179 3262
0.007325067893945434 0.008243397348877591 3263
0.007325067893945433 0.008937349263397633 3264
0.007325067893945433 0.009686817353161487 3265
0.007325067893945433 0.01049624287276043 3266
0.007325067893945433 0.01137042242050506 3267
0.007325067893945433 0.01231453633798136 3268
0.007325067893945434 0.01333417939040457 3269
0.007325067893945431 0.01443539387837664 3270
0.007325067893945434 0.01562470553421714 3271
0.007325067893945431 0.01690916210325999 3272
0.007325067893945434 0.01829637518188409 3273
0.007325067893945433 0.01979456529529753 3274
0.007325067893945434 0.02141261061703501 3275
0.007325067893945433 0.02316009957282735 3276
0.007325067893945433 0.02504738766014365 3277
0.007325067893945432 0.02708565881053514 3278
0.007325067893945434 0.02928699163221531 3279
0.007325067893945432 0.0316644310697716 3280
0.007325067893945434 0.03423206566161057 3281
0.00732506789394543 0.03700511102124814 3282
0.0102899575865921 0.0005744801518658966 3283
0.0102899575865921 0.0006549187023411366 3284
0.01028995758659209 0.0007417923242596629 3285
0.0102899575865921 0.0008356158349343706 3286
0.0102899575865921 0.000936945243677711 3287
0.0102899575865921 0.001046381012230214 3288
0.0102899575865921 0.001164571636941929 3289
0.0102899575865921 0.001292217511602556 3290
0.01028995758659209 0.001430075062922938 3291
0.0102899575865921 0.001578961209800969 3292
0.0102899575865921 0.001739758244719251 3293
0.0102899575865921 0.001913419042969198 3294
0.0102899575865921 0.00210097269019394 3295
0.0102899575865921 0.00230353063927247 3296
0.0102899575865921 0.002522293228240823 3297
0.01028995758659209 0.002758556814951889 3298
0.01028995758659209 0.003013721494810931 3299
0.01028995758659209 0.003289299364520971 3300
0.0102899575865921 0.003586923470452022 3301
0.01028995758659209 0.003908357479700804 3302
0.0102899575865921 0.004255506196689488 3303
0.0102899575865921 0.004630426835077315 3304
0.0102899575865921 0.005035341124316705 3305
0.0102899575865921 0.005472648553571963 3306
0.0102899575865921 0.005944940571786645 3307
0.0102899575865921 0.006455015939055441 3308
0.0102899575865921 0.007005897352521075 3309
0.0102899575865921 0.007600849281163178 3310
0.0102899575865921 0.008243397348877593 3311
0.0102899575865921 0.008937349263397633 3312
0.0102899575865921 0.009686817353161487 3313
0.0102899575865921 0.01049624287276043 3314
0.0102899575865921 0.01137042242050506 3315
0.0102899575865921 0.01231453633798135 3316
0.0102899575865921 0.01333417939040457 3317
0.0102899575865921 0.01443539387837664 3318
0.0102899575865921 0.01562470553421714 3319
0.0102899575865921 0.01690916210325998 3320
0.0102899575865921 0.01829637518188409 3321
0.0102899575865921 0.01979456529529753 3322
0.0102899575865921 0.02141261061703501 3323
0.0102899575865921 0.02316009957282735 3324
0.0102899575865921 0.02504738766014364 3325
0.0102899575865921 0.02708565881053514 3326
0.0102899575865921 0.02928699163221531 3327
0.0102899575865921 0.0316644310697716 3328
0.0102899575865921 0.03423206566161057 3329
0.0102899575865921 0.03700511102124814 3330
0.01286941160453007 0.0005744801518658966 3331
0.01286941160453007 0.0006549187023411366 3332
0.01286941160453007 0.0007417923242596629 3333
0.01286941160453007 0.0008356158349343705 3334
0.01286941160453007 0.000936945243677711 3335
0.01286941160453007 0.001046381012230214 3336
0.01286941160453007 0.001164571636941929 3337
0.01286941160453007 0.001292217511602556 3338
0.01286941160453007 0.001430075062922938 3339
0.01286941160453007 0.001578961209800969 3340
0.01286941160453007 0.001739758244719251 3341
0.01286941160453007 0.001913419042969198 3342
0.01286941160453008 0.00210097269019394 3343
0.01286941160453007 0.00230353063927247 3344
0.01286941160453007 0.002522293228240823 3345
0.01286941160453007 0.002758556814951889 3346
0.01286941160453008 0.003013721494810931 3347
0.01286941160453007 0.003289299364520971 3348
0.01286941160453007 0.003586923470452022 3349
0.01286941160453007 0.003908357479700803 3350
0.01286941160453007 0.004255506196689488 3351
0.01286941160453007 0.004630426835077315 3352
0.01286941160453007 0.005035341124316705 3353
0.01286941160453007 0.005472648553571963 3354
0.01286941160453007 0.005944940571786645 3355
0.01286941160453007 0.006455015939055441 3356
0.01286941160453007 0.007005897352521075 3357
0.01286941160453007 0.007600849281163178 3358
0.01286941160453007 0.008243397348877591 3359
0.01286941160453007 0.008937349263397633 3360
0.01286941160453007 0.009686817353161487 3361
0.01286941160453007 0.01049624287276043 3362
0.01286941160453007 0.01137042242050506 3363
0.01286941160453007 0.01231453633798135 3364
0.01286941160453007 0.01333417939040457 3365
0.01286941160453007 0.01443539387837665 3366
0.01286941160453007 0.01562470553421714 3367
0.01286941160453007 0.01690916210325999 3368
0.01286941160453007 0.01829637518188409 3369
0.01286941160453007 0.01979456529529754 3370
0.01286941160453007 0.02141261061703501 3371
0.01286941160453007 0.02316009957282735 3372
0.01286941160453007 0.02504738766014365 3373
0.01286941160453007 0.02708565881053514 3374
0.01286941160453007 0.02928699163221531 3375
0.01286941160453007 0.0316644310697716 3376
0.01286941160453007 0.03423206566161057 3377
0.01286941160453007 0.03700511102124814 3378
0.01511353654844268 0.0005744801518658967 3379
0.01511353654844268 0.0006549187023411366 3380
0.01511353654844268 0.0007417923242596629 3381
0.01511353654844268 0.0008356158349343707 3382
0.01511353654844268 0.0009369452436777112 3383
0.01511353654844268 0.001046381012230214 3384
0.01511353654844268 0.001164571636941929 3385
0.01511353654844268 0.001292217511602556 3386
0.01511353654844268 0.001430075062922938 3387
0.01511353654844268 0.001578961209800969 3388
0.01511353654844268 0.001739758244719251 3389
0.01511353654844268 0.001913419042969198 3390
0.01511353654844268 0.00210097269019394 3391
0.01511353654844268 0.00230353063927247 3392
0.01511353654844269 0.002522293228240823 3393
0.01511353654844268 0.002758556814951889 3394
0.01511353654844268 0.003013721494810931 3395
0.01511353654844268 0.003289299364520971 3396
0.01511353654844268 0.003586923470452022 3397
0.01511353654844268 0.003908357479700804 3398
0.01511353654844268 0.004255506196689488 3399
0.01511353654844268 0.004630426835077315 3400
0.01511353654844268 0.005035341124316705 3401
0.01511353654844268 0.005472648553571963 3402
0.01511353654844268 0.005944940571786645 3403
0.01511353654844268 0.006455015939055441 3404
0.01511353654844269 0.007005897352521075 3405
0.01511353654844268 0.007600849281163178 3406
0.01511353654844268 0.008243397348877591 3407
0.01511353654844268 0.008937349263397634 3408
0.01511353654844268 0.009686817353161487 3409
0.01511353654844268 0.01049624287276043 3410
0.01511353654844268 0.01137042242050506 3411
0.01511353654844268 0.01231453633798136 3412
0.01511353654844268 0.01333417939040457 3413
0.01511353654844268 0.01443539387837664 3414
0.01511353654844268 0.01562470553421714 3415
0.01511353654844268 0.01690916210325999 3416
0.01511353654844268 0.01829637518188409 3417
0.01511353654844268 0.01979456529529754 3418
0.01511353654844268 0.02141261061703501 3419
0.01511353654844268 0.02316009957282735 3420
0.01511353654844268 0.02504738766014365 3421
0.01511353654844268 0.02708565881053514 3422
0.01511353654844269 0.02928699163221531 3423
0.01511353654844268 0.0316644310697716 3424
0.01511353654844268 0.03423206566161057 3425
0.01511353654844268 0.03700511102124814 3426
0.01706592525466065 0.0005744801518658966 3427
0.01706592525466065 0.0006549187023411366 3428
0.01706592525466065 0.0007417923242596629 3429
0.01706592525466065 0.0008356158349343707 3430
0.01706592525466065 0.000936945243677711 3431
0.01706592525466065 0.001046381012230214 3432
0.01706592525466066 0.001164571636941929 3433
0.01706592525466065 0.001292217511602556 3434
0.01706592525466065 0.001430075062922938 3435
0.01706592525466066 0.001578961209800969 3436
0.01706592525466065 0.001739758244719251 3437
0.01706592525466066 0.001913419042969198 3438
0.01706592525466065 0.00210097269019394 3439
0.01706592525466065 0.00230353063927247 3440
0.01706592525466065 0.002522293228240823 3441
0.01706592525466065 0.002758556814951889 3442
0.01706592525466065 0.003013721494810931 3443
0.01706592525466065 0.003289299364520971 3444
0.01706592525466065 0.003586923470452022 3445
0.01706592525466065 0.003908357479700804 3446
0.01706592525466065 0.004255506196689489 3447
0.01706592525466065 0.004630426835077315 3448
0.01706592525466065 0.005035341124316705 3449
0.01706592525466065 0.005472648553571963 3450
0.01706592525466065 0.005944940571786645 3451
0.01706592525466065 0.006455015939055441 3452
0.01706592525466065 0.007005897352521075 3453
0.01706592525466065 0.007600849281163178 3454
0.01706592525466065 0.008243397348877593 3455
0.01706592525466065 0.008937349263397633 3456
0.01706592525466065 0.009686817353161487 3457
0.01706592525466065 0.01049624287276043 3458
0.01706592525466065 0.01137042242050506 3459
0.01706592525466065 0.01231453633798135 3460
0.01706592525466065 0.01333417939040457 3461
0.01706592525466066 0.01443539387837664 3462
0.01706592525466065 0.01562470553421714 3463
0.01706592525466065 0.01690916210325999 3464
0.01706592525466065 0.01829637518188409 3465
0.01706592525466065 0.01979456529529754 3466
0.01706592525466065 0.02141261061703501 3467
0.01706592525466065 0.02316009957282735 3468
0.01706592525466065 0.02504738766014365 3469
0.01706592525466065 0.02708565881053514 3470
0.01706592525466065 0.02928699163221531 3471
0.01706592525466065 0.0316644310697716 3472
0.01706592525466065 0.03423206566161057 3473
0.01706592525466065 0.03700511102124814 3474
0.01876450341017673 0.0005744801518658966 3475
0.01876450341017673 0.0006549187023411366 3476
0.01876450341017673 0.0007417923242596629 3477
0.01876450341017673 0.0008356158349343706 3478
0.01876450341017673 0.000936945243677711 3479
0.01876450341017673 0.001046381012230214 3480
0.01876450341017673 0.001164571636941929 3481
0.01876450341017673 0.001292217511602556 3482
0.01876450341017673 0.001430075062922938 3483
0.01876450341017673 0.001578961209800969 3484
0.01876450341017673 0.001739758244719251 3485
0.01876450341017673 0.001913419042969198 3486
0.01876450341017673 0.00210097269019394 3487
0.01876450341017673 0.00230353063927247 3488
0.01876450341017674 0.002522293228240823 3489
0.01876450341017673 0.002758556814951889 3490
0.01876450341017673 0.003013721494810931 3491
0.01876450341017673 0.003289299364520971 3492
0.01876450341017673 0.003586923470452022 3493
0.01876450341017673 0.003908357479700804 3494
0.01876450341017673 0.004255506196689488 3495
0.01876450341017673 0.004630426835077315 3496
0.01876450341017673 0.005035341124316706 3497
0.01876450341017673 0.005472648553571963 3498
0.01876450341017673 0.005944940571786645 3499
0.01876450341017673 0.006455015939055441 3500
0.01876450341017673 0.007005897352521075 3501
0.01876450341017672 0.007600849281163178 3502
0.01876450341017673 0.008243397348877593 3503
0.01876450341017673 0.008937349263397633 3504
0.01876450341017672 0.009686817353161487 3505
0.01876450341017673 0.01049624287276043 3506
0.01876450341017673 0.01137042242050506 3507
0.01876450341017673 0.01231453633798136 3508
0.01876450341017673 0.01333417939040457 3509
0.01876450341017673 0.01443539387837665 3510
0.01876450341017673 0.01562470553421714 3511
0.01876450341017673 0.01690916210325999 3512
0.01876450341017673 0.01829637518188409 3513
0.01876450341017673 0.01979456529529753 3514
0.01876450341017673 0.02141261061703501 3515
0.01876450341017673 0.02316009957282735 3516
0.01876450341017673 0.02504738766014365 3517
0.01876450341017673 0.02708565881053514 3518
0.01876450341017673 0.02928699163221531 3519
0.01876450341017673 0.0316644310697716 3520
0.01876450341017673 0.03423206566161056 3521
0.01876450341017673 0.03700511102124813 3522
0.02024226639775612 0.0005744801518658966 3523
0.02024226639775611 0.0006549187023411366 3524
0.02024226639775612 0.0007417923242596629 3525
0.02024226639775612 0.0008356158349343706 3526
0.02024226639775613 0.000936945243677711 3527
0.02024226639775612 0.001046381012230214 3528
0.02024226639775612 0.001164571636941929 3529
0.02024226639775612 0.001292217511602556 3530
0.02024226639775612 0.001430075062922938 3531
0.02024226639775612 0.001578961209800969 3532
0.02024226639775612 0.001739758244719251 3533
0.02024226639775612 0.001913419042969198 3534
0.02024226639775612 0.00210097269019394 3535
0.02024226639775611 0.00230353063927247 3536
0.02024226639775613 0.002522293228240824 3537
0.02024226639775612 0.002758556814951889 3538
0.02024226639775613 0.003013721494810931 3539
0.02024226639775613 0.003289299364520971 3540
0.02024226639775612 0.003586923470452022 3541
0.02024226639775612 0.003908357479700804 3542
0.02024226639775613 0.004255506196689489 3543
0.02024226639775612 0.004630426835077315 3544
0.02024226639775613 0.005035341124316705 3545
0.02024226639775612 0.005472648553571963 3546
0.02024226639775613 0.005944940571786645 3547
0.02024226639775612 0.006455015939055442 3548
0.02024226639775612 0.007005897352521077 3549
0.02024226639775612 0.007600849281163178 3550
0.02024226639775612 0.008243397348877591 3551
0.02024226639775613 0.008937349263397633 3552
0.02024226639775612 0.009686817353161487 3553
0.02024226639775612 0.01049624287276043 3554
0.02024226639775612 0.01137042242050506 3555
0.02024226639775613 0.01231453633798136 3556
0.02024226639775612 0.01333417939040457 3557
0.02024226639775613 0.01443539387837664 3558
0.02024226639775612 0.01562470553421714 3559
0.02024226639775613 0.01690916210325999 3560
0.02024226639775612 0.01829637518188409 3561
0.02024226639775612 0.01979456529529753 3562
0.02024226639775612 0.02141261061703501 3563
0.02024226639775612 0.02316009957282735 3564
0.02024226639775612 0.02504738766014364 3565
0.02024226639775612 0.02708565881053514 3566
0.02024226639775612 0.02928699163221531 3567
0.02024226639775612 0.0316644310697716 3568
0.02024226639775612 0.03423206566161056 3569
0.02024226639775612 0.03700511102124814 3570
0.02152792019023289 0.0005744801518658966 3571
0.0215279201902329 0.0006549187023411366 3572
0.0215279201902329 0.0007417923242596629 3573
0.0215279201902329 0.0008356158349343706 3574
0.0215279201902329 0.000936945243677711 3575
0.0215279201902329 0.001046381012230214 3576
0.0215279201902329 0.001164571636941929 3577
0.0215279201902329 0.001292217511602556 3578
0.0215279201902329 0.001430075062922938 3579
0.0215279201902329 0.001578961209800969 3580
0.0215279201902329 0.001739758244719251 3581
0.0215279201902329 0.001913419042969198 3582
0.0215279201902329 0.00210097269019394 3583
0.02152792019023291 0.00230353063927247 3584
0.0215279201902329 0.002522293228240823 3585
0.0215279201902329 0.002758556814951889 3586
0.0215279201902329 0.003013721494810931 3587
0.0215279201902329 0.003289299364520971 3588
0.0215279201902329 0.003586923470452022 3589
0.0215279201902329 0.003908357479700804 3590
0.02152792019023291 0.004255506196689488 3591
0.0215279201902329 0.004630426835077315 3592
0.0215279201902329 0.005035341124316705 3593
0.02152792019023291 0.005472648553571963 3594
0.0215279201902329 0.005944940571786645 3595
0.0215279201902329 0.006455015939055441 3596
0.02152792019023291 0.007005897352521076 3597
0.0215279201902329 0.007600849281163178 3598
0.02152792019023291 0.008243397348877591 3599
0.0215279201902329 0.008937349263397633 3600
0.02152792019023291 0.009686817353161487 3601
0.02152792019023291 0.01049624287276043 3602
0.0215279201902329 0.01137042242050506 3603
0.0215279201902329 0.01231453633798136 3604
0.0215279201902329 0.01333417939040457 3605
0.0215279201902329 0.01443539387837664 3606
0.0215279201902329 0.01562470553421714 3607
0.0215279201902329 0.01690916210325999 3608
0.0215279201902329 0.01829637518188409 3609
0.02152792019023289 0.01979456529529754 3610
0.0215279201902329 0.02141261061703501 3611
0.0215279201902329 0.02316009957282735 3612
0.0215279201902329 0.02504738766014365 3613
0.0215279201902329 0.02708565881053514 3614
0.02152792019023289 0.02928699163221531 3615
0.0215279201902329 0.0316644310697716 3616
0.0215279201902329 0.03423206566161057 3617
0.0215279201902329 0.03700511102124814 3618
0.02264643896466624 0.0005744801518658967 3619
0.02264643896466624 0.0006549187023411366 3620
0.02264643896466624 0.0007417923242596629 3621
0.02264643896466624 0.0008356158349343706 3622
0.02264643896466624 0.000936945243677711 3623
0.02264643896466625 0.001046381012230214 3624
0.02264643896466624 0.001164571636941929 3625
0.02264643896466625 0.001292217511602556 3626
0.02264643896466624 0.001430075062922938 3627
0.02264643896466625 0.001578961209800969 3628
0.02264643896466625 0.001739758244719251 3629
0.02264643896466624 0.001913419042969198 3630
0.02264643896466624 0.00210097269019394 3631
0.02264643896466625 0.00230353063927247 3632
0.02264643896466625 0.002522293228240823 3633
0.02264643896466625 0.002758556814951889 3634
0.02264643896466625 0.003013721494810931 3635
0.02264643896466624 0.003289299364520971 3636
0.02264643896466624 0.003586923470452022 3637
0.02264643896466624 0.003908357479700804 3638
0.02264643896466624 0.004255506196689489 3639
0.02264643896466625 0.004630426835077315 3640
0.02264643896466625 0.005035341124316705 3641
0.02264643896466625 0.005472648553571963 3642
0.02264643896466624 0.005944940571786645 3643
0.02264643896466624 0.006455015939055441 3644
0.02264643896466624 0.007005897352521077 3645
0.02264643896466625 0.007600849281163178 3646
0.02264643896466625 0.008243397348877591 3647
0.02264643896466624 0.008937349263397633 3648
0.02264643896466624 0.009686817353161487 3649
0.02264643896466625 0.01049624287276043 3650
0.02264643896466624 0.01137042242050506 3651
0.02264643896466625 0.01231453633798136 3652
0.02264643896466625 0.01333417939040457 3653
0.02264643896466625 0.01443539387837664 3654
0.02264643896466625 0.01562470553421714 3655
0.02264643896466624 0.01690916210325999 3656
0.02264643896466625 0.01829637518188409 3657
0.02264643896466625 0.01979456529529754 3658
0.02264643896466625 0.02141261061703501 3659
0.02264643896466625 0.02316009957282736 3660
0.02264643896466624 0.02504738766014365 3661
0.02264643896466625 0.02708565881053514 3662
0.02264643896466624 0.02928699163221531 3663
0.02264643896466625 0.0316644310697716 3664
0.02264643896466625 0.03423206566161057 3665
0.02264643896466625 0.03700511102124814 3666
0.02361955027200633 0.0005744801518658966 3667
0.02361955027200633 0.0006549187023411366 3668
0.02361955027200632 0.0007417923242596628 3669
0.02361955027200633 0.0008356158349343707 3670
0.02361955027200633 0.000936945243677711 3671
0.02361955027200633 0.001046381012230214 3672
0.02361955027200633 0.001164571636941929 3673
0.02361955027200633 0.001292217511602556 3674
0.02361955027200633 0.001430075062922938 3675
0.02361955027200633 0.001578961209800969 3676
0.02361955027200633 0.001739758244719251 3677
0.02361955027200633 0.001913419042969198 3678
0.02361955027200633 0.00210097269019394 3679
0.02361955027200633 0.00230353063927247 3680
0.02361955027200633 0.002522293228240823 3681
0.02361955027200632 0.002758556814951889 3682
0.02361955027200633 0.003013721494810931 3683
0.02361955027200633 0.003289299364520971 3684
0.02361955027200633 0.003586923470452022 3685
0.02361955027200634 0.003908357479700804 3686
0.02361955027200632 0.004255506196689488 3687
0.02361955027200632 0.004630426835077315 3688
0.02361955027200632 0.005035341124316705 3689
0.02361955027200633 0.005472648553571964 3690
0.02361955027200632 0.005944940571786644 3691
0.02361955027200633 0.006455015939055442 3692
0.02361955027200633 0.007005897352521076 3693
0.02361955027200633 0.007600849281163178 3694
0.02361955027200632 0.008243397348877591 3695
0.02361955027200632 0.008937349263397634 3696
0.02361955027200632 0.009686817353161487 3697
0.02361955027200632 0.01049624287276043 3698
0.02361955027200632 0.01137042242050506 3699
0.02361955027200633 0.01231453633798135 3700
0.02361955027200632 0.01333417939040457 3701
0.02361955027200632 0.01443539387837664 3702
0.02361955027200633 0.01562470553421714 3703
0.02361955027200632 0.01690916210325999 3704
0.02361955027200632 0.01829637518188409 3705
0.02361955027200633 0.01979456529529753 3706
0.02361955027200633 0.02141261061703501 3707
0.02361955027200633 0.02316009957282735 3708
0.02361955027200633 0.02504738766014364 3709
0.02361955027200633 0.02708565881053513 3710
0.02361955027200632 0.02928699163221531 3711
0.02361955027200633 0.0316644310697716 3712
0.02361955027200633 0.03423206566161057 3713
0.02361955027200633 0.03700511102124814 3714
0.02446615712650769 0.0005744801518658966 3715
0.02446615712650769 0.0006549187023411366 3716
0.02446615712650769 0.0007417923242596629 3717
0.02446615712650769 0.0008356158349343705 3718
0.02446615712650769 0.000936945243677711 3719
0.02446615712650769 0.001046381012230214 3720
0.02446615712650769 0.001164571636941929 3721
0.02446615712650768 0.001292217511602556 3722
0.02446615712650769 0.001430075062922938 3723
0.02446615712650769 0.001578961209800969 3724
0.02446615712650769 0.001739758244719251 3725
0.02446615712650769 0.001913419042969198 3726
0.02446615712650769 0.00210097269019394 3727
0.0244661571265077 0.002303530639272469 3728
0.02446615712650768 0.002522293228240823 3729
0.02446615712650769 0.002758556814951888 3730
0.02446615712650769 0.003013721494810932 3731
0.02446615712650769 0.003289299364520971 3732
0.02446615712650769 0.003586923470452022 3733
0.02446615712650769 0.003908357479700804 3734
0.02446615712650769 0.004255506196689488 3735
0.02446615712650769 0.004630426835077315 3736
0.02446615712650769 0.005035341124316706 3737
0.02446615712650769 0.005472648553571963 3738
0.02446615712650769 0.005944940571786645 3739
0.02446615712650769 0.006455015939055441 3740
0.02446615712650769 0.007005897352521076 3741
0.02446615712650769 0.007600849281163178 3742
0.02446615712650769 0.008243397348877593 3743
0.0244661571265077 0.008937349263397634 3744
0.02446615712650769 0.009686817353161487 3745
0.02446615712650769 0.01049624287276043 3746
0.02446615712650769 0.01137042242050506 3747
0.02446615712650769 0.01231453633798136 3748
0.02446615712650769 0.01333417939040457 3749
0.02446615712650769 0.01443539387837664 3750
0.02446615712650769 0.01562470553421714 3751
0.0244661571265077 0.01690916210325999 3752
0.02446615712650769 0.01829637518188409 3753
0.02446615712650769 0.01979456529529754 3754
0.02446615712650769 0.02141261061703501 3755
0.02446615712650769 0.02316009957282735 3756
0.02446615712650769 0.02504738766014365 3757
0.02446615712650769 0.02708565881053514 3758
0.02446615712650769 0.02928699163221531 3759
0.02446615712650769 0.0316644310697716 3760
0.02446615712650769 0.03423206566161057 3761
0.02446615712650769 0.03700511102124814 3762
0.02520270502577901 0.0005744801518658966 3763
0.02520270502577901 0.0006549187023411366 3764
0.02520270502577901 0.0007417923242596629 3765
0.02520270502577901 0.0008356158349343706 3766
0.02520270502577901 0.000936945243677711 3767
0.02520270502577901 0.001046381012230214 3768
0.02520270502577901 0.001164571636941929 3769
0.02520270502577901 0.001292217511602556 3770
0.02520270502577901 0.001430075062922938 3771
0.02520270502577901 0.001578961209800969 3772
0.02520270502577901 0.001739758244719251 3773
0.02520270502577901 0.001913419042969198 3774
0.02520270502577901 0.002100972690193939 3775
0.02520270502577901 0.00230353063927247 3776
0.02520270502577901 0.002522293228240824 3777
0.02520270502577901 0.002758556814951889 3778
0.025202705025779 0.003013721494810931 3779
0.025202705025779 0.003289299364520971 3780
0.02520270502577901 0.003586923470452022 3781
0.02520270502577901 0.003908357479700804 3782
0.02520270502577901 0.004255506196689488 3783
0.02520270502577901 0.004630426835077315 3784
0.02520270502577901 0.005035341124316705 3785
0.025202705025779 0.005472648553571963 3786
0.02520270502577901 0.005944940571786645 3787
0.025202705025779 0.006455015939055442 3788
0.02520270502577901 0.007005897352521077 3789
0.02520270502577901 0.007600849281163178 3790
0.02520270502577901 0.008243397348877591 3791
0.02520270502577901 0.008937349263397633 3792
0.02520270502577901 0.009686817353161487 3793
0.02520270502577901 0.01049624287276043 3794
0.02520270502577901 0.01137042242050506 3795
0.02520270502577901 0.01231453633798136 3796
0.02520270502577901 0.01333417939040457 3797
0.025202705025779 0.01443539387837664 3798
0.02520270502577901 0.01562470553421714 3799
0.02520270502577901 0.01690916210325999 3800
0.02520270502577901 0.01829637518188409 3801
0.02520270502577901 0.01979456529529753 3802
0.02520270502577901 0.02141261061703501 3803
0.02520270502577901 0.02316009957282735 3804
0.02520270502577902 0.02504738766014365 3805
0.025202705025779 0.02708565881053514 3806
0.025202705025779 0.02928699163221532 3807
0.02520270502577901 0.0316644310697716 3808
0.02520270502577901 0.03423206566161057 3809
0.02520270502577901 0.03700511102124814 3810
0.02584350174520178 0.0005744801518658966 3811
0.02584350174520178 0.0006549187023411365 3812
0.02584350174520178 0.0007417923242596629 3813
0.02584350174520178 0.0008356158349343708 3814
0.02584350174520178 0.0009369452436777109 3815
0.02584350174520178 0.001046381012230214 3816
0.02584350174520178 0.001164571636941929 3817
0.02584350174520179 0.001292217511602556 3818
0.02584350174520179 0.001430075062922938 3819
0.02584350174520179 0.001578961209800969 3820
0.02584350174520178 0.001739758244719251 3821
0.02584350174520179 0.001913419042969199 3822
0.02584350174520178 0.00210097269019394 3823
0.02584350174520178 0.002303530639272469 3824
0.02584350174520178 0.002522293228240824 3825
0.02584350174520178 0.002758556814951889 3826
0.02584350174520178 0.003013721494810931 3827
0.02584350174520178 0.003289299364520971 3828
0.02584350174520179 0.003586923470452022 3829
0.02584350174520178 0.003908357479700804 3830
0.02584350174520178 0.004255506196689488 3831
0.02584350174520179 0.004630426835077315 3832
0.02584350174520178 0.005035341124316705 3833
0.02584350174520178 0.005472648553571963 3834
0.02584350174520178 0.005944940571786645 3835
0.02584350174520179 0.006455015939055442 3836
0.02584350174520178 0.007005897352521075 3837
0.02584350174520179 0.007600849281163178 3838
0.02584350174520178 0.008243397348877591 3839
0.02584350174520178 0.008937349263397633 3840
0.02584350174520178 0.009686817353161487 3841
0.02584350174520178 0.01049624287276043 3842
0.02584350174520178 0.01137042242050506 3843
0.02584350174520178 0.01231453633798136 3844
0.02584350174520178 0.01333417939040457 3845
0.02584350174520179 0.01443539387837664 3846
0.02584350174520179 0.01562470553421714 3847
0.02584350174520178 0.01690916210325999 3848
0.02584350174520178 0.01829637518188409 3849
0.02584350174520178 0.01979456529529753 3850
0.02584350174520178 0.02141261061703501 3851
0.02584350174520178 0.02316009957282735 3852
0.02584350174520179 0.02504738766014365 3853
0.02584350174520179 0.02708565881053514 3854
0.02584350174520178 0.02928699163221531 3855
0.02584350174520179 0.0316644310697716 3856
0.02584350174520178 0.03423206566161057 3857
0.02584350174520178 0.03700511102124814 3858
0.02640099487799185 0.0005744801518658966 3859
0.02640099487799185 0.0006549187023411366 3860
0.02640099487799185 0.0007417923242596629 3861
0.02640099487799185 0.0008356158349343706 3862
0.02640099487799186 0.000936945243677711 3863
0.02640099487799185 0.001046381012230214 3864
0.02640099487799185 0.001164571636941929 3865
0.02640099487799185 0.001292217511602556 3866
0.02640099487799185 0.001430075062922938 3867
0.02640099487799185 0.001578961209800969 3868
0.02640099487799185 0.001739758244719251 3869
0.02640099487799185 0.001913419042969198 3870
0.02640099487799185 0.00210097269019394 3871
0.02640099487799185 0.002303530639272469 3872
0.02640099487799185 0.002522293228240823 3873
0.02640099487799185 0.002758556814951888 3874
0.02640099487799185 0.003013721494810931 3875
0.02640099487799185 0.003289299364520971 3876
0.02640099487799185 0.003586923470452022 3877
0.02640099487799186 0.003908357479700804 3878
0.02640099487799186 0.004255506196689488 3879
0.02640099487799186 0.004630426835077315 3880
0.02640099487799185 0.005035341124316706 3881
0.02640099487799186 0.005472648553571964 3882
0.02640099487799184 0.005944940571786645 3883
0.02640099487799186 0.006455015939055442 3884
0.02640099487799186 0.007005897352521075 3885
0.02640099487799185 0.007600849281163178 3886
0.02640099487799186 0.008243397348877593 3887
0.02640099487799186 0.008937349263397634 3888
0.02640099487799185 0.009686817353161487 3889
0.02640099487799185 0.01049624287276043 3890
0.02640099487799186 0.01137042242050506 3891
0.02640099487799185 0.01231453633798135 3892
0.02640099487799185 0.01333417939040457 3893
0.02640099487799185 0.01443539387837664 3894
0.02640099487799186 0.01562470553421714 3895
0.02640099487799186 0.01690916210325999 3896
0.02640099487799185 0.01829637518188409 3897
0.02640099487799185 0.01979456529529754 3898
0.02640099487799185 0.02141261061703501 3899
0.02640099487799186 0.02316009957282735 3900
0.02640099487799184 0.02504738766014365 3901
0.02640099487799184 0.02708565881053514 3902
0.02640099487799184 0.02928699163221531 3903
0.02640099487799184 0.0316644310697716 3904
0.02640099487799185 0.03423206566161057 3905
0.02640099487799185 0.03700511102124814 3906
0.02688601388223625 0.0005744801518658967 3907
0.02688601388223625 0.0006549187023411366 3908
0.02688601388223625 0.0007417923242596629 3909
0.02688601388223625 0.0008356158349343706 3910
0.02688601388223624 0.000936945243677711 3911
0.02688601388223625 0.001046381012230213 3912
0.02688601388223624 0.001164571636941929 3913
0.02688601388223625 0.001292217511602556 3914
0.02688601388223624 0.001430075062922938 3915
0.02688601388223625 0.001578961209800969 3916
0.02688601388223625 0.001739758244719251 3917
0.02688601388223625 0.001913419042969198 3918
0.02688601388223625 0.002100972690193939 3919
0.02688601388223625 0.00230353063927247 3920
0.02688601388223625 0.002522293228240823 3921
0.02688601388223625 0.002758556814951889 3922
0.02688601388223625 0.003013721494810931 3923
0.02688601388223625 0.003289299364520971 3924
0.02688601388223624 0.003586923470452022 3925
0.02688601388223625 0.003908357479700803 3926
0.02688601388223625 0.004255506196689488 3927
0.02688601388223625 0.004630426835077315 3928
0.02688601388223625 0.005035341124316705 3929
0.02688601388223624 0.005472648553571962 3930
0.02688601388223624 0.005944940571786645 3931
0.02688601388223625 0.006455015939055442 3932
0.02688601388223625 0.007005897352521076 3933
0.02688601388223625 0.007600849281163178 3934
0.02688601388223625 0.008243397348877593 3935
0.02688601388223625 0.008937349263397634 3936
0.02688601388223625 0.009686817353161487 3937
0.02688601388223624 0.01049624287276043 3938
0.02688601388223625 0.01137042242050506 3939
0.02688601388223625 0.01231453633798136 3940
0.02688601388223625 0.01333417939040457 3941
0.02688601388223625 0.01443539387837664 3942
0.02688601388223625 0.01562470553421714 3943
0.02688601388223625 0.01690916210325999 3944
0.02688601388223625 0.01829637518188409 3945
0.02688601388223625 0.01979456529529753 3946
0.02688601388223624 0.02141261061703501 3947
0.02688601388223625 0.02316009957282735 3948
0.02688601388223625 0.02504738766014364 3949
0.02688601388223625 0.02708565881053514 3950
0.02688601388223625 0.02928699163221531 3951
0.02688601388223625 0.0316644310697716 3952
0.02688601388223625 0.03423206566161057 3953
0.02688601388223624 0.03700511102124814 3954
0.02730798039566978 0.0005744801518658966 3955
0.02730798039566978 0.0006549187023411366 3956
0.02730798039566978 0.0007417923242596629 3957
0.02730798039566978 0.0008356158349343707 3958
0.02730798039566978 0.000936945243677711 3959
0.02730798039566979 0.001046381012230213 3960
0.02730798039566978 0.001164571636941929 3961
0.02730798039566978 0.001292217511602556 3962
0.02730798039566978 0.001430075062922938 3963
0.02730798039566979 0.001578961209800969 3964
0.02730798039566977 0.001739758244719251 3965
0.02730798039566979 0.001913419042969199 3966
0.02730798039566977 0.002100972690193939 3967
0.02730798039566978 0.00230353063927247 3968
0.02730798039566978 0.002522293228240823 3969
0.02730798039566978 0.002758556814951889 3970
0.02730798039566978 0.003013721494810932 3971
0.02730798039566978 0.003289299364520971 3972
0.02730798039566978 0.003586923470452022 3973
0.02730798039566978 0.003908357479700803 3974
0.02730798039566979 0.004255506196689489 3975
0.02730798039566978 0.004630426835077315 3976
0.02730798039566978 0.005035341124316705 3977
0.02730798039566978 0.005472648553571963 3978
0.02730798039566977 0.005944940571786645 3979
0.02730798039566978 0.006455015939055442 3980
0.02730798039566978 0.007005897352521077 3981
0.02730798039566978 0.007600849281163178 3982
0.02730798039566978 0.008243397348877591 3983
0.02730798039566978 0.008937349263397633 3984
0.02730798039566979 0.009686817353161487 3985
0.02730798039566978 0.01049624287276043 3986
0.02730798039566978 0.01137042242050506 3987
0.02730798039566978 0.01231453633798135 3988
0.02730798039566978 0.01333417939040457 3989
0.02730798039566978 0.01443539387837664 3990
0.02730798039566979 0.01562470553421714 3991
0.02730798039566979 0.01690916210325999 3992
0.02730798039566978 0.01829637518188409 3993
0.02730798039566978 0.01979456529529753 3994
0.02730798039566978 0.02141261061703501 3995
0.02730798039566978 0.02316009957282735 3996
0.02730798039566977 0.02504738766014365 3997
0.02730798039566978 0.02708565881053514 3998
0.02730798039566978 0.02928699163221532 3999
0.02730798039566977 0.0316644310697716 4000
0.02730798039566978 0.03423206566161057 4001
0.02730798039566978 0.03700511102124814 4002
0.02767509124414991 0.0005744801518658966 4003
0.02767509124414991 0.0006549187023411365 4004
0.02767509124414991 0.0007417923242596629 4005
0.02767509124414991 0.0008356158349343706 4006
0.02767509124414991 0.000936945243677711 4007
0.02767509124414991 0.001046381012230214 4008
0.02767509124414991 0.001164571636941928 4009
0.02767509124414991 0.001292217511602556 4010
0.02767509124414991 0.001430075062922938 4011
0.0276750912441499 0.001578961209800969 4012
0.02767509124414991 0.001739758244719251 4013
0.02767509124414991 0.001913419042969199 4014
0.0276750912441499 0.002100972690193939 4015
0.02767509124414991 0.00230353063927247 4016
0.02767509124414991 0.002522293228240823 4017
0.0276750912441499 0.002758556814951889 4018
0.02767509124414991 0.003013721494810931 4019
0.02767509124414991 0.003289299364520971 4020
0.02767509124414991 0.003586923470452022 4021
0.02767509124414991 0.003908357479700804 4022
0.02767509124414991 0.004255506196689488 4023
0.02767509124414991 0.004630426835077315 4024
0.02767509124414991 0.005035341124316705 4025
0.02767509124414991 0.005472648553571962 4026
0.02767509124414991 0.005944940571786646 4027
0.02767509124414991 0.006455015939055441 4028
0.02767509124414991 0.007005897352521076 4029
0.02767509124414991 0.007600849281163178 4030
0.0276750912441499 0.008243397348877591 4031
0.0276750912441499 0.008937349263397634 4032
0.0276750912441499 0.009686817353161487 4033
0.0276750912441499 0.01049624287276043 4034
0.02767509124414991 0.01137042242050506 4035
0.02767509124414991 0.01231453633798136 4036
0.02767509124414991 0.01333417939040457 4037
0.0276750912441499 0.01443539387837664 4038
0.02767509124414991 0.01562470553421714 4039
0.02767509124414991 0.01690916210325999 4040
0.02767509124414991 0.01829637518188409 4041
0.02767509124414991 0.01979456529529754 4042
0.02767509124414991 0.02141261061703501 4043
0.02767509124414991 0.02316009957282736 4044
0.02767509124414991 0.02504738766014365 4045
0.02767509124414991 0.02708565881053514 4046
0.02767509124414991 0.02928699163221531 4047
0.02767509124414991 0.0316644310697716 4048
0.02767509124414991 0.03423206566161056 4049
0.02767509124414991 0.03700511102124814 4050
0.02799447770658669 0.0005744801518658967 4051
0.02799447770658669 0.0006549187023411366 4052
0.02799447770658669 0.0007417923242596629 4053
0.02799447770658669 0.0008356158349343707 4054
0.02799447770658669 0.000936945243677711 4055
0.02799447770658669 0.001046381012230214 4056
0.02799447770658669 0.001164571636941929 4057
0.02799447770658669 0.001292217511602556 4058
0.02799447770658669 0.001430075062922938 4059
0.02799447770658669 0.001578961209800969 4060
0.02799447770658669 0.001739758244719251 4061
0.02799447770658669 0.001913419042969198 4062
0.02799447770658669 0.002100972690193939 4063
0.02799447770658669 0.00230353063927247 4064
0.02799447770658669 0.002522293228240824 4065
0.02799447770658669 0.002758556814951889 4066
0.02799447770658669 0.003013721494810931 4067
0.02799447770658669 0.003289299364520971 4068
0.02799447770658669 0.003586923470452022 4069
0.02799447770658669 0.003908357479700804 4070
0.02799447770658669 0.004255506196689488 4071
0.02799447770658669 0.004630426835077315 4072
0.02799447770658669 0.005035341124316705 4073
0.02799447770658669 0.005472648553571964 4074
0.02799447770658669 0.005944940571786645 4075
0.0279944777065867 0.006455015939055441 4076
0.02799447770658669 0.007005897352521076 4077
0.02799447770658669 0.007600849281163178 4078
0.02799447770658669 0.008243397348877593 4079
0.02799447770658669 0.008937349263397634 4080
0.0279944777065867 0.009686817353161487 4081
0.02799447770658669 0.01049624287276043 4082
0.02799447770658669 0.01137042242050506 4083
0.02799447770658669 0.01231453633798136 4084
0.02799447770658669 0.01333417939040458 4085
0.02799447770658669 0.01443539387837664 4086
0.02799447770658669 0.01562470553421714 4087
0.02799447770658669 0.01690916210325998 4088
0.02799447770658669 0.01829637518188409 4089
0.02799447770658669 0.01979456529529753 4090
0.02799447770658669 0.02141261061703502 4091
0.02799447770658669 0.02316009957282735 4092
0.02799447770658669 0.02504738766014365 4093
0.02799447770658669 0.02708565881053514 4094
0.02799447770658669 0.02928699163221531 4095
0.02799447770658669 0.0316644310697716 4096
0.02799447770658669 0.03423206566161056 4097
0.02799447770658669 0.03700511102124814 4098
0.02827234390816935 0.0005744801518658966 4099
0.02827234390816934 0.0006549187023411365 4100
0.02827234390816934 0.000741792324259663 4101
0.02827234390816934 0.0008356158349343706 4102
0.02827234390816934 0.000936945243677711 4103
0.02827234390816934 0.001046381012230214 4104
0.02827234390816934 0.001164571636941929 4105
0.02827234390816934 0.001292217511602556 4106
0.02827234390816934 0.001430075062922938 4107
0.02827234390816933 0.001578961209800969 4108
0.02827234390816935 0.001739758244719251 4109
0.02827234390816934 0.001913419042969198 4110
0.02827234390816934 0.00210097269019394 4111
0.02827234390816934 0.00230353063927247 4112
0.02827234390816935 0.002522293228240824 4113
0.02827234390816934 0.002758556814951888 4114
0.02827234390816934 0.003013721494810931 4115
0.02827234390816934 0.003289299364520971 4116
0.02827234390816934 0.003586923470452022 4117
0.02827234390816934 0.003908357479700804 4118
0.02827234390816933 0.004255506196689488 4119
0.02827234390816934 0.004630426835077315 4120
0.02827234390816934 0.005035341124316705 4121
0.02827234390816934 0.005472648553571963 4122
0.02827234390816933 0.005944940571786646 4123
0.02827234390816934 0.006455015939055441 4124
0.02827234390816934 0.007005897352521076 4125
0.02827234390816933 0.007600849281163178 4126
0.02827234390816934 0.008243397348877591 4127
0.02827234390816934 0.008937349263397634 4128
0.02827234390816935 0.009686817353161488 4129
0.02827234390816934 0.01049624287276043 4130
0.02827234390816934 0.01137042242050506 4131
0.02827234390816933 0.01231453633798136 4132
0.02827234390816934 0.01333417939040457 4133
0.02827234390816934 0.01443539387837664 4134
0.02827234390816934 0.01562470553421714 4135
0.02827234390816934 0.01690916210325998 4136
0.02827234390816934 0.01829637518188409 4137
0.02827234390816934 0.01979456529529753 4138
0.02827234390816934 0.02141261061703501 4139
0.02827234390816934 0.02316009957282736 4140
0.02827234390816934 0.02504738766014365 4141
0.02827234390816934 0.02708565881053514 4142
0.02827234390816934 0.02928699163221531 4143
0.02827234390816934 0.0316644310697716 4144
0.02827234390816934 0.03423206566161056 4145
0.02827234390816934 0.03700511102124814 4146
0.02851408753664583 0.0005744801518658966 4147
0.02851408753664584 0.0006549187023411366 4148
0.02851408753664583 0.0007417923242596628 4149
0.02851408753664583 0.0008356158349343707 4150
0.02851408753664584 0.0009369452436777112 4151
0.02851408753664583 0.001046381012230214 4152
0.02851408753664583 0.001164571636941929 4153
0.02851408753664583 0.001292217511602556 4154
0.02851408753664583 0.001430075062922938 4155
0.02851408753664583 0.001578961209800969 4156
0.02851408753664583 0.001739758244719251 4157
0.02851408753664583 0.001913419042969199 4158
0.02851408753664582 0.002100972690193939 4159
0.02851408753664583 0.002303530639272469 4160
0.02851408753664583 0.002522293228240823 4161
0.02851408753664583 0.002758556814951889 4162
0.02851408753664583 0.003013721494810931 4163
0.02851408753664583 0.003289299364520971 4164
0.02851408753664583 0.003586923470452022 4165
0.02851408753664583 0.003908357479700804 4166
0.02851408753664583 0.004255506196689488 4167
0.02851408753664583 0.004630426835077315 4168
0.02851408753664583 0.005035341124316705 4169
0.02851408753664583 0.005472648553571963 4170
0.02851408753664583 0.005944940571786645 4171
0.02851408753664582 0.006455015939055441 4172
0.02851408753664583 0.007005897352521075 4173
0.02851408753664583 0.007600849281163178 4174
0.02851408753664583 0.008243397348877591 4175
0.02851408753664582 0.008937349263397634 4176
0.02851408753664582 0.009686817353161487 4177
0.02851408753664583 0.01049624287276043 4178
0.02851408753664583 0.01137042242050506 4179
0.02851408753664583 0.01231453633798136 4180
0.02851408753664583 0.01333417939040457 4181
0.02851408753664583 0.01443539387837664 4182
0.02851408753664583 0.01562470553421714 4183
0.02851408753664583 0.01690916210325998 4184
0.02851408753664584 0.01829637518188409 4185
0.02851408753664583 0.01979456529529753 4186
0.02851408753664583 0.02141261061703501 4187
0.02851408753664583 0.02316009957282735 4188
0.02851408753664584 0.02504738766014365 4189
0.02851408753664584 0.02708565881053514 4190
0.02851408753664584 0.02928699163221532 4191
0.02851408753664583 0.0316644310697716 4192
0.02851408753664583 0.03423206566161056 4193
0.02851408753664583 0.03700511102124814 4194
0.02872440448502377 0.0005744801518658966 4195
0.02872440448502376 0.0006549187023411366 4196
0.02872440448502376 0.0007417923242596629 4197
0.02872440448502376 0.0008356158349343706 4198
0.02872440448502376 0.0009369452436777112 4199
0.02872440448502376 0.001046381012230214 4200
0.02872440448502376 0.001164571636941929 4201
0.02872440448502377 0.001292217511602556 4202
0.02872440448502376 0.001430075062922938 4203
0.02872440448502375 0.001578961209800969 4204
0.02872440448502375 0.001739758244719251 4205
0.02872440448502376 0.001913419042969198 4206
0.02872440448502376 0.002100972690193939 4207
0.02872440448502376 0.002303530639272469 4208
0.02872440448502376 0.002522293228240824 4209
0.02872440448502376 0.002758556814951889 4210
0.02872440448502376 0.003013721494810931 4211
0.02872440448502376 0.003289299364520971 4212
0.02872440448502376 0.003586923470452022 4213
0.02872440448502376 0.003908357479700804 4214
0.02872440448502375 0.004255506196689488 4215
0.02872440448502376 0.004630426835077315 4216
0.02872440448502376 0.005035341124316706 4217
0.02872440448502375 0.005472648553571964 4218
0.02872440448502376 0.005944940571786644 4219
0.02872440448502376 0.006455015939055441 4220
0.02872440448502376 0.007005897352521076 4221
0.02872440448502376 0.007600849281163178 4222
0.02872440448502376 0.008243397348877593 4223
0.02872440448502376 0.008937349263397634 4224
0.02872440448502376 0.009686817353161488 4225
0.02872440448502377 0.01049624287276043 4226
0.02872440448502376 0.01137042242050506 4227
0.02872440448502376 0.01231453633798136 4228
0.02872440448502376 0.01333417939040457 4229
0.02872440448502376 0.01443539387837664 4230
0.02872440448502376 0.01562470553421714 4231
0.02872440448502376 0.01690916210325998 4232
0.02872440448502376 0.01829637518188409 4233
0.02872440448502376 0.01979456529529753 4234
0.02872440448502376 0.02141261061703502 4235
0.02872440448502376 0.02316009957282735 4236
0.02872440448502376 0.02504738766014365 4237
0.02872440448502376 0.02708565881053514 4238
0.02872440448502376 0.02928699163221532 4239
0.02872440448502376 0.0316644310697716 4240
0.02872440448502376 0.03423206566161056 4241
0.02872440448502376 0.03700511102124813 4242
0.0289073802349983 0.0005744801518658966 4243
0.02890738023499829 0.0006549187023411366 4244
0.02890738023499829 0.0007417923242596628 4245
0.0289073802349983 0.0008356158349343707 4246
0.0289073802349983 0.000936945243677711 4247
0.02890738023499829 0.001046381012230214 4248
0.02890738023499829 0.001164571636941929 4249
0.02890738023499829 0.001292217511602556 4250
0.0289073802349983 0.001430075062922938 4251
0.02890738023499829 0.001578961209800969 4252
0.02890738023499829 0.001739758244719251 4253
0.0289073802349983 0.001913419042969198 4254
0.02890738023499828 0.002100972690193939 4255
0.02890738023499829 0.00230353063927247 4256
0.0289073802349983 0.002522293228240823 4257
0.0289073802349983 0.002758556814951889 4258
0.02890738023499828 0.003013721494810931 4259
0.02890738023499829 0.003289299364520971 4260
0.0289073802349983 0.003586923470452022 4261
0.0289073802349983 0.003908357479700804 4262
0.02890738023499829 0.004255506196689488 4263
0.0289073802349983 0.004630426835077315 4264
0.0289073802349983 0.005035341124316706 4265
0.0289073802349983 0.005472648553571963 4266
0.0289073802349983 0.005944940571786645 4267
0.02890738023499829 0.006455015939055442 4268
0.02890738023499829 0.007005897352521075 4269
0.02890738023499828 0.007600849281163178 4270
0.02890738023499828 0.008243397348877591 4271
0.02890738023499829 0.008937349263397634 4272
0.02890738023499829 0.009686817353161488 4273
0.0289073802349983 0.01049624287276043 4274
0.02890738023499829 0.01137042242050506 4275
0.0289073802349983 0.01231453633798135 4276
0.02890738023499829 0.01333417939040457 4277
0.0289073802349983 0.01443539387837665 4278
0.0289073802349983 0.01562470553421714 4279
0.02890738023499829 0.01690916210325998 4280
0.02890738023499829 0.01829637518188409 4281
0.0289073802349983 0.01979456529529753 4282
0.0289073802349983 0.02141261061703501 4283
0.0289073802349983 0.02316009957282735 4284
0.0289073802349983 0.02504738766014365 4285
0.0289073802349983 0.02708565881053514 4286
0.0289073802349983 0.02928699163221532 4287
0.02890738023499829 0.0316644310697716 4288
0.0289073802349983 0.03423206566161056 4289
0.02890738023499829 0.03700511102124813 4290
0.02906656910426673 0.0005744801518658966 4291
0.02906656910426672 0.0006549187023411366 4292
0.02906656910426673 0.0007417923242596629 4293
0.02906656910426673 0.0008356158349343705 4294
0.02906656910426673 0.000936945243677711 4295
0.02906656910426673 0.001046381012230214 4296
0.02906656910426673 0.001164571636941929 4297
0.02906656910426673 0.001292217511602556 4298
0.02906656910426672 0.001430075062922938 4299
0.02906656910426673 0.001578961209800969 4300
0.02906656910426673 0.001739758244719252 4301
0.02906656910426673 0.001913419042969198 4302
0.02906656910426673 0.002100972690193939 4303
0.02906656910426672 0.00230353063927247 4304
0.02906656910426673 0.002522293228240823 4305
0.02906656910426673 0.002758556814951889 4306
0.02906656910426673 0.003013721494810931 4307
0.02906656910426673 0.003289299364520971 4308
0.02906656910426673 0.003586923470452022 4309
0.02906656910426673 0.003908357479700804 4310
0.02906656910426672 0.004255506196689488 4311
0.02906656910426673 0.004630426835077315 4312
0.02906656910426673 0.005035341124316706 4313
0.02906656910426673 0.005472648553571963 4314
0.02906656910426673 0.005944940571786645 4315
0.02906656910426673 0.006455015939055442 4316
0.02906656910426673 0.007005897352521076 4317
0.02906656910426673 0.007600849281163178 4318
0.02906656910426673 0.008243397348877591 4319
0.02906656910426673 0.008937349263397634 4320
0.02906656910426673 0.009686817353161487 4321
0.02906656910426673 0.01049624287276043 4322
0.02906656910426673 0.01137042242050506 4323
0.02906656910426672 0.01231453633798136 4324
0.02906656910426673 0.01333417939040457 4325
0.02906656910426673 0.01443539387837664 4326
0.02906656910426673 0.01562470553421714 4327
0.02906656910426673 0.01690916210325999 4328
0.02906656910426673 0.01829637518188409 4329
0.02906656910426673 0.01979456529529754 4330
0.02906656910426673 0.02141261061703501 4331
0.02906656910426673 0.02316009957282735 4332
0.02906656910426673 0.02504738766014365 4333
0.02906656910426673 0.02708565881053514 4334
0.02906656910426673 0.02928699163221531 4335
0.02906656910426673 0.0316644310697716 4336
0.02906656910426673 0.03423206566161056 4337
0.02906656910426673 0.03700511102124814 4338
0.02920506343926359 0.0005744801518658966 4339
0.02920506343926359 0.0006549187023411366 4340
0.02920506343926359 0.0007417923242596629 4341
0.02920506343926358 0.0008356158349343706 4342
0.02920506343926359 0.000936945243677711 4343
0.02920506343926359 0.001046381012230214 4344
0.02920506343926359 0.001164571636941929 4345
0.0292050634392636 0.001292217511602556 4346
0.02920506343926359 0.001430075062922938 4347
0.02920506343926358 0.001578961209800969 4348
0.02920506343926359 0.001739758244719251 4349
0.02920506343926359 0.001913419042969199 4350
0.02920506343926359 0.00210097269019394 4351
0.02920506343926359 0.00230353063927247 4352
0.02920506343926359 0.002522293228240823 4353
0.02920506343926359 0.002758556814951889 4354
0.0292050634392636 0.003013721494810931 4355
0.02920506343926359 0.00328929936452097 4356
0.02920506343926359 0.003586923470452022 4357
0.02920506343926359 0.003908357479700804 4358
0.02920506343926359 0.004255506196689488 4359
0.02920506343926359 0.004630426835077316 4360
0.02920506343926359 0.005035341124316706 4361
0.02920506343926358 0.005472648553571963 4362
0.02920506343926359 0.005944940571786644 4363
0.02920506343926359 0.006455015939055441 4364
0.02920506343926359 0.007005897352521077 4365
0.02920506343926359 0.007600849281163178 4366
0.02920506343926359 0.008243397348877591 4367
0.02920506343926359 0.008937349263397634 4368
0.02920506343926359 0.009686817353161487 4369
0.02920506343926359 0.01049624287276043 4370
0.02920506343926359 0.01137042242050506 4371
0.02920506343926359 0.01231453633798136 4372
0.02920506343926359 0.01333417939040457 4373
0.02920506343926359 0.01443539387837664 4374
0.02920506343926359 0.01562470553421714 4375
0.02920506343926359 0.01690916210325999 4376
0.02920506343926358 0.01829637518188409 4377
0.02920506343926359 0.01979456529529753 4378
0.02920506343926359 0.02141261061703501 4379
0.02920506343926359 0.02316009957282735 4380
0.02920506343926359 0.02504738766014365 4381
0.02920506343926359 0.02708565881053514 4382
0.02920506343926359 0.02928699163221531 4383
0.02920506343926359 0.0316644310697716 4384
0.02920506343926359 0.03423206566161056 4385
0.02920506343926359 0.03700511102124814 4386
0.02932555351549668 0.0005744801518658966 4387
0.02932555351549669 0.0006549187023411366 4388
0.02932555351549668 0.0007417923242596628 4389
0.02932555351549669 0.0008356158349343707 4390
0.02932555351549668 0.0009369452436777109 4391
0.02932555351549668 0.001046381012230213 4392
0.02932555351549669 0.001164571636941929 4393
0.02932555351549669 0.001292217511602556 4394
0.02932555351549669 0.001430075062922938 4395
0.02932555351549669 0.001578961209800969 4396
0.02932555351549669 0.001739758244719251 4397
0.02932555351549668 0.001913419042969198 4398
0.02932555351549668 0.00210097269019394 4399
0.02932555351549669 0.00230353063927247 4400
0.02932555351549669 0.002522293228240823 4401
0.02932555351549668 0.002758556814951889 4402
0.02932555351549669 0.003013721494810931 4403
0.02932555351549668 0.003289299364520971 4404
0.02932555351549668 0.003586923470452022 4405
0.02932555351549669 0.003908357479700803 4406
0.02932555351549669 0.004255506196689488 4407
0.02932555351549668 0.004630426835077315 4408
0.02932555351549669 0.005035341124316705 4409
0.0293255535154967 0.005472648553571963 4410
0.02932555351549669 0.005944940571786644 4411
0.02932555351549669 0.006455015939055442 4412
0.02932555351549668 0.007005897352521076 4413
0.02932555351549669 0.007600849281163178 4414
0.02932555351549669 0.008243397348877591 4415
0.02932555351549669 0.008937349263397634 4416
0.02932555351549669 0.009686817353161487 4417
0.02932555351549669 0.01049624287276043 4418
0.02932555351549668 0.01137042242050506 4419
0.0293255535154967 0.01231453633798136 4420
0.0293255535154967 0.01333417939040457 4421
0.02932555351549669 0.01443539387837664 4422
0.02932555351549669 0.01562470553421714 4423
0.02932555351549669 0.01690916210325999 4424
0.0293255535154967 0.01829637518188409 4425
0.02932555351549669 0.01979456529529753 4426
0.02932555351549669 0.02141261061703502 4427
0.02932555351549669 0.02316009957282735 4428
0.02932555351549669 0.02504738766014365 4429
0.0293255535154967 0.02708565881053514 4430
0.02932555351549668 0.02928699163221531 4431
0.02932555351549669 0.0316644310697716 4432
0.0293255535154967 0.03423206566161056 4433
0.02932555351549668 0.03700511102124814 4434
0.02943037985681604 0.0005744801518658966 4435
0.02943037985681603 0.0006549187023411366 4436
0.02943037985681604 0.0007417923242596629 4437
0.02943037985681604 0.0008356158349343706 4438
0.02943037985681605 0.000936945243677711 4439
0.02943037985681604 0.001046381012230214 4440
0.02943037985681604 0.001164571636941929 4441
0.02943037985681604 0.001292217511602556 4442
0.02943037985681604 0.001430075062922938 4443
0.02943037985681605 0.001578961209800969 4444
0.02943037985681604 0.001739758244719251 4445
0.02943037985681604 0.001913419042969198 4446
0.02943037985681604 0.00210097269019394 4447
0.02943037985681604 0.002303530639272469 4448
0.02943037985681604 0.002522293228240824 4449
0.02943037985681604 0.002758556814951888 4450
0.02943037985681604 0.003013721494810931 4451
0.02943037985681605 0.003289299364520971 4452
0.02943037985681604 0.003586923470452022 4453
0.02943037985681604 0.003908357479700804 4454
0.02943037985681604 0.004255506196689488 4455
0.02943037985681604 0.004630426835077315 4456
0.02943037985681604 0.005035341124316705 4457
0.02943037985681603 0.005472648553571963 4458
0.02943037985681604 0.005944940571786645 4459
0.02943037985681604 0.006455015939055441 4460
0.02943037985681604 0.007005897352521075 4461
0.02943037985681604 0.007600849281163178 4462
0.02943037985681603 0.008243397348877591 4463
0.02943037985681604 0.008937349263397634 4464
0.02943037985681603 0.009686817353161488 4465
0.02943037985681604 0.01049624287276043 4466
0.02943037985681604 0.01137042242050506 4467
0.02943037985681604 0.01231453633798136 4468
0.02943037985681604 0.01333417939040457 4469
0.02943037985681604 0.01443539387837664 4470
0.02943037985681604 0.01562470553421714 4471
0.02943037985681605 0.01690916210325998 4472
0.02943037985681604 0.01829637518188409 4473
0.02943037985681604 0.01979456529529753 4474
0.02943037985681604 0.02141261061703501 4475
0.02943037985681604 0.02316009957282735 4476
0.02943037985681604 0.02504738766014365 4477
0.02943037985681604 0.02708565881053514 4478
0.02943037985681604 0.02928699163221532 4479
0.02943037985681604 0.0316644310697716 4480
0.02943037985681604 0.03423206566161056 4481
0.02943037985681604 0.03700511102124813 4482
0.02952157878583054 0.0005744801518658966 4483
0.02952157878583054 0.0006549187023411366 4484
0.02952157878583053 0.0007417923242596629 4485
0.02952157878583054 0.0008356158349343707 4486
0.02952157878583053 0.0009369452436777112 4487
0.02952157878583053 0.001046381012230214 4488
0.02952157878583054 0.001164571636941929 4489
0.02952157878583053 0.001292217511602556 4490
0.02952157878583053 0.001430075062922938 4491
0.02952157878583053 0.001578961209800969 4492
0.02952157878583053 0.001739758244719251 4493
0.02952157878583053 0.001913419042969198 4494
0.02952157878583054 0.002100972690193939 4495
0.02952157878583053 0.00230353063927247 4496
0.02952157878583053 0.002522293228240823 4497
0.02952157878583054 0.002758556814951889 4498
0.02952157878583053 0.003013721494810931 4499
0.02952157878583053 0.003289299364520971 4500
0.02952157878583053 0.003586923470452022 4501
0.02952157878583054 0.003908357479700804 4502
0.02952157878583053 0.004255506196689488 4503
0.02952157878583054 0.004630426835077315 4504
0.02952157878583054 0.005035341124316706 4505
0.02952157878583053 0.005472648553571963 4506
0.02952157878583054 0.005944940571786645 4507
0.02952157878583054 0.006455015939055441 4508
0.02952157878583053 0.007005897352521077 4509
0.02952157878583053 0.007600849281163178 4510
0.02952157878583053 0.008243397348877591 4511
0.02952157878583053 0.008937349263397634 4512
0.02952157878583053 0.009686817353161487 4513
0.02952157878583053 0.01049624287276043 4514
0.02952157878583054 0.01137042242050506 4515
0.02952157878583053 0.01231453633798136 4516
0.02952157878583053 0.01333417939040457 4517
0.02952157878583053 0.01443539387837664 4518
0.02952157878583053 0.01562470553421714 4519
0.02952157878583053 0.01690916210325998 4520
0.02952157878583053 0.01829637518188409 4521
0.02952157878583053 0.01979456529529754 4522
0.02952157878583053 0.02141261061703501 4523
0.02952157878583053 0.02316009957282735 4524
0.02952157878583054 0.02504738766014365 4525
0.02952157878583053 0.02708565881053514 4526
0.02952157878583053 0.02928699163221531 4527
0.02952157878583053 0.0316644310697716 4528
0.02952157878583053 0.03423206566161056 4529
0.02952157878583053 0.03700511102124814 4530
0.02960092183290081 0.0005744801518658967 4531
0.0296009218329008 0.0006549187023411366 4532
0.02960092183290081 0.0007417923242596629 4533
0.02960092183290081 0.0008356158349343707 4534
0.0296009218329008 0.000936945243677711 4535
0.02960092183290082 0.001046381012230214 4536
0.02960092183290082 0.001164571636941929 4537
0.02960092183290081 0.001292217511602556 4538
0.0296009218329008 0.001430075062922938 4539
0.02960092183290081 0.001578961209800969 4540
0.02960092183290081 0.001739758244719251 4541
0.02960092183290081 0.001913419042969198 4542
0.02960092183290081 0.002100972690193939 4543
0.02960092183290081 0.00230353063927247 4544
0.02960092183290081 0.002522293228240824 4545
0.02960092183290081 0.002758556814951889 4546
0.02960092183290081 0.003013721494810932 4547
0.02960092183290081 0.003289299364520971 4548
0.02960092183290081 0.003586923470452022 4549
0.02960092183290082 0.003908357479700804 4550
0.02960092183290081 0.004255506196689488 4551
0.02960092183290081 0.004630426835077316 4552
0.02960092183290081 0.005035341124316706 4553
0.02960092183290081 0.005472648553571964 4554
0.02960092183290081 0.005944940571786645 4555
0.02960092183290081 0.006455015939055441 4556
0.02960092183290081 0.007005897352521076 4557
0.02960092183290081 0.007600849281163178 4558
0.02960092183290081 0.008243397348877593 4559
0.02960092183290081 0.008937349263397633 4560
0.02960092183290081 0.009686817353161488 4561
0.02960092183290081 0.01049624287276043 4562
0.02960092183290081 0.01137042242050506 4563
0.02960092183290082 0.01231453633798136 4564
0.02960092183290081 0.01333417939040457 4565
0.02960092183290081 0.01443539387837664 4566
0.02960092183290081 0.01562470553421714 4567
0.02960092183290081 0.01690916210325999 4568
0.02960092183290082 0.01829637518188409 4569
0.02960092183290081 0.01979456529529753 4570
0.02960092183290081 0.02141261061703501 4571
0.02960092183290081 0.02316009957282735 4572
0.02960092183290081 0.02504738766014365 4573
0.02960092183290081 0.02708565881053514 4574
0.02960092183290081 0.02928699163221531 4575
0.02960092183290081 0.0316644310697716 4576
0.0296009218329008 0.03423206566161056 4577
0.0296009218329008 0.03700511102124814 4578
0.02966995027329887 0.0005744801518658966 4579
0.02966995027329887 0.0006549187023411367 4580
0.02966995027329887 0.0007417923242596629 4581
0.02966995027329887 0.0008356158349343706 4582
0.02966995027329887 0.000936945243677711 4583
0.02966995027329888 0.001046381012230213 4584
0.02966995027329887 0.001164571636941929 4585
0.02966995027329887 0.001292217511602556 4586
0.02966995027329887 0.001430075062922938 4587
0.02966995027329887 0.001578961209800969 4588
0.02966995027329887 0.001739758244719252 4589
0.02966995027329887 0.001913419042969198 4590
0.02966995027329887 0.002100972690193939 4591
0.02966995027329887 0.00230353063927247 4592
0.02966995027329887 0.002522293228240823 4593
0.02966995027329887 0.002758556814951888 4594
0.02966995027329887 0.003013721494810932 4595
0.02966995027329887 0.003289299364520971 4596
0.02966995027329886 0.003586923470452022 4597
0.02966995027329887 0.003908357479700804 4598
0.02966995027329888 0.004255506196689488 4599
0.02966995027329887 0.004630426835077315 4600
0.02966995027329887 0.005035341124316706 4601
0.02966995027329888 0.005472648553571963 4602
0.02966995027329887 0.005944940571786644 4603
0.02966995027329887 0.006455015939055441 4604
0.02966995027329887 0.007005897352521077 4605
0.02966995027329886 0.007600849281163178 4606
0.02966995027329887 0.008243397348877591 4607
0.02966995027329887 0.008937349263397634 4608
0.02966995027329887 0.009686817353161487 4609
0.02966995027329887 0.01049624287276043 4610
0.02966995027329888 0.01137042242050506 4611
0.02966995027329887 0.01231453633798136 4612
0.02966995027329887 0.01333417939040457 4613
0.02966995027329887 0.01443539387837664 4614
0.02966995027329887 0.01562470553421714 4615
0.02966995027329887 0.01690916210325998 4616
0.02966995027329887 0.01829637518188409 4617
0.02966995027329887 0.01979456529529753 4618
0.02966995027329887 0.02141261061703501 4619
0.02966995027329887 0.02316009957282735 4620
0.02966995027329887 0.02504738766014365 4621
0.02966995027329887 0.02708565881053514 4622
0.02966995027329887 0.02928699163221532 4623
0.02966995027329887 0.0316644310697716 4624
0.02966995027329887 0.03423206566161056 4625
0.02966995027329887 0.03700511102124813 4626
0.02973000504365332 0.0005744801518658966 4627
0.02973000504365331 0.0006549187023411367 4628
0.02973000504365332 0.0007417923242596626 4629
0.02973000504365331 0.0008356158349343706 4630
0.02973000504365332 0.000936945243677711 4631
0.02973000504365332 0.001046381012230214 4632
0.02973000504365332 0.001164571636941929 4633
0.02973000504365332 0.001292217511602556 4634
0.02973000504365332 0.001430075062922938 4635
0.02973000504365332 0.001578961209800969 4636
0.02973000504365332 0.001739758244719251 4637
0.02973000504365332 0.001913419042969198 4638
0.02973000504365332 0.002100972690193939 4639
0.02973000504365332 0.002303530639272469 4640
0.02973000504365332 0.002522293228240823 4641
0.02973000504365331 0.002758556814951889 4642
0.02973000504365332 0.003013721494810931 4643
0.02973000504365331 0.003289299364520971 4644
0.02973000504365332 0.003586923470452022 4645
0.02973000504365332 0.003908357479700804 4646
0.02973000504365332 0.004255506196689488 4647
0.02973000504365332 0.004630426835077315 4648
0.02973000504365332 0.005035341124316705 4649
0.02973000504365333 0.005472648553571964 4650
0.02973000504365332 0.005944940571786645 4651
0.02973000504365332 0.006455015939055442 4652
0.02973000504365332 0.007005897352521075 4653
0.02973000504365332 0.007600849281163178 4654
0.02973000504365331 0.008243397348877591 4655
0.02973000504365332 0.008937349263397634 4656
0.02973000504365332 0.009686817353161487 4657
0.02973000504365332 0.01049624287276043 4658
0.02973000504365332 0.01137042242050506 4659
0.02973000504365332 0.01231453633798136 4660
0.02973000504365332 0.01333417939040457 4661
0.02973000504365332 0.01443539387837664 4662
0.02973000504365331 0.01562470553421714 4663
0.02973000504365331 0.01690916210325998 4664
0.02973000504365332 0.01829637518188409 4665
0.02973000504365332 0.01979456529529753 4666
0.02973000504365331 0.02141261061703501 4667
0.02973000504365332 0.02316009957282736 4668
0.02973000504365331 0.02504738766014365 4669
0.02973000504365332 0.02708565881053514 4670
0.02973000504365332 0.02928699163221531 4671
0.02973000504365332 0.03166443106977159 4672
0.02973000504365332 0.03423206566161056 4673
0.02973000504365332 0.03700511102124814 4674
0.02978225270469103 0.0005744801518658966 4675
0.02978225270469102 0.0006549187023411366 4676
0.02978225270469102 0.0007417923242596629 4677
0.02978225270469102 0.0008356158349343706 4678
0.02978225270469102 0.000936945243677711 4679
0.02978225270469102 0.001046381012230214 4680
0.02978225270469102 0.001164571636941929 4681
0.02978225270469103 0.001292217511602556 4682
0.02978225270469102 0.001430075062922938 4683
0.02978225270469102 0.001578961209800969 4684
0.02978225270469102 0.001739758244719251 4685
0.02978225270469102 0.001913419042969198 4686
0.02978225270469102 0.00210097269019394 4687
0.02978225270469102 0.002303530639272469 4688
0.02978225270469102 0.002522293228240823 4689
0.02978225270469102 0.002758556814951889 4690
0.02978225270469103 0.003013721494810931 4691
0.02978225270469102 0.003289299364520971 4692
0.02978225270469103 0.003586923470452022 4693
0.02978225270469102 0.003908357479700804 4694
0.02978225270469102 0.004255506196689488 4695
0.02978225270469103 0.004630426835077315 4696
0.02978225270469102 0.005035341124316705 4697
0.02978225270469102 0.005472648553571962 4698
0.02978225270469102 0.005944940571786645 4699
0.02978225270469102 0.006455015939055442 4700
0.02978225270469103 0.007005897352521077 4701
0.02978225270469102 0.007600849281163178 4702
0.02978225270469102 0.008243397348877591 4703
0.02978225270469102 0.008937349263397633 4704
0.02978225270469102 0.009686817353161487 4705
0.02978225270469103 0.01049624287276043 4706
0.02978225270469102 0.01137042242050506 4707
0.02978225270469102 0.01231453633798136 4708
0.02978225270469103 0.01333417939040457 4709
0.02978225270469103 0.01443539387837664 4710
0.02978225270469102 0.01562470553421714 4711
0.02978225270469102 0.01690916210325998 4712
0.02978225270469102 0.01829637518188409 4713
0.02978225270469102 0.01979456529529753 4714
0.02978225270469102 0.02141261061703501 4715
0.02978225270469103 0.02316009957282735 4716
0.02978225270469102 0.02504738766014365 4717
0.02978225270469102 0.02708565881053514 4718
0.02978225270469102 0.02928699163221531 4719
0.02978225270469103 0.0316644310697716 4720
0.02978225270469102 0.03423206566161056 4721
0.02978225270469102 0.03700511102124814 4722
0.02982770816346953 0.0005744801518658966 4723
0.02982770816346954 0.0006549187023411366 4724
0.02982770816346954 0.0007417923242596629 4725
0.02982770816346954 0.0008356158349343707 4726
0.02982770816346954 0.000936945243677711 4727
0.02982770816346954 0.001046381012230214 4728
0.02982770816346954 0.001164571636941929 4729
0.02982770816346954 0.001292217511602556 4730
0.02982770816346954 0.001430075062922938 4731
0.02982770816346954 0.001578961209800969 4732
0.02982770816346955 0.001739758244719251 4733
0.02982770816346954 0.001913419042969199 4734
0.02982770816346954 0.002100972690193939 4735
0.02982770816346954 0.00230353063927247 4736
0.02982770816346954 0.002522293228240823 4737
0.02982770816346954 0.002758556814951889 4738
0.02982770816346954 0.003013721494810931 4739
0.02982770816346954 0.003289299364520971 4740
0.02982770816346954 0.003586923470452021 4741
0.02982770816346954 0.003908357479700804 4742
0.02982770816346954 0.004255506196689488 4743
0.02982770816346954 0.004630426835077315 4744
0.02982770816346954 0.005035341124316706 4745
0.02982770816346954 0.005472648553571962 4746
0.02982770816346954 0.005944940571786644 4747
0.02982770816346954 0.006455015939055442 4748
0.02982770816346954 0.007005897352521076 4749
0.02982770816346953 0.007600849281163178 4750
0.02982770816346954 0.008243397348877591 4751
0.02982770816346954 0.008937349263397634 4752
0.02982770816346954 0.009686817353161487 4753
0.02982770816346954 0.01049624287276043 4754
0.02982770816346953 0.01137042242050506 4755
0.02982770816346954 0.01231453633798136 4756
0.02982770816346954 0.01333417939040457 4757
0.02982770816346954 0.01443539387837664 4758
0.02982770816346954 0.01562470553421714 4759
0.02982770816346954 0.01690916210325999 4760
0.02982770816346954 0.01829637518188409 4761
0.02982770816346954 0.01979456529529753 4762
0.02982770816346954 0.02141261061703501 4763
0.02982770816346954 0.02316009957282735 4764
0.02982770816346954 0.02504738766014365 4765
0.02982770816346954 0.02708565881053514 4766
0.02982770816346954 0.02928699163221531 4767
0.02982770816346954 0.03166443106977159 4768
0.02982770816346954 0.03423206566161056 4769
0.02982770816346954 0.03700511102124814 4770
0.02986725439025929 0.0005744801518658966 4771
0.0298672543902593 0.0006549187023411366 4772
0.02986725439025929 0.0007417923242596629 4773
0.0298672543902593 0.0008356158349343707 4774
0.0298672543902593 0.0009369452436777112 4775
0.02986725439025929 0.001046381012230214 4776
0.02986725439025929 0.001164571636941928 4777
0.02986725439025929 0.001292217511602556 4778
0.0298672543902593 0.001430075062922938 4779
0.0298672543902593 0.001578961209800969 4780
0.0298672543902593 0.001739758244719251 4781
0.02986725439025929 0.001913419042969198 4782
0.02986725439025929 0.002100972690193939 4783
0.02986725439025929 0.002303530639272469 4784
0.0298672543902593 0.002522293228240823 4785
0.02986725439025929 0.002758556814951889 4786
0.0298672543902593 0.003013721494810931 4787
0.02986725439025929 0.003289299364520971 4788
0.0298672543902593 0.003586923470452022 4789
0.0298672543902593 0.003908357479700803 4790
0.02986725439025929 0.004255506196689488 4791
0.0298672543902593 0.004630426835077315 4792
0.0298672543902593 0.005035341124316705 4793
0.0298672543902593 0.005472648553571964 4794
0.0298672543902593 0.005944940571786644 4795
0.02986725439025929 0.006455015939055442 4796
0.02986725439025929 0.007005897352521076 4797
0.0298672543902593 0.007600849281163178 4798
0.0298672543902593 0.008243397348877591 4799
0.02986725439025929 0.008937349263397634 4800
0.02986725439025929 0.009686817353161487 4801
0.02986725439025929 0.01049624287276043 4802
0.0298672543902593 0.01137042242050506 4803
0.0298672543902593 0.01231453633798135 4804
0.02986725439025929 0.01333417939040457 4805
0.0298672543902593 0.01443539387837664 4806
0.0298672543902593 0.01562470553421714 4807
0.0298672543902593 0.01690916210325998 4808
0.02986725439025929 0.01829637518188409 4809
0.02986725439025929 0.01979456529529753 4810
0.02986725439025929 0.02141261061703501 4811
0.0298672543902593 0.02316009957282735 4812
0.02986725439025929 0.02504738766014365 4813
0.0298672543902593 0.02708565881053515 4814
0.02986725439025929 0.02928699163221531 4815
0.02986725439025929 0.0316644310697716 4816
0.0298672543902593 0.03423206566161057 4817
0.02986725439025929 0.03700511102124814 4818
0.02990165958635995 0.0005744801518658967 4819
0.02990165958635995 0.0006549187023411366 4820
0.02990165958635995 0.0007417923242596629 4821
0.02990165958635995 0.0008356158349343706 4822
0.02990165958635995 0.0009369452436777109 4823
0.02990165958635995 0.001046381012230214 4824
0.02990165958635995 0.001164571636941928 4825
0.02990165958635995 0.001292217511602556 4826
0.02990165958635994 0.001430075062922938 4827
0.02990165958635995 0.001578961209800969 4828
0.02990165958635995 0.001739758244719251 4829
0.02990165958635995 0.001913419042969198 4830
0.02990165958635995 0.002100972690193939 4831
0.02990165958635994 0.00230353063927247 4832
0.02990165958635994 0.002522293228240823 4833
0.02990165958635995 0.002758556814951889 4834
0.02990165958635995 0.003013721494810931 4835
0.02990165958635995 0.003289299364520971 4836
0.02990165958635995 0.003586923470452022 4837
0.02990165958635995 0.003908357479700804 4838
0.02990165958635994 0.004255506196689487 4839
0.02990165958635994 0.004630426835077315 4840
0.02990165958635996 0.005035341124316706 4841
0.02990165958635995 0.005472648553571963 4842
0.02990165958635995 0.005944940571786645 4843
0.02990165958635995 0.006455015939055441 4844
0.02990165958635994 0.007005897352521075 4845
0.02990165958635995 0.007600849281163178 4846
0.02990165958635995 0.008243397348877593 4847
0.02990165958635995 0.008937349263397634 4848
0.02990165958635994 0.009686817353161487 4849
0.02990165958635995 0.01049624287276043 4850
0.02990165958635995 0.01137042242050506 4851
0.02990165958635995 0.01231453633798136 4852
0.02990165958635994 0.01333417939040457 4853
0.02990165958635995 0.01443539387837664 4854
0.02990165958635995 0.01562470553421714 4855
0.02990165958635995 0.01690916210325999 4856
0.02990165958635995 0.01829637518188409 4857
0.02990165958635995 0.01979456529529753 4858
0.02990165958635995 0.02141261061703501 4859
0.02990165958635995 0.02316009957282735 4860
0.02990165958635995 0.02504738766014365 4861
0.02990165958635995 0.02708565881053514 4862
0.02990165958635994 0.02928699163221532 4863
0.02990165958635994 0.0316644310697716 4864
0.02990165958635995 0.03423206566161057 4865
0.02990165958635994 0.03700511102124814 4866
0.02993159210647003 0.0005744801518658966 4867
0.02993159210647002 0.0006549187023411366 4868
0.02993159210647003 0.000741792324259663 4869
0.02993159210647002 0.0008356158349343706 4870
0.02993159210647003 0.0009369452436777113 4871
0.02993159210647003 0.001046381012230214 4872
0.02993159210647003 0.001164571636941929 4873
0.02993159210647002 0.001292217511602556 4874
0.02993159210647003 0.001430075062922938 4875
0.02993159210647003 0.001578961209800969 4876
0.02993159210647003 0.001739758244719251 4877
0.02993159210647003 0.001913419042969198 4878
0.02993159210647002 0.00210097269019394 4879
0.02993159210647003 0.00230353063927247 4880
0.02993159210647003 0.002522293228240823 4881
0.02993159210647003 0.002758556814951889 4882
0.02993159210647003 0.003013721494810931 4883
0.02993159210647002 0.003289299364520971 4884
0.02993159210647002 0.003586923470452022 4885
0.02993159210647003 0.003908357479700804 4886
0.02993159210647002 0.004255506196689488 4887
0.02993159210647003 0.004630426835077315 4888
0.02993159210647002 0.005035341124316706 4889
0.02993159210647003 0.005472648553571964 4890
0.02993159210647003 0.005944940571786644 4891
0.02993159210647002 0.006455015939055442 4892
0.02993159210647003 0.007005897352521076 4893
0.02993159210647003 0.007600849281163178 4894
0.02993159210647003 0.008243397348877591 4895
0.02993159210647003 0.008937349263397634 4896
0.02993159210647002 0.009686817353161488 4897
0.02993159210647003 0.01049624287276043 4898
0.02993159210647003 0.01137042242050506 4899
0.02993159210647003 0.01231453633798136 4900
0.02993159210647003 0.01333417939040458 4901
0.02993159210647003 0.01443539387837664 4902
0.02993159210647003 0.01562470553421714 4903
0.02993159210647003 0.01690916210325998 4904
0.02993159210647003 0.01829637518188409 4905
0.02993159210647003 0.01979456529529753 4906
0.02993159210647003 0.02141261061703501 4907
0.02993159210647003 0.02316009957282735 4908
0.02993159210647003 0.02504738766014365 4909
0.02993159210647003 0.02708565881053514 4910
0.02993159210647003 0.02928699163221532 4911
0.02993159210647002 0.0316644310697716 4912
0.02993159210647003 0.03423206566161057 4913
0.02993159210647003 0.03700511102124813 4914
0.02995763341707984 0.0005744801518658967 4915
0.02995763341707984 0.0006549187023411366 4916
0.02995763341707984 0.0007417923242596628 4917
0.02995763341707984 0.0008356158349343707 4918
0.02995763341707984 0.000936945243677711 4919
0.02995763341707983 0.001046381012230213 4920
0.02995763341707984 0.001164571636941928 4921
0.02995763341707984 0.001292217511602556 4922
0.02995763341707984 0.001430075062922938 4923
0.02995763341707983 0.001578961209800969 4924
0.02995763341707984 0.001739758244719252 4925
0.02995763341707983 0.001913419042969198 4926
0.02995763341707984 0.00210097269019394 4927
0.02995763341707984 0.00230353063927247 4928
0.02995763341707984 0.002522293228240823 4929
0.02995763341707983 0.002758556814951889 4930
0.02995763341707984 0.003013721494810931 4931
0.02995763341707984 0.003289299364520971 4932
0.02995763341707984 0.003586923470452022 4933
0.02995763341707983 0.003908357479700804 4934
0.02995763341707983 0.004255506196689488 4935
0.02995763341707983 0.004630426835077315 4936
0.02995763341707984 0.005035341124316705 4937
0.02995763341707984 0.005472648553571963 4938
0.02995763341707984 0.005944940571786645 4939
0.02995763341707983 0.006455015939055441 4940
0.02995763341707984 0.007005897352521076 4941
0.02995763341707984 0.007600849281163178 4942
0.02995763341707984 0.008243397348877591 4943
0.02995763341707984 0.008937349263397634 4944
0.02995763341707984 0.009686817353161487 4945
0.02995763341707984 0.01049624287276043 4946
0.02995763341707983 0.01137042242050506 4947
0.02995763341707983 0.01231453633798136 4948
0.02995763341707984 0.01333417939040457 4949
0.02995763341707984 0.01443539387837664 4950
0.02995763341707983 0.01562470553421714 4951
0.02995763341707983 0.01690916210325998 4952
0.02995763341707983 0.01829637518188409 4953
0.02995763341707984 0.01979456529529753 4954
0.02995763341707984 0.02141261061703501 4955
0.02995763341707984 0.02316009957282735 4956
0.02995763341707984 0.02504738766014365 4957
0.02995763341707983 0.02708565881053514 4958
0.02995763341707983 0.02928699163221531 4959
0.02995763341707984 0.0316644310697716 4960
0.02995763341707983 0.03423206566161057 4961
0.02995763341707984 0.03700511102124814 4962
0.02998028935128511 0.0005744801518658966 4963
0.02998028935128511 0.0006549187023411367 4964
0.0299802893512851 0.0007417923242596629 4965
0.02998028935128511 0.0008356158349343706 4966
0.0299802893512851 0.0009369452436777112 4967
0.02998028935128511 0.001046381012230214 4968
0.02998028935128511 0.001164571636941928 4969
0.02998028935128511 0.001292217511602556 4970
0.02998028935128511 0.001430075062922938 4971
0.02998028935128511 0.001578961209800969 4972
0.0299802893512851 0.001739758244719251 4973
0.02998028935128511 0.001913419042969198 4974
0.02998028935128511 0.00210097269019394 4975
0.0299802893512851 0.00230353063927247 4976
0.02998028935128511 0.002522293228240823 4977
0.02998028935128511 0.002758556814951888 4978
0.02998028935128511 0.003013721494810931 4979
0.0299802893512851 0.003289299364520971 4980
0.02998028935128511 0.003586923470452022 4981
0.02998028935128511 0.003908357479700804 4982
0.02998028935128511 0.004255506196689488 4983
0.0299802893512851 0.004630426835077315 4984
0.02998028935128511 0.005035341124316705 4985
0.02998028935128511 0.005472648553571963 4986
0.02998028935128511 0.005944940571786644 4987
0.0299802893512851 0.006455015939055441 4988
0.02998028935128511 0.007005897352521076 4989
0.02998028935128511 0.007600849281163178 4990
0.02998028935128511 0.008243397348877591 4991
0.02998028935128511 0.008937349263397634 4992
0.02998028935128511 0.009686817353161487 4993
0.0299802893512851 0.01049624287276043 4994
0.02998028935128511 0.01137042242050506 4995
0.02998028935128511 0.01231453633798135 4996
0.02998028935128511 0.01333417939040457 4997
0.02998028935128511 0.01443539387837664 4998
0.02998028935128511 0.01562470553421714 4999
0.02998028935128511 0.01690916210325999 5000
0.02998028935128511 0.01829637518188409 5001
0.02998028935128511 0.01979456529529753 5002
0.02998028935128511 0.02141261061703502 5003
0.02998028935128511 0.02316009957282735 5004
0.02998028935128511 0.02504738766014365 5005
0.02998028935128511 0.02708565881053514 5006
0.02998028935128511 0.02928699163221532 5007
0.0299802893512851 0.03166443106977159 5008
0.02998028935128511 0.03423206566161056 5009
0.0299802893512851 0.03700511102124814 5010
0.03001723029151534 0.0005744801518658966 5011
0.03001723029151535 0.0006549187023411366 5012
0.03001723029151533 0.0007417923242596629 5013
0.03001723029151534 0.0008356158349343706 5014
0.03001723029151534 0.000936945243677711 5015
0.03001723029151533 0.001046381012230213 5016
0.03001723029151534 0.001164571636941929 5017
0.03001723029151534 0.001292217511602556 5018
0.03001723029151533 0.001430075062922938 5019
0.03001723029151533 0.001578961209800969 5020
0.03001723029151534 0.001739758244719251 5021
0.03001723029151534 0.001913419042969199 5022
0.03001723029151534 0.00210097269019394 5023
0.03001723029151534 0.00230353063927247 5024
0.03001723029151533 0.002522293228240823 5025
0.03001723029151534 0.002758556814951889 5026
0.03001723029151534 0.003013721494810931 5027
0.03001723029151533 0.003289299364520971 5028
0.03001723029151534 0.003586923470452022 5029
0.03001723029151533 0.003908357479700804 5030
0.03001723029151533 0.004255506196689488 5031
0.03001723029151534 0.004630426835077315 5032
0.03001723029151534 0.005035341124316705 5033
0.03001723029151534 0.005472648553571963 5034
0.03001723029151533 0.005944940571786645 5035
0.03001723029151533 0.006455015939055441 5036
0.03001723029151534 0.007005897352521075 5037
0.03001723029151534 0.007600849281163178 5038
0.03001723029151534 0.008243397348877591 5039
0.03001723029151534 0.008937349263397633 5040
0.03001723029151534 0.009686817353161487 5041
0.03001723029151533 0.01049624287276043 5042
0.03001723029151534 0.01137042242050506 5043
0.03001723029151534 0.01231453633798136 5044
0.03001723029151534 0.01333417939040457 5045
0.03001723029151533 0.01443539387837664 5046
0.03001723029151534 0.01562470553421714 5047
0.03001723029151534 0.01690916210325999 5048
0.03001723029151533 0.01829637518188409 5049
0.03001723029151533 0.01979456529529753 5050
0.03001723029151533 0.02141261061703501 5051
0.03001723029151534 0.02316009957282735 5052
0.03001723029151534 0.02504738766014365 5053
0.03001723029151534 0.02708565881053514 5054
0.03001723029151533 0.02928699163221531 5055
0.03001723029151534 0.0316644310697716 5056
0.03001723029151533 0.03423206566161056 5057
0.03001723029151534 0.03700511102124813 5058
0.03003514978265102 0.0005744801518658966 5059
0.03003514978265102 0.0006549187023411366 5060
0.03003514978265102 0.0007417923242596623 5061
0.03003514978265102 0.0008356158349343707 5062
0.03003514978265101 0.000936945243677711 5063
0.03003514978265101 0.001046381012230214 5064
0.03003514978265102 0.001164571636941929 5065
0.03003514978265102 0.001292217511602556 5066
0.03003514978265102 0.001430075062922938 5067
0.03003514978265102 0.001578961209800969 5068
0.03003514978265101 0.001739758244719251 5069
0.03003514978265102 0.001913419042969199 5070
0.03003514978265102 0.00210097269019394 5071
0.03003514978265102 0.00230353063927247 5072
0.03003514978265102 0.002522293228240824 5073
0.03003514978265101 0.002758556814951888 5074
0.03003514978265102 0.003013721494810931 5075
0.03003514978265101 0.003289299364520971 5076
0.03003514978265101 0.003586923470452022 5077
0.03003514978265102 0.003908357479700804 5078
0.03003514978265102 0.004255506196689488 5079
0.03003514978265103 0.004630426835077315 5080
0.03003514978265101 0.005035341124316705 5081
0.03003514978265102 0.005472648553571963 5082
0.03003514978265102 0.005944940571786645 5083
0.03003514978265102 0.006455015939055441 5084
0.03003514978265102 0.007005897352521075 5085
0.03003514978265102 0.007600849281163178 5086
0.03003514978265101 0.008243397348877591 5087
0.03003514978265102 0.008937349263397634 5088
0.03003514978265102 0.009686817353161487 5089
0.03003514978265101 0.01049624287276043 5090
0.03003514978265101 0.01137042242050506 5091
0.03003514978265102 0.01231453633798135 5092
0.03003514978265102 0.01333417939040457 5093
0.03003514978265101 0.01443539387837664 5094
0.03003514978265101 0.01562470553421714 5095
0.03003514978265102 0.01690916210325999 5096
0.03003514978265101 0.01829637518188409 5097
0.03003514978265101 0.01979456529529753 5098
0.03003514978265102 0.02141261061703501 5099
0.03003514978265101 0.02316009957282735 5100
0.03003514978265101 0.02504738766014365 5101
0.03003514978265102 0.02708565881053514 5102
0.03003514978265102 0.02928699163221531 5103
0.03003514978265101 0.0316644310697716 5104
0.03003514978265101 0.03423206566161057 5105
0.03003514978265102 0.03700511102124813 5106
0.03005378605909552 0.0005744801518658966 5107
0.03005378605909551 0.0006549187023411366 5108
0.03005378605909551 0.000741792324259663 5109
0.03005378605909552 0.0008356158349343707 5110
0.03005378605909551 0.000936945243677711 5111
0.0300537860590955 0.001046381012230214 5112
0.03005378605909551 0.001164571636941929 5113
0.03005378605909551 0.001292217511602556 5114
0.03005378605909551 0.001430075062922938 5115
0.03005378605909551 0.001578961209800969 5116
0.03005378605909552 0.001739758244719251 5117
0.03005378605909551 0.001913419042969199 5118
0.03005378605909551 0.00210097269019394 5119
0.03005378605909551 0.00230353063927247 5120
0.03005378605909552 0.002522293228240823 5121
0.03005378605909551 0.002758556814951889 5122
0.03005378605909551 0.003013721494810931 5123
0.03005378605909552 0.00328929936452097 5124
0.03005378605909551 0.003586923470452022 5125
0.03005378605909551 0.003908357479700804 5126
0.03005378605909551 0.004255506196689487 5127
0.03005378605909551 0.004630426835077315 5128
0.03005378605909551 0.005035341124316705 5129
0.03005378605909551 0.005472648553571964 5130
0.03005378605909551 0.005944940571786646 5131
0.03005378605909551 0.006455015939055439 5132
0.03005378605909551 0.007005897352521075 5133
0.03005378605909552 0.007600849281163179 5134
0.03005378605909552 0.008243397348877593 5135
0.03005378605909551 0.008937349263397634 5136
0.03005378605909551 0.009686817353161487 5137
0.03005378605909551 0.01049624287276043 5138
0.03005378605909552 0.01137042242050506 5139
0.03005378605909551 0.01231453633798136 5140
0.03005378605909551 0.01333417939040457 5141
0.03005378605909551 0.01443539387837664 5142
0.03005378605909551 0.01562470553421714 5143
0.03005378605909551 0.01690916210325999 5144
0.03005378605909551 0.01829637518188409 5145
0.03005378605909551 0.01979456529529754 5146
0.03005378605909552 0.02141261061703501 5147
0.03005378605909551 0.02316009957282735 5148
0.03005378605909551 0.02504738766014365 5149
0.03005378605909551 0.02708565881053514 5150
0.03005378605909551 0.02928699163221532 5151
0.03005378605909551 0.0316644310697716 5152
0.03005378605909551 0.03423206566161057 5153
0.03005378605909552 0.03700511102124814 5154
0.03007316777028206 0.0005744801518658966 5155
0.03007316777028205 0.0006549187023411366 5156
0.03007316777028206 0.000741792324259663 5157
0.03007316777028206 0.0008356158349343706 5158
0.03007316777028205 0.000936945243677711 5159
0.03007316777028205 0.001046381012230214 5160
0.03007316777028205 0.001164571636941929 5161
0.03007316777028205 0.001292217511602556 5162
0.03007316777028205 0.001430075062922938 5163
0.03007316777028205 0.001578961209800969 5164
0.03007316777028205 0.001739758244719251 5165
0.03007316777028206 0.001913419042969198 5166
0.03007316777028205 0.00210097269019394 5167
0.03007316777028206 0.00230353063927247 5168
0.03007316777028205 0.002522293228240824 5169
0.03007316777028205 0.002758556814951889 5170
0.03007316777028205 0.003013721494810931 5171
0.03007316777028205 0.003289299364520971 5172
0.03007316777028205 0.003586923470452022 5173
0.03007316777028206 0.003908357479700804 5174
0.03007316777028205 0.004255506196689488 5175
0.03007316777028205 0.004630426835077315 5176
0.03007316777028207 0.005035341124316705 5177
0.03007316777028205 0.005472648553571963 5178
0.03007316777028205 0.005944940571786645 5179
0.03007316777028205 0.006455015939055442 5180
0.03007316777028205 0.007005897352521075 5181
0.03007316777028204 0.007600849281163178 5182
0.03007316777028207 0.008243397348877591 5183
0.03007316777028204 0.008937349263397634 5184
0.03007316777028205 0.009686817353161487 5185
0.03007316777028205 0.01049624287276043 5186
0.03007316777028205 0.01137042242050506 5187
0.03007316777028207 0.01231453633798136 5188
0.03007316777028205 0.01333417939040458 5189
0.03007316777028205 0.01443539387837664 5190
0.03007316777028205 0.01562470553421714 5191
0.03007316777028206 0.01690916210325999 5192
0.03007316777028205 0.01829637518188409 5193
0.03007316777028205 0.01979456529529753 5194
0.03007316777028205 0.02141261061703501 5195
0.03007316777028205 0.02316009957282735 5196
0.03007316777028204 0.02504738766014365 5197
0.03007316777028204 0.02708565881053514 5198
0.03007316777028205 0.02928699163221531 5199
0.03007316777028205 0.0316644310697716 5200
0.03007316777028205 0.03423206566161057 5201
0.03007316777028205 0.03700511102124813 5202
0.030093324749637 0.0005744801518658966 5203
0.030093324749637 0.0006549187023411365 5204
0.03009332474963699 0.000741792324259663 5205
0.03009332474963699 0.0008356158349343708 5206
0.03009332474963699 0.000936945243677711 5207
0.03009332474963699 0.001046381012230214 5208
0.030093324749637 0.001164571636941929 5209
0.03009332474963699 0.001292217511602556 5210
0.030093324749637 0.001430075062922938 5211
0.03009332474963699 0.001578961209800969 5212
0.03009332474963699 0.001739758244719251 5213
0.030093324749637 0.001913419042969198 5214
0.03009332474963699 0.00210097269019394 5215
0.030093324749637 0.00230353063927247 5216
0.03009332474963699 0.002522293228240823 5217
0.030093324749637 0.002758556814951889 5218
0.030093324749637 0.003013721494810931 5219
0.03009332474963699 0.003289299364520971 5220
0.03009332474963699 0.003586923470452022 5221
0.03009332474963699 0.003908357479700804 5222
0.03009332474963699 0.004255506196689488 5223
0.030093324749637 0.004630426835077315 5224
0.03009332474963699 0.005035341124316705 5225
0.030093324749637 0.005472648553571963 5226
0.030093324749637 0.005944940571786645 5227
0.03009332474963699 0.00645501593905544 5228
0.03009332474963699 0.007005897352521075 5229
0.030093324749637 0.007600849281163178 5230
0.030093324749637 0.008243397348877593 5231
0.03009332474963699 0.008937349263397633 5232
0.030093324749637 0.009686817353161487 5233
0.03009332474963699 0.01049624287276043 5234
0.03009332474963699 0.01137042242050506 5235
0.030093324749637 0.01231453633798135 5236
0.03009332474963699 0.01333417939040457 5237
0.030093324749637 0.01443539387837665 5238
0.030093324749637 0.01562470553421714 5239
0.030093324749637 0.01690916210325999 5240
0.030093324749637 0.01829637518188409 5241
0.03009332474963699 0.01979456529529753 5242
0.030093324749637 0.02141261061703501 5243
0.030093324749637 0.02316009957282735 5244
0.030093324749637 0.02504738766014365 5245
0.03009332474963699 0.02708565881053514 5246
0.030093324749637 0.02928699163221532 5247
0.030093324749637 0.0316644310697716 5248
0.030093324749637 0.03423206566161057 5249
0.030093324749637 0.03700511102124814 5250
0.03011428801872161 0.0005744801518658966 5251
0.03011428801872162 0.0006549187023411366 5252
0.03011428801872161 0.0007417923242596623 5253
0.03011428801872161 0.0008356158349343706 5254
0.03011428801872162 0.0009369452436777108 5255
0.03011428801872162 0.001046381012230214 5256
0.03011428801872162 0.001164571636941929 5257
0.03011428801872162 0.001292217511602556 5258
0.03011428801872161 0.001430075062922938 5259
0.03011428801872161 0.001578961209800969 5260
0.03011428801872161 0.001739758244719252 5261
0.03011428801872162 0.001913419042969198 5262
0.0301142880187216 0.00210097269019394 5263
0.03011428801872161 0.00230353063927247 5264
0.03011428801872161 0.002522293228240824 5265
0.03011428801872161 0.002758556814951889 5266
0.03011428801872161 0.003013721494810931 5267
0.03011428801872161 0.003289299364520971 5268
0.03011428801872161 0.003586923470452022 5269
0.03011428801872161 0.003908357479700804 5270
0.03011428801872162 0.004255506196689488 5271
0.03011428801872161 0.004630426835077315 5272
0.03011428801872161 0.005035341124316705 5273
0.03011428801872161 0.005472648553571963 5274
0.03011428801872162 0.005944940571786645 5275
0.03011428801872161 0.006455015939055439 5276
0.03011428801872161 0.007005897352521074 5277
0.03011428801872162 0.007600849281163179 5278
0.03011428801872162 0.008243397348877588 5279
0.03011428801872161 0.008937349263397634 5280
0.03011428801872161 0.009686817353161488 5281
0.03011428801872161 0.01049624287276043 5282
0.03011428801872161 0.01137042242050506 5283
0.03011428801872161 0.01231453633798136 5284
0.03011428801872161 0.01333417939040457 5285
0.03011428801872161 0.01443539387837664 5286
0.03011428801872161 0.01562470553421714 5287
0.03011428801872161 0.01690916210325999 5288
0.0301142880187216 0.01829637518188409 5289
0.03011428801872162 0.01979456529529754 5290
0.03011428801872162 0.02141261061703501 5291
0.03011428801872161 0.02316009957282735 5292
0.03011428801872162 0.02504738766014364 5293
0.03011428801872161 0.02708565881053514 5294
0.03011428801872161 0.02928699163221531 5295
0.03011428801872161 0.0316644310697716 5296
0.03011428801872161 0.03423206566161057 5297
0.03011428801872161 0.03700511102124814 5298
0.03013608982379724 0.0005744801518658966 5299
0.03013608982379723 0.0006549187023411366 5300
0.03013608982379724 0.0007417923242596629 5301
0.03013608982379723 0.0008356158349343707 5302
0.03013608982379724 0.000936945243677711 5303
0.03013608982379723 0.001046381012230214 5304
0.03013608982379723 0.001164571636941929 5305
0.03013608982379724 0.001292217511602556 5306
0.03013608982379724 0.001430075062922938 5307
0.03013608982379723 0.001578961209800969 5308
0.03013608982379723 0.001739758244719251 5309
0.03013608982379723 0.001913419042969198 5310
0.03013608982379724 0.00210097269019394 5311
0.03013608982379723 0.00230353063927247 5312
0.03013608982379724 0.002522293228240823 5313
0.03013608982379724 0.002758556814951889 5314
0.03013608982379724 0.003013721494810931 5315
0.03013608982379723 0.003289299364520971 5316
0.03013608982379723 0.003586923470452022 5317
0.03013608982379724 0.003908357479700804 5318
0.03013608982379724 0.004255506196689488 5319
0.03013608982379724 0.004630426835077315 5320
0.03013608982379723 0.005035341124316705 5321
0.03013608982379724 0.005472648553571963 5322
0.03013608982379724 0.005944940571786645 5323
0.03013608982379724 0.006455015939055442 5324
0.03013608982379724 0.007005897352521075 5325
0.03013608982379723 0.007600849281163178 5326
0.03013608982379723 0.008243397348877591 5327
0.03013608982379725 0.008937349263397634 5328
0.03013608982379724 0.009686817353161487 5329
0.03013608982379723 0.01049624287276043 5330
0.03013608982379724 0.01137042242050506 5331
0.03013608982379724 0.01231453633798136 5332
0.03013608982379723 0.01333417939040458 5333
0.03013608982379723 0.01443539387837664 5334
0.03013608982379724 0.01562470553421714 5335
0.03013608982379724 0.01690916210325999 5336
0.03013608982379724 0.01829637518188409 5337
0.03013608982379724 0.01979456529529754 5338
0.03013608982379724 0.02141261061703501 5339
0.03013608982379723 0.02316009957282735 5340
0.03013608982379724 0.02504738766014365 5341
0.03013608982379724 0.02708565881053514 5342
0.03013608982379724 0.02928699163221532 5343
0.03013608982379724 0.0316644310697716 5344
0.03013608982379724 0.03423206566161056 5345
0.03013608982379724 0.03700511102124814 5346
0.03015876370501663 0.0005744801518658966 5347
0.03015876370501663 0.0006549187023411366 5348
0.03015876370501664 0.0007417923242596629 5349
0.03015876370501665 0.0008356158349343706 5350
0.03015876370501664 0.000936945243677711 5351
0.03015876370501664 0.001046381012230214 5352
0.03015876370501664 0.001164571636941929 5353
0.03015876370501664 0.001292217511602556 5354
0.03015876370501664 0.001430075062922938 5355
0.03015876370501664 0.001578961209800969 5356
0.03015876370501663 0.001739758244719251 5357
0.03015876370501664 0.001913419042969198 5358
0.03015876370501664 0.00210097269019394 5359
0.03015876370501664 0.00230353063927247 5360
0.03015876370501664 0.002522293228240823 5361
0.03015876370501663 0.002758556814951889 5362
0.03015876370501664 0.003013721494810931 5363
0.03015876370501664 0.003289299364520971 5364
0.03015876370501664 0.003586923470452022 5365
0.03015876370501664 0.003908357479700804 5366
0.03015876370501664 0.004255506196689488 5367
0.03015876370501664 0.004630426835077315 5368
0.03015876370501664 0.005035341124316705 5369
0.03015876370501664 0.005472648553571963 5370
0.03015876370501664 0.005944940571786645 5371
0.03015876370501665 0.006455015939055441 5372
0.03015876370501664 0.007005897352521075 5373
0.03015876370501664 0.007600849281163178 5374
0.03015876370501664 0.008243397348877591 5375
0.03015876370501664 0.008937349263397633 5376
0.03015876370501665 0.009686817353161487 5377
0.03015876370501664 0.01049624287276043 5378
0.03015876370501664 0.01137042242050506 5379
0.03015876370501664 0.01231453633798135 5380
0.03015876370501664 0.01333417939040457 5381
0.03015876370501664 0.01443539387837664 5382
0.03015876370501663 0.01562470553421714 5383
0.03015876370501664 0.01690916210325998 5384
0.03015876370501664 0.01829637518188409 5385
0.03015876370501664 0.01979456529529753 5386
0.03015876370501664 0.02141261061703501 5387
0.03015876370501664 0.02316009957282735 5388
0.03015876370501664 0.02504738766014365 5389
0.03015876370501664 0.02708565881053514 5390
0.03015876370501664 0.02928699163221531 5391
0.03015876370501664 0.0316644310697716 5392
0.03015876370501664 0.03423206566161057 5393
0.03015876370501664 0.03700511102124814 5394
0.03018234454235753 0.0005744801518658966 5395
0.03018234454235753 0.0006549187023411366 5396
0.03018234454235754 0.0007417923242596625 5397
0.03018234454235753 0.0008356158349343706 5398
0.03018234454235754 0.0009369452436777108 5399
0.03018234454235753 0.001046381012230214 5400
0.03018234454235753 0.001164571636941929 5401
0.03018234454235753 0.001292217511602556 5402
0.03018234454235753 0.001430075062922938 5403
0.03018234454235754 0.001578961209800969 5404
0.03018234454235754 0.001739758244719251 5405
0.03018234454235753 0.001913419042969198 5406
0.03018234454235753 0.00210097269019394 5407
0.03018234454235754 0.00230353063927247 5408
0.03018234454235754 0.002522293228240824 5409
0.03018234454235754 0.002758556814951889 5410
0.03018234454235754 0.003013721494810931 5411
0.03018234454235753 0.003289299364520971 5412
0.03018234454235753 0.003586923470452022 5413
0.03018234454235753 0.003908357479700804 5414
0.03018234454235753 0.004255506196689489 5415
0.03018234454235753 0.004630426835077315 5416
0.03018234454235754 0.005035341124316706 5417
0.03018234454235753 0.005472648553571963 5418
0.03018234454235754 0.005944940571786645 5419
0.03018234454235753 0.006455015939055442 5420
0.03018234454235753 0.007005897352521076 5421
0.03018234454235754 0.007600849281163178 5422
0.03018234454235753 0.008243397348877593 5423
0.03018234454235753 0.008937349263397634 5424
0.03018234454235754 0.009686817353161487 5425
0.03018234454235753 0.01049624287276043 5426
0.03018234454235754 0.01137042242050506 5427
0.03018234454235754 0.01231453633798136 5428
0.03018234454235753 0.01333417939040457 5429
0.03018234454235753 0.01443539387837664 5430
0.03018234454235753 0.01562470553421714 5431
0.03018234454235753 0.01690916210325999 5432
0.03018234454235754 0.01829637518188409 5433
0.03018234454235754 0.01979456529529754 5434
0.03018234454235753 0.02141261061703501 5435
0.03018234454235753 0.02316009957282735 5436
0.03018234454235753 0.02504738766014365 5437
0.03018234454235754 0.02708565881053513 5438
0.03018234454235753 0.02928699163221531 5439
0.03018234454235754 0.0316644310697716 5440
0.03018234454235753 0.03423206566161058 5441
0.03018234454235754 0.03700511102124814 5442
0.03020686860316048 0.0005744801518658966 5443
0.03020686860316049 0.0006549187023411366 5444
0.03020686860316048 0.0007417923242596628 5445
0.03020686860316049 0.0008356158349343707 5446
0.03020686860316049 0.000936945243677711 5447
0.03020686860316048 0.001046381012230214 5448
0.03020686860316048 0.001164571636941929 5449
0.03020686860316049 0.001292217511602556 5450
0.03020686860316048 0.001430075062922938 5451
0.03020686860316049 0.001578961209800969 5452
0.03020686860316048 0.001739758244719251 5453
0.03020686860316048 0.001913419042969198 5454
0.03020686860316048 0.002100972690193939 5455
0.03020686860316049 0.00230353063927247 5456
0.03020686860316048 0.002522293228240823 5457
0.03020686860316048 0.002758556814951889 5458
0.03020686860316049 0.003013721494810931 5459
0.03020686860316048 0.003289299364520971 5460
0.03020686860316048 0.003586923470452022 5461
0.03020686860316048 0.003908357479700804 5462
0.03020686860316048 0.004255506196689488 5463
0.03020686860316048 0.004630426835077315 5464
0.03020686860316048 0.005035341124316705 5465
0.03020686860316048 0.005472648553571963 5466
0.03020686860316048 0.005944940571786644 5467
0.03020686860316048 0.006455015939055442 5468
0.03020686860316048 0.007005897352521076 5469
0.03020686860316048 0.007600849281163179 5470
0.03020686860316048 0.008243397348877593 5471
0.03020686860316048 0.008937349263397634 5472
0.03020686860316049 0.009686817353161487 5473
0.03020686860316049 0.01049624287276043 5474
0.03020686860316048 0.01137042242050506 5475
0.03020686860316049 0.01231453633798135 5476
0.03020686860316049 0.01333417939040457 5477
0.03020686860316048 0.01443539387837664 5478
0.03020686860316048 0.01562470553421714 5479
0.03020686860316048 0.01690916210325999 5480
0.03020686860316048 0.01829637518188409 5481
0.03020686860316049 0.01979456529529753 5482
0.03020686860316049 0.02141261061703501 5483
0.03020686860316049 0.02316009957282735 5484
0.03020686860316049 0.02504738766014365 5485
0.03020686860316048 0.02708565881053514 5486
0.03020686860316048 0.02928699163221531 5487
0.03020686860316049 0.0316644310697716 5488
0.03020686860316048 0.03423206566161057 5489
0.03020686860316048 0.03700511102124814 5490
0.03023237362531246 0.0005744801518658966 5491
0.03023237362531246 0.0006549187023411368 5492
0.03023237362531246 0.0007417923242596628 5493
0.03023237362531246 0.0008356158349343706 5494
0.03023237362531246 0.000936945243677711 5495
0.03023237362531246 0.001046381012230214 5496
0.03023237362531245 0.001164571636941929 5497
0.03023237362531246 0.001292217511602556 5498
0.03023237362531246 0.001430075062922938 5499
0.03023237362531245 0.001578961209800969 5500
0.03023237362531246 0.001739758244719251 5501
0.03023237362531246 0.001913419042969198 5502
0.03023237362531246 0.00210097269019394 5503
0.03023237362531246 0.00230353063927247 5504
0.03023237362531245 0.002522293228240824 5505
0.03023237362531246 0.002758556814951889 5506
0.03023237362531246 0.003013721494810931 5507
0.03023237362531246 0.003289299364520971 5508
0.03023237362531246 0.003586923470452022 5509
0.03023237362531246 0.003908357479700804 5510
0.03023237362531245 0.004255506196689488 5511
0.03023237362531246 0.004630426835077315 5512
0.03023237362531246 0.005035341124316706 5513
0.03023237362531246 0.005472648553571964 5514
0.03023237362531246 0.005944940571786645 5515
0.03023237362531246 0.006455015939055442 5516
0.03023237362531246 0.007005897352521075 5517
0.03023237362531246 0.007600849281163178 5518
0.03023237362531245 0.008243397348877593 5519
0.03023237362531246 0.008937349263397633 5520
0.03023237362531246 0.009686817353161487 5521
0.03023237362531246 0.01049624287276043 5522
0.03023237362531245 0.01137042242050506 5523
0.03023237362531247 0.01231453633798136 5524
0.03023237362531247 0.01333417939040458 5525
0.03023237362531246 0.01443539387837664 5526
0.03023237362531245 0.01562470553421714 5527
0.03023237362531246 0.01690916210325999 5528
0.03023237362531246 0.01829637518188409 5529
0.03023237362531246 0.01979456529529754 5530
0.03023237362531245 0.02141261061703501 5531
0.03023237362531246 0.02316009957282735 5532
0.03023237362531245 0.02504738766014365 5533
0.03023237362531246 0.02708565881053513 5534
0.03023237362531246 0.02928699163221531 5535
0.03023237362531245 0.0316644310697716 5536
0.03023237362531245 0.03423206566161057 5537
0.03023237362531246 0.03700511102124814 5538
0.03025889884642938 0.0005744801518658966 5539
0.03025889884642938 0.0006549187023411367 5540
0.03025889884642938 0.0007417923242596624 5541
0.03025889884642939 0.0008356158349343707 5542
0.03025889884642939 0.0009369452436777112 5543
0.03025889884642939 0.001046381012230214 5544
0.03025889884642939 0.001164571636941929 5545
0.03025889884642938 0.001292217511602556 5546
0.03025889884642938 0.001430075062922938 5547
0.03025889884642938 0.001578961209800969 5548
0.03025889884642938 0.001739758244719251 5549
0.03025889884642938 0.001913419042969199 5550
0.03025889884642938 0.00210097269019394 5551
0.03025889884642938 0.00230353063927247 5552
0.03025889884642938 0.002522293228240823 5553
0.03025889884642938 0.002758556814951889 5554
0.03025889884642938 0.003013721494810931 5555
0.03025889884642938 0.003289299364520971 5556
0.03025889884642938 0.003586923470452022 5557
0.03025889884642938 0.003908357479700804 5558
0.03025889884642938 0.004255506196689489 5559
0.03025889884642938 0.004630426835077315 5560
0.03025889884642939 0.005035341124316705 5561
0.03025889884642939 0.005472648553571963 5562
0.03025889884642939 0.005944940571786645 5563
0.03025889884642938 0.006455015939055441 5564
0.03025889884642938 0.007005897352521074 5565
0.03025889884642938 0.007600849281163178 5566
0.03025889884642938 0.008243397348877591 5567
0.03025889884642939 0.008937349263397634 5568
0.03025889884642938 0.009686817353161487 5569
0.03025889884642938 0.01049624287276043 5570
0.03025889884642938 0.01137042242050506 5571
0.03025889884642938 0.01231453633798135 5572
0.03025889884642938 0.01333417939040457 5573
0.03025889884642938 0.01443539387837664 5574
0.03025889884642938 0.01562470553421714 5575
0.03025889884642938 0.01690916210325999 5576
0.03025889884642938 0.01829637518188409 5577
0.03025889884642938 0.01979456529529754 5578
0.03025889884642938 0.02141261061703501 5579
0.03025889884642938 0.02316009957282734 5580
0.03025889884642939 0.02504738766014365 5581
0.03025889884642938 0.02708565881053514 5582
0.03025889884642939 0.02928699163221532 5583
0.03025889884642938 0.0316644310697716 5584
0.03025889884642938 0.03423206566161056 5585
0.03025889884642939 0.03700511102124814 5586
0.03028648509384047 0.0005744801518658966 5587
0.03028648509384047 0.0006549187023411366 5588
0.03028648509384048 0.0007417923242596628 5589
0.03028648509384048 0.0008356158349343708 5590
0.03028648509384047 0.0009369452436777109 5591
0.03028648509384047 0.001046381012230214 5592
0.03028648509384047 0.001164571636941929 5593
0.03028648509384048 0.001292217511602556 5594
0.03028648509384047 0.001430075062922938 5595
0.03028648509384046 0.001578961209800969 5596
0.03028648509384047 0.001739758244719251 5597
0.03028648509384048 0.001913419042969198 5598
0.03028648509384047 0.00210097269019394 5599
0.03028648509384047 0.00230353063927247 5600
0.03028648509384048 0.002522293228240823 5601
0.03028648509384046 0.002758556814951889 5602
0.03028648509384047 0.003013721494810931 5603
0.03028648509384048 0.003289299364520971 5604
0.03028648509384047 0.003586923470452022 5605
0.03028648509384047 0.003908357479700804 5606
0.03028648509384047 0.004255506196689488 5607
0.03028648509384047 0.004630426835077315 5608
0.03028648509384047 0.005035341124316705 5609
0.03028648509384047 0.005472648553571963 5610
0.03028648509384047 0.005944940571786646 5611
0.03028648509384047 0.006455015939055442 5612
0.03028648509384047 0.007005897352521076 5613
0.03028648509384048 0.007600849281163178 5614
0.03028648509384047 0.008243397348877591 5615
0.03028648509384047 0.008937349263397633 5616
0.03028648509384048 0.009686817353161487 5617
0.03028648509384047 0.01049624287276043 5618
0.03028648509384048 0.01137042242050506 5619
0.03028648509384047 0.01231453633798136 5620
0.03028648509384048 0.01333417939040457 5621
0.03028648509384047 0.01443539387837664 5622
0.03028648509384047 0.01562470553421714 5623
0.03028648509384047 0.01690916210325998 5624
0.03028648509384048 0.01829637518188409 5625
0.03028648509384047 0.01979456529529753 5626
0.03028648509384047 0.02141261061703501 5627
0.03028648509384047 0.02316009957282735 5628
0.03028648509384047 0.02504738766014365 5629
0.03028648509384047 0.02708565881053514 5630
0.03028648509384047 0.02928699163221531 5631
0.03028648509384047 0.0316644310697716 5632
0.03028648509384047 0.03423206566161057 5633
0.03028648509384047 0.03700511102124813 5634
0.0303151747964863 0.0005744801518658967 5635
0.03031517479648631 0.0006549187023411366 5636
0.03031517479648631 0.0007417923242596629 5637
0.0303151747964863 0.0008356158349343707 5638
0.0303151747964863 0.000936945243677711 5639
0.0303151747964863 0.001046381012230214 5640
0.0303151747964863 0.001164571636941929 5641
0.03031517479648631 0.001292217511602556 5642
0.03031517479648631 0.001430075062922938 5643
0.03031517479648631 0.001578961209800969 5644
0.0303151747964863 0.001739758244719251 5645
0.0303151747964863 0.001913419042969198 5646
0.0303151747964863 0.00210097269019394 5647
0.0303151747964863 0.00230353063927247 5648
0.0303151747964863 0.002522293228240824 5649
0.03031517479648631 0.002758556814951889 5650
0.0303151747964863 0.003013721494810931 5651
0.03031517479648631 0.003289299364520971 5652
0.0303151747964863 0.003586923470452022 5653
0.0303151747964863 0.003908357479700804 5654
0.0303151747964863 0.004255506196689488 5655
0.03031517479648631 0.004630426835077314 5656
0.03031517479648631 0.005035341124316705 5657
0.03031517479648631 0.005472648553571963 5658
0.0303151747964863 0.005944940571786645 5659
0.03031517479648631 0.006455015939055442 5660
0.03031517479648629 0.007005897352521076 5661
0.03031517479648631 0.007600849281163178 5662
0.0303151747964863 0.008243397348877591 5663
0.0303151747964863 0.008937349263397633 5664
0.03031517479648631 0.009686817353161488 5665
0.0303151747964863 0.01049624287276043 5666
0.03031517479648631 0.01137042242050506 5667
0.03031517479648631 0.01231453633798135 5668
0.03031517479648631 0.01333417939040457 5669
0.03031517479648631 0.01443539387837664 5670
0.03031517479648631 0.01562470553421714 5671
0.03031517479648629 0.01690916210325999 5672
0.03031517479648631 0.01829637518188409 5673
0.0303151747964863 0.01979456529529753 5674
0.03031517479648631 0.02141261061703502 5675
0.0303151747964863 0.02316009957282735 5676
0.03031517479648631 0.02504738766014365 5677
0.0303151747964863 0.02708565881053514 5678
0.03031517479648631 0.02928699163221531 5679
0.0303151747964863 0.0316644310697716 5680
0.03031517479648631 0.03423206566161057 5681
0.0303151747964863 0.03700511102124813 5682
0.03034501208049492 0.0005744801518658966 5683
0.03034501208049492 0.0006549187023411366 5684
0.03034501208049492 0.0007417923242596628 5685
0.03034501208049492 0.0008356158349343707 5686
0.03034501208049492 0.000936945243677711 5687
0.03034501208049493 0.001046381012230214 5688
0.03034501208049492 0.001164571636941929 5689
0.03034501208049493 0.001292217511602556 5690
0.03034501208049492 0.001430075062922938 5691
0.03034501208049492 0.001578961209800969 5692
0.03034501208049491 0.001739758244719251 5693
0.03034501208049492 0.001913419042969198 5694
0.03034501208049492 0.002100972690193939 5695
0.03034501208049492 0.00230353063927247 5696
0.03034501208049493 0.002522293228240823 5697
0.03034501208049492 0.002758556814951889 5698
0.03034501208049492 0.003013721494810931 5699
0.03034501208049492 0.003289299364520971 5700
0.03034501208049492 0.003586923470452022 5701
0.03034501208049492 0.003908357479700804 5702
0.03034501208049492 0.004255506196689488 5703
0.03034501208049492 0.004630426835077315 5704
0.03034501208049493 0.005035341124316705 5705
0.03034501208049493 0.005472648553571963 5706
0.03034501208049492 0.005944940571786644 5707
0.03034501208049492 0.006455015939055441 5708
0.03034501208049492 0.007005897352521075 5709
0.03034501208049492 0.007600849281163178 5710
0.03034501208049491 0.008243397348877591 5711
0.03034501208049492 0.008937349263397636 5712
0.03034501208049492 0.009686817353161487 5713
0.03034501208049492 0.01049624287276043 5714
0.03034501208049492 0.01137042242050506 5715
0.03034501208049492 0.01231453633798135 5716
0.03034501208049492 0.01333417939040457 5717
0.03034501208049493 0.01443539387837664 5718
0.03034501208049492 0.01562470553421714 5719
0.03034501208049493 0.01690916210325998 5720
0.03034501208049492 0.01829637518188409 5721
0.03034501208049492 0.01979456529529754 5722
0.03034501208049491 0.02141261061703501 5723
0.03034501208049493 0.02316009957282735 5724
0.03034501208049493 0.02504738766014365 5725
0.03034501208049493 0.02708565881053514 5726
0.03034501208049492 0.02928699163221531 5727
0.03034501208049493 0.0316644310697716 5728
0.03034501208049493 0.03423206566161057 5729
0.03034501208049492 0.03700511102124813 5730
0.03037604285254422 0.0005744801518658969 5731
0.03037604285254422 0.0006549187023411366 5732
0.03037604285254423 0.0007417923242596629 5733
0.03037604285254422 0.0008356158349343706 5734
0.03037604285254422 0.0009369452436777108 5735
0.03037604285254422 0.001046381012230213 5736
0.03037604285254422 0.001164571636941929 5737
0.03037604285254423 0.001292217511602556 5738
0.03037604285254422 0.001430075062922938 5739
0.03037604285254422 0.001578961209800969 5740
0.03037604285254421 0.001739758244719251 5741
0.03037604285254423 0.001913419042969198 5742
0.03037604285254422 0.00210097269019394 5743
0.03037604285254422 0.00230353063927247 5744
0.03037604285254422 0.002522293228240823 5745
0.03037604285254422 0.002758556814951889 5746
0.03037604285254422 0.003013721494810931 5747
0.03037604285254422 0.00328929936452097 5748
0.03037604285254422 0.003586923470452022 5749
0.03037604285254422 0.003908357479700804 5750
0.03037604285254421 0.004255506196689488 5751
0.03037604285254422 0.004630426835077315 5752
0.03037604285254422 0.005035341124316706 5753
0.03037604285254422 0.005472648553571963 5754
0.03037604285254422 0.005944940571786645 5755
0.03037604285254422 0.006455015939055441 5756
0.03037604285254421 0.007005897352521076 5757
0.03037604285254423 0.007600849281163178 5758
0.03037604285254423 0.008243397348877591 5759
0.03037604285254422 0.008937349263397634 5760
0.03037604285254421 0.009686817353161487 5761
0.03037604285254421 0.01049624287276043 5762
0.03037604285254422 0.01137042242050506 5763
0.03037604285254422 0.01231453633798136 5764
0.03037604285254422 0.01333417939040458 5765
0.03037604285254421 0.01443539387837664 5766
0.03037604285254423 0.01562470553421714 5767
0.03037604285254421 0.01690916210325999 5768
0.03037604285254422 0.01829637518188409 5769
0.03037604285254422 0.01979456529529754 5770
0.03037604285254423 0.02141261061703501 5771
0.03037604285254421 0.02316009957282735 5772
0.03037604285254423 0.02504738766014365 5773
0.03037604285254421 0.02708565881053513 5774
0.03037604285254421 0.02928699163221532 5775
0.03037604285254423 0.0316644310697716 5776
0.03037604285254421 0.03423206566161057 5777
0.03037604285254422 0.03700511102124814 5778
0.0304083148484234 0.0005744801518658967 5779
0.03040831484842341 0.0006549187023411366 5780
0.03040831484842341 0.0007417923242596629 5781
0.0304083148484234 0.0008356158349343706 5782
0.0304083148484234 0.0009369452436777108 5783
0.0304083148484234 0.001046381012230214 5784
0.0304083148484234 0.001164571636941929 5785
0.0304083148484234 0.001292217511602556 5786
0.03040831484842341 0.001430075062922938 5787
0.0304083148484234 0.001578961209800969 5788
0.0304083148484234 0.001739758244719252 5789
0.0304083148484234 0.001913419042969198 5790
0.0304083148484234 0.00210097269019394 5791
0.0304083148484234 0.00230353063927247 5792
0.03040831484842341 0.002522293228240824 5793
0.03040831484842341 0.002758556814951889 5794
0.0304083148484234 0.003013721494810931 5795
0.0304083148484234 0.003289299364520971 5796
0.0304083148484234 0.003586923470452022 5797
0.03040831484842341 0.003908357479700804 5798
0.03040831484842341 0.004255506196689488 5799
0.0304083148484234 0.004630426835077315 5800
0.0304083148484234 0.005035341124316705 5801
0.03040831484842341 0.005472648553571964 5802
0.03040831484842341 0.005944940571786645 5803
0.0304083148484234 0.006455015939055439 5804
0.0304083148484234 0.007005897352521076 5805
0.03040831484842341 0.007600849281163178 5806
0.0304083148484234 0.008243397348877593 5807
0.03040831484842341 0.008937349263397633 5808
0.03040831484842341 0.009686817353161488 5809
0.03040831484842341 0.01049624287276043 5810
0.03040831484842341 0.01137042242050506 5811
0.03040831484842341 0.01231453633798136 5812
0.03040831484842341 0.01333417939040457 5813
0.03040831484842339 0.01443539387837664 5814
0.0304083148484234 0.01562470553421714 5815
0.0304083148484234 0.01690916210325999 5816
0.03040831484842341 0.01829637518188408 5817
0.03040831484842341 0.01979456529529753 5818
0.03040831484842341 0.02141261061703502 5819
0.03040831484842341 0.02316009957282735 5820
0.03040831484842341 0.02504738766014365 5821
0.0304083148484234 0.02708565881053514 5822
0.03040831484842341 0.02928699163221532 5823
0.03040831484842341 0.0316644310697716 5824
0.0304083148484234 0.03423206566161056 5825
0.0304083148484234 0.03700511102124814 5826
0.03044187772615334 0.0005744801518658966 5827
0.03044187772615334 0.0006549187023411366 5828
0.03044187772615334 0.0007417923242596629 5829
0.03044187772615334 0.0008356158349343707 5830
0.03044187772615334 0.000936945243677711 5831
0.03044187772615334 0.001046381012230214 5832
0.03044187772615333 0.001164571636941929 5833
0.03044187772615334 0.001292217511602556 5834
0.03044187772615334 0.001430075062922938 5835
0.03044187772615334 0.001578961209800969 5836
0.03044187772615334 0.001739758244719251 5837
0.03044187772615333 0.001913419042969198 5838
0.03044187772615334 0.002100972690193939 5839
0.03044187772615334 0.00230353063927247 5840
0.03044187772615333 0.002522293228240823 5841
0.03044187772615334 0.002758556814951889 5842
0.03044187772615334 0.003013721494810931 5843
0.03044187772615334 0.003289299364520971 5844
0.03044187772615334 0.003586923470452022 5845
0.03044187772615333 0.003908357479700804 5846
0.03044187772615333 0.004255506196689488 5847
0.03044187772615333 0.004630426835077315 5848
0.03044187772615334 0.005035341124316705 5849
0.03044187772615334 0.005472648553571963 5850
0.03044187772615334 0.005944940571786645 5851
0.03044187772615334 0.006455015939055441 5852
0.03044187772615333 0.007005897352521075 5853
0.03044187772615334 0.007600849281163178 5854
0.03044187772615333 0.008243397348877591 5855
0.03044187772615334 0.008937349263397633 5856
0.03044187772615334 0.009686817353161488 5857
0.03044187772615334 0.01049624287276043 5858
0.03044187772615334 0.01137042242050506 5859
0.03044187772615334 0.01231453633798135 5860
0.03044187772615333 0.01333417939040457 5861
0.03044187772615334 0.01443539387837664 5862
0.03044187772615334 0.01562470553421714 5863
0.03044187772615334 0.01690916210325999 5864
0.03044187772615334 0.01829637518188409 5865
0.03044187772615333 0.01979456529529753 5866
0.03044187772615334 0.02141261061703501 5867
0.03044187772615334 0.02316009957282735 5868
0.03044187772615333 0.02504738766014365 5869
0.03044187772615334 0.02708565881053514 5870
0.03044187772615334 0.02928699163221531 5871
0.03044187772615334 0.0316644310697716 5872
0.03044187772615334 0.03423206566161057 5873
0.03044187772615334 0.03700511102124814 5874
0.03047678312725952 0.0005744801518658966 5875
0.03047678312725952 0.0006549187023411366 5876
0.03047678312725952 0.0007417923242596628 5877
0.03047678312725952 0.0008356158349343708 5878
0.03047678312725952 0.000936945243677711 5879
0.03047678312725952 0.001046381012230214 5880
0.03047678312725952 0.001164571636941929 5881
0.03047678312725952 0.001292217511602556 5882
0.03047678312725952 0.001430075062922938 5883
0.03047678312725952 0.001578961209800969 5884
0.03047678312725951 0.001739758244719251 5885
0.03047678312725951 0.001913419042969198 5886
0.03047678312725952 0.002100972690193939 5887
0.03047678312725952 0.00230353063927247 5888
0.03047678312725952 0.002522293228240824 5889
0.03047678312725952 0.002758556814951889 5890
0.03047678312725952 0.003013721494810931 5891
0.03047678312725951 0.003289299364520971 5892
0.03047678312725952 0.003586923470452022 5893
0.03047678312725952 0.003908357479700804 5894
0.03047678312725953 0.004255506196689489 5895
0.03047678312725952 0.004630426835077315 5896
0.03047678312725952 0.005035341124316704 5897
0.03047678312725952 0.005472648553571963 5898
0.03047678312725952 0.005944940571786645 5899
0.03047678312725952 0.006455015939055441 5900
0.03047678312725952 0.007005897352521075 5901
0.03047678312725952 0.007600849281163178 5902
0.03047678312725952 0.008243397348877591 5903
0.03047678312725952 0.008937349263397633 5904
0.03047678312725952 0.009686817353161487 5905
0.03047678312725952 0.01049624287276044 5906
0.03047678312725951 0.01137042242050506 5907
0.03047678312725951 0.01231453633798135 5908
0.03047678312725952 0.01333417939040458 5909
0.03047678312725952 0.01443539387837664 5910
0.03047678312725951 0.01562470553421714 5911
0.03047678312725953 0.01690916210325999 5912
0.03047678312725951 0.01829637518188409 5913
0.03047678312725952 0.01979456529529753 5914
0.03047678312725952 0.02141261061703501 5915
0.03047678312725951 0.02316009957282735 5916
0.03047678312725952 0.02504738766014365 5917
0.03047678312725951 0.02708565881053514 5918
0.03047678312725953 0.02928699163221531 5919
0.03047678312725952 0.03166443106977159 5920
0.03047678312725952 0.03423206566161057 5921
0.03047678312725951 0.03700511102124814 5922
0.0305130847517922 0.0005744801518658966 5923
0.03051308475179219 0.0006549187023411366 5924
0.0305130847517922 0.0007417923242596629 5925
0.03051308475179219 0.0008356158349343706 5926
0.03051308475179219 0.000936945243677711 5927
0.0305130847517922 0.001046381012230214 5928
0.0305130847517922 0.001164571636941929 5929
0.03051308475179219 0.001292217511602556 5930
0.0305130847517922 0.001430075062922938 5931
0.0305130847517922 0.001578961209800969 5932
0.0305130847517922 0.001739758244719251 5933
0.03051308475179219 0.001913419042969199 5934
0.03051308475179219 0.00210097269019394 5935
0.0305130847517922 0.00230353063927247 5936
0.0305130847517922 0.002522293228240823 5937
0.0305130847517922 0.002758556814951889 5938
0.03051308475179219 0.003013721494810931 5939
0.03051308475179219 0.003289299364520971 5940
0.0305130847517922 0.003586923470452022 5941
0.0305130847517922 0.003908357479700804 5942
0.03051308475179219 0.004255506196689488 5943
0.0305130847517922 0.004630426835077315 5944
0.0305130847517922 0.005035341124316705 5945
0.0305130847517922 0.005472648553571962 5946
0.03051308475179219 0.005944940571786645 5947
0.0305130847517922 0.006455015939055441 5948
0.0305130847517922 0.007005897352521076 5949
0.03051308475179219 0.007600849281163178 5950
0.0305130847517922 0.008243397348877591 5951
0.03051308475179219 0.008937349263397633 5952
0.03051308475179219 0.009686817353161487 5953
0.03051308475179219 0.01049624287276043 5954
0.03051308475179219 0.01137042242050506 5955
0.0305130847517922 0.01231453633798135 5956
0.03051308475179219 0.01333417939040457 5957
0.0305130847517922 0.01443539387837664 5958
0.0305130847517922 0.01562470553421714 5959
0.0305130847517922 0.01690916210325998 5960
0.03051308475179219 0.01829637518188409 5961
0.03051308475179219 0.01979456529529753 5962
0.03051308475179219 0.02141261061703501 5963
0.03051308475179219 0.02316009957282735 5964
0.03051308475179219 0.02504738766014365 5965
0.0305130847517922 0.02708565881053514 5966
0.03051308475179219 0.02928699163221531 5967
0.03051308475179219 0.0316644310697716 5968
0.03051308475179219 0.03423206566161057 5969
0.0305130847517922 0.03700511102124814 5970
0.0305508384314062 0.0005744801518658966 5971
0.0305508384314062 0.0006549187023411366 5972
0.03055083843140619 0.0007417923242596628 5973
0.0305508384314062 0.0008356158349343706 5974
0.0305508384314062 0.000936945243677711 5975
0.0305508384314062 0.001046381012230214 5976
0.0305508384314062 0.001164571636941929 5977
0.0305508384314062 0.001292217511602556 5978
0.0305508384314062 0.001430075062922938 5979
0.0305508384314062 0.001578961209800969 5980
0.0305508384314062 0.001739758244719251 5981
0.0305508384314062 0.001913419042969198 5982
0.0305508384314062 0.00210097269019394 5983
0.03055083843140619 0.00230353063927247 5984
0.0305508384314062 0.002522293228240824 5985
0.03055083843140619 0.002758556814951889 5986
0.0305508384314062 0.003013721494810931 5987
0.03055083843140619 0.003289299364520971 5988
0.0305508384314062 0.003586923470452022 5989
0.03055083843140621 0.003908357479700804 5990
0.03055083843140619 0.004255506196689488 5991
0.03055083843140619 0.004630426835077315 5992
0.0305508384314062 0.005035341124316705 5993
0.0305508384314062 0.005472648553571963 5994
0.0305508384314062 0.005944940571786645 5995
0.0305508384314062 0.006455015939055441 5996
0.0305508384314062 0.007005897352521075 5997
0.0305508384314062 0.007600849281163178 5998
0.03055083843140619 0.008243397348877591 5999
0.03055083843140621 0.008937349263397633 6000
0.0305508384314062 0.009686817353161488 6001
0.0305508384314062 0.01049624287276043 6002
0.03055083843140619 0.01137042242050506 6003
0.0305508384314062 0.01231453633798136 6004
0.03055083843140619 0.01333417939040457 6005
0.0305508384314062 0.01443539387837664 6006
0.03055083843140619 0.01562470553421714 6007
0.03055083843140619 0.01690916210325999 6008
0.0305508384314062 0.01829637518188409 6009
0.0305508384314062 0.01979456529529753 6010
0.0305508384314062 0.02141261061703501 6011
0.0305508384314062 0.02316009957282735 6012
0.03055083843140619 0.02504738766014365 6013
0.03055083843140621 0.02708565881053514 6014
0.0305508384314062 0.02928699163221532 6015
0.0305508384314062 0.0316644310697716 6016
0.0305508384314062 0.03423206566161057 6017
0.03055083843140619 0.03700511102124814 6018
0.03059010224860197 0.0005744801518658966 6019
0.03059010224860198 0.0006549187023411366 6020
0.03059010224860197 0.0007417923242596629 6021
0.03059010224860197 0.0008356158349343706 6022
0.03059010224860197 0.000936945243677711 6023
0.03059010224860197 0.001046381012230213 6024
0.03059010224860197 0.001164571636941929 6025
0.03059010224860197 0.001292217511602556 6026
0.03059010224860197 0.001430075062922938 6027
0.03059010224860198 0.001578961209800969 6028
0.03059010224860197 0.001739758244719251 6029
0.03059010224860197 0.001913419042969198 6030
0.03059010224860197 0.00210097269019394 6031
0.03059010224860197 0.00230353063927247 6032
0.03059010224860197 0.002522293228240824 6033
0.03059010224860197 0.002758556814951889 6034
0.03059010224860197 0.003013721494810931 6035
0.03059010224860197 0.003289299364520971 6036
0.03059010224860197 0.003586923470452022 6037
0.03059010224860197 0.003908357479700804 6038
0.03059010224860197 0.004255506196689488 6039
0.03059010224860197 0.004630426835077315 6040
0.03059010224860198 0.005035341124316706 6041
0.03059010224860197 0.005472648553571963 6042
0.03059010224860198 0.005944940571786645 6043
0.03059010224860197 0.006455015939055441 6044
0.03059010224860197 0.007005897352521076 6045
0.03059010224860197 0.007600849281163178 6046
0.03059010224860197 0.008243397348877591 6047
0.03059010224860197 0.008937349263397634 6048
0.03059010224860197 0.009686817353161487 6049
0.03059010224860197 0.01049624287276043 6050
0.03059010224860197 0.01137042242050506 6051
0.03059010224860197 0.01231453633798136 6052
0.03059010224860198 0.01333417939040457 6053
0.03059010224860197 0.01443539387837664 6054
0.03059010224860197 0.01562470553421714 6055
0.03059010224860197 0.01690916210325999 6056
0.03059010224860197 0.01829637518188409 6057
0.03059010224860197 0.01979456529529753 6058
0.03059010224860197 0.02141261061703501 6059
0.03059010224860197 0.02316009957282735 6060
0.03059010224860197 0.02504738766014365 6061
0.03059010224860198 0.02708565881053514 6062
0.03059010224860197 0.02928699163221531 6063
0.03059010224860197 0.0316644310697716 6064
0.03059010224860197 0.03423206566161057 6065
0.03059010224860197 0.03700511102124814 6066
0.03063093661309358 0.0005744801518658966 6067
0.03063093661309358 0.0006549187023411366 6068
0.03063093661309358 0.0007417923242596629 6069
0.03063093661309358 0.0008356158349343706 6070
0.03063093661309358 0.000936945243677711 6071
0.03063093661309358 0.001046381012230214 6072
0.03063093661309357 0.001164571636941929 6073
0.03063093661309357 0.001292217511602556 6074
0.03063093661309358 0.001430075062922938 6075
0.03063093661309357 0.001578961209800969 6076
0.03063093661309358 0.001739758244719251 6077
0.03063093661309358 0.001913419042969198 6078
0.03063093661309357 0.00210097269019394 6079
0.03063093661309358 0.00230353063927247 6080
0.03063093661309357 0.002522293228240823 6081
0.03063093661309357 0.002758556814951889 6082
0.03063093661309358 0.003013721494810931 6083
0.03063093661309358 0.003289299364520971 6084
0.03063093661309358 0.003586923470452022 6085
0.03063093661309357 0.003908357479700804 6086
0.03063093661309358 0.004255506196689486 6087
0.03063093661309358 0.004630426835077316 6088
0.03063093661309357 0.005035341124316705 6089
0.03063093661309358 0.005472648553571964 6090
0.03063093661309357 0.005944940571786645 6091
0.03063093661309357 0.006455015939055442 6092
0.03063093661309358 0.007005897352521076 6093
0.03063093661309358 0.007600849281163179 6094
0.03063093661309358 0.008243397348877591 6095
0.03063093661309357 0.008937349263397634 6096
0.03063093661309358 0.009686817353161487 6097
0.03063093661309357 0.01049624287276043 6098
0.03063093661309358 0.01137042242050506 6099
0.03063093661309357 0.01231453633798135 6100
0.03063093661309358 0.01333417939040457 6101
0.03063093661309359 0.01443539387837664 6102
0.03063093661309357 0.01562470553421714 6103
0.03063093661309357 0.01690916210325998 6104
0.03063093661309357 0.01829637518188409 6105
0.03063093661309358 0.01979456529529753 6106
0.03063093661309358 0.02141261061703501 6107
0.03063093661309358 0.02316009957282735 6108
0.03063093661309357 0.02504738766014365 6109
0.03063093661309358 0.02708565881053514 6110
0.03063093661309358 0.02928699163221531 6111
0.03063093661309358 0.0316644310697716 6112
0.03063093661309357 0.03423206566161056 6113
0.03063093661309358 0.03700511102124814 6114
0.03067340435904008 0.0005744801518658966 6115
0.03067340435904008 0.0006549187023411366 6116
0.03067340435904009 0.0007417923242596628 6117
0.03067340435904008 0.0008356158349343706 6118
0.03067340435904009 0.000936945243677711 6119
0.03067340435904009 0.001046381012230213 6120
0.03067340435904009 0.001164571636941929 6121
0.03067340435904008 0.001292217511602557 6122
0.03067340435904009 0.001430075062922938 6123
0.03067340435904009 0.001578961209800969 6124
0.0306734043590401 0.001739758244719251 6125
0.03067340435904009 0.001913419042969198 6126
0.03067340435904009 0.002100972690193939 6127
0.03067340435904009 0.00230353063927247 6128
0.03067340435904009 0.002522293228240823 6129
0.03067340435904009 0.002758556814951889 6130
0.03067340435904009 0.003013721494810931 6131
0.03067340435904008 0.003289299364520971 6132
0.03067340435904009 0.003586923470452022 6133
0.03067340435904009 0.003908357479700803 6134
0.03067340435904009 0.004255506196689488 6135
0.03067340435904008 0.004630426835077315 6136
0.03067340435904009 0.005035341124316705 6137
0.03067340435904009 0.005472648553571963 6138
0.03067340435904009 0.005944940571786645 6139
0.03067340435904008 0.006455015939055441 6140
0.0306734043590401 0.007005897352521075 6141
0.03067340435904009 0.007600849281163178 6142
0.03067340435904009 0.008243397348877591 6143
0.03067340435904009 0.008937349263397633 6144
0.03067340435904009 0.009686817353161487 6145
0.03067340435904008 0.01049624287276043 6146
0.03067340435904009 0.01137042242050506 6147
0.03067340435904009 0.01231453633798135 6148
0.03067340435904009 0.01333417939040457 6149
0.03067340435904009 0.01443539387837664 6150
0.03067340435904009 0.01562470553421714 6151
0.03067340435904009 0.01690916210325998 6152
0.03067340435904009 0.01829637518188409 6153
0.03067340435904009 0.01979456529529753 6154
0.03067340435904009 0.02141261061703501 6155
0.03067340435904009 0.02316009957282735 6156
0.03067340435904009 0.02504738766014365 6157
0.03067340435904009 0.02708565881053514 6158
0.03067340435904009 0.02928699163221531 6159
0.03067340435904009 0.0316644310697716 6160
0.03067340435904009 0.03423206566161057 6161
0.03067340435904009 0.03700511102124813 6162
0.03071757082178123 0.0005744801518658966 6163
0.03071757082178123 0.0006549187023411366 6164
0.03071757082178123 0.000741792324259663 6165
0.03071757082178124 0.0008356158349343706 6166
0.03071757082178124 0.000936945243677711 6167
0.03071757082178124 0.001046381012230214 6168
0.03071757082178123 0.001164571636941929 6169
0.03071757082178123 0.001292217511602556 6170
0.03071757082178124 0.001430075062922938 6171
0.03071757082178123 0.001578961209800969 6172
0.03071757082178123 0.001739758244719251 6173
0.03071757082178123 0.001913419042969198 6174
0.03071757082178124 0.00210097269019394 6175
0.03071757082178123 0.00230353063927247 6176
0.03071757082178123 0.002522293228240823 6177
0.03071757082178124 0.002758556814951889 6178
0.03071757082178123 0.003013721494810931 6179
0.03071757082178123 0.003289299364520971 6180
0.03071757082178123 0.003586923470452022 6181
0.03071757082178123 0.003908357479700804 6182
0.03071757082178123 0.004255506196689488 6183
0.03071757082178123 0.004630426835077315 6184
0.03071757082178123 0.005035341124316705 6185
0.03071757082178122 0.005472648553571963 6186
0.03071757082178124 0.005944940571786645 6187
0.03071757082178123 0.006455015939055441 6188
0.03071757082178123 0.007005897352521075 6189
0.03071757082178123 0.007600849281163178 6190
0.03071757082178123 0.008243397348877593 6191
0.03071757082178123 0.008937349263397634 6192
0.03071757082178122 0.009686817353161487 6193
0.03071757082178123 0.01049624287276043 6194
0.03071757082178123 0.01137042242050506 6195
0.03071757082178123 0.01231453633798135 6196
0.03071757082178123 0.01333417939040457 6197
0.03071757082178123 0.01443539387837664 6198
0.03071757082178123 0.01562470553421714 6199
0.03071757082178123 0.01690916210325998 6200
0.03071757082178123 0.01829637518188409 6201
0.03071757082178123 0.01979456529529753 6202
0.03071757082178123 0.02141261061703501 6203
0.03071757082178123 0.02316009957282735 6204
0.03071757082178123 0.02504738766014365 6205
0.03071757082178123 0.02708565881053514 6206
0.03071757082178123 0.02928699163221531 6207
0.03071757082178123 0.0316644310697716 6208
0.03071757082178123 0.03423206566161057 6209
0.03071757082178123 0.03700511102124814 6210
0.03076350396779782 0.0005744801518658966 6211
0.03076350396779782 0.0006549187023411366 6212
0.03076350396779782 0.0007417923242596629 6213
0.03076350396779782 0.0008356158349343706 6214
0.03076350396779782 0.000936945243677711 6215
0.03076350396779781 0.001046381012230214 6216
0.03076350396779781 0.001164571636941929 6217
0.03076350396779781 0.001292217511602556 6218
0.03076350396779782 0.001430075062922938 6219
0.03076350396779782 0.001578961209800969 6220
0.03076350396779782 0.001739758244719251 6221
0.03076350396779782 0.001913419042969198 6222
0.03076350396779782 0.00210097269019394 6223
0.03076350396779781 0.00230353063927247 6224
0.03076350396779781 0.002522293228240823 6225
0.03076350396779781 0.002758556814951889 6226
0.03076350396779781 0.003013721494810931 6227
0.03076350396779781 0.003289299364520971 6228
0.03076350396779782 0.003586923470452022 6229
0.03076350396779782 0.003908357479700804 6230
0.03076350396779782 0.004255506196689489 6231
0.03076350396779781 0.004630426835077315 6232
0.03076350396779781 0.005035341124316706 6233
0.03076350396779782 0.005472648553571963 6234
0.03076350396779782 0.005944940571786645 6235
0.03076350396779781 0.00645501593905544 6236
0.03076350396779781 0.007005897352521074 6237
0.03076350396779782 0.007600849281163178 6238
0.03076350396779782 0.008243397348877593 6239
0.03076350396779782 0.008937349263397634 6240
0.03076350396779782 0.009686817353161488 6241
0.03076350396779783 0.01049624287276043 6242
0.03076350396779781 0.01137042242050506 6243
0.03076350396779782 0.01231453633798135 6244
0.03076350396779781 0.01333417939040458 6245
0.0307635039677978 0.01443539387837664 6246
0.03076350396779782 0.01562470553421714 6247
0.03076350396779782 0.01690916210325998 6248
0.03076350396779782 0.01829637518188408 6249
0.03076350396779782 0.01979456529529754 6250
0.03076350396779783 0.02141261061703501 6251
0.03076350396779783 0.02316009957282735 6252
0.03076350396779782 0.02504738766014365 6253
0.03076350396779782 0.02708565881053514 6254
0.03076350396779782 0.02928699163221531 6255
0.03076350396779781 0.0316644310697716 6256
0.03076350396779782 0.03423206566161057 6257
0.03076350396779782 0.03700511102124814 6258
0.0308112744228234 0.0005744801518658966 6259
0.03081127442282339 0.0006549187023411366 6260
0.03081127442282339 0.0007417923242596624 6261
0.03081127442282339 0.0008356158349343707 6262
0.03081127442282338 0.000936945243677711 6263
0.0308112744228234 0.001046381012230214 6264
0.03081127442282339 0.001164571636941929 6265
0.03081127442282339 0.001292217511602556 6266
0.03081127442282339 0.001430075062922938 6267
0.03081127442282339 0.001578961209800969 6268
0.03081127442282339 0.001739758244719251 6269
0.03081127442282339 0.001913419042969198 6270
0.0308112744228234 0.00210097269019394 6271
0.03081127442282339 0.00230353063927247 6272
0.03081127442282339 0.002522293228240823 6273
0.03081127442282338 0.002758556814951889 6274
0.03081127442282339 0.003013721494810931 6275
0.0308112744228234 0.003289299364520971 6276
0.0308112744228234 0.003586923470452022 6277
0.03081127442282339 0.003908357479700804 6278
0.03081127442282339 0.004255506196689488 6279
0.03081127442282339 0.004630426835077316 6280
0.03081127442282339 0.005035341124316706 6281
0.03081127442282339 0.005472648553571963 6282
0.03081127442282339 0.005944940571786646 6283
0.03081127442282339 0.006455015939055442 6284
0.03081127442282339 0.007005897352521076 6285
0.03081127442282339 0.007600849281163178 6286
0.03081127442282339 0.008243397348877591 6287
0.03081127442282339 0.008937349263397634 6288
0.0308112744228234 0.009686817353161487 6289
0.03081127442282339 0.01049624287276043 6290
0.03081127442282339 0.01137042242050506 6291
0.03081127442282339 0.01231453633798136 6292
0.03081127442282339 0.01333417939040457 6293
0.03081127442282339 0.01443539387837664 6294
0.03081127442282339 0.01562470553421714 6295
0.03081127442282339 0.01690916210325999 6296
0.03081127442282339 0.01829637518188409 6297
0.03081127442282339 0.01979456529529754 6298
0.03081127442282339 0.02141261061703501 6299
0.03081127442282339 0.02316009957282735 6300
0.03081127442282339 0.02504738766014365 6301
0.03081127442282339 0.02708565881053514 6302
0.03081127442282339 0.02928699163221532 6303
0.03081127442282339 0.0316644310697716 6304
0.03081127442282339 0.03423206566161057 6305
0.03081127442282339 0.03700511102124814 6306
0.03086095568789481 0.0005744801518658966 6307
0.03086095568789481 0.0006549187023411368 6308
0.03086095568789481 0.0007417923242596629 6309
0.03086095568789481 0.0008356158349343706 6310
0.03086095568789481 0.0009369452436777108 6311
0.0308609556878948 0.001046381012230214 6312
0.03086095568789481 0.001164571636941929 6313
0.03086095568789481 0.001292217511602556 6314
0.0308609556878948 0.001430075062922938 6315
0.03086095568789481 0.001578961209800969 6316
0.03086095568789481 0.001739758244719251 6317
0.0308609556878948 0.001913419042969198 6318
0.03086095568789481 0.00210097269019394 6319
0.03086095568789481 0.00230353063927247 6320
0.0308609556878948 0.002522293228240823 6321
0.03086095568789481 0.002758556814951889 6322
0.03086095568789481 0.003013721494810931 6323
0.03086095568789481 0.003289299364520971 6324
0.0308609556878948 0.003586923470452022 6325
0.03086095568789481 0.003908357479700804 6326
0.03086095568789481 0.004255506196689488 6327
0.03086095568789481 0.004630426835077315 6328
0.03086095568789481 0.005035341124316705 6329
0.0308609556878948 0.005472648553571963 6330
0.03086095568789481 0.005944940571786646 6331
0.03086095568789481 0.006455015939055441 6332
0.03086095568789481 0.007005897352521076 6333
0.03086095568789481 0.007600849281163178 6334
0.03086095568789481 0.008243397348877588 6335
0.0308609556878948 0.008937349263397634 6336
0.0308609556878948 0.009686817353161487 6337
0.0308609556878948 0.01049624287276043 6338
0.03086095568789481 0.01137042242050506 6339
0.03086095568789481 0.01231453633798136 6340
0.03086095568789481 0.01333417939040458 6341
0.0308609556878948 0.01443539387837664 6342
0.03086095568789481 0.01562470553421714 6343
0.03086095568789481 0.01690916210325998 6344
0.0308609556878948 0.01829637518188409 6345
0.03086095568789481 0.01979456529529754 6346
0.0308609556878948 0.02141261061703501 6347
0.03086095568789481 0.02316009957282735 6348
0.0308609556878948 0.02504738766014365 6349
0.03086095568789481 0.02708565881053514 6350
0.0308609556878948 0.02928699163221532 6351
0.03086095568789481 0.0316644310697716 6352
0.0308609556878948 0.03423206566161057 6353
0.0308609556878948 0.03700511102124814 6354
0.03091262422472642 0.0005744801518658966 6355
0.03091262422472642 0.0006549187023411366 6356
0.03091262422472642 0.000741792324259663 6357
0.03091262422472642 0.0008356158349343706 6358
0.03091262422472643 0.000936945243677711 6359
0.03091262422472642 0.001046381012230214 6360
0.03091262422472642 0.001164571636941929 6361
0.03091262422472642 0.001292217511602556 6362
0.03091262422472642 0.001430075062922938 6363
0.03091262422472641 0.001578961209800969 6364
0.03091262422472642 0.001739758244719251 6365
0.03091262422472641 0.001913419042969198 6366
0.03091262422472643 0.00210097269019394 6367
0.03091262422472642 0.00230353063927247 6368
0.03091262422472642 0.002522293228240825 6369
0.03091262422472641 0.002758556814951889 6370
0.03091262422472642 0.003013721494810931 6371
0.03091262422472642 0.003289299364520971 6372
0.03091262422472642 0.003586923470452022 6373
0.03091262422472642 0.003908357479700804 6374
0.03091262422472642 0.004255506196689488 6375
0.03091262422472642 0.004630426835077315 6376
0.03091262422472642 0.005035341124316705 6377
0.03091262422472642 0.005472648553571963 6378
0.03091262422472641 0.005944940571786644 6379
0.03091262422472642 0.00645501593905544 6380
0.03091262422472642 0.007005897352521075 6381
0.03091262422472642 0.007600849281163178 6382
0.03091262422472642 0.008243397348877593 6383
0.03091262422472642 0.008937349263397633 6384
0.03091262422472643 0.009686817353161487 6385
0.03091262422472642 0.01049624287276043 6386
0.03091262422472641 0.01137042242050506 6387
0.03091262422472642 0.01231453633798135 6388
0.03091262422472642 0.01333417939040457 6389
0.03091262422472643 0.01443539387837664 6390
0.03091262422472642 0.01562470553421714 6391
0.03091262422472643 0.01690916210325998 6392
0.03091262422472642 0.01829637518188409 6393
0.03091262422472643 0.01979456529529753 6394
0.03091262422472643 0.02141261061703501 6395
0.03091262422472642 0.02316009957282735 6396
0.03091262422472642 0.02504738766014365 6397
0.03091262422472642 0.02708565881053514 6398
0.03091262422472642 0.02928699163221532 6399
0.03091262422472642 0.0316644310697716 6400
0.03091262422472642 0.03423206566161057 6401
0.03091262422472641 0.03700511102124814 6402
0.03096635948619426 0.0005744801518658967 6403
0.03096635948619424 0.0006549187023411366 6404
0.03096635948619425 0.0007417923242596629 6405
0.03096635948619425 0.0008356158349343707 6406
0.03096635948619425 0.0009369452436777113 6407
0.03096635948619425 0.001046381012230214 6408
0.03096635948619425 0.001164571636941929 6409
0.03096635948619424 0.001292217511602556 6410
0.03096635948619425 0.001430075062922938 6411
0.03096635948619425 0.001578961209800969 6412
0.03096635948619425 0.001739758244719251 6413
0.03096635948619425 0.001913419042969199 6414
0.03096635948619425 0.00210097269019394 6415
0.03096635948619425 0.00230353063927247 6416
0.03096635948619425 0.002522293228240823 6417
0.03096635948619425 0.002758556814951889 6418
0.03096635948619425 0.003013721494810931 6419
0.03096635948619425 0.003289299364520971 6420
0.03096635948619424 0.003586923470452022 6421
0.03096635948619425 0.003908357479700804 6422
0.03096635948619425 0.004255506196689488 6423
0.03096635948619425 0.004630426835077315 6424
0.03096635948619426 0.005035341124316706 6425
0.03096635948619424 0.005472648553571963 6426
0.03096635948619425 0.005944940571786646 6427
0.03096635948619425 0.006455015939055441 6428
0.03096635948619425 0.007005897352521075 6429
0.03096635948619425 0.007600849281163178 6430
0.03096635948619425 0.008243397348877591 6431
0.03096635948619426 0.008937349263397634 6432
0.03096635948619426 0.009686817353161487 6433
0.03096635948619424 0.01049624287276043 6434
0.03096635948619425 0.01137042242050506 6435
0.03096635948619424 0.01231453633798136 6436
0.03096635948619425 0.01333417939040458 6437
0.03096635948619425 0.01443539387837664 6438
0.03096635948619425 0.01562470553421714 6439
0.03096635948619425 0.01690916210325999 6440
0.03096635948619425 0.01829637518188409 6441
0.03096635948619425 0.01979456529529753 6442
0.03096635948619424 0.02141261061703501 6443
0.03096635948619425 0.02316009957282735 6444
0.03096635948619425 0.02504738766014365 6445
0.03096635948619425 0.02708565881053514 6446
0.03096635948619424 0.02928699163221532 6447
0.03096635948619425 0.0316644310697716 6448
0.03096635948619424 0.03423206566161056 6449
0.03096635948619425 0.03700511102124814 6450
0.0310222441408525 0.0005744801518658966 6451
0.0310222441408525 0.0006549187023411366 6452
0.0310222441408525 0.0007417923242596629 6453
0.03102224414085251 0.0008356158349343707 6454
0.03102224414085251 0.0009369452436777108 6455
0.0310222441408525 0.001046381012230214 6456
0.03102224414085252 0.001164571636941929 6457
0.03102224414085251 0.001292217511602556 6458
0.03102224414085251 0.001430075062922938 6459
0.03102224414085251 0.001578961209800969 6460
0.03102224414085251 0.001739758244719251 6461
0.03102224414085251 0.001913419042969198 6462
0.03102224414085251 0.00210097269019394 6463
0.0310222441408525 0.00230353063927247 6464
0.03102224414085251 0.002522293228240823 6465
0.0310222441408525 0.002758556814951889 6466
0.0310222441408525 0.003013721494810931 6467
0.03102224414085251 0.003289299364520971 6468
0.03102224414085251 0.003586923470452022 6469
0.03102224414085251 0.003908357479700804 6470
0.03102224414085251 0.004255506196689488 6471
0.03102224414085251 0.004630426835077315 6472
0.03102224414085251 0.005035341124316706 6473
0.0310222441408525 0.005472648553571963 6474
0.03102224414085251 0.005944940571786645 6475
0.03102224414085251 0.006455015939055442 6476
0.0310222441408525 0.007005897352521076 6477
0.03102224414085251 0.007600849281163178 6478
0.0310222441408525 0.008243397348877591 6479
0.03102224414085251 0.008937349263397634 6480
0.03102224414085252 0.009686817353161487 6481
0.03102224414085251 0.01049624287276043 6482
0.03102224414085251 0.01137042242050506 6483
0.03102224414085251 0.01231453633798136 6484
0.03102224414085251 0.01333417939040458 6485
0.03102224414085251 0.01443539387837664 6486
0.03102224414085251 0.01562470553421714 6487
0.03102224414085251 0.01690916210325998 6488
0.03102224414085251 0.01829637518188409 6489
0.03102224414085251 0.01979456529529753 6490
0.03102224414085251 0.02141261061703501 6491
0.03102224414085251 0.02316009957282735 6492
0.03102224414085251 0.02504738766014365 6493
0.03102224414085251 0.02708565881053514 6494
0.03102224414085251 0.02928699163221532 6495
0.03102224414085251 0.0316644310697716 6496
0.03102224414085251 0.03423206566161057 6497
0.03102224414085251 0.03700511102124814 6498
0.03108036419469878 0.0005744801518658966 6499
0.03108036419469877 0.0006549187023411366 6500
0.03108036419469877 0.0007417923242596629 6501
0.03108036419469876 0.0008356158349343706 6502
0.03108036419469876 0.000936945243677711 6503
0.03108036419469877 0.001046381012230214 6504
0.03108036419469877 0.001164571636941929 6505
0.03108036419469877 0.001292217511602556 6506
0.03108036419469877 0.001430075062922938 6507
0.03108036419469877 0.001578961209800969 6508
0.03108036419469877 0.001739758244719251 6509
0.03108036419469877 0.001913419042969198 6510
0.03108036419469877 0.00210097269019394 6511
0.03108036419469877 0.00230353063927247 6512
0.03108036419469877 0.002522293228240824 6513
0.03108036419469877 0.002758556814951889 6514
0.03108036419469877 0.003013721494810931 6515
0.03108036419469877 0.003289299364520971 6516
0.03108036419469877 0.003586923470452022 6517
0.03108036419469876 0.003908357479700804 6518
0.03108036419469876 0.004255506196689488 6519
0.03108036419469877 0.004630426835077315 6520
0.03108036419469876 0.005035341124316706 6521
0.03108036419469877 0.005472648553571963 6522
0.03108036419469877 0.005944940571786645 6523
0.03108036419469876 0.006455015939055442 6524
0.03108036419469878 0.007005897352521076 6525
0.03108036419469877 0.007600849281163178 6526
0.03108036419469877 0.008243397348877591 6527
0.03108036419469877 0.008937349263397633 6528
0.03108036419469877 0.009686817353161488 6529
0.03108036419469877 0.01049624287276043 6530
0.03108036419469877 0.01137042242050506 6531
0.03108036419469876 0.01231453633798136 6532
0.03108036419469876 0.01333417939040457 6533
0.03108036419469876 0.01443539387837664 6534
0.03108036419469876 0.01562470553421714 6535
0.03108036419469877 0.01690916210325999 6536
0.03108036419469878 0.01829637518188409 6537
0.03108036419469877 0.01979456529529753 6538
0.03108036419469876 0.02141261061703501 6539
0.03108036419469877 0.02316009957282735 6540
0.03108036419469876 0.02504738766014365 6541
0.03108036419469876 0.02708565881053514 6542
0.03108036419469877 0.02928699163221532 6543
0.03108036419469876 0.0316644310697716 6544
0.03108036419469877 0.03423206566161057 6545
0.03108036419469877 0.03700511102124814 6546
0.03114080903855613 0.0005744801518658966 6547
0.03114080903855613 0.0006549187023411366 6548
0.03114080903855613 0.0007417923242596629 6549
0.03114080903855614 0.0008356158349343707 6550
0.03114080903855613 0.0009369452436777108 6551
0.03114080903855614 0.001046381012230214 6552
0.03114080903855613 0.001164571636941929 6553
0.03114080903855613 0.001292217511602556 6554
0.03114080903855613 0.001430075062922938 6555
0.03114080903855613 0.001578961209800969 6556
0.03114080903855613 0.001739758244719251 6557
0.03114080903855614 0.001913419042969198 6558
0.03114080903855612 0.00210097269019394 6559
0.03114080903855613 0.00230353063927247 6560
0.03114080903855613 0.002522293228240824 6561
0.03114080903855613 0.002758556814951889 6562
0.03114080903855613 0.003013721494810931 6563
0.03114080903855614 0.003289299364520971 6564
0.03114080903855613 0.003586923470452022 6565
0.03114080903855613 0.003908357479700804 6566
0.03114080903855613 0.004255506196689488 6567
0.03114080903855613 0.004630426835077316 6568
0.03114080903855614 0.005035341124316706 6569
0.03114080903855613 0.005472648553571964 6570
0.03114080903855614 0.005944940571786645 6571
0.03114080903855613 0.00645501593905544 6572
0.03114080903855613 0.007005897352521076 6573
0.03114080903855613 0.007600849281163179 6574
0.03114080903855613 0.008243397348877591 6575
0.03114080903855613 0.008937349263397634 6576
0.03114080903855613 0.009686817353161487 6577
0.03114080903855613 0.01049624287276043 6578
0.03114080903855613 0.01137042242050506 6579
0.03114080903855613 0.01231453633798136 6580
0.03114080903855613 0.01333417939040457 6581
0.03114080903855613 0.01443539387837664 6582
0.03114080903855613 0.01562470553421714 6583
0.03114080903855613 0.01690916210325999 6584
0.03114080903855612 0.01829637518188409 6585
0.03114080903855613 0.01979456529529753 6586
0.03114080903855613 0.02141261061703501 6587
0.03114080903855613 0.02316009957282735 6588
0.03114080903855613 0.02504738766014365 6589
0.03114080903855613 0.02708565881053514 6590
0.03114080903855613 0.02928699163221532 6591
0.03114080903855613 0.0316644310697716 6592
0.03114080903855614 0.03423206566161056 6593
0.03114080903855613 0.03700511102124814 6594
0.03120367168352001 0.0005744801518658966 6595
0.03120367168352 0.0006549187023411366 6596
0.03120367168352001 0.0007417923242596628 6597
0.03120367168352001 0.0008356158349343706 6598
0.03120367168352 0.000936945243677711 6599
0.03120367168352001 0.001046381012230214 6600
0.03120367168352 0.001164571636941929 6601
0.03120367168352 0.001292217511602556 6602
0.03120367168352001 0.001430075062922938 6603
0.03120367168352001 0.001578961209800969 6604
0.03120367168352 0.001739758244719251 6605
0.03120367168352001 0.001913419042969198 6606
0.03120367168352001 0.00210097269019394 6607
0.03120367168352001 0.00230353063927247 6608
0.03120367168352001 0.002522293228240824 6609
0.03120367168352 0.002758556814951889 6610
0.03120367168352001 0.003013721494810931 6611
0.03120367168352001 0.003289299364520971 6612
0.03120367168352 0.003586923470452022 6613
0.03120367168352001 0.003908357479700803 6614
0.03120367168352 0.004255506196689488 6615
0.03120367168352001 0.004630426835077315 6616
0.03120367168352 0.005035341124316705 6617
0.03120367168352001 0.005472648553571962 6618
0.03120367168352 0.005944940571786645 6619
0.03120367168352001 0.006455015939055441 6620
0.03120367168352001 0.007005897352521075 6621
0.03120367168352001 0.007600849281163178 6622
0.03120367168352001 0.008243397348877591 6623
0.03120367168352001 0.008937349263397633 6624
0.03120367168352 0.009686817353161487 6625
0.03120367168352001 0.01049624287276043 6626
0.03120367168352001 0.01137042242050506 6627
0.03120367168352 0.01231453633798135 6628
0.03120367168352 0.01333417939040457 6629
0.03120367168352001 0.01443539387837664 6630
0.03120367168352001 0.01562470553421714 6631
0.03120367168352001 0.01690916210325999 6632
0.03120367168352001 0.01829637518188409 6633
0.03120367168352001 0.01979456529529754 6634
0.03120367168352001 0.02141261061703501 6635
0.03120367168352001 0.02316009957282735 6636
0.03120367168352001 0.02504738766014365 6637
0.03120367168352001 0.02708565881053514 6638
0.03120367168352001 0.02928699163221531 6639
0.03120367168352 0.0316644310697716 6640
0.03120367168352001 0.03423206566161056 6641
0.03120367168352001 0.03700511102124814 6642
0.03126904884385943 0.0005744801518658966 6643
0.03126904884385943 0.0006549187023411366 6644
0.03126904884385943 0.000741792324259663 6645
0.03126904884385943 0.0008356158349343707 6646
0.03126904884385943 0.000936945243677711 6647
0.03126904884385943 0.001046381012230214 6648
0.03126904884385943 0.001164571636941929 6649
0.03126904884385943 0.001292217511602556 6650
0.03126904884385943 0.001430075062922938 6651
0.03126904884385943 0.001578961209800969 6652
0.03126904884385943 0.001739758244719251 6653
0.03126904884385943 0.001913419042969198 6654
0.03126904884385943 0.00210097269019394 6655
0.03126904884385943 0.00230353063927247 6656
0.03126904884385943 0.002522293228240823 6657
0.03126904884385943 0.002758556814951889 6658
0.03126904884385943 0.003013721494810931 6659
0.03126904884385943 0.003289299364520971 6660
0.03126904884385943 0.003586923470452022 6661
0.03126904884385943 0.003908357479700804 6662
0.03126904884385943 0.004255506196689489 6663
0.03126904884385943 0.004630426835077313 6664
0.03126904884385943 0.005035341124316705 6665
0.03126904884385943 0.005472648553571963 6666
0.03126904884385943 0.005944940571786645 6667
0.03126904884385943 0.006455015939055441 6668
0.03126904884385943 0.007005897352521075 6669
0.03126904884385943 0.007600849281163178 6670
0.03126904884385943 0.008243397348877593 6671
0.03126904884385943 0.008937349263397634 6672
0.03126904884385943 0.009686817353161487 6673
0.03126904884385943 0.01049624287276043 6674
0.03126904884385943 0.01137042242050506 6675
0.03126904884385943 0.01231453633798135 6676
0.03126904884385943 0.01333417939040457 6677
0.03126904884385942 0.01443539387837664 6678
0.03126904884385943 0.01562470553421714 6679
0.03126904884385943 0.01690916210325999 6680
0.03126904884385943 0.01829637518188409 6681
0.03126904884385943 0.01979456529529753 6682
0.03126904884385943 0.02141261061703501 6683
0.03126904884385943 0.02316009957282735 6684
0.03126904884385943 0.02504738766014364 6685
0.03126904884385943 0.02708565881053514 6686
0.03126904884385943 0.02928699163221532 6687
0.03126904884385943 0.0316644310697716 6688
0.03126904884385943 0.03423206566161057 6689
0.03126904884385943 0.03700511102124813 6690
0.03133704108195076 0.0005744801518658966 6691
0.03133704108195075 0.0006549187023411366 6692
0.03133704108195075 0.0007417923242596629 6693
0.03133704108195075 0.0008356158349343706 6694
0.03133704108195075 0.000936945243677711 6695
0.03133704108195075 0.001046381012230214 6696
0.03133704108195075 0.001164571636941929 6697
0.03133704108195075 0.001292217511602556 6698
0.03133704108195075 0.001430075062922938 6699
0.03133704108195075 0.001578961209800969 6700
0.03133704108195075 0.001739758244719251 6701
0.03133704108195075 0.001913419042969198 6702
0.03133704108195075 0.002100972690193939 6703
0.03133704108195075 0.00230353063927247 6704
0.03133704108195075 0.002522293228240824 6705
0.03133704108195075 0.002758556814951889 6706
0.03133704108195075 0.003013721494810931 6707
0.03133704108195075 0.003289299364520971 6708
0.03133704108195075 0.003586923470452022 6709
0.03133704108195075 0.003908357479700803 6710
0.03133704108195075 0.004255506196689488 6711
0.03133704108195075 0.004630426835077315 6712
0.03133704108195075 0.005035341124316705 6713
0.03133704108195075 0.005472648553571963 6714
0.03133704108195075 0.005944940571786645 6715
0.03133704108195075 0.006455015939055441 6716
0.03133704108195075 0.007005897352521076 6717
0.03133704108195075 0.007600849281163178 6718
0.03133704108195075 0.008243397348877591 6719
0.03133704108195075 0.008937349263397633 6720
0.03133704108195075 0.009686817353161485 6721
0.03133704108195075 0.01049624287276043 6722
0.03133704108195076 0.01137042242050506 6723
0.03133704108195075 0.01231453633798135 6724
0.03133704108195075 0.01333417939040457 6725
0.03133704108195075 0.01443539387837664 6726
0.03133704108195075 0.01562470553421714 6727
0.03133704108195075 0.01690916210325998 6728
0.03133704108195075 0.01829637518188409 6729
0.03133704108195075 0.01979456529529753 6730
0.03133704108195075 0.02141261061703501 6731
0.03133704108195075 0.02316009957282735 6732
0.03133704108195075 0.02504738766014366 6733
0.03133704108195075 0.02708565881053514 6734
0.03133704108195075 0.02928699163221531 6735
0.03133704108195075 0.03166443106977159 6736
0.03133704108195075 0.03423206566161057 6737
0.03133704108195075 0.03700511102124814 6738
0.03140775300401681 0.0005744801518658967 6739
0.03140775300401682 0.0006549187023411366 6740
0.0314077530040168 0.0007417923242596629 6741
0.0314077530040168 0.0008356158349343708 6742
0.0314077530040168 0.000936945243677711 6743
0.0314077530040168 0.001046381012230214 6744
0.0314077530040168 0.001164571636941929 6745
0.0314077530040168 0.001292217511602556 6746
0.0314077530040168 0.001430075062922938 6747
0.0314077530040168 0.001578961209800969 6748
0.0314077530040168 0.001739758244719251 6749
0.0314077530040168 0.001913419042969199 6750
0.0314077530040168 0.00210097269019394 6751
0.0314077530040168 0.00230353063927247 6752
0.0314077530040168 0.002522293228240823 6753
0.03140775300401681 0.002758556814951889 6754
0.0314077530040168 0.003013721494810931 6755
0.0314077530040168 0.003289299364520971 6756
0.03140775300401681 0.003586923470452022 6757
0.0314077530040168 0.003908357479700804 6758
0.0314077530040168 0.004255506196689489 6759
0.0314077530040168 0.004630426835077315 6760
0.0314077530040168 0.005035341124316705 6761
0.0314077530040168 0.005472648553571963 6762
0.03140775300401681 0.005944940571786645 6763
0.0314077530040168 0.006455015939055442 6764
0.0314077530040168 0.007005897352521074 6765
0.0314077530040168 0.007600849281163178 6766
0.0314077530040168 0.008243397348877591 6767
0.0314077530040168 0.008937349263397633 6768
0.0314077530040168 0.009686817353161488 6769
0.0314077530040168 0.01049624287276043 6770
0.0314077530040168 0.01137042242050506 6771
0.0314077530040168 0.01231453633798136 6772
0.0314077530040168 0.01333417939040457 6773
0.0314077530040168 0.01443539387837664 6774
0.0314077530040168 0.01562470553421714 6775
0.0314077530040168 0.01690916210325999 6776
0.0314077530040168 0.01829637518188409 6777
0.0314077530040168 0.01979456529529753 6778
0.0314077530040168 0.02141261061703501 6779
0.0314077530040168 0.02316009957282735 6780
0.0314077530040168 0.02504738766014365 6781
0.0314077530040168 0.02708565881053514 6782
0.0314077530040168 0.02928699163221532 6783
0.03140775300401681 0.0316644310697716 6784
0.0314077530040168 0.03423206566161057 6785
0.0314077530040168 0.03700511102124814 6786
0.03148129340673143 0.0005744801518658966 6787
0.03148129340673143 0.0006549187023411366 6788
0.03148129340673143 0.0007417923242596629 6789
0.03148129340673142 0.0008356158349343706 6790
0.03148129340673142 0.0009369452436777113 6791
0.03148129340673143 0.001046381012230214 6792
0.03148129340673143 0.001164571636941929 6793
0.03148129340673143 0.001292217511602557 6794
0.03148129340673143 0.001430075062922938 6795
0.03148129340673143 0.001578961209800969 6796
0.03148129340673143 0.001739758244719251 6797
0.03148129340673143 0.001913419042969198 6798
0.03148129340673143 0.002100972690193939 6799
0.03148129340673143 0.00230353063927247 6800
0.03148129340673143 0.002522293228240823 6801
0.03148129340673143 0.002758556814951889 6802
0.03148129340673143 0.003013721494810931 6803
0.03148129340673143 0.003289299364520971 6804
0.03148129340673143 0.003586923470452023 6805
0.03148129340673143 0.003908357479700804 6806
0.03148129340673143 0.004255506196689488 6807
0.03148129340673143 0.004630426835077315 6808
0.03148129340673143 0.005035341124316705 6809
0.03148129340673143 0.005472648553571963 6810
0.03148129340673143 0.005944940571786645 6811
0.03148129340673143 0.006455015939055441 6812
0.03148129340673143 0.007005897352521075 6813
0.03148129340673143 0.007600849281163178 6814
0.03148129340673143 0.008243397348877591 6815
0.03148129340673143 0.008937349263397634 6816
0.03148129340673143 0.009686817353161487 6817
0.03148129340673143 0.01049624287276043 6818
0.03148129340673143 0.01137042242050506 6819
0.03148129340673143 0.01231453633798135 6820
0.03148129340673143 0.01333417939040457 6821
0.03148129340673143 0.01443539387837665 6822
0.03148129340673143 0.01562470553421714 6823
0.03148129340673143 0.01690916210325999 6824
0.03148129340673143 0.01829637518188409 6825
0.03148129340673143 0.01979456529529753 6826
0.03148129340673143 0.02141261061703501 6827
0.03148129340673143 0.02316009957282735 6828
0.03148129340673143 0.02504738766014365 6829
0.03148129340673143 0.02708565881053514 6830
0.03148129340673143 0.02928699163221531 6831
0.03148129340673143 0.0316644310697716 6832
0.03148129340673143 0.03423206566161057 6833
0.03148129340673143 0.03700511102124814 6834
0.03155777543667057 0.0005744801518658966 6835
0.03155777543667058 0.0006549187023411366 6836
0.03155777543667058 0.0007417923242596628 6837
0.03155777543667058 0.0008356158349343709 6838
0.03155777543667058 0.000936945243677711 6839
0.03155777543667058 0.001046381012230214 6840
0.03155777543667058 0.001164571636941929 6841
0.03155777543667058 0.001292217511602556 6842
0.03155777543667058 0.001430075062922938 6843
0.03155777543667058 0.001578961209800969 6844
0.03155777543667058 0.001739758244719251 6845
0.03155777543667058 0.001913419042969198 6846
0.03155777543667058 0.00210097269019394 6847
0.03155777543667058 0.00230353063927247 6848
0.03155777543667058 0.002522293228240824 6849
0.03155777543667058 0.002758556814951889 6850
0.03155777543667058 0.003013721494810931 6851
0.03155777543667058 0.003289299364520971 6852
0.03155777543667058 0.003586923470452022 6853
0.03155777543667058 0.003908357479700804 6854
0.03155777543667058 0.004255506196689488 6855
0.03155777543667058 0.004630426835077315 6856
0.03155777543667058 0.005035341124316705 6857
0.03155777543667058 0.005472648553571963 6858
0.03155777543667058 0.005944940571786645 6859
0.03155777543667058 0.006455015939055441 6860
0.03155777543667058 0.007005897352521076 6861
0.03155777543667058 0.007600849281163178 6862
0.03155777543667058 0.008243397348877591 6863
0.03155777543667058 0.008937349263397636 6864
0.03155777543667058 0.009686817353161487 6865
0.03155777543667058 0.01049624287276043 6866
0.03155777543667058 0.01137042242050506 6867
0.03155777543667058 0.01231453633798135 6868
0.03155777543667059 0.01333417939040457 6869
0.03155777543667058 0.01443539387837664 6870
0.03155777543667058 0.01562470553421714 6871
0.03155777543667058 0.01690916210325999 6872
0.03155777543667058 0.01829637518188409 6873
0.03155777543667058 0.01979456529529753 6874
0.03155777543667058 0.02141261061703501 6875
0.03155777543667058 0.02316009957282735 6876
0.03155777543667058 0.02504738766014365 6877
0.03155777543667058 0.02708565881053514 6878
0.03155777543667058 0.02928699163221531 6879
0.03155777543667058 0.03166443106977159 6880
0.03155777543667058 0.03423206566161056 6881
0.03155777543667058 0.03700511102124813 6882
0.03163731676296742 0.0005744801518658967 6883
0.03163731676296741 0.0006549187023411366 6884
0.03163731676296742 0.0007417923242596629 6885
0.03163731676296741 0.0008356158349343707 6886
0.0316373167629674 0.000936945243677711 6887
0.03163731676296741 0.001046381012230214 6888
0.03163731676296741 0.001164571636941929 6889
0.03163731676296741 0.001292217511602556 6890
0.03163731676296741 0.001430075062922938 6891
0.0316373167629674 0.001578961209800969 6892
0.03163731676296741 0.001739758244719251 6893
0.03163731676296741 0.001913419042969198 6894
0.03163731676296741 0.00210097269019394 6895
0.03163731676296741 0.00230353063927247 6896
0.03163731676296741 0.002522293228240824 6897
0.03163731676296741 0.002758556814951889 6898
0.03163731676296741 0.003013721494810931 6899
0.03163731676296741 0.003289299364520971 6900
0.03163731676296741 0.003586923470452022 6901
0.03163731676296741 0.003908357479700804 6902
0.03163731676296741 0.004255506196689488 6903
0.03163731676296741 0.004630426835077315 6904
0.03163731676296741 0.005035341124316705 6905
0.03163731676296741 0.005472648553571963 6906
0.03163731676296741 0.005944940571786645 6907
0.03163731676296741 0.006455015939055442 6908
0.03163731676296741 0.007005897352521075 6909
0.03163731676296741 0.007600849281163179 6910
0.03163731676296741 0.008243397348877591 6911
0.03163731676296741 0.008937349263397633 6912
0.03163731676296741 0.009686817353161487 6913
0.03163731676296741 0.01049624287276043 6914
0.03163731676296741 0.01137042242050506 6915
0.03163731676296741 0.01231453633798136 6916
0.03163731676296741 0.01333417939040458 6917
0.03163731676296741 0.01443539387837664 6918
0.03163731676296741 0.01562470553421714 6919
0.03163731676296741 0.01690916210325999 6920
0.03163731676296741 0.01829637518188409 6921
0.03163731676296741 0.01979456529529754 6922
0.03163731676296741 0.02141261061703501 6923
0.03163731676296741 0.02316009957282735 6924
0.03163731676296741 0.02504738766014365 6925
0.03163731676296741 0.02708565881053514 6926
0.03163731676296741 0.02928699163221532 6927
0.03163731676296741 0.0316644310697716 6928
0.03163731676296741 0.03423206566161057 6929
0.03163731676296741 0.03700511102124814 6930
0.03172003973475511 0.0005744801518658967 6931
0.03172003973475511 0.0006549187023411366 6932
0.03172003973475511 0.0007417923242596628 6933
0.03172003973475512 0.0008356158349343707 6934
0.03172003973475511 0.000936945243677711 6935
0.03172003973475511 0.001046381012230214 6936
0.03172003973475511 0.001164571636941929 6937
0.0317200397347551 0.001292217511602556 6938
0.03172003973475511 0.001430075062922938 6939
0.0317200397347551 0.001578961209800969 6940
0.03172003973475511 0.001739758244719251 6941
0.03172003973475511 0.001913419042969198 6942
0.03172003973475511 0.00210097269019394 6943
0.03172003973475511 0.00230353063927247 6944
0.03172003973475511 0.002522293228240824 6945
0.03172003973475511 0.002758556814951889 6946
0.0317200397347551 0.003013721494810931 6947
0.03172003973475511 0.003289299364520971 6948
0.03172003973475511 0.003586923470452022 6949
0.0317200397347551 0.003908357479700804 6950
0.03172003973475511 0.004255506196689488 6951
0.0317200397347551 0.004630426835077315 6952
0.03172003973475511 0.005035341124316705 6953
0.03172003973475511 0.005472648553571963 6954
0.03172003973475511 0.005944940571786645 6955
0.03172003973475511 0.006455015939055442 6956
0.03172003973475511 0.007005897352521074 6957
0.03172003973475511 0.007600849281163178 6958
0.03172003973475511 0.008243397348877593 6959
0.03172003973475511 0.008937349263397633 6960
0.03172003973475511 0.009686817353161487 6961
0.03172003973475511 0.01049624287276043 6962
0.03172003973475511 0.01137042242050506 6963
0.03172003973475511 0.01231453633798135 6964
0.03172003973475511 0.01333417939040457 6965
0.03172003973475511 0.01443539387837664 6966
0.03172003973475511 0.01562470553421714 6967
0.03172003973475511 0.01690916210325999 6968
0.03172003973475511 0.01829637518188409 6969
0.03172003973475511 0.01979456529529754 6970
0.0317200397347551 0.02141261061703501 6971
0.03172003973475511 0.02316009957282735 6972
0.03172003973475511 0.02504738766014365 6973
0.03172003973475511 0.02708565881053514 6974
0.03172003973475511 0.02928699163221531 6975
0.03172003973475511 0.0316644310697716 6976
0.03172003973475511 0.03423206566161057 6977
0.03172003973475511 0.03700511102124814 6978
0.0318060716095569 0.0005744801518658966 6979
0.0318060716095569 0.0006549187023411367 6980
0.03180607160955689 0.0007417923242596629 6981
0.0318060716095569 0.0008356158349343707 6982
0.03180607160955689 0.000936945243677711 6983
0.03180607160955688 0.001046381012230214 6984
0.03180607160955689 0.001164571636941929 6985
0.03180607160955689 0.001292217511602556 6986
0.03180607160955689 0.001430075062922938 6987
0.03180607160955689 0.001578961209800969 6988
0.03180607160955689 0.001739758244719251 6989
0.03180607160955689 0.001913419042969198 6990
0.03180607160955689 0.002100972690193939 6991
0.03180607160955689 0.00230353063927247 6992
0.03180607160955689 0.002522293228240823 6993
0.03180607160955689 0.002758556814951889 6994
0.03180607160955689 0.003013721494810931 6995
0.03180607160955689 0.003289299364520971 6996
0.03180607160955689 0.003586923470452022 6997
0.03180607160955689 0.003908357479700805 6998
0.03180607160955689 0.004255506196689488 6999
0.03180607160955689 0.004630426835077315 7000
0.0318060716095569 0.005035341124316706 7001
0.03180607160955688 0.005472648553571963 7002
0.03180607160955689 0.005944940571786645 7003
0.03180607160955689 0.006455015939055442 7004
0.03180607160955689 0.007005897352521076 7005
0.0318060716095569 0.007600849281163178 7006
0.03180607160955689 0.008243397348877591 7007
0.03180607160955689 0.008937349263397634 7008
0.03180607160955689 0.009686817353161487 7009
0.03180607160955689 0.01049624287276043 7010
0.03180607160955689 0.01137042242050506 7011
0.03180607160955689 0.01231453633798136 7012
0.03180607160955689 0.01333417939040458 7013
0.0318060716095569 0.01443539387837664 7014
0.03180607160955689 0.01562470553421714 7015
0.03180607160955689 0.01690916210325999 7016
0.03180607160955689 0.01829637518188409 7017
0.03180607160955688 0.01979456529529753 7018
0.03180607160955689 0.02141261061703501 7019
0.03180607160955689 0.02316009957282735 7020
0.03180607160955689 0.02504738766014365 7021
0.0318060716095569 0.02708565881053514 7022
0.03180607160955689 0.02928699163221531 7023
0.03180607160955689 0.0316644310697716 7024
0.03180607160955689 0.03423206566161057 7025
0.03180607160955689 0.03700511102124814 7026
0.031895544772778 0.0005744801518658966 7027
0.03189554477277801 0.0006549187023411367 7028
0.031895544772778 0.0007417923242596629 7029
0.03189554477277801 0.0008356158349343706 7030
0.03189554477277801 0.0009369452436777113 7031
0.03189554477277801 0.001046381012230213 7032
0.03189554477277801 0.001164571636941929 7033
0.03189554477277801 0.001292217511602556 7034
0.03189554477277803 0.001430075062922938 7035
0.03189554477277801 0.00157896120980097 7036
0.031895544772778 0.001739758244719251 7037
0.03189554477277801 0.001913419042969198 7038
0.03189554477277801 0.002100972690193939 7039
0.03189554477277801 0.00230353063927247 7040
0.03189554477277801 0.002522293228240823 7041
0.03189554477277801 0.002758556814951889 7042
0.03189554477277801 0.003013721494810931 7043
0.03189554477277801 0.003289299364520971 7044
0.03189554477277801 0.003586923470452022 7045
0.03189554477277801 0.003908357479700804 7046
0.03189554477277801 0.004255506196689488 7047
0.03189554477277801 0.004630426835077315 7048
0.03189554477277801 0.005035341124316705 7049
0.03189554477277801 0.005472648553571963 7050
0.03189554477277801 0.005944940571786646 7051
0.03189554477277801 0.006455015939055442 7052
0.03189554477277801 0.007005897352521075 7053
0.03189554477277801 0.007600849281163178 7054
0.03189554477277801 0.008243397348877591 7055
0.03189554477277801 0.008937349263397633 7056
0.03189554477277801 0.009686817353161487 7057
0.03189554477277801 0.01049624287276043 7058
0.03189554477277802 0.01137042242050506 7059
0.03189554477277801 0.01231453633798135 7060
0.03189554477277801 0.01333417939040457 7061
0.03189554477277803 0.01443539387837664 7062
0.03189554477277801 0.01562470553421714 7063
0.03189554477277801 0.01690916210325998 7064
0.03189554477277801 0.01829637518188409 7065
0.03189554477277801 0.01979456529529753 7066
0.03189554477277801 0.02141261061703501 7067
0.03189554477277801 0.02316009957282735 7068
0.03189554477277801 0.02504738766014365 7069
0.03189554477277801 0.02708565881053514 7070
0.03189554477277801 0.02928699163221532 7071
0.03189554477277802 0.0316644310697716 7072
0.03189554477277801 0.03423206566161057 7073
0.03189554477277801 0.03700511102124814 7074
0.03198859685937471 0.0005744801518658965 7075
0.03198859685937473 0.0006549187023411365 7076
0.03198859685937473 0.0007417923242596629 7077
0.03198859685937472 0.0008356158349343708 7078
0.03198859685937473 0.000936945243677711 7079
0.03198859685937472 0.001046381012230214 7080
0.03198859685937473 0.001164571636941929 7081
0.03198859685937471 0.001292217511602556 7082
0.03198859685937472 0.001430075062922938 7083
0.03198859685937472 0.001578961209800969 7084
0.03198859685937472 0.001739758244719251 7085
0.03198859685937472 0.001913419042969198 7086
0.03198859685937472 0.00210097269019394 7087
0.03198859685937471 0.00230353063927247 7088
0.03198859685937472 0.002522293228240823 7089
0.03198859685937472 0.002758556814951888 7090
0.03198859685937472 0.003013721494810931 7091
0.03198859685937472 0.003289299364520971 7092
0.03198859685937472 0.003586923470452022 7093
0.03198859685937472 0.003908357479700804 7094
0.03198859685937472 0.004255506196689488 7095
0.03198859685937471 0.004630426835077315 7096
0.03198859685937472 0.005035341124316705 7097
0.03198859685937472 0.005472648553571963 7098
0.03198859685937471 0.005944940571786645 7099
0.03198859685937472 0.006455015939055441 7100
0.03198859685937471 0.007005897352521075 7101
0.03198859685937472 0.007600849281163178 7102
0.03198859685937472 0.008243397348877591 7103
0.03198859685937472 0.008937349263397633 7104
0.03198859685937472 0.009686817353161487 7105
0.03198859685937472 0.01049624287276043 7106
0.03198859685937472 0.01137042242050506 7107
0.03198859685937472 0.01231453633798136 7108
0.03198859685937472 0.01333417939040457 7109
0.03198859685937471 0.01443539387837664 7110
0.03198859685937472 0.01562470553421714 7111
0.03198859685937471 0.01690916210325998 7112
0.03198859685937471 0.01829637518188408 7113
0.03198859685937472 0.01979456529529753 7114
0.03198859685937472 0.02141261061703501 7115
0.03198859685937472 0.02316009957282735 7116
0.03198859685937472 0.02504738766014365 7117
0.03198859685937472 0.02708565881053514 7118
0.03198859685937472 0.02928699163221531 7119
0.03198859685937472 0.0316644310697716 7120
0.03198859685937471 0.03423206566161057 7121
0.03198859685937472 0.03700511102124813 7122
0.03208537099896446 0.0005744801518658966 7123
0.03208537099896444 0.0006549187023411366 7124
0.03208537099896444 0.0007417923242596628 7125
0.03208537099896445 0.0008356158349343706 7126
0.03208537099896444 0.000936945243677711 7127
0.03208537099896443 0.001046381012230214 7128
0.03208537099896442 0.001164571636941929 7129
0.03208537099896444 0.001292217511602556 7130
0.03208537099896444 0.001430075062922938 7131
0.03208537099896445 0.001578961209800969 7132
0.03208537099896443 0.001739758244719251 7133
0.03208537099896444 0.001913419042969198 7134
0.03208537099896444 0.00210097269019394 7135
0.03208537099896444 0.00230353063927247 7136
0.03208537099896444 0.002522293228240824 7137
0.03208537099896444 0.002758556814951889 7138
0.03208537099896444 0.003013721494810931 7139
0.03208537099896444 0.003289299364520971 7140
0.03208537099896444 0.003586923470452022 7141
0.03208537099896443 0.003908357479700804 7142
0.03208537099896444 0.004255506196689488 7143
0.03208537099896443 0.004630426835077315 7144
0.03208537099896444 0.005035341124316705 7145
0.03208537099896444 0.005472648553571963 7146
0.03208537099896445 0.005944940571786645 7147
0.03208537099896443 0.006455015939055441 7148
0.03208537099896444 0.007005897352521076 7149
0.03208537099896444 0.007600849281163179 7150
0.03208537099896445 0.008243397348877591 7151
0.03208537099896444 0.008937349263397633 7152
0.03208537099896444 0.009686817353161487 7153
0.03208537099896444 0.01049624287276043 7154
0.03208537099896444 0.01137042242050506 7155
0.03208537099896444 0.01231453633798136 7156
0.03208537099896444 0.01333417939040457 7157
0.03208537099896444 0.01443539387837664 7158
0.03208537099896444 0.01562470553421714 7159
0.03208537099896444 0.01690916210325999 7160
0.03208537099896444 0.01829637518188409 7161
0.03208537099896444 0.01979456529529754 7162
0.03208537099896444 0.02141261061703501 7163
0.03208537099896444 0.02316009957282735 7164
0.03208537099896444 0.02504738766014365 7165
0.03208537099896444 0.02708565881053514 7166
0.03208537099896444 0.02928699163221532 7167
0.03208537099896444 0.0316644310697716 7168
0.03208537099896444 0.03423206566161057 7169
0.03208537099896444 0.03700511102124814 7170
0.03218601612427662 0.0005744801518658966 7171
0.03218601612427664 0.0006549187023411365 7172
0.03218601612427664 0.0007417923242596628 7173
0.03218601612427663 0.0008356158349343706 7174
0.03218601612427665 0.000936945243677711 7175
0.03218601612427662 0.001046381012230214 7176
0.03218601612427664 0.001164571636941929 7177
0.03218601612427662 0.001292217511602556 7178
0.03218601612427663 0.001430075062922938 7179
0.03218601612427662 0.001578961209800969 7180
0.03218601612427663 0.001739758244719251 7181
0.03218601612427662 0.001913419042969198 7182
0.03218601612427663 0.00210097269019394 7183
0.03218601612427662 0.00230353063927247 7184
0.03218601612427663 0.002522293228240824 7185
0.03218601612427663 0.002758556814951889 7186
0.03218601612427663 0.003013721494810931 7187
0.03218601612427663 0.003289299364520971 7188
0.03218601612427663 0.003586923470452022 7189
0.03218601612427663 0.003908357479700803 7190
0.03218601612427663 0.004255506196689488 7191
0.03218601612427663 0.004630426835077315 7192
0.03218601612427663 0.005035341124316705 7193
0.03218601612427663 0.005472648553571962 7194
0.03218601612427663 0.005944940571786644 7195
0.03218601612427662 0.006455015939055441 7196
0.03218601612427663 0.007005897352521075 7197
0.03218601612427663 0.007600849281163178 7198
0.03218601612427663 0.008243397348877591 7199
0.03218601612427663 0.008937349263397634 7200
0.03218601612427663 0.009686817353161487 7201
0.03218601612427663 0.01049624287276043 7202
0.03218601612427663 0.01137042242050506 7203
0.03218601612427663 0.01231453633798135 7204
0.03218601612427663 0.01333417939040457 7205
0.03218601612427662 0.01443539387837665 7206
0.03218601612427663 0.01562470553421714 7207
0.03218601612427663 0.01690916210325999 7208
0.03218601612427663 0.01829637518188408 7209
0.03218601612427663 0.01979456529529753 7210
0.03218601612427663 0.02141261061703501 7211
0.03218601612427663 0.02316009957282735 7212
0.03218601612427663 0.02504738766014366 7213
0.03218601612427663 0.02708565881053514 7214
0.03218601612427663 0.02928699163221531 7215
0.03218601612427663 0.0316644310697716 7216
0.03218601612427663 0.03423206566161056 7217
0.03218601612427663 0.03700511102124814 7218
0.03229068707099899 0.0005744801518658966 7219
0.03229068707099897 0.0006549187023411366 7220
0.032290687070999 0.0007417923242596629 7221
0.03229068707099899 0.0008356158349343707 7222
0.03229068707099898 0.000936945243677711 7223
0.03229068707099897 0.001046381012230214 7224
0.03229068707099899 0.001164571636941929 7225
0.032290687070999 0.001292217511602556 7226
0.03229068707099899 0.001430075062922938 7227
0.03229068707099898 0.001578961209800969 7228
0.03229068707099899 0.001739758244719251 7229
0.03229068707099898 0.001913419042969198 7230
0.03229068707099899 0.00210097269019394 7231
0.03229068707099898 0.00230353063927247 7232
0.03229068707099899 0.002522293228240823 7233
0.03229068707099899 0.002758556814951889 7234
0.03229068707099899 0.003013721494810931 7235
0.03229068707099898 0.003289299364520971 7236
0.03229068707099899 0.003586923470452022 7237
0.03229068707099899 0.003908357479700803 7238
0.032290687070999 0.004255506196689489 7239
0.03229068707099899 0.004630426835077315 7240
0.03229068707099899 0.005035341124316705 7241
0.03229068707099898 0.005472648553571962 7242
0.03229068707099899 0.005944940571786645 7243
0.03229068707099899 0.006455015939055441 7244
0.03229068707099898 0.007005897352521075 7245
0.03229068707099899 0.007600849281163178 7246
0.03229068707099898 0.008243397348877591 7247
0.03229068707099898 0.008937349263397633 7248
0.03229068707099899 0.009686817353161487 7249
0.03229068707099898 0.01049624287276043 7250
0.03229068707099899 0.01137042242050506 7251
0.03229068707099899 0.01231453633798136 7252
0.03229068707099899 0.01333417939040458 7253
0.03229068707099898 0.01443539387837664 7254
0.032290687070999 0.01562470553421714 7255
0.03229068707099898 0.01690916210325999 7256
0.03229068707099898 0.01829637518188409 7257
0.03229068707099899 0.01979456529529753 7258
0.03229068707099899 0.02141261061703501 7259
0.03229068707099899 0.02316009957282735 7260
0.03229068707099898 0.02504738766014365 7261
0.03229068707099899 0.02708565881053514 7262
0.03229068707099898 0.02928699163221531 7263
0.03229068707099899 0.0316644310697716 7264
0.03229068707099898 0.03423206566161056 7265
0.03229068707099899 0.03700511102124813 7266
0.03239954484681103 0.0005744801518658966 7267
0.03239954484681103 0.0006549187023411366 7268
0.03239954484681103 0.0007417923242596629 7269
0.03239954484681102 0.0008356158349343708 7270
0.03239954484681104 0.0009369452436777113 7271
0.03239954484681103 0.001046381012230214 7272
0.03239954484681104 0.001164571636941929 7273
0.03239954484681102 0.001292217511602556 7274
0.03239954484681103 0.001430075062922938 7275
0.03239954484681103 0.001578961209800969 7276
0.03239954484681103 0.001739758244719251 7277
0.03239954484681105 0.001913419042969198 7278
0.03239954484681103 0.002100972690193939 7279
0.03239954484681103 0.00230353063927247 7280
0.03239954484681105 0.002522293228240823 7281
0.03239954484681103 0.002758556814951888 7282
0.03239954484681103 0.003013721494810931 7283
0.03239954484681103 0.003289299364520971 7284
0.03239954484681103 0.003586923470452022 7285
0.03239954484681103 0.003908357479700803 7286
0.03239954484681103 0.004255506196689489 7287
0.03239954484681103 0.004630426835077315 7288
0.03239954484681103 0.005035341124316705 7289
0.03239954484681103 0.005472648553571963 7290
0.03239954484681103 0.005944940571786645 7291
0.03239954484681103 0.006455015939055441 7292
0.03239954484681103 0.007005897352521075 7293
0.03239954484681103 0.007600849281163178 7294
0.03239954484681103 0.008243397348877591 7295
0.03239954484681103 0.008937349263397636 7296
0.03239954484681103 0.009686817353161485 7297
0.03239954484681103 0.01049624287276043 7298
0.03239954484681103 0.01137042242050506 7299
0.03239954484681103 0.01231453633798135 7300
0.03239954484681103 0.01333417939040457 7301
0.03239954484681103 0.01443539387837664 7302
0.03239954484681104 0.01562470553421714 7303
0.03239954484681103 0.01690916210325999 7304
0.03239954484681103 0.01829637518188409 7305
0.03239954484681103 0.01979456529529753 7306
0.03239954484681103 0.02141261061703501 7307
0.03239954484681103 0.02316009957282735 7308
0.03239954484681103 0.02504738766014366 7309
0.03239954484681103 0.02708565881053514 7310
0.03239954484681103 0.02928699163221531 7311
0.03239954484681103 0.0316644310697716 7312
0.03239954484681103 0.03423206566161057 7313
0.03239954484681103 0.03700511102124813 7314
0.03251275695112528 0.0005744801518658966 7315
0.03251275695112528 0.0006549187023411367 7316
0.03251275695112529 0.0007417923242596629 7317
0.03251275695112528 0.0008356158349343706 7318
0.03251275695112529 0.000936945243677711 7319
0.03251275695112528 0.001046381012230214 7320
0.03251275695112528 0.001164571636941929 7321
0.03251275695112529 0.001292217511602556 7322
0.03251275695112528 0.001430075062922938 7323
0.03251275695112528 0.001578961209800969 7324
0.03251275695112528 0.001739758244719251 7325
0.03251275695112527 0.001913419042969199 7326
0.03251275695112528 0.00210097269019394 7327
0.03251275695112528 0.00230353063927247 7328
0.03251275695112527 0.002522293228240823 7329
0.03251275695112528 0.002758556814951889 7330
0.03251275695112528 0.003013721494810931 7331
0.03251275695112528 0.003289299364520971 7332
0.03251275695112528 0.003586923470452022 7333
0.03251275695112528 0.003908357479700805 7334
0.03251275695112528 0.004255506196689489 7335
0.03251275695112528 0.004630426835077314 7336
0.03251275695112529 0.005035341124316706 7337
0.03251275695112528 0.005472648553571963 7338
0.03251275695112529 0.005944940571786645 7339
0.03251275695112528 0.006455015939055442 7340
0.03251275695112527 0.007005897352521075 7341
0.03251275695112528 0.007600849281163178 7342
0.03251275695112528 0.008243397348877593 7343
0.03251275695112528 0.008937349263397633 7344
0.03251275695112528 0.009686817353161487 7345
0.03251275695112528 0.01049624287276043 7346
0.03251275695112529 0.01137042242050506 7347
0.03251275695112528 0.01231453633798135 7348
0.03251275695112529 0.01333417939040458 7349
0.03251275695112528 0.01443539387837664 7350
0.03251275695112528 0.01562470553421714 7351
0.03251275695112528 0.01690916210325999 7352
0.03251275695112528 0.01829637518188408 7353
0.03251275695112528 0.01979456529529753 7354
0.03251275695112528 0.02141261061703501 7355
0.03251275695112528 0.02316009957282735 7356
0.03251275695112528 0.02504738766014365 7357
0.03251275695112528 0.02708565881053513 7358
0.03251275695112528 0.02928699163221532 7359
0.03251275695112528 0.0316644310697716 7360
0.03251275695112528 0.03423206566161056 7361
0.03251275695112528 0.03700511102124814 7362
0.03263049753220897 0.0005744801518658966 7363
0.03263049753220896 0.0006549187023411366 7364
0.03263049753220897 0.0007417923242596624 7365
0.03263049753220896 0.0008356158349343707 7366
0.03263049753220896 0.000936945243677711 7367
0.03263049753220896 0.001046381012230214 7368
0.03263049753220896 0.001164571636941929 7369
0.03263049753220896 0.001292217511602556 7370
0.03263049753220896 0.001430075062922938 7371
0.03263049753220896 0.001578961209800969 7372
0.03263049753220896 0.001739758244719251 7373
0.03263049753220896 0.001913419042969199 7374
0.03263049753220897 0.00210097269019394 7375
0.03263049753220895 0.00230353063927247 7376
0.03263049753220895 0.002522293228240824 7377
0.03263049753220897 0.002758556814951889 7378
0.03263049753220896 0.003013721494810931 7379
0.03263049753220896 0.003289299364520971 7380
0.03263049753220896 0.003586923470452022 7381
0.03263049753220896 0.003908357479700804 7382
0.03263049753220896 0.004255506196689489 7383
0.03263049753220896 0.004630426835077314 7384
0.03263049753220897 0.005035341124316706 7385
0.03263049753220897 0.005472648553571963 7386
0.03263049753220896 0.005944940571786646 7387
0.03263049753220896 0.006455015939055441 7388
0.03263049753220896 0.007005897352521076 7389
0.03263049753220896 0.007600849281163178 7390
0.03263049753220895 0.008243397348877593 7391
0.03263049753220897 0.008937349263397634 7392
0.03263049753220897 0.009686817353161487 7393
0.03263049753220896 0.01049624287276043 7394
0.03263049753220897 0.01137042242050506 7395
0.03263049753220897 0.01231453633798135 7396
0.03263049753220896 0.01333417939040457 7397
0.03263049753220896 0.01443539387837664 7398
0.03263049753220895 0.01562470553421713 7399
0.03263049753220897 0.01690916210325998 7400
0.03263049753220896 0.01829637518188409 7401
0.03263049753220896 0.01979456529529753 7402
0.03263049753220896 0.02141261061703501 7403
0.03263049753220895 0.02316009957282735 7404
0.03263049753220897 0.02504738766014365 7405
0.03263049753220897 0.02708565881053514 7406
0.03263049753220896 0.02928699163221531 7407
0.03263049753220896 0.0316644310697716 7408
0.03263049753220896 0.03423206566161057 7409
0.03263049753220896 0.03700511102124814 7410
0.03275294771773733 0.0005744801518658966 7411
0.03275294771773733 0.0006549187023411366 7412
0.03275294771773733 0.0007417923242596629 7413
0.03275294771773735 0.0008356158349343707 7414
0.03275294771773733 0.0009369452436777112 7415
0.03275294771773733 0.001046381012230214 7416
0.03275294771773733 0.001164571636941929 7417
0.03275294771773733 0.001292217511602556 7418
0.03275294771773733 0.001430075062922938 7419
0.03275294771773733 0.001578961209800969 7420
0.03275294771773734 0.001739758244719251 7421
0.03275294771773733 0.001913419042969198 7422
0.03275294771773733 0.00210097269019394 7423
0.03275294771773733 0.00230353063927247 7424
0.03275294771773733 0.002522293228240823 7425
0.03275294771773732 0.002758556814951888 7426
0.03275294771773733 0.003013721494810931 7427
0.03275294771773733 0.003289299364520971 7428
0.03275294771773733 0.003586923470452022 7429
0.03275294771773733 0.003908357479700804 7430
0.03275294771773733 0.004255506196689488 7431
0.03275294771773733 0.004630426835077315 7432
0.03275294771773733 0.005035341124316705 7433
0.03275294771773733 0.005472648553571963 7434
0.03275294771773733 0.005944940571786645 7435
0.03275294771773733 0.006455015939055441 7436
0.03275294771773733 0.007005897352521075 7437
0.03275294771773733 0.007600849281163178 7438
0.03275294771773733 0.008243397348877591 7439
0.03275294771773733 0.008937349263397634 7440
0.03275294771773733 0.009686817353161487 7441
0.03275294771773733 0.01049624287276043 7442
0.03275294771773733 0.01137042242050506 7443
0.03275294771773733 0.01231453633798136 7444
0.03275294771773733 0.01333417939040457 7445
0.03275294771773733 0.01443539387837664 7446
0.03275294771773733 0.01562470553421714 7447
0.03275294771773733 0.01690916210325999 7448
0.03275294771773733 0.01829637518188409 7449
0.03275294771773733 0.01979456529529753 7450
0.03275294771773733 0.02141261061703501 7451
0.03275294771773733 0.02316009957282735 7452
0.03275294771773733 0.02504738766014366 7453
0.03275294771773733 0.02708565881053514 7454
0.03275294771773733 0.02928699163221531 7455
0.03275294771773733 0.0316644310697716 7456
0.03275294771773733 0.03423206566161056 7457
0.03275294771773733 0.03700511102124814 7458
0.03288029590794213 0.0005744801518658966 7459
0.03288029590794212 0.0006549187023411366 7460
0.03288029590794214 0.0007417923242596624 7461
0.03288029590794213 0.0008356158349343708 7462
0.03288029590794213 0.000936945243677711 7463
0.03288029590794213 0.001046381012230214 7464
0.03288029590794212 0.001164571636941929 7465
0.03288029590794214 0.001292217511602556 7466
0.03288029590794214 0.001430075062922938 7467
0.03288029590794212 0.001578961209800969 7468
0.03288029590794214 0.001739758244719251 7469
0.03288029590794213 0.001913419042969198 7470
0.03288029590794213 0.00210097269019394 7471
0.03288029590794213 0.00230353063927247 7472
0.03288029590794213 0.002522293228240824 7473
0.03288029590794213 0.002758556814951889 7474
0.03288029590794213 0.003013721494810931 7475
0.03288029590794213 0.003289299364520971 7476
0.03288029590794213 0.003586923470452022 7477
0.03288029590794213 0.003908357479700804 7478
0.03288029590794213 0.004255506196689487 7479
0.03288029590794213 0.004630426835077315 7480
0.03288029590794213 0.005035341124316705 7481
0.03288029590794213 0.005472648553571963 7482
0.03288029590794213 0.005944940571786644 7483
0.03288029590794213 0.006455015939055442 7484
0.03288029590794213 0.007005897352521075 7485
0.03288029590794213 0.007600849281163178 7486
0.03288029590794213 0.008243397348877591 7487
0.03288029590794213 0.008937349263397633 7488
0.03288029590794213 0.009686817353161488 7489
0.03288029590794213 0.01049624287276043 7490
0.03288029590794213 0.01137042242050506 7491
0.03288029590794213 0.01231453633798135 7492
0.03288029590794213 0.01333417939040457 7493
0.03288029590794213 0.01443539387837664 7494
0.03288029590794213 0.01562470553421714 7495
0.03288029590794213 0.01690916210325999 7496
0.03288029590794213 0.01829637518188408 7497
0.03288029590794213 0.01979456529529754 7498
0.03288029590794213 0.02141261061703501 7499
0.03288029590794213 0.02316009957282735 7500
0.03288029590794213 0.02504738766014365 7501
0.03288029590794213 0.02708565881053514 7502
0.03288029590794213 0.02928699163221532 7503
0.03288029590794213 0.0316644310697716 7504
0.03288029590794213 0.03423206566161056 7505
0.03288029590794213 0.03700511102124814 7506
0.03301273803020871 0.0005744801518658966 7507
0.03301273803020868 0.0006549187023411366 7508
0.0330127380302087 0.0007417923242596629 7509
0.0330127380302087 0.0008356158349343706 7510
0.03301273803020869 0.000936945243677711 7511
0.03301273803020868 0.001046381012230214 7512
0.0330127380302087 0.001164571636941929 7513
0.03301273803020869 0.001292217511602556 7514
0.03301273803020869 0.001430075062922938 7515
0.0330127380302087 0.001578961209800969 7516
0.03301273803020868 0.001739758244719251 7517
0.03301273803020869 0.001913419042969198 7518
0.0330127380302087 0.00210097269019394 7519
0.03301273803020869 0.00230353063927247 7520
0.03301273803020868 0.002522293228240824 7521
0.0330127380302087 0.002758556814951889 7522
0.03301273803020869 0.003013721494810931 7523
0.0330127380302087 0.003289299364520971 7524
0.0330127380302087 0.003586923470452022 7525
0.0330127380302087 0.003908357479700804 7526
0.0330127380302087 0.004255506196689488 7527
0.03301273803020871 0.004630426835077315 7528
0.0330127380302087 0.005035341124316705 7529
0.0330127380302087 0.005472648553571962 7530
0.0330127380302087 0.005944940571786645 7531
0.0330127380302087 0.006455015939055441 7532
0.0330127380302087 0.007005897352521076 7533
0.0330127380302087 0.007600849281163178 7534
0.0330127380302087 0.008243397348877591 7535
0.0330127380302087 0.008937349263397633 7536
0.0330127380302087 0.009686817353161487 7537
0.0330127380302087 0.01049624287276043 7538
0.0330127380302087 0.01137042242050506 7539
0.03301273803020869 0.01231453633798135 7540
0.0330127380302087 0.01333417939040458 7541
0.0330127380302087 0.01443539387837664 7542
0.0330127380302087 0.01562470553421714 7543
0.0330127380302087 0.01690916210325998 7544
0.0330127380302087 0.01829637518188409 7545
0.0330127380302087 0.01979456529529753 7546
0.0330127380302087 0.02141261061703501 7547
0.0330127380302087 0.02316009957282735 7548
0.0330127380302087 0.02504738766014365 7549
0.0330127380302087 0.02708565881053514 7550
0.0330127380302087 0.02928699163221531 7551
0.0330127380302087 0.0316644310697716 7552
0.0330127380302087 0.03423206566161057 7553
0.0330127380302087 0.03700511102124814 7554
0.03315047784700961 0.0005744801518658966 7555
0.03315047784700959 0.0006549187023411366 7556
0.03315047784700959 0.0007417923242596628 7557
0.03315047784700959 0.0008356158349343706 7558
0.03315047784700959 0.000936945243677711 7559
0.03315047784700959 0.001046381012230214 7560
0.03315047784700961 0.001164571636941929 7561
0.03315047784700959 0.001292217511602556 7562
0.03315047784700961 0.001430075062922938 7563
0.03315047784700959 0.001578961209800969 7564
0.03315047784700959 0.001739758244719251 7565
0.03315047784700959 0.001913419042969198 7566
0.03315047784700959 0.00210097269019394 7567
0.03315047784700959 0.00230353063927247 7568
0.03315047784700958 0.002522293228240824 7569
0.03315047784700959 0.002758556814951889 7570
0.03315047784700959 0.003013721494810931 7571
0.03315047784700959 0.003289299364520971 7572
0.03315047784700959 0.003586923470452022 7573
0.03315047784700959 0.003908357479700804 7574
0.03315047784700959 0.004255506196689488 7575
0.03315047784700959 0.004630426835077315 7576
0.03315047784700959 0.005035341124316705 7577
0.03315047784700959 0.005472648553571963 7578
0.03315047784700959 0.005944940571786645 7579
0.03315047784700959 0.006455015939055442 7580
0.03315047784700959 0.007005897352521076 7581
0.03315047784700959 0.007600849281163178 7582
0.03315047784700959 0.008243397348877591 7583
0.03315047784700959 0.008937349263397634 7584
0.03315047784700959 0.009686817353161487 7585
0.03315047784700959 0.01049624287276043 7586
0.03315047784700959 0.01137042242050506 7587
0.03315047784700959 0.01231453633798136 7588
0.0331504778470096 0.01333417939040457 7589
0.03315047784700959 0.01443539387837664 7590
0.03315047784700959 0.01562470553421714 7591
0.03315047784700959 0.01690916210325998 7592
0.03315047784700959 0.01829637518188409 7593
0.03315047784700959 0.01979456529529754 7594
0.03315047784700959 0.02141261061703501 7595
0.03315047784700959 0.02316009957282735 7596
0.03315047784700959 0.02504738766014365 7597
0.03315047784700959 0.02708565881053514 7598
0.03315047784700959 0.02928699163221532 7599
0.03315047784700959 0.0316644310697716 7600
0.03315047784700959 0.03423206566161057 7601
0.03315047784700959 0.03700511102124814 7602
0.03329372724305169 0.0005744801518658966 7603
0.03329372724305169 0.0006549187023411366 7604
0.03329372724305169 0.0007417923242596629 7605
0.03329372724305169 0.0008356158349343706 7606
0.03329372724305169 0.000936945243677711 7607
0.0332937272430517 0.001046381012230214 7608
0.03329372724305169 0.001164571636941929 7609
0.03329372724305169 0.001292217511602556 7610
0.03329372724305169 0.001430075062922938 7611
0.03329372724305169 0.001578961209800969 7612
0.03329372724305169 0.001739758244719251 7613
0.03329372724305169 0.001913419042969199 7614
0.03329372724305169 0.00210097269019394 7615
0.0332937272430517 0.00230353063927247 7616
0.03329372724305169 0.002522293228240823 7617
0.03329372724305169 0.002758556814951889 7618
0.03329372724305169 0.003013721494810931 7619
0.03329372724305169 0.003289299364520971 7620
0.03329372724305169 0.003586923470452022 7621
0.03329372724305169 0.003908357479700803 7622
0.03329372724305168 0.004255506196689488 7623
0.03329372724305169 0.004630426835077315 7624
0.03329372724305169 0.005035341124316705 7625
0.03329372724305169 0.005472648553571963 7626
0.03329372724305169 0.005944940571786645 7627
0.03329372724305169 0.006455015939055442 7628
0.03329372724305169 0.007005897352521076 7629
0.03329372724305169 0.007600849281163179 7630
0.03329372724305169 0.008243397348877591 7631
0.03329372724305169 0.008937349263397633 7632
0.03329372724305169 0.009686817353161487 7633
0.03329372724305169 0.01049624287276043 7634
0.03329372724305169 0.01137042242050506 7635
0.03329372724305169 0.01231453633798135 7636
0.0332937272430517 0.01333417939040457 7637
0.03329372724305169 0.01443539387837664 7638
0.03329372724305171 0.01562470553421714 7639
0.03329372724305169 0.01690916210325999 7640
0.03329372724305169 0.01829637518188409 7641
0.03329372724305169 0.01979456529529753 7642
0.03329372724305169 0.02141261061703501 7643
0.03329372724305169 0.02316009957282735 7644
0.03329372724305169 0.02504738766014365 7645
0.03329372724305169 0.02708565881053514 7646
0.03329372724305169 0.02928699163221531 7647
0.03329372724305169 0.0316644310697716 7648
0.03329372724305169 0.03423206566161057 7649
0.03329372724305169 0.03700511102124814 7650
0.03344270662775372 0.0005744801518658966 7651
0.03344270662775372 0.0006549187023411366 7652
0.03344270662775372 0.0007417923242596629 7653
0.03344270662775371 0.0008356158349343706 7654
0.03344270662775373 0.000936945243677711 7655
0.03344270662775371 0.001046381012230214 7656
0.03344270662775373 0.001164571636941929 7657
0.03344270662775371 0.001292217511602556 7658
0.03344270662775374 0.001430075062922938 7659
0.03344270662775372 0.001578961209800969 7660
0.03344270662775373 0.001739758244719251 7661
0.03344270662775372 0.001913419042969198 7662
0.03344270662775372 0.00210097269019394 7663
0.03344270662775372 0.00230353063927247 7664
0.03344270662775372 0.002522293228240824 7665
0.03344270662775373 0.002758556814951889 7666
0.03344270662775372 0.003013721494810931 7667
0.03344270662775373 0.003289299364520971 7668
0.03344270662775372 0.003586923470452022 7669
0.03344270662775373 0.003908357479700804 7670
0.03344270662775373 0.004255506196689488 7671
0.03344270662775373 0.004630426835077315 7672
0.03344270662775372 0.005035341124316706 7673
0.03344270662775372 0.005472648553571962 7674
0.03344270662775372 0.005944940571786645 7675
0.03344270662775372 0.006455015939055442 7676
0.03344270662775371 0.007005897352521074 7677
0.03344270662775372 0.007600849281163178 7678
0.03344270662775372 0.008243397348877591 7679
0.03344270662775372 0.008937349263397634 7680
0.03344270662775371 0.009686817353161487 7681
0.03344270662775372 0.01049624287276043 7682
0.03344270662775372 0.01137042242050506 7683
0.03344270662775371 0.01231453633798135 7684
0.03344270662775372 0.01333417939040458 7685
0.03344270662775373 0.01443539387837664 7686
0.03344270662775371 0.01562470553421714 7687
0.03344270662775372 0.01690916210325999 7688
0.03344270662775372 0.01829637518188409 7689
0.03344270662775372 0.01979456529529753 7690
0.03344270662775371 0.02141261061703501 7691
0.03344270662775372 0.02316009957282735 7692
0.03344270662775372 0.02504738766014365 7693
0.03344270662775372 0.02708565881053514 7694
0.03344270662775372 0.02928699163221531 7695
0.03344270662775372 0.0316644310697716 7696
0.03344270662775372 0.03423206566161057 7697
0.03344270662775372 0.03700511102124813 7698
0.03359764519299883 0.0005744801518658966 7699
0.03359764519299885 0.0006549187023411366 7700
0.03359764519299883 0.0007417923242596628 7701
0.03359764519299885 0.0008356158349343707 7702
0.03359764519299884 0.000936945243677711 7703
0.03359764519299886 0.001046381012230214 7704
0.03359764519299883 0.001164571636941929 7705
0.03359764519299884 0.001292217511602556 7706
0.03359764519299883 0.001430075062922938 7707
0.03359764519299884 0.001578961209800969 7708
0.03359764519299883 0.001739758244719251 7709
0.03359764519299883 0.001913419042969198 7710
0.03359764519299884 0.00210097269019394 7711
0.03359764519299885 0.00230353063927247 7712
0.03359764519299885 0.002522293228240823 7713
0.03359764519299883 0.002758556814951888 7714
0.03359764519299883 0.003013721494810931 7715
0.03359764519299883 0.003289299364520971 7716
0.03359764519299885 0.003586923470452022 7717
0.03359764519299884 0.003908357479700805 7718
0.03359764519299884 0.004255506196689488 7719
0.03359764519299884 0.004630426835077315 7720
0.03359764519299885 0.005035341124316705 7721
0.03359764519299884 0.005472648553571963 7722
0.03359764519299884 0.005944940571786646 7723
0.03359764519299886 0.006455015939055441 7724
0.03359764519299883 0.007005897352521076 7725
0.03359764519299885 0.007600849281163178 7726
0.03359764519299884 0.008243397348877591 7727
0.03359764519299884 0.008937349263397633 7728
0.03359764519299884 0.009686817353161487 7729
0.03359764519299884 0.01049624287276043 7730
0.03359764519299885 0.01137042242050506 7731
0.03359764519299884 0.01231453633798136 7732
0.03359764519299884 0.01333417939040457 7733
0.03359764519299886 0.01443539387837664 7734
0.03359764519299884 0.01562470553421714 7735
0.03359764519299883 0.01690916210325998 7736
0.03359764519299884 0.01829637518188409 7737
0.03359764519299884 0.01979456529529753 7738
0.03359764519299884 0.02141261061703501 7739
0.03359764519299884 0.02316009957282735 7740
0.03359764519299884 0.02504738766014365 7741
0.03359764519299884 0.02708565881053514 7742
0.03359764519299884 0.02928699163221532 7743
0.03359764519299884 0.0316644310697716 7744
0.03359764519299884 0.03423206566161057 7745
0.03359764519299884 0.03700511102124814 7746
0.03375878129395957 0.0005744801518658966 7747
0.03375878129395955 0.0006549187023411366 7748
0.03375878129395957 0.0007417923242596629 7749
0.03375878129395955 0.0008356158349343706 7750
0.03375878129395955 0.0009369452436777112 7751
0.03375878129395955 0.001046381012230214 7752
0.03375878129395955 0.001164571636941929 7753
0.03375878129395955 0.001292217511602556 7754
0.03375878129395955 0.001430075062922938 7755
0.03375878129395955 0.001578961209800969 7756
0.03375878129395955 0.001739758244719251 7757
0.03375878129395955 0.001913419042969198 7758
0.03375878129395955 0.00210097269019394 7759
0.03375878129395955 0.00230353063927247 7760
0.03375878129395956 0.002522293228240824 7761
0.03375878129395956 0.002758556814951889 7762
0.03375878129395955 0.003013721494810931 7763
0.03375878129395957 0.003289299364520971 7764
0.03375878129395955 0.003586923470452022 7765
0.03375878129395955 0.003908357479700804 7766
0.03375878129395955 0.004255506196689488 7767
0.03375878129395955 0.004630426835077315 7768
0.03375878129395955 0.005035341124316705 7769
0.03375878129395955 0.005472648553571963 7770
0.03375878129395955 0.005944940571786645 7771
0.03375878129395955 0.006455015939055439 7772
0.03375878129395955 0.007005897352521076 7773
0.03375878129395955 0.007600849281163178 7774
0.03375878129395955 0.008243397348877593 7775
0.03375878129395955 0.008937349263397634 7776
0.03375878129395955 0.009686817353161487 7777
0.03375878129395955 0.01049624287276043 7778
0.03375878129395955 0.01137042242050506 7779
0.03375878129395955 0.01231453633798136 7780
0.03375878129395956 0.01333417939040458 7781
0.03375878129395955 0.01443539387837664 7782
0.03375878129395955 0.01562470553421714 7783
0.03375878129395955 0.01690916210325999 7784
0.03375878129395955 0.01829637518188409 7785
0.03375878129395955 0.01979456529529753 7786
0.03375878129395955 0.02141261061703501 7787
0.03375878129395955 0.02316009957282735 7788
0.03375878129395955 0.02504738766014365 7789
0.03375878129395955 0.02708565881053514 7790
0.03375878129395955 0.02928699163221532 7791
0.03375878129395955 0.0316644310697716 7792
0.03375878129395955 0.03423206566161057 7793
0.03375878129395955 0.03700511102124814 7794
0.03392636286610837 0.0005744801518658966 7795
0.03392636286610839 0.0006549187023411366 7796
0.03392636286610839 0.0007417923242596629 7797
0.03392636286610839 0.0008356158349343707 7798
0.03392636286610839 0.000936945243677711 7799
0.03392636286610838 0.001046381012230214 7800
0.03392636286610839 0.001164571636941929 7801
0.0339263628661084 0.001292217511602556 7802
0.03392636286610839 0.001430075062922938 7803
0.0339263628661084 0.001578961209800969 7804
0.03392636286610839 0.001739758244719251 7805
0.03392636286610838 0.001913419042969199 7806
0.03392636286610837 0.00210097269019394 7807
0.0339263628661084 0.00230353063927247 7808
0.0339263628661084 0.002522293228240823 7809
0.03392636286610839 0.002758556814951889 7810
0.0339263628661084 0.003013721494810931 7811
0.03392636286610839 0.003289299364520971 7812
0.03392636286610839 0.003586923470452022 7813
0.03392636286610839 0.003908357479700804 7814
0.03392636286610839 0.004255506196689488 7815
0.03392636286610839 0.004630426835077315 7816
0.03392636286610839 0.005035341124316705 7817
0.03392636286610839 0.005472648553571963 7818
0.03392636286610839 0.005944940571786646 7819
0.03392636286610839 0.006455015939055441 7820
0.03392636286610839 0.007005897352521075 7821
0.03392636286610839 0.007600849281163178 7822
0.03392636286610839 0.008243397348877591 7823
0.03392636286610839 0.008937349263397634 7824
0.03392636286610838 0.009686817353161487 7825
0.03392636286610839 0.01049624287276043 7826
0.03392636286610839 0.01137042242050506 7827
0.03392636286610839 0.01231453633798136 7828
0.03392636286610838 0.01333417939040457 7829
0.03392636286610838 0.01443539387837664 7830
0.03392636286610838 0.01562470553421714 7831
0.03392636286610838 0.01690916210325999 7832
0.03392636286610839 0.01829637518188409 7833
0.03392636286610839 0.01979456529529754 7834
0.03392636286610839 0.02141261061703501 7835
0.03392636286610839 0.02316009957282735 7836
0.03392636286610839 0.02504738766014365 7837
0.03392636286610839 0.02708565881053514 7838
0.03392636286610839 0.02928699163221532 7839
0.03392636286610839 0.0316644310697716 7840
0.03392636286610839 0.03423206566161057 7841
0.03392636286610839 0.03700511102124814 7842
0.03410064769147338 0.0005744801518658966 7843
0.03410064769147338 0.0006549187023411366 7844
0.03410064769147338 0.0007417923242596629 7845
0.03410064769147339 0.0008356158349343707 7846
0.03410064769147338 0.000936945243677711 7847
0.03410064769147337 0.001046381012230213 7848
0.03410064769147338 0.001164571636941929 7849
0.03410064769147338 0.001292217511602556 7850
0.03410064769147338 0.001430075062922938 7851
0.03410064769147338 0.001578961209800969 7852
0.03410064769147338 0.001739758244719251 7853
0.03410064769147339 0.001913419042969198 7854
0.03410064769147338 0.00210097269019394 7855
0.03410064769147337 0.00230353063927247 7856
0.03410064769147336 0.002522293228240824 7857
0.03410064769147336 0.002758556814951889 7858
0.03410064769147338 0.003013721494810931 7859
0.03410064769147339 0.003289299364520971 7860
0.03410064769147338 0.003586923470452022 7861
0.03410064769147338 0.003908357479700804 7862
0.03410064769147337 0.004255506196689488 7863
0.03410064769147338 0.004630426835077315 7864
0.03410064769147338 0.005035341124316706 7865
0.03410064769147338 0.005472648553571963 7866
0.03410064769147338 0.005944940571786646 7867
0.03410064769147337 0.006455015939055441 7868
0.03410064769147338 0.007005897352521075 7869
0.03410064769147338 0.007600849281163178 7870
0.03410064769147338 0.008243397348877591 7871
0.03410064769147338 0.008937349263397634 7872
0.03410064769147338 0.009686817353161487 7873
0.03410064769147338 0.01049624287276043 7874
0.03410064769147338 0.01137042242050506 7875
0.03410064769147338 0.01231453633798136 7876
0.03410064769147338 0.01333417939040458 7877
0.03410064769147338 0.01443539387837664 7878
0.03410064769147338 0.01562470553421714 7879
0.03410064769147338 0.01690916210325998 7880
0.03410064769147338 0.01829637518188409 7881
0.03410064769147338 0.01979456529529753 7882
0.03410064769147338 0.02141261061703501 7883
0.03410064769147338 0.02316009957282735 7884
0.03410064769147338 0.02504738766014365 7885
0.03410064769147338 0.02708565881053514 7886
0.03410064769147338 0.02928699163221531 7887
0.03410064769147338 0.0316644310697716 7888
0.03410064769147338 0.03423206566161058 7889
0.03410064769147338 0.03700511102124814 7890
0.0342819038968512 0.0005744801518658966 7891
0.03428190389685122 0.0006549187023411366 7892
0.03428190389685122 0.0007417923242596628 7893
0.0342819038968512 0.0008356158349343707 7894
0.03428190389685122 0.000936945243677711 7895
0.03428190389685121 0.001046381012230214 7896
0.0342819038968512 0.001164571636941929 7897
0.03428190389685122 0.001292217511602556 7898
0.03428190389685121 0.001430075062922938 7899
0.03428190389685121 0.001578961209800969 7900
0.03428190389685121 0.001739758244719251 7901
0.03428190389685121 0.001913419042969198 7902
0.03428190389685121 0.00210097269019394 7903
0.03428190389685121 0.00230353063927247 7904
0.03428190389685121 0.002522293228240823 7905
0.03428190389685121 0.002758556814951889 7906
0.03428190389685121 0.003013721494810931 7907
0.03428190389685121 0.003289299364520971 7908
0.03428190389685121 0.003586923470452022 7909
0.03428190389685121 0.003908357479700804 7910
0.03428190389685121 0.004255506196689488 7911
0.03428190389685121 0.004630426835077315 7912
0.03428190389685121 0.005035341124316706 7913
0.03428190389685123 0.005472648553571962 7914
0.0342819038968512 0.005944940571786645 7915
0.03428190389685121 0.006455015939055441 7916
0.03428190389685122 0.007005897352521076 7917
0.03428190389685121 0.007600849281163178 7918
0.03428190389685121 0.008243397348877591 7919
0.03428190389685121 0.008937349263397633 7920
0.03428190389685121 0.009686817353161487 7921
0.03428190389685121 0.01049624287276043 7922
0.03428190389685121 0.01137042242050506 7923
0.03428190389685121 0.01231453633798136 7924
0.03428190389685121 0.01333417939040457 7925
0.03428190389685121 0.01443539387837664 7926
0.03428190389685121 0.01562470553421714 7927
0.03428190389685121 0.01690916210325999 7928
0.03428190389685121 0.01829637518188409 7929
0.03428190389685121 0.01979456529529753 7930
0.03428190389685121 0.02141261061703501 7931
0.03428190389685121 0.02316009957282735 7932
0.03428190389685121 0.02504738766014365 7933
0.03428190389685121 0.02708565881053514 7934
0.03428190389685122 0.02928699163221532 7935
0.03428190389685121 0.0316644310697716 7936
0.03428190389685121 0.03423206566161057 7937
0.03428190389685121 0.03700511102124814 7938
0.03447041034908262 0.0005744801518658966 7939
0.03447041034908262 0.0006549187023411366 7940
0.03447041034908262 0.0007417923242596629 7941
0.03447041034908262 0.0008356158349343708 7942
0.03447041034908262 0.000936945243677711 7943
0.03447041034908262 0.001046381012230214 7944
0.03447041034908262 0.001164571636941929 7945
0.03447041034908262 0.001292217511602556 7946
0.03447041034908261 0.001430075062922938 7947
0.03447041034908262 0.001578961209800969 7948
0.03447041034908262 0.001739758244719251 7949
0.03447041034908262 0.001913419042969198 7950
0.03447041034908264 0.002100972690193939 7951
0.03447041034908262 0.00230353063927247 7952
0.03447041034908262 0.002522293228240824 7953
0.03447041034908263 0.002758556814951889 7954
0.03447041034908262 0.003013721494810931 7955
0.0344704103490826 0.003289299364520971 7956
0.03447041034908262 0.003586923470452022 7957
0.03447041034908262 0.003908357479700803 7958
0.03447041034908262 0.00425550619668949 7959
0.03447041034908262 0.004630426835077315 7960
0.03447041034908262 0.005035341124316705 7961
0.03447041034908262 0.005472648553571962 7962
0.03447041034908262 0.005944940571786645 7963
0.03447041034908262 0.006455015939055441 7964
0.03447041034908262 0.007005897352521076 7965
0.03447041034908262 0.007600849281163178 7966
0.03447041034908262 0.008243397348877591 7967
0.03447041034908262 0.008937349263397634 7968
0.03447041034908262 0.009686817353161487 7969
0.03447041034908262 0.01049624287276043 7970
0.03447041034908261 0.01137042242050506 7971
0.03447041034908262 0.01231453633798136 7972
0.03447041034908262 0.01333417939040457 7973
0.03447041034908262 0.01443539387837664 7974
0.03447041034908262 0.01562470553421714 7975
0.03447041034908262 0.01690916210325998 7976
0.03447041034908262 0.01829637518188409 7977
0.03447041034908262 0.01979456529529753 7978
0.03447041034908262 0.02141261061703501 7979
0.03447041034908262 0.02316009957282735 7980
0.03447041034908262 0.02504738766014365 7981
0.03447041034908262 0.02708565881053514 7982
0.03447041034908262 0.02928699163221531 7983
0.03447041034908262 0.0316644310697716 7984
0.03447041034908262 0.03423206566161056 7985
0.03447041034908262 0.03700511102124813 7986
0.03466645704380886 0.0005744801518658966 7987
0.03466645704380887 0.0006549187023411366 7988
0.03466645704380886 0.0007417923242596629 7989
0.03466645704380888 0.0008356158349343706 7990
0.03466645704380887 0.000936945243677711 7991
0.03466645704380887 0.001046381012230214 7992
0.03466645704380887 0.001164571636941929 7993
0.03466645704380887 0.001292217511602557 7994
0.03466645704380887 0.001430075062922938 7995
0.03466645704380887 0.001578961209800969 7996
0.03466645704380887 0.001739758244719251 7997
0.03466645704380887 0.001913419042969198 7998
0.03466645704380889 0.00210097269019394 7999
0.03466645704380886 0.00230353063927247 8000
0.03466645704380887 0.002522293228240825 8001
0.03466645704380886 0.002758556814951889 8002
0.03466645704380887 0.003013721494810931 8003
0.03466645704380887 0.003289299364520971 8004
0.03466645704380886 0.003586923470452021 8005
0.03466645704380887 0.003908357479700804 8006
0.03466645704380888 0.004255506196689488 8007
0.03466645704380886 0.004630426835077315 8008
0.03466645704380887 0.005035341124316705 8009
0.03466645704380887 0.005472648553571963 8010
0.03466645704380887 0.005944940571786645 8011
0.03466645704380886 0.006455015939055441 8012
0.03466645704380886 0.007005897352521076 8013
0.03466645704380887 0.007600849281163179 8014
0.03466645704380886 0.008243397348877591 8015
0.03466645704380887 0.008937349263397636 8016
0.03466645704380887 0.009686817353161487 8017
0.03466645704380886 0.01049624287276043 8018
0.03466645704380887 0.01137042242050506 8019
0.03466645704380887 0.01231453633798136 8020
0.03466645704380887 0.01333417939040457 8021
0.03466645704380887 0.01443539387837665 8022
0.03466645704380887 0.01562470553421714 8023
0.03466645704380887 0.01690916210325998 8024
0.03466645704380887 0.01829637518188409 8025
0.03466645704380887 0.01979456529529754 8026
0.03466645704380887 0.02141261061703501 8027
0.03466645704380887 0.02316009957282735 8028
0.03466645704380887 0.02504738766014365 8029
0.03466645704380887 0.02708565881053514 8030
0.03466645704380887 0.02928699163221532 8031
0.03466645704380887 0.0316644310697716 8032
0.03466645704380887 0.03423206566161057 8033
0.03466645704380887 0.03700511102124814 8034
0.03487034563222451 0.0005744801518658966 8035
0.03487034563222453 0.0006549187023411366 8036
0.03487034563222451 0.0007417923242596629 8037
0.03487034563222453 0.0008356158349343708 8038
0.03487034563222452 0.000936945243677711 8039
0.03487034563222452 0.001046381012230214 8040
0.03487034563222453 0.001164571636941929 8041
0.03487034563222451 0.001292217511602556 8042
0.03487034563222453 0.001430075062922938 8043
0.03487034563222452 0.001578961209800969 8044
0.03487034563222453 0.001739758244719251 8045
0.03487034563222452 0.001913419042969198 8046
0.03487034563222453 0.00210097269019394 8047
0.03487034563222452 0.00230353063927247 8048
0.03487034563222451 0.002522293228240823 8049
0.03487034563222453 0.002758556814951889 8050
0.03487034563222454 0.003013721494810931 8051
0.03487034563222454 0.003289299364520971 8052
0.03487034563222453 0.003586923470452022 8053
0.03487034563222451 0.003908357479700804 8054
0.03487034563222453 0.004255506196689488 8055
0.03487034563222453 0.004630426835077315 8056
0.03487034563222453 0.005035341124316705 8057
0.03487034563222453 0.005472648553571963 8058
0.03487034563222452 0.005944940571786645 8059
0.03487034563222452 0.006455015939055441 8060
0.03487034563222452 0.007005897352521075 8061
0.03487034563222453 0.007600849281163178 8062
0.03487034563222453 0.008243397348877591 8063
0.03487034563222453 0.008937349263397634 8064
0.03487034563222453 0.009686817353161487 8065
0.03487034563222453 0.01049624287276043 8066
0.03487034563222453 0.01137042242050506 8067
0.03487034563222453 0.01231453633798135 8068
0.03487034563222453 0.01333417939040458 8069
0.03487034563222452 0.01443539387837664 8070
0.03487034563222452 0.01562470553421714 8071
0.03487034563222453 0.01690916210325998 8072
0.03487034563222452 0.01829637518188409 8073
0.03487034563222453 0.01979456529529754 8074
0.03487034563222453 0.02141261061703501 8075
0.03487034563222453 0.02316009957282735 8076
0.03487034563222453 0.02504738766014365 8077
0.03487034563222453 0.02708565881053514 8078
0.03487034563222453 0.02928699163221532 8079
0.03487034563222453 0.0316644310697716 8080
0.03487034563222453 0.03423206566161057 8081
0.03487034563222453 0.03700511102124814 8082
0.0350823897338867 0.0005744801518658966 8083
0.03508238973388671 0.0006549187023411367 8084
0.0350823897338867 0.0007417923242596625 8085
0.03508238973388671 0.0008356158349343706 8086
0.03508238973388671 0.000936945243677711 8087
0.03508238973388669 0.001046381012230214 8088
0.03508238973388671 0.001164571636941929 8089
0.0350823897338867 0.001292217511602556 8090
0.03508238973388671 0.001430075062922938 8091
0.0350823897338867 0.001578961209800969 8092
0.03508238973388671 0.001739758244719251 8093
0.03508238973388669 0.001913419042969199 8094
0.0350823897338867 0.00210097269019394 8095
0.03508238973388669 0.00230353063927247 8096
0.0350823897338867 0.002522293228240824 8097
0.0350823897338867 0.002758556814951889 8098
0.03508238973388671 0.003013721494810931 8099
0.0350823897338867 0.003289299364520971 8100
0.03508238973388669 0.003586923470452022 8101
0.03508238973388671 0.003908357479700804 8102
0.03508238973388671 0.004255506196689486 8103
0.03508238973388669 0.004630426835077315 8104
0.03508238973388669 0.005035341124316706 8105
0.0350823897338867 0.005472648553571963 8106
0.0350823897338867 0.005944940571786645 8107
0.0350823897338867 0.006455015939055442 8108
0.0350823897338867 0.007005897352521077 8109
0.03508238973388671 0.007600849281163178 8110
0.0350823897338867 0.008243397348877593 8111
0.0350823897338867 0.008937349263397634 8112
0.03508238973388669 0.009686817353161487 8113
0.03508238973388669 0.01049624287276043 8114
0.03508238973388671 0.01137042242050506 8115
0.0350823897338867 0.01231453633798136 8116
0.0350823897338867 0.01333417939040457 8117
0.0350823897338867 0.01443539387837664 8118
0.03508238973388671 0.01562470553421714 8119
0.0350823897338867 0.01690916210325999 8120
0.03508238973388669 0.01829637518188409 8121
0.0350823897338867 0.01979456529529754 8122
0.03508238973388671 0.02141261061703501 8123
0.03508238973388671 0.02316009957282735 8124
0.0350823897338867 0.02504738766014365 8125
0.0350823897338867 0.02708565881053514 8126
0.0350823897338867 0.02928699163221531 8127
0.0350823897338867 0.0316644310697716 8128
0.0350823897338867 0.03423206566161057 8129
0.0350823897338867 0.03700511102124814 8130
0.03530291563663426 0.0005744801518658966 8131
0.03530291563663426 0.0006549187023411366 8132
0.03530291563663425 0.0007417923242596628 8133
0.03530291563663425 0.0008356158349343707 8134
0.03530291563663425 0.000936945243677711 8135
0.03530291563663426 0.001046381012230214 8136
0.03530291563663424 0.001164571636941929 8137
0.03530291563663426 0.001292217511602556 8138
0.03530291563663424 0.001430075062922938 8139
0.03530291563663425 0.001578961209800969 8140
0.03530291563663424 0.001739758244719251 8141
0.03530291563663424 0.001913419042969198 8142
0.03530291563663427 0.00210097269019394 8143
0.03530291563663424 0.00230353063927247 8144
0.03530291563663424 0.002522293228240823 8145
0.03530291563663424 0.002758556814951889 8146
0.03530291563663426 0.003013721494810931 8147
0.03530291563663425 0.003289299364520971 8148
0.03530291563663426 0.003586923470452022 8149
0.03530291563663426 0.003908357479700805 8150
0.03530291563663425 0.004255506196689488 8151
0.03530291563663426 0.004630426835077315 8152
0.03530291563663424 0.005035341124316705 8153
0.03530291563663425 0.005472648553571964 8154
0.03530291563663425 0.005944940571786645 8155
0.03530291563663425 0.006455015939055439 8156
0.03530291563663424 0.007005897352521075 8157
0.03530291563663425 0.007600849281163178 8158
0.03530291563663425 0.008243397348877591 8159
0.03530291563663426 0.008937349263397634 8160
0.03530291563663425 0.009686817353161487 8161
0.03530291563663425 0.01049624287276043 8162
0.03530291563663425 0.01137042242050506 8163
0.03530291563663425 0.01231453633798135 8164
0.03530291563663425 0.01333417939040457 8165
0.03530291563663425 0.01443539387837664 8166
0.03530291563663425 0.01562470553421714 8167
0.03530291563663425 0.01690916210325998 8168
0.03530291563663425 0.01829637518188409 8169
0.03530291563663425 0.01979456529529754 8170
0.03530291563663425 0.02141261061703501 8171
0.03530291563663425 0.02316009957282735 8172
0.03530291563663425 0.02504738766014365 8173
0.03530291563663425 0.02708565881053514 8174
0.03530291563663425 0.02928699163221531 8175
0.03530291563663425 0.0316644310697716 8176
0.03530291563663425 0.03423206566161057 8177
0.03530291563663425 0.03700511102124814 8178
0.03553226257623549 0.0005744801518658966 8179
0.03553226257623548 0.0006549187023411366 8180
0.03553226257623548 0.0007417923242596624 8181
0.03553226257623549 0.0008356158349343707 8182
0.03553226257623551 0.0009369452436777113 8183
0.03553226257623548 0.001046381012230214 8184
0.03553226257623548 0.001164571636941929 8185
0.03553226257623547 0.001292217511602556 8186
0.03553226257623547 0.001430075062922938 8187
0.03553226257623548 0.001578961209800969 8188
0.03553226257623548 0.001739758244719251 8189
0.03553226257623548 0.001913419042969198 8190
0.03553226257623547 0.00210097269019394 8191
0.03553226257623548 0.00230353063927247 8192
0.03553226257623548 0.002522293228240823 8193
0.03553226257623549 0.002758556814951889 8194
0.03553226257623548 0.003013721494810931 8195
0.03553226257623547 0.003289299364520971 8196
0.03553226257623551 0.003586923470452022 8197
0.03553226257623547 0.003908357479700804 8198
0.03553226257623548 0.004255506196689488 8199
0.03553226257623548 0.004630426835077314 8200
0.03553226257623548 0.005035341124316705 8201
0.03553226257623548 0.005472648553571964 8202
0.03553226257623548 0.005944940571786645 8203
0.03553226257623548 0.006455015939055442 8204
0.03553226257623548 0.007005897352521076 8205
0.03553226257623548 0.007600849281163178 8206
0.03553226257623549 0.008243397348877593 8207
0.03553226257623548 0.008937349263397634 8208
0.03553226257623548 0.009686817353161487 8209
0.03553226257623548 0.01049624287276043 8210
0.03553226257623549 0.01137042242050506 8211
0.03553226257623548 0.01231453633798136 8212
0.03553226257623548 0.01333417939040457 8213
0.03553226257623548 0.01443539387837664 8214
0.03553226257623548 0.01562470553421714 8215
0.03553226257623548 0.01690916210325998 8216
0.03553226257623548 0.01829637518188409 8217
0.03553226257623548 0.01979456529529754 8218
0.03553226257623548 0.02141261061703501 8219
0.03553226257623548 0.02316009957282735 8220
0.03553226257623548 0.02504738766014365 8221
0.03553226257623548 0.02708565881053514 8222
0.03553226257623548 0.02928699163221532 8223
0.03553226257623548 0.0316644310697716 8224
0.03553226257623548 0.03423206566161057 8225
0.03553226257623548 0.03700511102124814 8226
0.03577078335965572 0.0005744801518658967 8227
0.03577078335965573 0.0006549187023411366 8228
0.03577078335965574 0.0007417923242596629 8229
0.03577078335965574 0.0008356158349343706 8230
0.03577078335965574 0.0009369452436777113 8231
0.03577078335965574 0.001046381012230213 8232
0.03577078335965573 0.001164571636941929 8233
0.03577078335965574 0.001292217511602556 8234
0.03577078335965574 0.001430075062922938 8235
0.03577078335965574 0.001578961209800969 8236
0.03577078335965574 0.001739758244719251 8237
0.03577078335965574 0.001913419042969199 8238
0.03577078335965574 0.00210097269019394 8239
0.03577078335965574 0.00230353063927247 8240
0.03577078335965574 0.002522293228240824 8241
0.03577078335965574 0.002758556814951889 8242
0.03577078335965574 0.003013721494810931 8243
0.03577078335965574 0.003289299364520971 8244
0.03577078335965574 0.003586923470452022 8245
0.03577078335965574 0.003908357479700804 8246
0.03577078335965574 0.004255506196689488 8247
0.03577078335965574 0.004630426835077315 8248
0.03577078335965574 0.005035341124316705 8249
0.03577078335965576 0.005472648553571963 8250
0.03577078335965574 0.005944940571786646 8251
0.03577078335965574 0.006455015939055441 8252
0.03577078335965574 0.007005897352521076 8253
0.03577078335965574 0.007600849281163179 8254
0.03577078335965574 0.008243397348877593 8255
0.03577078335965574 0.008937349263397634 8256
0.03577078335965574 0.009686817353161487 8257
0.03577078335965574 0.01049624287276043 8258
0.03577078335965574 0.01137042242050506 8259
0.03577078335965574 0.01231453633798136 8260
0.03577078335965574 0.01333417939040457 8261
0.03577078335965574 0.01443539387837664 8262
0.03577078335965574 0.01562470553421714 8263
0.03577078335965574 0.01690916210325999 8264
0.03577078335965574 0.01829637518188409 8265
0.03577078335965574 0.01979456529529754 8266
0.03577078335965574 0.02141261061703501 8267
0.03577078335965574 0.02316009957282735 8268
0.03577078335965574 0.02504738766014365 8269
0.03577078335965574 0.02708565881053514 8270
0.03577078335965574 0.02928699163221532 8271
0.03577078335965574 0.0316644310697716 8272
0.03577078335965574 0.03423206566161057 8273
0.03577078335965574 0.03700511102124814 8274
0.03601884500235871 0.0005744801518658966 8275
0.03601884500235873 0.0006549187023411366 8276
0.03601884500235873 0.0007417923242596623 8277
0.03601884500235873 0.0008356158349343707 8278
0.03601884500235873 0.000936945243677711 8279
0.03601884500235871 0.001046381012230214 8280
0.03601884500235874 0.001164571636941929 8281
0.03601884500235873 0.001292217511602556 8282
0.03601884500235874 0.001430075062922938 8283
0.03601884500235872 0.001578961209800969 8284
0.03601884500235872 0.001739758244719251 8285
0.03601884500235874 0.001913419042969199 8286
0.03601884500235873 0.00210097269019394 8287
0.03601884500235873 0.00230353063927247 8288
0.03601884500235872 0.002522293228240823 8289
0.03601884500235873 0.002758556814951889 8290
0.03601884500235873 0.003013721494810931 8291
0.03601884500235873 0.00328929936452097 8292
0.03601884500235873 0.003586923470452022 8293
0.03601884500235873 0.003908357479700804 8294
0.03601884500235874 0.004255506196689488 8295
0.03601884500235873 0.004630426835077315 8296
0.03601884500235871 0.005035341124316705 8297
0.03601884500235873 0.005472648553571963 8298
0.03601884500235873 0.005944940571786645 8299
0.03601884500235875 0.006455015939055442 8300
0.03601884500235873 0.007005897352521075 8301
0.03601884500235873 0.007600849281163178 8302
0.03601884500235871 0.008243397348877591 8303
0.03601884500235873 0.008937349263397633 8304
0.03601884500235873 0.009686817353161487 8305
0.03601884500235873 0.01049624287276043 8306
0.03601884500235873 0.01137042242050506 8307
0.03601884500235873 0.01231453633798136 8308
0.03601884500235873 0.01333417939040457 8309
0.03601884500235873 0.01443539387837664 8310
0.03601884500235872 0.01562470553421713 8311
0.03601884500235872 0.01690916210325999 8312
0.03601884500235873 0.01829637518188409 8313
0.03601884500235873 0.01979456529529753 8314
0.03601884500235873 0.02141261061703501 8315
0.03601884500235873 0.02316009957282735 8316
0.03601884500235873 0.02504738766014365 8317
0.03601884500235873 0.02708565881053514 8318
0.03601884500235873 0.02928699163221531 8319
0.03601884500235873 0.0316644310697716 8320
0.03601884500235873 0.03423206566161057 8321
0.03601884500235873 0.03700511102124814 8322
0.03627682907772441 0.0005744801518658966 8323
0.03627682907772441 0.0006549187023411366 8324
0.03627682907772441 0.0007417923242596624 8325
0.03627682907772441 0.0008356158349343707 8326
0.03627682907772439 0.000936945243677711 8327
0.03627682907772441 0.001046381012230214 8328
0.03627682907772442 0.001164571636941929 8329
0.03627682907772441 0.001292217511602556 8330
0.03627682907772441 0.001430075062922938 8331
0.03627682907772439 0.001578961209800969 8332
0.03627682907772441 0.001739758244719251 8333
0.03627682907772442 0.001913419042969198 8334
0.03627682907772441 0.00210097269019394 8335
0.03627682907772441 0.00230353063927247 8336
0.03627682907772441 0.002522293228240823 8337
0.03627682907772441 0.002758556814951889 8338
0.03627682907772441 0.003013721494810931 8339
0.03627682907772441 0.00328929936452097 8340
0.0362768290777244 0.003586923470452022 8341
0.03627682907772441 0.003908357479700804 8342
0.03627682907772441 0.004255506196689486 8343
0.03627682907772441 0.004630426835077314 8344
0.03627682907772441 0.005035341124316705 8345
0.03627682907772441 0.005472648553571963 8346
0.03627682907772441 0.005944940571786645 8347
0.03627682907772441 0.006455015939055442 8348
0.03627682907772441 0.007005897352521076 8349
0.03627682907772441 0.007600849281163178 8350
0.03627682907772441 0.008243397348877593 8351
0.03627682907772441 0.008937349263397634 8352
0.03627682907772441 0.009686817353161487 8353
0.03627682907772442 0.01049624287276043 8354
0.03627682907772441 0.01137042242050506 8355
0.03627682907772441 0.01231453633798135 8356
0.03627682907772441 0.01333417939040457 8357
0.03627682907772441 0.01443539387837664 8358
0.03627682907772441 0.01562470553421714 8359
0.03627682907772441 0.01690916210325999 8360
0.03627682907772441 0.01829637518188409 8361
0.03627682907772441 0.01979456529529754 8362
0.03627682907772441 0.02141261061703501 8363
0.03627682907772441 0.02316009957282735 8364
0.03627682907772441 0.02504738766014365 8365
0.03627682907772441 0.02708565881053513 8366
0.03627682907772441 0.02928699163221532 8367
0.03627682907772441 0.0316644310697716 8368
0.03627682907772441 0.03423206566161057 8369
0.03627682907772441 0.03700511102124814 8370
0.03654513253190059 0.0005744801518658966 8371
0.03654513253190057 0.0006549187023411366 8372
0.03654513253190057 0.0007417923242596628 8373
0.03654513253190059 0.0008356158349343707 8374
0.03654513253190057 0.000936945243677711 8375
0.03654513253190058 0.001046381012230214 8376
0.03654513253190057 0.001164571636941929 8377
0.03654513253190058 0.001292217511602556 8378
0.03654513253190057 0.001430075062922938 8379
0.03654513253190057 0.001578961209800969 8380
0.03654513253190056 0.001739758244719251 8381
0.03654513253190057 0.001913419042969198 8382
0.03654513253190059 0.00210097269019394 8383
0.03654513253190058 0.00230353063927247 8384
0.03654513253190057 0.002522293228240824 8385
0.03654513253190058 0.002758556814951889 8386
0.03654513253190058 0.003013721494810931 8387
0.03654513253190057 0.00328929936452097 8388
0.03654513253190058 0.003586923470452022 8389
0.03654513253190057 0.003908357479700804 8390
0.03654513253190059 0.004255506196689489 8391
0.03654513253190057 0.004630426835077315 8392
0.03654513253190057 0.005035341124316705 8393
0.03654513253190058 0.005472648553571963 8394
0.03654513253190059 0.005944940571786645 8395
0.03654513253190057 0.006455015939055442 8396
0.03654513253190058 0.007005897352521074 8397
0.03654513253190058 0.007600849281163178 8398
0.03654513253190057 0.008243397348877591 8399
0.03654513253190058 0.008937349263397636 8400
0.03654513253190057 0.009686817353161487 8401
0.03654513253190057 0.01049624287276043 8402
0.03654513253190058 0.01137042242050506 8403
0.03654513253190058 0.01231453633798136 8404
0.03654513253190058 0.01333417939040457 8405
0.03654513253190057 0.01443539387837664 8406
0.03654513253190057 0.01562470553421714 8407
0.03654513253190057 0.01690916210325999 8408
0.03654513253190058 0.01829637518188409 8409
0.03654513253190058 0.01979456529529753 8410
0.03654513253190058 0.02141261061703501 8411
0.03654513253190058 0.02316009957282735 8412
0.03654513253190057 0.02504738766014365 8413
0.03654513253190057 0.02708565881053514 8414
0.03654513253190057 0.02928699163221531 8415
0.03654513253190057 0.0316644310697716 8416
0.03654513253190057 0.03423206566161056 8417
0.03654513253190058 0.03700511102124813 8418
0.03682416814469707 0.0005744801518658966 8419
0.03682416814469709 0.0006549187023411366 8420
0.03682416814469709 0.0007417923242596629 8421
0.0368241681446971 0.0008356158349343706 8422
0.0368241681446971 0.0009369452436777108 8423
0.0368241681446971 0.001046381012230214 8424
0.0368241681446971 0.001164571636941929 8425
0.03682416814469709 0.001292217511602556 8426
0.03682416814469709 0.001430075062922938 8427
0.03682416814469711 0.001578961209800969 8428
0.03682416814469709 0.001739758244719251 8429
0.03682416814469709 0.001913419042969199 8430
0.03682416814469709 0.00210097269019394 8431
0.03682416814469709 0.00230353063927247 8432
0.03682416814469709 0.002522293228240823 8433
0.03682416814469709 0.002758556814951889 8434
0.03682416814469711 0.003013721494810931 8435
0.03682416814469709 0.003289299364520971 8436
0.03682416814469709 0.003586923470452022 8437
0.03682416814469709 0.003908357479700804 8438
0.03682416814469711 0.004255506196689488 8439
0.03682416814469708 0.004630426835077315 8440
0.0368241681446971 0.005035341124316705 8441
0.03682416814469711 0.005472648553571963 8442
0.03682416814469709 0.005944940571786645 8443
0.03682416814469709 0.006455015939055442 8444
0.03682416814469709 0.007005897352521077 8445
0.03682416814469709 0.007600849281163179 8446
0.03682416814469711 0.008243397348877593 8447
0.03682416814469709 0.008937349263397633 8448
0.03682416814469709 0.009686817353161487 8449
0.03682416814469709 0.01049624287276043 8450
0.03682416814469709 0.01137042242050506 8451
0.03682416814469709 0.01231453633798136 8452
0.03682416814469709 0.01333417939040457 8453
0.03682416814469709 0.01443539387837664 8454
0.03682416814469709 0.01562470553421714 8455
0.03682416814469709 0.01690916210325999 8456
0.03682416814469709 0.01829637518188409 8457
0.03682416814469709 0.01979456529529753 8458
0.03682416814469709 0.02141261061703501 8459
0.03682416814469709 0.02316009957282735 8460
0.03682416814469709 0.02504738766014365 8461
0.03682416814469709 0.02708565881053514 8462
0.03682416814469709 0.02928699163221532 8463
0.03682416814469709 0.0316644310697716 8464
0.03682416814469709 0.03423206566161057 8465
0.03682416814469709 0.03700511102124814 8466
0.0371143651636968 0.0005744801518658966 8467
0.0371143651636968 0.0006549187023411366 8468
0.0371143651636968 0.0007417923242596629 8469
0.0371143651636968 0.0008356158349343706 8470
0.03711436516369679 0.000936945243677711 8471
0.0371143651636968 0.001046381012230214 8472
0.0371143651636968 0.001164571636941929 8473
0.0371143651636968 0.001292217511602556 8474
0.0371143651636968 0.001430075062922938 8475
0.03711436516369681 0.001578961209800969 8476
0.0371143651636968 0.001739758244719251 8477
0.03711436516369679 0.001913419042969198 8478
0.03711436516369681 0.00210097269019394 8479
0.0371143651636968 0.00230353063927247 8480
0.03711436516369682 0.002522293228240824 8481
0.0371143651636968 0.002758556814951889 8482
0.03711436516369682 0.003013721494810931 8483
0.03711436516369682 0.003289299364520971 8484
0.0371143651636968 0.003586923470452022 8485
0.0371143651636968 0.003908357479700804 8486
0.0371143651636968 0.004255506196689488 8487
0.03711436516369681 0.004630426835077315 8488
0.0371143651636968 0.005035341124316705 8489
0.0371143651636968 0.005472648553571963 8490
0.0371143651636968 0.005944940571786645 8491
0.03711436516369679 0.006455015939055441 8492
0.03711436516369681 0.007005897352521075 8493
0.0371143651636968 0.007600849281163178 8494
0.0371143651636968 0.008243397348877591 8495
0.0371143651636968 0.008937349263397633 8496
0.0371143651636968 0.009686817353161487 8497
0.0371143651636968 0.01049624287276043 8498
0.0371143651636968 0.01137042242050506 8499
0.0371143651636968 0.01231453633798136 8500
0.0371143651636968 0.01333417939040458 8501
0.0371143651636968 0.01443539387837665 8502
0.0371143651636968 0.01562470553421714 8503
0.0371143651636968 0.01690916210325998 8504
0.0371143651636968 0.01829637518188409 8505
0.0371143651636968 0.01979456529529754 8506
0.0371143651636968 0.02141261061703501 8507
0.0371143651636968 0.02316009957282735 8508
0.0371143651636968 0.02504738766014365 8509
0.0371143651636968 0.02708565881053514 8510
0.0371143651636968 0.02928699163221531 8511
0.0371143651636968 0.0316644310697716 8512
0.0371143651636968 0.03423206566161057 8513
0.0371143651636968 0.03700511102124813 8514
0.03741617006071736 0.0005744801518658966 8515
0.03741617006071738 0.0006549187023411366 8516
0.03741617006071738 0.0007417923242596628 8517
0.03741617006071736 0.0008356158349343708 8518
0.03741617006071735 0.0009369452436777113 8519
0.03741617006071736 0.001046381012230214 8520
0.03741617006071737 0.001164571636941929 8521
0.03741617006071736 0.001292217511602557 8522
0.03741617006071737 0.001430075062922938 8523
0.03741617006071737 0.001578961209800969 8524
0.03741617006071737 0.001739758244719251 8525
0.03741617006071736 0.001913419042969198 8526
0.03741617006071736 0.00210097269019394 8527
0.03741617006071736 0.00230353063927247 8528
0.03741617006071737 0.002522293228240823 8529
0.03741617006071737 0.002758556814951889 8530
0.03741617006071737 0.003013721494810931 8531
0.03741617006071736 0.003289299364520971 8532
0.03741617006071737 0.003586923470452022 8533
0.03741617006071736 0.003908357479700804 8534
0.03741617006071737 0.004255506196689488 8535
0.03741617006071736 0.004630426835077315 8536
0.03741617006071736 0.005035341124316705 8537
0.03741617006071737 0.005472648553571963 8538
0.03741617006071737 0.005944940571786645 8539
0.03741617006071736 0.00645501593905544 8540
0.03741617006071736 0.007005897352521075 8541
0.03741617006071735 0.007600849281163178 8542
0.03741617006071737 0.008243397348877591 8543
0.03741617006071737 0.008937349263397634 8544
0.03741617006071737 0.009686817353161487 8545
0.03741617006071737 0.01049624287276043 8546
0.03741617006071735 0.01137042242050506 8547
0.03741617006071737 0.01231453633798136 8548
0.03741617006071735 0.01333417939040457 8549
0.03741617006071737 0.01443539387837665 8550
0.03741617006071736 0.01562470553421714 8551
0.03741617006071736 0.01690916210325998 8552
0.03741617006071737 0.01829637518188409 8553
0.03741617006071736 0.01979456529529754 8554
0.03741617006071736 0.02141261061703501 8555
0.03741617006071737 0.02316009957282735 8556
0.03741617006071737 0.02504738766014366 8557
0.03741617006071736 0.02708565881053514 8558
0.03741617006071737 0.02928699163221531 8559
0.03741617006071736 0.0316644310697716 8560
0.03741617006071736 0.03423206566161057 8561
0.03741617006071737 0.03700511102124814 8562
0.03773004714600118 0.0005744801518658967 8563
0.03773004714600118 0.0006549187023411366 8564
0.03773004714600118 0.0007417923242596629 8565
0.03773004714600118 0.0008356158349343707 8566
0.03773004714600117 0.0009369452436777108 8567
0.03773004714600117 0.001046381012230214 8568
0.03773004714600118 0.001164571636941929 8569
0.03773004714600119 0.001292217511602556 8570
0.03773004714600119 0.001430075062922938 8571
0.03773004714600119 0.001578961209800969 8572
0.03773004714600119 0.001739758244719251 8573
0.03773004714600118 0.001913419042969198 8574
0.03773004714600118 0.00210097269019394 8575
0.0377300471460012 0.00230353063927247 8576
0.03773004714600118 0.002522293228240824 8577
0.03773004714600119 0.002758556814951889 8578
0.03773004714600119 0.003013721494810931 8579
0.03773004714600119 0.003289299364520971 8580
0.03773004714600118 0.003586923470452022 8581
0.03773004714600118 0.003908357479700804 8582
0.03773004714600117 0.004255506196689488 8583
0.03773004714600116 0.004630426835077315 8584
0.03773004714600118 0.005035341124316706 8585
0.03773004714600118 0.005472648553571963 8586
0.03773004714600119 0.005944940571786645 8587
0.03773004714600118 0.006455015939055442 8588
0.03773004714600117 0.007005897352521075 8589
0.03773004714600118 0.007600849281163179 8590
0.03773004714600118 0.008243397348877593 8591
0.03773004714600118 0.008937349263397634 8592
0.03773004714600118 0.009686817353161487 8593
0.03773004714600118 0.01049624287276043 8594
0.03773004714600117 0.01137042242050506 8595
0.03773004714600119 0.01231453633798136 8596
0.03773004714600118 0.01333417939040457 8597
0.03773004714600118 0.01443539387837664 8598
0.03773004714600117 0.01562470553421714 8599
0.03773004714600118 0.01690916210325999 8600
0.03773004714600119 0.01829637518188408 8601
0.03773004714600119 0.01979456529529754 8602
0.03773004714600119 0.02141261061703501 8603
0.03773004714600118 0.02316009957282735 8604
0.03773004714600118 0.02504738766014365 8605
0.03773004714600118 0.02708565881053514 8606
0.03773004714600117 0.02928699163221531 8607
0.03773004714600117 0.0316644310697716 8608
0.03773004714600118 0.03423206566161057 8609
0.03773004714600118 0.03700511102124814 8610
0.03805647933776831 0.0005744801518658966 8611
0.03805647933776833 0.0006549187023411366 8612
0.03805647933776832 0.0007417923242596629 8613
0.03805647933776832 0.0008356158349343708 8614
0.03805647933776832 0.000936945243677711 8615
0.03805647933776832 0.001046381012230214 8616
0.03805647933776833 0.001164571636941929 8617
0.03805647933776832 0.001292217511602556 8618
0.03805647933776832 0.001430075062922938 8619
0.03805647933776832 0.001578961209800969 8620
0.03805647933776832 0.001739758244719251 8621
0.03805647933776832 0.001913419042969198 8622
0.03805647933776832 0.00210097269019394 8623
0.03805647933776832 0.00230353063927247 8624
0.03805647933776832 0.002522293228240823 8625
0.03805647933776832 0.002758556814951889 8626
0.03805647933776832 0.003013721494810931 8627
0.03805647933776831 0.003289299364520971 8628
0.03805647933776833 0.003586923470452022 8629
0.03805647933776832 0.003908357479700804 8630
0.03805647933776831 0.004255506196689488 8631
0.03805647933776831 0.004630426835077315 8632
0.03805647933776832 0.005035341124316705 8633
0.0380564793377683 0.005472648553571963 8634
0.03805647933776832 0.005944940571786644 8635
0.03805647933776833 0.006455015939055441 8636
0.03805647933776832 0.007005897352521076 8637
0.03805647933776832 0.007600849281163179 8638
0.03805647933776832 0.008243397348877593 8639
0.03805647933776832 0.008937349263397633 8640
0.03805647933776831 0.009686817353161487 8641
0.03805647933776832 0.01049624287276043 8642
0.03805647933776832 0.01137042242050506 8643
0.03805647933776832 0.01231453633798135 8644
0.03805647933776832 0.01333417939040458 8645
0.03805647933776832 0.01443539387837664 8646
0.03805647933776832 0.01562470553421714 8647
0.03805647933776832 0.01690916210325999 8648
0.03805647933776832 0.01829637518188409 8649
0.03805647933776832 0.01979456529529753 8650
0.03805647933776832 0.02141261061703501 8651
0.03805647933776832 0.02316009957282735 8652
0.03805647933776832 0.02504738766014365 8653
0.03805647933776832 0.02708565881053514 8654
0.03805647933776832 0.02928699163221531 8655
0.03805647933776832 0.0316644310697716 8656
0.03805647933776832 0.03423206566161057 8657
0.03805647933776832 0.03700511102124814 8658
0.03839596881497569 0.0005744801518658966 8659
0.0383959688149757 0.0006549187023411366 8660
0.0383959688149757 0.0007417923242596629 8661
0.03839596881497568 0.0008356158349343707 8662
0.03839596881497569 0.000936945243677711 8663
0.03839596881497569 0.001046381012230214 8664
0.03839596881497569 0.001164571636941929 8665
0.03839596881497569 0.001292217511602556 8666
0.03839596881497569 0.001430075062922938 8667
0.03839596881497569 0.001578961209800969 8668
0.03839596881497569 0.001739758244719251 8669
0.03839596881497569 0.001913419042969198 8670
0.03839596881497569 0.00210097269019394 8671
0.03839596881497571 0.00230353063927247 8672
0.0383959688149757 0.002522293228240823 8673
0.03839596881497569 0.002758556814951889 8674
0.03839596881497569 0.003013721494810931 8675
0.03839596881497569 0.003289299364520971 8676
0.03839596881497569 0.003586923470452022 8677
0.03839596881497569 0.003908357479700804 8678
0.03839596881497569 0.004255506196689489 8679
0.03839596881497569 0.004630426835077315 8680
0.03839596881497569 0.005035341124316706 8681
0.03839596881497569 0.005472648553571963 8682
0.0383959688149757 0.005944940571786645 8683
0.0383959688149757 0.006455015939055441 8684
0.03839596881497569 0.007005897352521076 8685
0.0383959688149757 0.007600849281163178 8686
0.03839596881497569 0.008243397348877591 8687
0.0383959688149757 0.008937349263397634 8688
0.03839596881497569 0.009686817353161487 8689
0.03839596881497571 0.01049624287276043 8690
0.03839596881497569 0.01137042242050506 8691
0.03839596881497571 0.01231453633798136 8692
0.03839596881497569 0.01333417939040457 8693
0.03839596881497569 0.01443539387837664 8694
0.03839596881497569 0.01562470553421714 8695
0.03839596881497569 0.01690916210325999 8696
0.03839596881497569 0.01829637518188409 8697
0.03839596881497569 0.01979456529529753 8698
0.03839596881497569 0.02141261061703501 8699
0.03839596881497569 0.02316009957282735 8700
0.03839596881497569 0.02504738766014365 8701
0.03839596881497569 0.02708565881053514 8702
0.03839596881497569 0.02928699163221531 8703
0.03839596881497569 0.0316644310697716 8704
0.03839596881497569 0.03423206566161057 8705
0.0383959688149757 0.03700511102124814 8706
0.03874903784510925 0.0005744801518658966 8707
0.03874903784510926 0.0006549187023411366 8708
0.03874903784510925 0.0007417923242596629 8709
0.03874903784510925 0.0008356158349343706 8710
0.03874903784510925 0.000936945243677711 8711
0.03874903784510925 0.001046381012230214 8712
0.03874903784510925 0.001164571636941929 8713
0.03874903784510927 0.001292217511602556 8714
0.03874903784510925 0.001430075062922938 8715
0.03874903784510923 0.001578961209800969 8716
0.03874903784510924 0.001739758244719251 8717
0.03874903784510926 0.001913419042969198 8718
0.03874903784510926 0.00210097269019394 8719
0.03874903784510926 0.00230353063927247 8720
0.03874903784510925 0.002522293228240823 8721
0.03874903784510927 0.002758556814951889 8722
0.03874903784510925 0.003013721494810931 8723
0.03874903784510925 0.003289299364520971 8724
0.03874903784510925 0.003586923470452022 8725
0.03874903784510925 0.003908357479700804 8726
0.03874903784510925 0.004255506196689488 8727
0.03874903784510926 0.004630426835077315 8728
0.03874903784510925 0.005035341124316705 8729
0.03874903784510926 0.005472648553571963 8730
0.03874903784510925 0.005944940571786645 8731
0.03874903784510925 0.006455015939055441 8732
0.03874903784510925 0.007005897352521076 8733
0.03874903784510925 0.007600849281163178 8734
0.03874903784510925 0.008243397348877591 8735
0.03874903784510926 0.008937349263397634 8736
0.03874903784510925 0.009686817353161485 8737
0.03874903784510925 0.01049624287276043 8738
0.03874903784510925 0.01137042242050506 8739
0.03874903784510925 0.01231453633798136 8740
0.03874903784510925 0.01333417939040457 8741
0.03874903784510925 0.01443539387837664 8742
0.03874903784510925 0.01562470553421714 8743
0.03874903784510925 0.01690916210325999 8744
0.03874903784510925 0.01829637518188409 8745
0.03874903784510925 0.01979456529529753 8746
0.03874903784510925 0.02141261061703501 8747
0.03874903784510925 0.02316009957282735 8748
0.03874903784510925 0.02504738766014365 8749
0.03874903784510925 0.02708565881053514 8750
0.03874903784510925 0.02928699163221531 8751
0.03874903784510925 0.0316644310697716 8752
0.03874903784510925 0.03423206566161057 8753
0.03874903784510925 0.03700511102124814 8754
0.03911622968111531 0.0005744801518658966 8755
0.03911622968111531 0.0006549187023411366 8756
0.03911622968111528 0.0007417923242596629 8757
0.03911622968111531 0.0008356158349343706 8758
0.03911622968111532 0.000936945243677711 8759
0.03911622968111528 0.001046381012230214 8760
0.0391162296811153 0.001164571636941929 8761
0.03911622968111531 0.001292217511602556 8762
0.03911622968111531 0.001430075062922938 8763
0.03911622968111531 0.001578961209800969 8764
0.03911622968111531 0.001739758244719251 8765
0.03911622968111531 0.001913419042969198 8766
0.03911622968111531 0.00210097269019394 8767
0.0391162296811153 0.00230353063927247 8768
0.03911622968111531 0.002522293228240824 8769
0.03911622968111531 0.002758556814951889 8770
0.03911622968111531 0.003013721494810931 8771
0.0391162296811153 0.003289299364520971 8772
0.03911622968111531 0.003586923470452022 8773
0.03911622968111532 0.003908357479700804 8774
0.03911622968111531 0.004255506196689488 8775
0.03911622968111531 0.004630426835077315 8776
0.03911622968111531 0.005035341124316705 8777
0.03911622968111531 0.005472648553571963 8778
0.03911622968111531 0.005944940571786645 8779
0.03911622968111531 0.006455015939055441 8780
0.03911622968111531 0.007005897352521077 8781
0.03911622968111531 0.007600849281163178 8782
0.03911622968111531 0.008243397348877591 8783
0.03911622968111531 0.008937349263397633 8784
0.0391162296811153 0.009686817353161487 8785
0.03911622968111531 0.01049624287276043 8786
0.03911622968111531 0.01137042242050506 8787
0.03911622968111531 0.01231453633798136 8788
0.03911622968111531 0.01333417939040457 8789
0.03911622968111532 0.01443539387837665 8790
0.0391162296811153 0.01562470553421714 8791
0.03911622968111531 0.01690916210325998 8792
0.03911622968111531 0.01829637518188409 8793
0.03911622968111531 0.01979456529529753 8794
0.03911622968111531 0.02141261061703501 8795
0.0391162296811153 0.02316009957282735 8796
0.03911622968111531 0.02504738766014365 8797
0.03911622968111531 0.02708565881053514 8798
0.03911622968111531 0.02928699163221532 8799
0.03911622968111531 0.0316644310697716 8800
0.03911622968111531 0.03423206566161057 8801
0.03911622968111531 0.03700511102124813 8802
0.03949810920278041 0.0005744801518658966 8803
0.0394981092027804 0.0006549187023411364 8804
0.03949810920278041 0.0007417923242596628 8805
0.0394981092027804 0.0008356158349343706 8806
0.03949810920278041 0.000936945243677711 8807
0.03949810920278042 0.001046381012230214 8808
0.0394981092027804 0.001164571636941929 8809
0.0394981092027804 0.001292217511602556 8810
0.03949810920278042 0.001430075062922938 8811
0.0394981092027804 0.001578961209800969 8812
0.0394981092027804 0.001739758244719251 8813
0.03949810920278041 0.001913419042969198 8814
0.03949810920278041 0.002100972690193939 8815
0.03949810920278041 0.00230353063927247 8816
0.03949810920278041 0.002522293228240824 8817
0.03949810920278041 0.002758556814951889 8818
0.03949810920278041 0.003013721494810931 8819
0.03949810920278041 0.003289299364520971 8820
0.0394981092027804 0.003586923470452022 8821
0.0394981092027804 0.003908357479700803 8822
0.03949810920278041 0.004255506196689488 8823
0.03949810920278041 0.004630426835077315 8824
0.03949810920278039 0.005035341124316705 8825
0.03949810920278041 0.005472648553571963 8826
0.03949810920278041 0.005944940571786644 8827
0.03949810920278041 0.006455015939055441 8828
0.0394981092027804 0.007005897352521075 8829
0.03949810920278041 0.007600849281163178 8830
0.03949810920278041 0.008243397348877591 8831
0.03949810920278041 0.008937349263397633 8832
0.03949810920278041 0.009686817353161487 8833
0.0394981092027804 0.01049624287276043 8834
0.03949810920278041 0.01137042242050506 8835
0.03949810920278041 0.01231453633798136 8836
0.03949810920278041 0.01333417939040457 8837
0.03949810920278041 0.01443539387837665 8838
0.03949810920278041 0.01562470553421714 8839
0.03949810920278041 0.01690916210325998 8840
0.03949810920278041 0.01829637518188409 8841
0.03949810920278041 0.01979456529529753 8842
0.03949810920278041 0.02141261061703501 8843
0.03949810920278041 0.02316009957282735 8844
0.03949810920278041 0.02504738766014365 8845
0.03949810920278041 0.02708565881053514 8846
0.0394981092027804 0.02928699163221531 8847
0.03949810920278041 0.0316644310697716 8848
0.03949810920278041 0.03423206566161056 8849
0.03949810920278041 0.03700511102124813 8850
0.03989526390662892 0.0005744801518658966 8851
0.03989526390662892 0.0006549187023411366 8852
0.03989526390662895 0.0007417923242596623 8853
0.03989526390662892 0.0008356158349343707 8854
0.03989526390662893 0.000936945243677711 8855
0.03989526390662892 0.001046381012230214 8856
0.03989526390662895 0.001164571636941929 8857
0.03989526390662892 0.001292217511602556 8858
0.03989526390662893 0.001430075062922938 8859
0.03989526390662893 0.001578961209800969 8860
0.03989526390662893 0.001739758244719251 8861
0.03989526390662892 0.001913419042969198 8862
0.03989526390662894 0.00210097269019394 8863
0.03989526390662893 0.00230353063927247 8864
0.03989526390662892 0.002522293228240824 8865
0.03989526390662893 0.002758556814951889 8866
0.03989526390662895 0.003013721494810931 8867
0.03989526390662892 0.00328929936452097 8868
0.03989526390662893 0.003586923470452022 8869
0.03989526390662895 0.003908357479700804 8870
0.03989526390662895 0.004255506196689488 8871
0.03989526390662893 0.004630426835077315 8872
0.03989526390662892 0.005035341124316706 8873
0.03989526390662893 0.005472648553571964 8874
0.03989526390662894 0.005944940571786645 8875
0.03989526390662893 0.006455015939055441 8876
0.03989526390662892 0.007005897352521074 8877
0.03989526390662893 0.007600849281163178 8878
0.03989526390662895 0.008243397348877593 8879
0.03989526390662894 0.008937349263397634 8880
0.03989526390662893 0.009686817353161488 8881
0.03989526390662892 0.01049624287276043 8882
0.03989526390662893 0.01137042242050506 8883
0.03989526390662892 0.01231453633798135 8884
0.03989526390662894 0.01333417939040458 8885
0.03989526390662892 0.01443539387837664 8886
0.03989526390662893 0.01562470553421714 8887
0.03989526390662892 0.01690916210325999 8888
0.03989526390662893 0.01829637518188409 8889
0.03989526390662893 0.01979456529529753 8890
0.03989526390662893 0.02141261061703501 8891
0.03989526390662893 0.02316009957282735 8892
0.03989526390662892 0.02504738766014365 8893
0.03989526390662894 0.02708565881053514 8894
0.03989526390662893 0.02928699163221532 8895
0.03989526390662893 0.0316644310697716 8896
0.03989526390662893 0.03423206566161057 8897
0.03989526390662893 0.03700511102124814 8898
0.04030830479401309 0.0005744801518658967 8899
0.04030830479401309 0.0006549187023411366 8900
0.04030830479401309 0.0007417923242596624 8901
0.04030830479401309 0.0008356158349343708 8902
0.04030830479401308 0.000936945243677711 8903
0.04030830479401309 0.001046381012230214 8904
0.04030830479401309 0.001164571636941929 8905
0.04030830479401309 0.001292217511602556 8906
0.04030830479401309 0.001430075062922938 8907
0.0403083047940131 0.001578961209800969 8908
0.04030830479401309 0.001739758244719251 8909
0.04030830479401309 0.001913419042969198 8910
0.04030830479401309 0.00210097269019394 8911
0.04030830479401311 0.00230353063927247 8912
0.04030830479401311 0.002522293228240823 8913
0.0403083047940131 0.002758556814951889 8914
0.04030830479401309 0.003013721494810931 8915
0.04030830479401309 0.003289299364520971 8916
0.0403083047940131 0.003586923470452022 8917
0.04030830479401309 0.003908357479700804 8918
0.04030830479401309 0.004255506196689489 8919
0.04030830479401309 0.004630426835077314 8920
0.04030830479401309 0.005035341124316706 8921
0.04030830479401309 0.005472648553571963 8922
0.0403083047940131 0.005944940571786645 8923
0.04030830479401309 0.006455015939055439 8924
0.04030830479401307 0.007005897352521075 8925
0.04030830479401309 0.007600849281163178 8926
0.04030830479401312 0.008243397348877591 8927
0.04030830479401312 0.008937349263397634 8928
0.04030830479401309 0.009686817353161487 8929
0.04030830479401309 0.01049624287276043 8930
0.04030830479401309 0.01137042242050506 8931
0.04030830479401309 0.01231453633798135 8932
0.0403083047940131 0.01333417939040457 8933
0.04030830479401309 0.01443539387837664 8934
0.04030830479401309 0.01562470553421714 8935
0.04030830479401309 0.01690916210325999 8936
0.04030830479401309 0.01829637518188409 8937
0.04030830479401309 0.01979456529529753 8938
0.04030830479401309 0.02141261061703501 8939
0.04030830479401309 0.02316009957282735 8940
0.04030830479401309 0.02504738766014365 8941
0.04030830479401309 0.02708565881053513 8942
0.04030830479401309 0.02928699163221532 8943
0.04030830479401309 0.0316644310697716 8944
0.04030830479401309 0.03423206566161057 8945
0.04030830479401309 0.03700511102124814 8946
0.04073786726695541 0.0005744801518658966 8947
0.04073786726695542 0.0006549187023411366 8948
0.04073786726695541 0.0007417923242596629 8949
0.04073786726695542 0.0008356158349343706 8950
0.04073786726695543 0.000936945243677711 8951
0.04073786726695541 0.001046381012230214 8952
0.04073786726695543 0.001164571636941929 8953
0.04073786726695542 0.001292217511602556 8954
0.04073786726695542 0.001430075062922938 8955
0.04073786726695541 0.001578961209800969 8956
0.04073786726695541 0.001739758244719251 8957
0.04073786726695542 0.001913419042969198 8958
0.04073786726695541 0.00210097269019394 8959
0.04073786726695542 0.00230353063927247 8960
0.04073786726695543 0.002522293228240824 8961
0.04073786726695543 0.002758556814951889 8962
0.04073786726695542 0.003013721494810931 8963
0.04073786726695543 0.003289299364520971 8964
0.04073786726695541 0.003586923470452022 8965
0.04073786726695543 0.003908357479700804 8966
0.04073786726695543 0.004255506196689488 8967
0.04073786726695541 0.004630426835077315 8968
0.04073786726695542 0.005035341124316705 8969
0.04073786726695543 0.005472648553571963 8970
0.04073786726695543 0.005944940571786645 8971
0.04073786726695543 0.006455015939055442 8972
0.04073786726695542 0.007005897352521074 8973
0.04073786726695541 0.007600849281163178 8974
0.04073786726695542 0.008243397348877591 8975
0.04073786726695543 0.008937349263397634 8976
0.04073786726695541 0.009686817353161488 8977
0.04073786726695541 0.01049624287276043 8978
0.04073786726695542 0.01137042242050506 8979
0.04073786726695541 0.01231453633798136 8980
0.04073786726695542 0.01333417939040457 8981
0.04073786726695541 0.01443539387837664 8982
0.04073786726695541 0.01562470553421713 8983
0.04073786726695542 0.01690916210325999 8984
0.04073786726695542 0.01829637518188408 8985
0.04073786726695542 0.01979456529529753 8986
0.04073786726695542 0.02141261061703501 8987
0.04073786726695543 0.02316009957282735 8988
0.04073786726695542 0.02504738766014365 8989
0.04073786726695543 0.02708565881053514 8990
0.04073786726695543 0.02928699163221531 8991
0.04073786726695542 0.0316644310697716 8992
0.04073786726695543 0.03423206566161058 8993
0.04073786726695542 0.03700511102124814 8994
0.04118461227135754 0.0005744801518658966 8995
0.04118461227135752 0.0006549187023411366 8996
0.04118461227135752 0.0007417923242596629 8997
0.04118461227135752 0.0008356158349343706 8998
0.04118461227135752 0.0009369452436777113 8999
0.04118461227135752 0.001046381012230214 9000
0.04118461227135753 0.001164571636941929 9001
0.04118461227135751 0.001292217511602556 9002
0.04118461227135752 0.001430075062922938 9003
0.04118461227135752 0.001578961209800969 9004
0.04118461227135753 0.001739758244719251 9005
0.04118461227135753 0.001913419042969198 9006
0.04118461227135752 0.00210097269019394 9007
0.04118461227135752 0.002303530639272469 9008
0.04118461227135753 0.002522293228240824 9009
0.04118461227135752 0.002758556814951889 9010
0.04118461227135752 0.003013721494810931 9011
0.04118461227135751 0.003289299364520971 9012
0.04118461227135752 0.003586923470452022 9013
0.04118461227135754 0.003908357479700803 9014
0.04118461227135752 0.004255506196689488 9015
0.04118461227135753 0.004630426835077315 9016
0.04118461227135752 0.005035341124316705 9017
0.04118461227135752 0.005472648553571963 9018
0.04118461227135751 0.005944940571786645 9019
0.04118461227135752 0.006455015939055441 9020
0.04118461227135752 0.007005897352521075 9021
0.04118461227135753 0.007600849281163178 9022
0.04118461227135752 0.008243397348877593 9023
0.04118461227135754 0.008937349263397633 9024
0.04118461227135752 0.009686817353161487 9025
0.04118461227135752 0.01049624287276043 9026
0.04118461227135751 0.01137042242050506 9027
0.04118461227135752 0.01231453633798135 9028
0.04118461227135752 0.01333417939040457 9029
0.04118461227135752 0.01443539387837665 9030
0.04118461227135753 0.01562470553421714 9031
0.04118461227135752 0.01690916210325999 9032
0.04118461227135752 0.01829637518188409 9033
0.04118461227135752 0.01979456529529754 9034
0.04118461227135752 0.02141261061703501 9035
0.04118461227135752 0.02316009957282735 9036
0.04118461227135752 0.02504738766014365 9037
0.04118461227135753 0.02708565881053514 9038
0.04118461227135752 0.02928699163221531 9039
0.0411846122713575 0.0316644310697716 9040
0.04118461227135752 0.03423206566161057 9041
0.04118461227135752 0.03700511102124814 9042
0.04164922704779057 0.0005744801518658966 9043
0.04164922704779055 0.0006549187023411366 9044
0.04164922704779057 0.0007417923242596629 9045
0.04164922704779058 0.0008356158349343707 9046
0.04164922704779057 0.000936945243677711 9047
0.04164922704779056 0.001046381012230214 9048
0.04164922704779057 0.001164571636941929 9049
0.04164922704779057 0.001292217511602556 9050
0.04164922704779058 0.001430075062922938 9051
0.04164922704779059 0.001578961209800969 9052
0.04164922704779057 0.001739758244719251 9053
0.04164922704779058 0.001913419042969199 9054
0.04164922704779059 0.00210097269019394 9055
0.04164922704779057 0.00230353063927247 9056
0.04164922704779057 0.002522293228240823 9057
0.04164922704779057 0.002758556814951889 9058
0.04164922704779057 0.003013721494810931 9059
0.04164922704779057 0.003289299364520971 9060
0.04164922704779057 0.003586923470452022 9061
0.04164922704779057 0.003908357479700804 9062
0.04164922704779057 0.004255506196689488 9063
0.04164922704779057 0.004630426835077315 9064
0.04164922704779058 0.005035341124316705 9065
0.04164922704779056 0.005472648553571963 9066
0.04164922704779056 0.005944940571786645 9067
0.04164922704779057 0.006455015939055439 9068
0.04164922704779057 0.007005897352521075 9069
0.04164922704779057 0.007600849281163178 9070
0.04164922704779057 0.008243397348877593 9071
0.04164922704779058 0.008937349263397633 9072
0.04164922704779057 0.009686817353161487 9073
0.04164922704779057 0.01049624287276043 9074
0.04164922704779057 0.01137042242050506 9075
0.04164922704779057 0.01231453633798135 9076
0.04164922704779057 0.01333417939040457 9077
0.04164922704779057 0.01443539387837664 9078
0.04164922704779057 0.01562470553421714 9079
0.04164922704779057 0.01690916210325998 9080
0.04164922704779057 0.01829637518188409 9081
0.04164922704779057 0.01979456529529754 9082
0.04164922704779057 0.02141261061703501 9083
0.04164922704779057 0.02316009957282735 9084
0.04164922704779057 0.02504738766014364 9085
0.04164922704779057 0.02708565881053513 9086
0.04164922704779057 0.02928699163221531 9087
0.04164922704779057 0.0316644310697716 9088
0.04164922704779057 0.03423206566161057 9089
0.04164922704779057 0.03700511102124814 9090
0.04213242645991949 0.0005744801518658966 9091
0.04213242645991951 0.0006549187023411366 9092
0.04213242645991951 0.0007417923242596629 9093
0.04213242645991951 0.0008356158349343707 9094
0.04213242645991949 0.000936945243677711 9095
0.0421324264599195 0.001046381012230214 9096
0.04213242645991951 0.001164571636941929 9097
0.04213242645991952 0.001292217511602556 9098
0.04213242645991949 0.001430075062922938 9099
0.04213242645991949 0.001578961209800969 9100
0.04213242645991952 0.001739758244719251 9101
0.0421324264599195 0.001913419042969198 9102
0.04213242645991951 0.00210097269019394 9103
0.0421324264599195 0.00230353063927247 9104
0.04213242645991952 0.002522293228240823 9105
0.04213242645991951 0.002758556814951889 9106
0.04213242645991953 0.003013721494810931 9107
0.0421324264599195 0.003289299364520971 9108
0.0421324264599195 0.003586923470452022 9109
0.0421324264599195 0.003908357479700804 9110
0.04213242645991951 0.004255506196689489 9111
0.04213242645991952 0.004630426835077315 9112
0.04213242645991951 0.005035341124316706 9113
0.0421324264599195 0.005472648553571963 9114
0.04213242645991951 0.005944940571786645 9115
0.04213242645991951 0.006455015939055441 9116
0.04213242645991951 0.007005897352521075 9117
0.04213242645991951 0.007600849281163178 9118
0.04213242645991952 0.008243397348877593 9119
0.04213242645991951 0.008937349263397634 9120
0.04213242645991951 0.009686817353161487 9121
0.04213242645991952 0.01049624287276043 9122
0.04213242645991951 0.01137042242050506 9123
0.04213242645991951 0.01231453633798136 9124
0.04213242645991951 0.01333417939040458 9125
0.04213242645991952 0.01443539387837664 9126
0.04213242645991951 0.01562470553421714 9127
0.04213242645991951 0.01690916210325999 9128
0.04213242645991951 0.01829637518188409 9129
0.04213242645991951 0.01979456529529753 9130
0.04213242645991951 0.02141261061703501 9131
0.04213242645991951 0.02316009957282735 9132
0.04213242645991951 0.02504738766014365 9133
0.04213242645991951 0.02708565881053514 9134
0.04213242645991951 0.02928699163221531 9135
0.04213242645991951 0.0316644310697716 9136
0.04213242645991951 0.03423206566161057 9137
0.04213242645991951 0.03700511102124814 9138
0.0426349538282009 0.0005744801518658966 9139
0.04263495382820091 0.0006549187023411366 9140
0.04263495382820089 0.0007417923242596629 9141
0.0426349538282009 0.0008356158349343706 9142
0.0426349538282009 0.0009369452436777112 9143
0.0426349538282009 0.001046381012230213 9144
0.0426349538282009 0.001164571636941929 9145
0.04263495382820091 0.001292217511602556 9146
0.04263495382820091 0.001430075062922938 9147
0.0426349538282009 0.001578961209800969 9148
0.04263495382820089 0.001739758244719251 9149
0.04263495382820089 0.001913419042969198 9150
0.0426349538282009 0.00210097269019394 9151
0.0426349538282009 0.00230353063927247 9152
0.04263495382820089 0.002522293228240823 9153
0.0426349538282009 0.002758556814951889 9154
0.04263495382820092 0.003013721494810931 9155
0.04263495382820089 0.003289299364520971 9156
0.04263495382820091 0.003586923470452022 9157
0.0426349538282009 0.003908357479700804 9158
0.0426349538282009 0.004255506196689488 9159
0.04263495382820089 0.004630426835077315 9160
0.04263495382820091 0.005035341124316705 9161
0.0426349538282009 0.005472648553571963 9162
0.04263495382820089 0.005944940571786645 9163
0.0426349538282009 0.006455015939055442 9164
0.04263495382820089 0.007005897352521075 9165
0.04263495382820089 0.007600849281163178 9166
0.0426349538282009 0.008243397348877593 9167
0.0426349538282009 0.008937349263397633 9168
0.04263495382820091 0.009686817353161487 9169
0.04263495382820089 0.01049624287276043 9170
0.04263495382820091 0.01137042242050506 9171
0.0426349538282009 0.01231453633798135 9172
0.0426349538282009 0.01333417939040457 9173
0.0426349538282009 0.01443539387837664 9174
0.0426349538282009 0.01562470553421714 9175
0.0426349538282009 0.01690916210325999 9176
0.0426349538282009 0.01829637518188409 9177
0.0426349538282009 0.01979456529529753 9178
0.0426349538282009 0.02141261061703501 9179
0.0426349538282009 0.02316009957282735 9180
0.0426349538282009 0.02504738766014365 9181
0.0426349538282009 0.02708565881053514 9182
0.04263495382820089 0.02928699163221531 9183
0.0426349538282009 0.0316644310697716 9184
0.0426349538282009 0.03423206566161057 9185
0.0426349538282009 0.03700511102124814 9186
0.04315758231843167 0.0005744801518658966 9187
0.04315758231843167 0.0006549187023411366 9188
0.04315758231843166 0.000741792324259663 9189
0.04315758231843168 0.0008356158349343707 9190
0.04315758231843167 0.000936945243677711 9191
0.04315758231843168 0.001046381012230214 9192
0.04315758231843167 0.001164571636941929 9193
0.04315758231843167 0.001292217511602556 9194
0.04315758231843168 0.001430075062922938 9195
0.04315758231843167 0.001578961209800969 9196
0.04315758231843168 0.001739758244719251 9197
0.04315758231843167 0.001913419042969198 9198
0.04315758231843169 0.00210097269019394 9199
0.04315758231843169 0.00230353063927247 9200
0.04315758231843167 0.002522293228240824 9201
0.04315758231843168 0.002758556814951889 9202
0.04315758231843168 0.003013721494810931 9203
0.04315758231843167 0.003289299364520971 9204
0.04315758231843167 0.003586923470452022 9205
0.04315758231843167 0.003908357479700804 9206
0.04315758231843167 0.004255506196689488 9207
0.04315758231843167 0.004630426835077315 9208
0.04315758231843166 0.005035341124316705 9209
0.04315758231843166 0.005472648553571963 9210
0.04315758231843167 0.005944940571786645 9211
0.04315758231843166 0.006455015939055442 9212
0.04315758231843167 0.007005897352521075 9213
0.04315758231843166 0.007600849281163178 9214
0.04315758231843167 0.008243397348877591 9215
0.04315758231843166 0.008937349263397633 9216
0.04315758231843167 0.009686817353161487 9217
0.04315758231843167 0.01049624287276043 9218
0.04315758231843167 0.01137042242050506 9219
0.04315758231843168 0.01231453633798136 9220
0.04315758231843167 0.01333417939040457 9221
0.04315758231843167 0.01443539387837664 9222
0.04315758231843167 0.01562470553421714 9223
0.04315758231843167 0.01690916210325999 9224
0.04315758231843167 0.01829637518188409 9225
0.04315758231843167 0.01979456529529754 9226
0.04315758231843167 0.02141261061703501 9227
0.04315758231843167 0.02316009957282735 9228
0.04315758231843167 0.02504738766014365 9229
0.04315758231843167 0.02708565881053514 9230
0.04315758231843167 0.02928699163221531 9231
0.04315758231843167 0.0316644310697716 9232
0.04315758231843167 0.03423206566161057 9233
0.04315758231843167 0.03700511102124814 9234
0.04370111595063972 0.0005744801518658966 9235
0.04370111595063973 0.0006549187023411366 9236
0.0437011159506397 0.0007417923242596624 9237
0.04370111595063972 0.0008356158349343706 9238
0.04370111595063971 0.000936945243677711 9239
0.04370111595063971 0.001046381012230214 9240
0.04370111595063972 0.001164571636941929 9241
0.04370111595063971 0.001292217511602556 9242
0.04370111595063972 0.001430075062922938 9243
0.04370111595063972 0.001578961209800969 9244
0.04370111595063974 0.001739758244719251 9245
0.04370111595063972 0.001913419042969198 9246
0.04370111595063973 0.00210097269019394 9247
0.04370111595063971 0.00230353063927247 9248
0.04370111595063972 0.002522293228240824 9249
0.04370111595063973 0.002758556814951889 9250
0.04370111595063972 0.003013721494810931 9251
0.04370111595063972 0.003289299364520971 9252
0.04370111595063971 0.003586923470452022 9253
0.04370111595063971 0.003908357479700804 9254
0.04370111595063972 0.004255506196689488 9255
0.04370111595063973 0.004630426835077315 9256
0.0437011159506397 0.005035341124316706 9257
0.04370111595063972 0.005472648553571963 9258
0.04370111595063972 0.005944940571786646 9259
0.04370111595063972 0.006455015939055442 9260
0.04370111595063972 0.007005897352521076 9261
0.04370111595063972 0.007600849281163178 9262
0.04370111595063972 0.008243397348877593 9263
0.04370111595063972 0.008937349263397634 9264
0.04370111595063973 0.009686817353161487 9265
0.04370111595063972 0.01049624287276043 9266
0.04370111595063973 0.01137042242050506 9267
0.04370111595063971 0.01231453633798135 9268
0.04370111595063972 0.01333417939040457 9269
0.04370111595063971 0.01443539387837664 9270
0.04370111595063972 0.01562470553421714 9271
0.04370111595063972 0.01690916210325999 9272
0.04370111595063972 0.01829637518188409 9273
0.04370111595063972 0.01979456529529754 9274
0.04370111595063972 0.02141261061703501 9275
0.04370111595063972 0.02316009957282735 9276
0.04370111595063972 0.02504738766014365 9277
0.04370111595063972 0.02708565881053514 9278
0.04370111595063972 0.02928699163221531 9279
0.04370111595063972 0.0316644310697716 9280
0.04370111595063972 0.03423206566161057 9281
0.04370111595063972 0.03700511102124813 9282
0.04426639088506813 0.0005744801518658966 9283
0.04426639088506811 0.0006549187023411366 9284
0.04426639088506813 0.000741792324259663 9285
0.04426639088506813 0.0008356158349343706 9286
0.04426639088506813 0.000936945243677711 9287
0.04426639088506813 0.001046381012230214 9288
0.04426639088506812 0.001164571636941929 9289
0.04426639088506813 0.001292217511602556 9290
0.04426639088506813 0.001430075062922938 9291
0.04426639088506812 0.001578961209800969 9292
0.04426639088506813 0.001739758244719251 9293
0.04426639088506813 0.001913419042969198 9294
0.04426639088506813 0.00210097269019394 9295
0.04426639088506813 0.00230353063927247 9296
0.04426639088506814 0.002522293228240823 9297
0.04426639088506813 0.002758556814951889 9298
0.04426639088506811 0.003013721494810931 9299
0.04426639088506813 0.003289299364520971 9300
0.04426639088506811 0.003586923470452022 9301
0.04426639088506812 0.003908357479700804 9302
0.04426639088506812 0.004255506196689488 9303
0.04426639088506813 0.004630426835077315 9304
0.04426639088506813 0.005035341124316705 9305
0.04426639088506814 0.005472648553571962 9306
0.04426639088506812 0.005944940571786645 9307
0.04426639088506812 0.006455015939055442 9308
0.04426639088506812 0.007005897352521076 9309
0.04426639088506813 0.007600849281163178 9310
0.04426639088506814 0.008243397348877593 9311
0.04426639088506813 0.008937349263397633 9312
0.04426639088506813 0.009686817353161487 9313
0.04426639088506813 0.01049624287276043 9314
0.04426639088506813 0.01137042242050506 9315
0.04426639088506813 0.01231453633798135 9316
0.04426639088506813 0.01333417939040457 9317
0.04426639088506813 0.01443539387837665 9318
0.04426639088506812 0.01562470553421714 9319
0.04426639088506815 0.01690916210325999 9320
0.04426639088506813 0.01829637518188409 9321
0.04426639088506812 0.01979456529529754 9322
0.04426639088506813 0.02141261061703501 9323
0.04426639088506813 0.02316009957282735 9324
0.04426639088506813 0.02504738766014365 9325
0.04426639088506813 0.02708565881053514 9326
0.04426639088506813 0.02928699163221531 9327
0.04426639088506813 0.0316644310697716 9328
0.04426639088506813 0.03423206566161057 9329
0.04426639088506812 0.03700511102124814 9330
0.04485427685479291 0.0005744801518658966 9331
0.04485427685479291 0.0006549187023411366 9332
0.04485427685479289 0.0007417923242596629 9333
0.0448542768547929 0.0008356158349343706 9334
0.0448542768547929 0.000936945243677711 9335
0.04485427685479289 0.001046381012230214 9336
0.0448542768547929 0.001164571636941929 9337
0.04485427685479291 0.001292217511602556 9338
0.0448542768547929 0.001430075062922938 9339
0.04485427685479292 0.001578961209800969 9340
0.0448542768547929 0.001739758244719251 9341
0.04485427685479289 0.001913419042969198 9342
0.0448542768547929 0.00210097269019394 9343
0.04485427685479289 0.00230353063927247 9344
0.04485427685479289 0.002522293228240823 9345
0.0448542768547929 0.002758556814951889 9346
0.0448542768547929 0.003013721494810931 9347
0.0448542768547929 0.003289299364520971 9348
0.04485427685479289 0.003586923470452022 9349
0.04485427685479292 0.003908357479700804 9350
0.04485427685479291 0.004255506196689488 9351
0.04485427685479292 0.004630426835077315 9352
0.0448542768547929 0.005035341124316705 9353
0.0448542768547929 0.005472648553571963 9354
0.04485427685479289 0.005944940571786645 9355
0.04485427685479289 0.006455015939055442 9356
0.04485427685479292 0.007005897352521076 9357
0.04485427685479291 0.007600849281163178 9358
0.0448542768547929 0.008243397348877593 9359
0.04485427685479291 0.008937349263397634 9360
0.0448542768547929 0.009686817353161487 9361
0.04485427685479289 0.01049624287276043 9362
0.04485427685479291 0.01137042242050506 9363
0.0448542768547929 0.01231453633798135 9364
0.04485427685479289 0.01333417939040457 9365
0.0448542768547929 0.01443539387837664 9366
0.04485427685479289 0.01562470553421714 9367
0.04485427685479289 0.01690916210325999 9368
0.0448542768547929 0.01829637518188409 9369
0.0448542768547929 0.01979456529529753 9370
0.0448542768547929 0.02141261061703501 9371
0.0448542768547929 0.02316009957282735 9372
0.0448542768547929 0.02504738766014365 9373
0.0448542768547929 0.02708565881053514 9374
0.0448542768547929 0.02928699163221531 9375
0.0448542768547929 0.0316644310697716 9376
0.0448542768547929 0.03423206566161057 9377
0.0448542768547929 0.03700511102124813 9378
0.04546567824075387 0.0005744801518658966 9379
0.04546567824075388 0.0006549187023411366 9380
0.04546567824075388 0.0007417923242596629 9381
0.04546567824075388 0.0008356158349343706 9382
0.04546567824075388 0.000936945243677711 9383
0.04546567824075387 0.001046381012230214 9384
0.04546567824075387 0.001164571636941929 9385
0.04546567824075386 0.001292217511602556 9386
0.04546567824075388 0.001430075062922938 9387
0.04546567824075389 0.001578961209800969 9388
0.04546567824075388 0.001739758244719251 9389
0.04546567824075387 0.001913419042969198 9390
0.04546567824075389 0.00210097269019394 9391
0.04546567824075389 0.00230353063927247 9392
0.04546567824075386 0.002522293228240824 9393
0.04546567824075388 0.002758556814951889 9394
0.04546567824075388 0.003013721494810931 9395
0.04546567824075388 0.003289299364520971 9396
0.04546567824075386 0.003586923470452021 9397
0.04546567824075387 0.003908357479700804 9398
0.04546567824075389 0.004255506196689488 9399
0.04546567824075389 0.004630426835077315 9400
0.04546567824075388 0.005035341124316705 9401
0.04546567824075386 0.005472648553571963 9402
0.04546567824075388 0.005944940571786645 9403
0.04546567824075388 0.006455015939055441 9404
0.04546567824075387 0.007005897352521075 9405
0.04546567824075388 0.007600849281163178 9406
0.04546567824075389 0.008243397348877593 9407
0.04546567824075388 0.008937349263397633 9408
0.04546567824075389 0.009686817353161487 9409
0.04546567824075387 0.01049624287276043 9410
0.04546567824075388 0.01137042242050506 9411
0.04546567824075388 0.01231453633798135 9412
0.04546567824075386 0.01333417939040457 9413
0.04546567824075387 0.01443539387837664 9414
0.04546567824075387 0.01562470553421714 9415
0.04546567824075388 0.01690916210325999 9416
0.04546567824075387 0.01829637518188409 9417
0.04546567824075389 0.01979456529529753 9418
0.04546567824075387 0.02141261061703501 9419
0.04546567824075389 0.02316009957282735 9420
0.04546567824075388 0.02504738766014365 9421
0.04546567824075388 0.02708565881053514 9422
0.04546567824075388 0.02928699163221531 9423
0.04546567824075388 0.0316644310697716 9424
0.04546567824075388 0.03423206566161057 9425
0.04546567824075388 0.03700511102124814 9426
0.04610153571591886 0.0005744801518658966 9427
0.0461015357159189 0.0006549187023411366 9428
0.04610153571591888 0.0007417923242596629 9429
0.04610153571591888 0.0008356158349343706 9430
0.04610153571591888 0.000936945243677711 9431
0.04610153571591888 0.001046381012230214 9432
0.04610153571591887 0.001164571636941929 9433
0.04610153571591887 0.001292217511602556 9434
0.04610153571591887 0.001430075062922938 9435
0.04610153571591889 0.001578961209800969 9436
0.04610153571591889 0.001739758244719251 9437
0.04610153571591888 0.001913419042969198 9438
0.04610153571591887 0.00210097269019394 9439
0.04610153571591887 0.00230353063927247 9440
0.04610153571591888 0.002522293228240823 9441
0.04610153571591888 0.002758556814951889 9442
0.04610153571591887 0.003013721494810931 9443
0.04610153571591887 0.003289299364520971 9444
0.04610153571591889 0.003586923470452022 9445
0.04610153571591888 0.003908357479700804 9446
0.04610153571591888 0.004255506196689488 9447
0.04610153571591888 0.004630426835077315 9448
0.04610153571591886 0.005035341124316705 9449
0.04610153571591886 0.005472648553571963 9450
0.04610153571591888 0.005944940571786646 9451
0.04610153571591889 0.006455015939055442 9452
0.04610153571591888 0.007005897352521075 9453
0.04610153571591886 0.007600849281163178 9454
0.04610153571591888 0.008243397348877593 9455
0.04610153571591889 0.008937349263397633 9456
0.04610153571591888 0.009686817353161487 9457
0.04610153571591888 0.01049624287276043 9458
0.04610153571591888 0.01137042242050506 9459
0.04610153571591889 0.01231453633798136 9460
0.04610153571591888 0.01333417939040457 9461
0.04610153571591888 0.01443539387837665 9462
0.04610153571591888 0.01562470553421714 9463
0.04610153571591888 0.01690916210325998 9464
0.04610153571591888 0.01829637518188409 9465
0.04610153571591888 0.01979456529529753 9466
0.04610153571591888 0.02141261061703501 9467
0.04610153571591888 0.02316009957282735 9468
0.04610153571591888 0.02504738766014365 9469
0.04610153571591888 0.02708565881053514 9470
0.04610153571591888 0.02928699163221531 9471
0.04610153571591888 0.0316644310697716 9472
0.04610153571591888 0.03423206566161057 9473
0.04610153571591888 0.03700511102124814 9474
0.04676282747513878 0.0005744801518658966 9475
0.04676282747513878 0.0006549187023411366 9476
0.04676282747513878 0.0007417923242596628 9477
0.04676282747513878 0.0008356158349343706 9478
0.04676282747513878 0.000936945243677711 9479
0.04676282747513879 0.001046381012230214 9480
0.0467628274751388 0.001164571636941929 9481
0.04676282747513878 0.001292217511602556 9482
0.04676282747513878 0.001430075062922938 9483
0.04676282747513878 0.001578961209800969 9484
0.04676282747513879 0.001739758244719251 9485
0.04676282747513878 0.001913419042969198 9486
0.0467628274751388 0.00210097269019394 9487
0.04676282747513878 0.00230353063927247 9488
0.04676282747513878 0.002522293228240824 9489
0.04676282747513877 0.002758556814951889 9490
0.04676282747513878 0.003013721494810931 9491
0.04676282747513878 0.003289299364520971 9492
0.04676282747513878 0.003586923470452022 9493
0.04676282747513878 0.003908357479700804 9494
0.04676282747513877 0.004255506196689488 9495
0.04676282747513878 0.004630426835077315 9496
0.04676282747513877 0.005035341124316706 9497
0.04676282747513877 0.005472648553571963 9498
0.04676282747513879 0.005944940571786645 9499
0.04676282747513878 0.006455015939055442 9500
0.04676282747513878 0.007005897352521077 9501
0.04676282747513878 0.007600849281163178 9502
0.04676282747513879 0.008243397348877593 9503
0.04676282747513878 0.008937349263397634 9504
0.04676282747513878 0.009686817353161487 9505
0.04676282747513878 0.01049624287276043 9506
0.04676282747513878 0.01137042242050506 9507
0.04676282747513878 0.01231453633798136 9508
0.04676282747513878 0.01333417939040457 9509
0.04676282747513878 0.01443539387837664 9510
0.04676282747513878 0.01562470553421713 9511
0.04676282747513878 0.01690916210325999 9512
0.04676282747513878 0.01829637518188409 9513
0.04676282747513878 0.01979456529529753 9514
0.04676282747513878 0.02141261061703501 9515
0.04676282747513878 0.02316009957282735 9516
0.04676282747513878 0.02504738766014365 9517
0.04676282747513878 0.02708565881053514 9518
0.04676282747513878 0.02928699163221531 9519
0.04676282747513878 0.0316644310697716 9520
0.04676282747513878 0.03423206566161057 9521
0.04676282747513878 0.03700511102124814 9522
0.04745057087010415 0.0005744801518658966 9523
0.04745057087010417 0.0006549187023411366 9524
0.04745057087010417 0.0007417923242596629 9525
0.04745057087010417 0.0008356158349343708 9526
0.04745057087010417 0.000936945243677711 9527
0.04745057087010416 0.001046381012230214 9528
0.04745057087010417 0.001164571636941929 9529
0.04745057087010416 0.001292217511602556 9530
0.04745057087010417 0.001430075062922938 9531
0.04745057087010417 0.001578961209800969 9532
0.04745057087010415 0.001739758244719251 9533
0.04745057087010416 0.001913419042969198 9534
0.04745057087010419 0.00210097269019394 9535
0.04745057087010416 0.00230353063927247 9536
0.04745057087010417 0.002522293228240824 9537
0.04745057087010416 0.002758556814951889 9538
0.04745057087010417 0.003013721494810931 9539
0.04745057087010416 0.003289299364520971 9540
0.04745057087010418 0.003586923470452022 9541
0.04745057087010418 0.003908357479700803 9542
0.04745057087010417 0.004255506196689489 9543
0.04745057087010416 0.004630426835077315 9544
0.04745057087010417 0.005035341124316705 9545
0.04745057087010418 0.005472648553571963 9546
0.04745057087010417 0.005944940571786645 9547
0.04745057087010415 0.006455015939055441 9548
0.04745057087010416 0.007005897352521075 9549
0.04745057087010416 0.007600849281163178 9550
0.04745057087010417 0.008243397348877591 9551
0.04745057087010415 0.008937349263397633 9552
0.04745057087010417 0.009686817353161487 9553
0.04745057087010416 0.01049624287276043 9554
0.04745057087010417 0.01137042242050506 9555
0.04745057087010417 0.01231453633798135 9556
0.04745057087010417 0.01333417939040457 9557
0.04745057087010417 0.01443539387837664 9558
0.04745057087010416 0.01562470553421714 9559
0.04745057087010418 0.01690916210325999 9560
0.04745057087010417 0.01829637518188409 9561
0.04745057087010417 0.01979456529529754 9562
0.04745057087010417 0.02141261061703501 9563
0.04745057087010417 0.02316009957282735 9564
0.04745057087010417 0.02504738766014365 9565
0.04745057087010417 0.02708565881053514 9566
0.04745057087010417 0.02928699163221531 9567
0.04745057087010416 0.0316644310697716 9568
0.04745057087010417 0.03423206566161057 9569
0.04745057087010417 0.03700511102124814 9570
0.04816582405069065 0.0005744801518658967 9571
0.04816582405069064 0.0006549187023411366 9572
0.04816582405069064 0.0007417923242596629 9573
0.04816582405069064 0.0008356158349343707 9574
0.04816582405069064 0.000936945243677711 9575
0.04816582405069065 0.001046381012230214 9576
0.04816582405069064 0.001164571636941929 9577
0.04816582405069064 0.001292217511602556 9578
0.04816582405069065 0.001430075062922938 9579
0.04816582405069064 0.001578961209800969 9580
0.04816582405069064 0.001739758244719251 9581
0.04816582405069064 0.001913419042969199 9582
0.04816582405069066 0.00210097269019394 9583
0.04816582405069064 0.00230353063927247 9584
0.04816582405069064 0.002522293228240824 9585
0.04816582405069064 0.002758556814951889 9586
0.04816582405069066 0.003013721494810931 9587
0.04816582405069064 0.003289299364520971 9588
0.04816582405069065 0.003586923470452022 9589
0.04816582405069066 0.003908357479700802 9590
0.04816582405069066 0.004255506196689488 9591
0.04816582405069064 0.004630426835077315 9592
0.04816582405069064 0.005035341124316705 9593
0.04816582405069065 0.005472648553571963 9594
0.04816582405069064 0.005944940571786645 9595
0.04816582405069064 0.006455015939055442 9596
0.04816582405069064 0.007005897352521077 9597
0.04816582405069064 0.007600849281163178 9598
0.04816582405069065 0.008243397348877591 9599
0.04816582405069064 0.008937349263397634 9600
0.04816582405069064 0.009686817353161487 9601
0.04816582405069064 0.01049624287276043 9602
0.04816582405069064 0.01137042242050506 9603
0.04816582405069063 0.01231453633798136 9604
0.04816582405069063 0.01333417939040458 9605
0.04816582405069064 0.01443539387837664 9606
0.04816582405069064 0.01562470553421713 9607
0.04816582405069064 0.01690916210325998 9608
0.04816582405069064 0.01829637518188409 9609
0.04816582405069064 0.01979456529529753 9610
0.04816582405069064 0.02141261061703501 9611
0.04816582405069064 0.02316009957282736 9612
0.04816582405069064 0.02504738766014365 9613
0.04816582405069064 0.02708565881053514 9614
0.04816582405069064 0.02928699163221532 9615
0.04816582405069064 0.0316644310697716 9616
0.04816582405069064 0.03423206566161057 9617
0.04816582405069064 0.03700511102124814 9618
0.0489096873173327 0.0005744801518658966 9619
0.04890968731733271 0.0006549187023411366 9620
0.04890968731733272 0.0007417923242596629 9621
0.04890968731733271 0.0008356158349343708 9622
0.04890968731733271 0.000936945243677711 9623
0.04890968731733271 0.001046381012230214 9624
0.04890968731733271 0.001164571636941929 9625
0.0489096873173327 0.001292217511602556 9626
0.04890968731733271 0.001430075062922938 9627
0.0489096873173327 0.001578961209800969 9628
0.04890968731733272 0.001739758244719251 9629
0.04890968731733273 0.001913419042969198 9630
0.04890968731733269 0.00210097269019394 9631
0.0489096873173327 0.00230353063927247 9632
0.04890968731733271 0.002522293228240823 9633
0.04890968731733271 0.002758556814951889 9634
0.04890968731733271 0.003013721494810931 9635
0.04890968731733271 0.003289299364520971 9636
0.04890968731733271 0.003586923470452022 9637
0.0489096873173327 0.003908357479700804 9638
0.04890968731733271 0.004255506196689488 9639
0.04890968731733272 0.004630426835077315 9640
0.04890968731733271 0.005035341124316705 9641
0.04890968731733272 0.005472648553571963 9642
0.04890968731733269 0.005944940571786645 9643
0.04890968731733272 0.006455015939055441 9644
0.0489096873173327 0.007005897352521075 9645
0.04890968731733272 0.007600849281163178 9646
0.04890968731733271 0.008243397348877593 9647
0.04890968731733271 0.008937349263397634 9648
0.04890968731733272 0.009686817353161487 9649
0.0489096873173327 0.01049624287276043 9650
0.04890968731733271 0.01137042242050506 9651
0.04890968731733271 0.01231453633798136 9652
0.04890968731733271 0.01333417939040457 9653
0.04890968731733271 0.01443539387837664 9654
0.04890968731733271 0.01562470553421714 9655
0.04890968731733271 0.01690916210325999 9656
0.04890968731733271 0.01829637518188409 9657
0.04890968731733271 0.01979456529529754 9658
0.04890968731733271 0.02141261061703501 9659
0.04890968731733272 0.02316009957282735 9660
0.04890968731733271 0.02504738766014365 9661
0.04890968731733271 0.02708565881053514 9662
0.04890968731733271 0.02928699163221531 9663
0.04890968731733271 0.0316644310697716 9664
0.04890968731733271 0.03423206566161057 9665
0.04890968731733271 0.03700511102124814 9666
0.04968330512904632 0.0005744801518658966 9667
0.04968330512904633 0.0006549187023411366 9668
0.04968330512904633 0.0007417923242596629 9669
0.04968330512904632 0.0008356158349343706 9670
0.04968330512904633 0.0009369452436777113 9671
0.04968330512904634 0.001046381012230214 9672
0.04968330512904633 0.001164571636941929 9673
0.04968330512904633 0.001292217511602556 9674
0.04968330512904632 0.001430075062922938 9675
0.04968330512904633 0.001578961209800969 9676
0.04968330512904632 0.001739758244719251 9677
0.04968330512904633 0.001913419042969198 9678
0.04968330512904633 0.00210097269019394 9679
0.04968330512904634 0.00230353063927247 9680
0.04968330512904633 0.002522293228240823 9681
0.04968330512904633 0.002758556814951889 9682
0.04968330512904633 0.003013721494810931 9683
0.04968330512904633 0.003289299364520971 9684
0.04968330512904633 0.003586923470452022 9685
0.04968330512904632 0.003908357479700804 9686
0.04968330512904632 0.004255506196689488 9687
0.04968330512904633 0.004630426835077315 9688
0.04968330512904632 0.005035341124316705 9689
0.04968330512904633 0.005472648553571963 9690
0.04968330512904631 0.005944940571786645 9691
0.04968330512904634 0.006455015939055441 9692
0.04968330512904632 0.007005897352521075 9693
0.04968330512904633 0.007600849281163178 9694
0.04968330512904634 0.008243397348877593 9695
0.04968330512904631 0.008937349263397633 9696
0.04968330512904632 0.009686817353161487 9697
0.04968330512904632 0.01049624287276043 9698
0.04968330512904633 0.01137042242050506 9699
0.04968330512904633 0.01231453633798135 9700
0.04968330512904633 0.01333417939040457 9701
0.04968330512904631 0.01443539387837664 9702
0.04968330512904632 0.01562470553421714 9703
0.04968330512904632 0.01690916210325999 9704
0.04968330512904633 0.01829637518188409 9705
0.04968330512904633 0.01979456529529753 9706
0.04968330512904633 0.02141261061703501 9707
0.04968330512904632 0.02316009957282735 9708
0.04968330512904633 0.02504738766014365 9709
0.04968330512904633 0.02708565881053514 9710
0.04968330512904633 0.02928699163221531 9711
0.04968330512904633 0.0316644310697716 9712
0.04968330512904633 0.03423206566161057 9713
0.04968330512904633 0.03700511102124814 9714
0.05048786766344227 0.0005744801518658966 9715
0.05048786766344226 0.0006549187023411366 9716
0.05048786766344226 0.0007417923242596629 9717
0.05048786766344225 0.0008356158349343706 9718
0.05048786766344227 0.000936945243677711 9719
0.05048786766344225 0.001046381012230214 9720
0.05048786766344226 0.001164571636941929 9721
0.05048786766344227 0.001292217511602556 9722
0.05048786766344225 0.001430075062922938 9723
0.05048786766344225 0.001578961209800969 9724
0.05048786766344226 0.001739758244719251 9725
0.05048786766344227 0.001913419042969198 9726
0.05048786766344227 0.00210097269019394 9727
0.05048786766344226 0.00230353063927247 9728
0.05048786766344225 0.002522293228240824 9729
0.05048786766344226 0.002758556814951889 9730
0.05048786766344227 0.003013721494810931 9731
0.05048786766344225 0.003289299364520971 9732
0.05048786766344226 0.003586923470452022 9733
0.05048786766344227 0.003908357479700805 9734
0.05048786766344226 0.004255506196689488 9735
0.05048786766344225 0.004630426835077315 9736
0.05048786766344226 0.005035341124316705 9737
0.05048786766344227 0.005472648553571963 9738
0.05048786766344226 0.005944940571786645 9739
0.05048786766344227 0.006455015939055441 9740
0.05048786766344227 0.007005897352521077 9741
0.05048786766344224 0.007600849281163178 9742
0.05048786766344225 0.008243397348877591 9743
0.05048786766344227 0.008937349263397633 9744
0.05048786766344227 0.009686817353161487 9745
0.05048786766344227 0.01049624287276043 9746
0.05048786766344227 0.01137042242050506 9747
0.05048786766344226 0.01231453633798136 9748
0.05048786766344225 0.01333417939040457 9749
0.05048786766344225 0.01443539387837664 9750
0.05048786766344227 0.01562470553421713 9751
0.05048786766344226 0.01690916210325999 9752
0.05048786766344224 0.01829637518188409 9753
0.05048786766344227 0.01979456529529754 9754
0.05048786766344227 0.02141261061703501 9755
0.05048786766344227 0.02316009957282735 9756
0.05048786766344225 0.02504738766014364 9757
0.05048786766344225 0.02708565881053514 9758
0.05048786766344226 0.02928699163221531 9759
0.05048786766344225 0.0316644310697716 9760
0.05048786766344227 0.03423206566161057 9761
0.05048786766344227 0.03700511102124814 9762
0.05132461268837868 0.0005744801518658966 9763
0.05132461268837868 0.0006549187023411366 9764
0.05132461268837869 0.0007417923242596624 9765
0.05132461268837868 0.0008356158349343706 9766
0.05132461268837868 0.0009369452436777108 9767
0.05132461268837866 0.001046381012230214 9768
0.05132461268837867 0.001164571636941929 9769
0.05132461268837867 0.001292217511602556 9770
0.05132461268837868 0.001430075062922938 9771
0.05132461268837866 0.001578961209800969 9772
0.05132461268837868 0.001739758244719251 9773
0.05132461268837869 0.001913419042969199 9774
0.05132461268837869 0.00210097269019394 9775
0.0513246126883787 0.00230353063927247 9776
0.05132461268837868 0.002522293228240823 9777
0.0513246126883787 0.002758556814951889 9778
0.05132461268837869 0.003013721494810931 9779
0.05132461268837868 0.00328929936452097 9780
0.05132461268837869 0.003586923470452022 9781
0.05132461268837868 0.003908357479700804 9782
0.05132461268837867 0.004255506196689489 9783
0.05132461268837867 0.004630426835077316 9784
0.05132461268837869 0.005035341124316706 9785
0.05132461268837868 0.005472648553571963 9786
0.05132461268837868 0.005944940571786645 9787
0.05132461268837868 0.006455015939055441 9788
0.05132461268837868 0.007005897352521076 9789
0.05132461268837867 0.007600849281163178 9790
0.05132461268837868 0.008243397348877588 9791
0.05132461268837869 0.008937349263397634 9792
0.05132461268837868 0.009686817353161487 9793
0.05132461268837867 0.01049624287276043 9794
0.05132461268837868 0.01137042242050506 9795
0.05132461268837868 0.01231453633798136 9796
0.05132461268837869 0.01333417939040458 9797
0.05132461268837867 0.01443539387837664 9798
0.05132461268837868 0.01562470553421714 9799
0.05132461268837868 0.01690916210325999 9800
0.05132461268837868 0.01829637518188409 9801
0.05132461268837868 0.01979456529529754 9802
0.05132461268837868 0.02141261061703501 9803
0.05132461268837868 0.02316009957282735 9804
0.05132461268837868 0.02504738766014365 9805
0.05132461268837868 0.02708565881053514 9806
0.05132461268837868 0.02928699163221532 9807
0.05132461268837868 0.0316644310697716 9808
0.05132461268837868 0.03423206566161057 9809
0.05132461268837868 0.03700511102124814 9810
0.05219482752211722 0.0005744801518658967 9811
0.05219482752211721 0.0006549187023411366 9812
0.05219482752211722 0.0007417923242596629 9813
0.05219482752211722 0.0008356158349343707 9814
0.0521948275221172 0.000936945243677711 9815
0.0521948275221172 0.001046381012230214 9816
0.0521948275221172 0.001164571636941929 9817
0.0521948275221172 0.001292217511602556 9818
0.05219482752211721 0.001430075062922938 9819
0.05219482752211722 0.001578961209800969 9820
0.05219482752211721 0.001739758244719251 9821
0.05219482752211721 0.001913419042969198 9822
0.05219482752211721 0.00210097269019394 9823
0.0521948275221172 0.00230353063927247 9824
0.05219482752211721 0.002522293228240823 9825
0.05219482752211721 0.002758556814951889 9826
0.0521948275221172 0.003013721494810931 9827
0.05219482752211721 0.003289299364520971 9828
0.05219482752211722 0.003586923470452022 9829
0.05219482752211722 0.003908357479700804 9830
0.05219482752211721 0.004255506196689488 9831
0.0521948275221172 0.004630426835077315 9832
0.05219482752211721 0.005035341124316705 9833
0.05219482752211719 0.005472648553571963 9834
0.05219482752211722 0.005944940571786645 9835
0.05219482752211721 0.006455015939055442 9836
0.05219482752211722 0.007005897352521076 9837
0.05219482752211721 0.007600849281163178 9838
0.05219482752211721 0.008243397348877593 9839
0.05219482752211721 0.008937349263397633 9840
0.0521948275221172 0.009686817353161487 9841
0.0521948275221172 0.01049624287276043 9842
0.05219482752211721 0.01137042242050506 9843
0.05219482752211722 0.01231453633798135 9844
0.05219482752211721 0.01333417939040457 9845
0.05219482752211721 0.01443539387837664 9846
0.0521948275221172 0.01562470553421714 9847
0.05219482752211721 0.01690916210325999 9848
0.05219482752211721 0.01829637518188409 9849
0.05219482752211721 0.01979456529529753 9850
0.05219482752211721 0.02141261061703501 9851
0.0521948275221172 0.02316009957282735 9852
0.05219482752211721 0.02504738766014365 9853
0.05219482752211721 0.02708565881053514 9854
0.05219482752211721 0.02928699163221532 9855
0.05219482752211721 0.0316644310697716 9856
0.05219482752211721 0.03423206566161057 9857
0.05219482752211721 0.03700511102124813 9858
0.05309985096924304 0.0005744801518658966 9859
0.05309985096924305 0.0006549187023411366 9860
0.05309985096924306 0.0007417923242596628 9861
0.05309985096924305 0.0008356158349343706 9862
0.05309985096924305 0.000936945243677711 9863
0.05309985096924305 0.001046381012230214 9864
0.05309985096924304 0.001164571636941929 9865
0.05309985096924305 0.001292217511602556 9866
0.05309985096924305 0.001430075062922938 9867
0.05309985096924305 0.001578961209800969 9868
0.05309985096924304 0.001739758244719251 9869
0.05309985096924306 0.001913419042969198 9870
0.05309985096924304 0.00210097269019394 9871
0.05309985096924304 0.00230353063927247 9872
0.05309985096924305 0.002522293228240824 9873
0.05309985096924306 0.002758556814951889 9874
0.05309985096924304 0.003013721494810931 9875
0.05309985096924304 0.003289299364520971 9876
0.05309985096924305 0.003586923470452022 9877
0.05309985096924305 0.003908357479700804 9878
0.05309985096924306 0.004255506196689488 9879
0.05309985096924305 0.004630426835077315 9880
0.05309985096924305 0.005035341124316706 9881
0.05309985096924306 0.005472648553571963 9882
0.05309985096924306 0.005944940571786645 9883
0.05309985096924307 0.006455015939055441 9884
0.05309985096924304 0.007005897352521075 9885
0.05309985096924305 0.007600849281163178 9886
0.05309985096924305 0.008243397348877591 9887
0.05309985096924304 0.008937349263397634 9888
0.05309985096924307 0.009686817353161487 9889
0.05309985096924305 0.01049624287276043 9890
0.05309985096924305 0.01137042242050506 9891
0.05309985096924304 0.01231453633798136 9892
0.05309985096924306 0.01333417939040457 9893
0.05309985096924304 0.01443539387837664 9894
0.05309985096924304 0.01562470553421714 9895
0.05309985096924304 0.01690916210325999 9896
0.05309985096924305 0.01829637518188409 9897
0.05309985096924304 0.01979456529529754 9898
0.05309985096924305 0.02141261061703501 9899
0.05309985096924305 0.02316009957282735 9900
0.05309985096924305 0.02504738766014366 9901
0.05309985096924305 0.02708565881053513 9902
0.05309985096924305 0.02928699163221531 9903
0.05309985096924305 0.0316644310697716 9904
0.05309985096924305 0.03423206566161056 9905
0.05309985096924305 0.03700511102124814 9906
0.05404107535363563 0.0005744801518658967 9907
0.05404107535363563 0.0006549187023411366 9908
0.05404107535363562 0.0007417923242596624 9909
0.05404107535363564 0.0008356158349343707 9910
0.05404107535363561 0.000936945243677711 9911
0.05404107535363564 0.001046381012230214 9912
0.05404107535363562 0.001164571636941929 9913
0.05404107535363563 0.001292217511602556 9914
0.05404107535363564 0.001430075062922938 9915
0.05404107535363563 0.001578961209800969 9916
0.05404107535363563 0.001739758244719251 9917
0.05404107535363564 0.001913419042969198 9918
0.05404107535363563 0.00210097269019394 9919
0.05404107535363564 0.00230353063927247 9920
0.05404107535363564 0.002522293228240823 9921
0.05404107535363563 0.002758556814951889 9922
0.05404107535363564 0.003013721494810931 9923
0.05404107535363563 0.00328929936452097 9924
0.05404107535363564 0.003586923470452022 9925
0.05404107535363564 0.003908357479700805 9926
0.05404107535363563 0.004255506196689488 9927
0.05404107535363563 0.004630426835077315 9928
0.05404107535363561 0.005035341124316705 9929
0.05404107535363564 0.005472648553571963 9930
0.05404107535363564 0.005944940571786646 9931
0.05404107535363562 0.006455015939055441 9932
0.05404107535363562 0.007005897352521076 9933
0.05404107535363563 0.007600849281163179 9934
0.05404107535363564 0.008243397348877591 9935
0.05404107535363563 0.008937349263397634 9936
0.05404107535363563 0.009686817353161487 9937
0.05404107535363565 0.01049624287276043 9938
0.05404107535363563 0.01137042242050506 9939
0.05404107535363564 0.01231453633798136 9940
0.05404107535363564 0.01333417939040457 9941
0.05404107535363563 0.01443539387837664 9942
0.05404107535363563 0.01562470553421714 9943
0.05404107535363561 0.01690916210325999 9944
0.05404107535363563 0.01829637518188409 9945
0.05404107535363563 0.01979456529529754 9946
0.05404107535363563 0.02141261061703501 9947
0.05404107535363563 0.02316009957282735 9948
0.05404107535363563 0.02504738766014365 9949
0.05404107535363563 0.02708565881053514 9950
0.05404107535363563 0.02928699163221531 9951
0.05404107535363563 0.0316644310697716 9952
0.05404107535363563 0.03423206566161057 9953
0.05404107535363563 0.03700511102124814 9954
0.05501994871514499 0.0005744801518658969 9955
0.05501994871514498 0.0006549187023411366 9956
0.05501994871514498 0.0007417923242596624 9957
0.05501994871514499 0.0008356158349343707 9958
0.05501994871514498 0.0009369452436777108 9959
0.05501994871514498 0.001046381012230214 9960
0.05501994871514498 0.001164571636941929 9961
0.05501994871514498 0.001292217511602556 9962
0.05501994871514498 0.001430075062922938 9963
0.05501994871514498 0.001578961209800969 9964
0.05501994871514498 0.001739758244719252 9965
0.05501994871514498 0.001913419042969198 9966
0.055019948715145 0.00210097269019394 9967
0.05501994871514498 0.00230353063927247 9968
0.05501994871514498 0.002522293228240824 9969
0.055019948715145 0.002758556814951889 9970
0.05501994871514498 0.003013721494810931 9971
0.05501994871514498 0.003289299364520971 9972
0.055019948715145 0.003586923470452022 9973
0.055019948715145 0.003908357479700805 9974
0.05501994871514498 0.004255506196689486 9975
0.05501994871514498 0.004630426835077316 9976
0.05501994871514498 0.005035341124316706 9977
0.05501994871514499 0.005472648553571963 9978
0.05501994871514499 0.005944940571786646 9979
0.05501994871514498 0.006455015939055441 9980
0.05501994871514498 0.007005897352521075 9981
0.05501994871514499 0.007600849281163179 9982
0.05501994871514498 0.00824339734887759 9983
0.05501994871514498 0.008937349263397634 9984
0.05501994871514498 0.009686817353161487 9985
0.05501994871514498 0.01049624287276043 9986
0.05501994871514498 0.01137042242050506 9987
0.05501994871514498 0.01231453633798136 9988
0.05501994871514499 0.01333417939040457 9989
0.05501994871514498 0.01443539387837664 9990
0.05501994871514498 0.01562470553421714 9991
0.05501994871514498 0.01690916210325999 9992
0.05501994871514498 0.01829637518188409 9993
0.05501994871514499 0.01979456529529754 9994
0.05501994871514498 0.02141261061703501 9995
0.05501994871514498 0.02316009957282735 9996
0.05501994871514498 0.02504738766014365 9997
0.05501994871514498 0.02708565881053514 9998
0.05501994871514498 0.02928699163221532 9999
0.05501994871514498 0.0316644310697716 10000
0.05501994871514498 0.03423206566161056 10001
0.05501994871514498 0.03700511102124814 10002
0.05603797700100455 0.0005744801518658966 10003
0.05603797700100456 0.0006549187023411366 10004
0.05603797700100454 0.0007417923242596626 10005
0.05603797700100455 0.0008356158349343708 10006
0.05603797700100455 0.000936945243677711 10007
0.05603797700100453 0.001046381012230214 10008
0.05603797700100454 0.001164571636941929 10009
0.05603797700100453 0.001292217511602556 10010
0.05603797700100455 0.001430075062922938 10011
0.05603797700100455 0.001578961209800969 10012
0.05603797700100455 0.001739758244719251 10013
0.05603797700100455 0.001913419042969198 10014
0.05603797700100455 0.00210097269019394 10015
0.05603797700100454 0.00230353063927247 10016
0.05603797700100456 0.002522293228240824 10017
0.05603797700100455 0.002758556814951889 10018
0.05603797700100455 0.003013721494810931 10019
0.05603797700100453 0.003289299364520971 10020
0.05603797700100454 0.003586923470452022 10021
0.05603797700100455 0.003908357479700803 10022
0.05603797700100455 0.004255506196689488 10023
0.05603797700100453 0.004630426835077315 10024
0.05603797700100455 0.005035341124316705 10025
0.05603797700100455 0.005472648553571963 10026
0.05603797700100455 0.005944940571786645 10027
0.05603797700100454 0.006455015939055441 10028
0.05603797700100455 0.007005897352521075 10029
0.05603797700100455 0.007600849281163178 10030
0.05603797700100453 0.008243397348877591 10031
0.05603797700100453 0.008937349263397633 10032
0.05603797700100454 0.009686817353161487 10033
0.05603797700100455 0.01049624287276043 10034
0.05603797700100453 0.01137042242050506 10035
0.05603797700100454 0.01231453633798136 10036
0.05603797700100455 0.01333417939040457 10037
0.05603797700100454 0.01443539387837664 10038
0.05603797700100455 0.01562470553421714 10039
0.05603797700100455 0.01690916210325998 10040
0.05603797700100455 0.01829637518188409 10041
0.05603797700100455 0.01979456529529754 10042
0.05603797700100455 0.02141261061703501 10043
0.05603797700100455 0.02316009957282735 10044
0.05603797700100454 0.02504738766014366 10045
0.05603797700100455 0.02708565881053514 10046
0.05603797700100455 0.02928699163221531 10047
0.05603797700100455 0.0316644310697716 10048
0.05603797700100455 0.03423206566161056 10049
0.05603797700100455 0.03700511102124814 10050
0.05709672643400992 0.0005744801518658966 10051
0.05709672643400991 0.0006549187023411366 10052
0.05709672643400991 0.0007417923242596629 10053
0.0570967264340099 0.0008356158349343706 10054
0.05709672643400991 0.000936945243677711 10055
0.05709672643400991 0.001046381012230213 10056
0.0570967264340099 0.001164571636941929 10057
0.0570967264340099 0.001292217511602556 10058
0.0570967264340099 0.001430075062922938 10059
0.05709672643400991 0.001578961209800969 10060
0.05709672643400992 0.001739758244719251 10061
0.05709672643400993 0.001913419042969198 10062
0.0570967264340099 0.00210097269019394 10063
0.05709672643400993 0.00230353063927247 10064
0.05709672643400993 0.002522293228240824 10065
0.05709672643400991 0.002758556814951889 10066
0.0570967264340099 0.003013721494810931 10067
0.05709672643400993 0.003289299364520971 10068
0.05709672643400991 0.003586923470452022 10069
0.05709672643400991 0.003908357479700805 10070
0.05709672643400992 0.004255506196689489 10071
0.05709672643400992 0.004630426835077315 10072
0.0570967264340099 0.005035341124316705 10073
0.05709672643400993 0.005472648553571963 10074
0.05709672643400992 0.005944940571786645 10075
0.05709672643400991 0.006455015939055442 10076
0.0570967264340099 0.007005897352521075 10077
0.05709672643400991 0.007600849281163178 10078
0.05709672643400992 0.008243397348877593 10079
0.05709672643400991 0.008937349263397633 10080
0.0570967264340099 0.009686817353161487 10081
0.05709672643400991 0.01049624287276043 10082
0.05709672643400991 0.01137042242050506 10083
0.05709672643400991 0.01231453633798135 10084
0.05709672643400992 0.01333417939040457 10085
0.05709672643400991 0.01443539387837664 10086
0.05709672643400993 0.01562470553421714 10087
0.05709672643400991 0.01690916210325999 10088
0.05709672643400991 0.01829637518188409 10089
0.05709672643400991 0.01979456529529754 10090
0.05709672643400992 0.02141261061703501 10091
0.05709672643400991 0.02316009957282735 10092
0.05709672643400992 0.02504738766014365 10093
0.05709672643400991 0.02708565881053514 10094
0.05709672643400991 0.02928699163221531 10095
0.05709672643400993 0.0316644310697716 10096
0.05709672643400991 0.03423206566161057 10097
0.05709672643400991 0.03700511102124814 10098
0.05819782582968101 0.0005744801518658966 10099
0.05819782582968101 0.0006549187023411366 10100
0.05819782582968101 0.0007417923242596628 10101
0.05819782582968101 0.0008356158349343706 10102
0.05819782582968101 0.000936945243677711 10103
0.058197825829681 0.001046381012230213 10104
0.05819782582968101 0.001164571636941929 10105
0.058197825829681 0.001292217511602556 10106
0.058197825829681 0.001430075062922938 10107
0.05819782582968101 0.001578961209800969 10108
0.05819782582968102 0.001739758244719251 10109
0.058197825829681 0.001913419042969198 10110
0.058197825829681 0.002100972690193939 10111
0.058197825829681 0.00230353063927247 10112
0.05819782582968101 0.002522293228240823 10113
0.05819782582968101 0.002758556814951889 10114
0.05819782582968102 0.003013721494810931 10115
0.058197825829681 0.003289299364520971 10116
0.05819782582968101 0.003586923470452022 10117
0.058197825829681 0.003908357479700803 10118
0.05819782582968101 0.004255506196689489 10119
0.05819782582968101 0.004630426835077315 10120
0.05819782582968102 0.005035341124316705 10121
0.05819782582968101 0.005472648553571962 10122
0.05819782582968099 0.005944940571786645 10123
0.05819782582968099 0.006455015939055441 10124
0.05819782582968101 0.007005897352521075 10125
0.05819782582968099 0.007600849281163178 10126
0.05819782582968101 0.008243397348877591 10127
0.058197825829681 0.008937349263397633 10128
0.05819782582968101 0.009686817353161487 10129
0.058197825829681 0.01049624287276043 10130
0.05819782582968099 0.01137042242050506 10131
0.05819782582968101 0.01231453633798135 10132
0.058197825829681 0.01333417939040457 10133
0.058197825829681 0.01443539387837664 10134
0.058197825829681 0.01562470553421714 10135
0.058197825829681 0.01690916210325999 10136
0.05819782582968101 0.01829637518188409 10137
0.05819782582968101 0.01979456529529753 10138
0.05819782582968102 0.02141261061703501 10139
0.05819782582968099 0.02316009957282735 10140
0.058197825829681 0.02504738766014366 10141
0.05819782582968099 0.02708565881053514 10142
0.05819782582968101 0.02928699163221531 10143
0.05819782582968099 0.0316644310697716 10144
0.05819782582968099 0.03423206566161056 10145
0.05819782582968099 0.03700511102124813 10146
0.05934296922170099 0.0005744801518658966 10147
0.05934296922170098 0.0006549187023411366 10148
0.05934296922170098 0.0007417923242596629 10149
0.05934296922170099 0.0008356158349343706 10150
0.05934296922170097 0.000936945243677711 10151
0.05934296922170099 0.001046381012230214 10152
0.05934296922170099 0.001164571636941929 10153
0.05934296922170099 0.001292217511602556 10154
0.05934296922170099 0.001430075062922938 10155
0.05934296922170097 0.001578961209800969 10156
0.05934296922170099 0.001739758244719251 10157
0.05934296922170099 0.001913419042969198 10158
0.05934296922170097 0.00210097269019394 10159
0.059342969221701 0.00230353063927247 10160
0.05934296922170099 0.002522293228240823 10161
0.05934296922170099 0.002758556814951889 10162
0.05934296922170098 0.003013721494810931 10163
0.05934296922170099 0.003289299364520971 10164
0.05934296922170099 0.003586923470452022 10165
0.05934296922170098 0.003908357479700804 10166
0.05934296922170099 0.004255506196689488 10167
0.05934296922170099 0.004630426835077315 10168
0.05934296922170099 0.005035341124316705 10169
0.05934296922170097 0.005472648553571962 10170
0.05934296922170098 0.005944940571786645 10171
0.05934296922170099 0.006455015939055441 10172
0.05934296922170099 0.007005897352521075 10173
0.05934296922170099 0.007600849281163178 10174
0.05934296922170099 0.008243397348877593 10175
0.05934296922170099 0.008937349263397633 10176
0.05934296922170099 0.009686817353161487 10177
0.05934296922170098 0.01049624287276043 10178
0.05934296922170097 0.01137042242050506 10179
0.05934296922170097 0.01231453633798135 10180
0.05934296922170099 0.01333417939040457 10181
0.05934296922170098 0.01443539387837664 10182
0.05934296922170098 0.01562470553421714 10183
0.05934296922170097 0.01690916210325998 10184
0.05934296922170099 0.01829637518188409 10185
0.05934296922170098 0.01979456529529753 10186
0.05934296922170099 0.02141261061703501 10187
0.05934296922170099 0.02316009957282735 10188
0.05934296922170099 0.02504738766014365 10189
0.05934296922170099 0.02708565881053514 10190
0.05934296922170099 0.02928699163221531 10191
0.05934296922170099 0.0316644310697716 10192
0.05934296922170099 0.03423206566161056 10193
0.05934296922170099 0.03700511102124813 10194
0.06053391833498196 0.0005744801518658966 10195
0.06053391833498195 0.0006549187023411366 10196
0.06053391833498195 0.0007417923242596629 10197
0.06053391833498196 0.0008356158349343706 10198
0.06053391833498196 0.000936945243677711 10199
0.06053391833498198 0.001046381012230214 10200
0.06053391833498195 0.001164571636941929 10201
0.06053391833498194 0.001292217511602556 10202
0.06053391833498196 0.001430075062922938 10203
0.06053391833498196 0.001578961209800969 10204
0.06053391833498197 0.001739758244719251 10205
0.06053391833498194 0.001913419042969198 10206
0.06053391833498196 0.00210097269019394 10207
0.06053391833498196 0.00230353063927247 10208
0.06053391833498198 0.002522293228240823 10209
0.06053391833498196 0.002758556814951889 10210
0.06053391833498196 0.003013721494810931 10211
0.06053391833498196 0.003289299364520971 10212
0.06053391833498196 0.003586923470452022 10213
0.06053391833498197 0.003908357479700803 10214
0.06053391833498196 0.004255506196689489 10215
0.06053391833498196 0.004630426835077315 10216
0.06053391833498197 0.005035341124316705 10217
0.06053391833498197 0.005472648553571963 10218
0.06053391833498196 0.005944940571786645 10219
0.06053391833498196 0.006455015939055441 10220
0.06053391833498196 0.007005897352521075 10221
0.06053391833498196 0.007600849281163178 10222
0.06053391833498196 0.008243397348877591 10223
0.06053391833498196 0.008937349263397634 10224
0.06053391833498195 0.009686817353161487 10225
0.06053391833498196 0.01049624287276043 10226
0.06053391833498196 0.01137042242050506 10227
0.06053391833498197 0.01231453633798136 10228
0.06053391833498195 0.01333417939040457 10229
0.06053391833498196 0.01443539387837664 10230
0.06053391833498196 0.01562470553421714 10231
0.06053391833498196 0.01690916210325999 10232
0.06053391833498196 0.01829637518188409 10233
0.06053391833498196 0.01979456529529753 10234
0.06053391833498196 0.02141261061703501 10235
0.06053391833498196 0.02316009957282735 10236
0.06053391833498196 0.02504738766014365 10237
0.06053391833498196 0.02708565881053514 10238
0.06053391833498196 0.02928699163221531 10239
0.06053391833498196 0.0316644310697716 10240
0.06053391833498196 0.03423206566161057 10241
0.06053391833498197 0.03700511102124814 10242
0.06177250544071287 0.0005744801518658967 10243
0.06177250544071287 0.0006549187023411366 10244
0.06177250544071288 0.0007417923242596624 10245
0.06177250544071287 0.0008356158349343708 10246
0.06177250544071288 0.000936945243677711 10247
0.06177250544071288 0.001046381012230214 10248
0.06177250544071287 0.001164571636941929 10249
0.06177250544071287 0.001292217511602556 10250
0.06177250544071288 0.001430075062922938 10251
0.06177250544071287 0.001578961209800969 10252
0.06177250544071289 0.001739758244719251 10253
0.06177250544071287 0.001913419042969198 10254
0.06177250544071289 0.00210097269019394 10255
0.06177250544071287 0.00230353063927247 10256
0.06177250544071287 0.002522293228240823 10257
0.06177250544071289 0.002758556814951889 10258
0.06177250544071288 0.003013721494810931 10259
0.06177250544071287 0.00328929936452097 10260
0.0617725054407129 0.003586923470452022 10261
0.06177250544071288 0.003908357479700804 10262
0.06177250544071288 0.004255506196689488 10263
0.06177250544071288 0.004630426835077315 10264
0.06177250544071289 0.005035341124316705 10265
0.06177250544071287 0.005472648553571963 10266
0.06177250544071289 0.005944940571786645 10267
0.06177250544071288 0.006455015939055442 10268
0.0617725054407129 0.007005897352521075 10269
0.06177250544071287 0.007600849281163178 10270
0.06177250544071287 0.008243397348877588 10271
0.06177250544071289 0.008937349263397634 10272
0.06177250544071287 0.009686817353161487 10273
0.06177250544071287 0.01049624287276043 10274
0.06177250544071289 0.01137042242050506 10275
0.06177250544071287 0.01231453633798136 10276
0.06177250544071287 0.01333417939040458 10277
0.06177250544071289 0.01443539387837664 10278
0.06177250544071287 0.01562470553421714 10279
0.06177250544071287 0.01690916210325999 10280
0.06177250544071287 0.01829637518188409 10281
0.06177250544071287 0.01979456529529754 10282
0.06177250544071289 0.02141261061703501 10283
0.06177250544071288 0.02316009957282735 10284
0.06177250544071287 0.02504738766014364 10285
0.06177250544071287 0.02708565881053514 10286
0.06177250544071287 0.02928699163221531 10287
0.06177250544071287 0.0316644310697716 10288
0.06177250544071289 0.03423206566161056 10289
0.06177250544071287 0.03700511102124814 10290
0.0630606360167932 0.0005744801518658967 10291
0.06306063601679321 0.0006549187023411366 10292
0.0630606360167932 0.0007417923242596629 10293
0.06306063601679321 0.0008356158349343706 10294
0.0630606360167932 0.000936945243677711 10295
0.0630606360167932 0.001046381012230214 10296
0.06306063601679321 0.001164571636941929 10297
0.0630606360167932 0.001292217511602556 10298
0.0630606360167932 0.001430075062922938 10299
0.0630606360167932 0.001578961209800969 10300
0.06306063601679322 0.001739758244719251 10301
0.0630606360167932 0.001913419042969198 10302
0.06306063601679321 0.00210097269019394 10303
0.0630606360167932 0.00230353063927247 10304
0.0630606360167932 0.002522293228240823 10305
0.06306063601679321 0.002758556814951889 10306
0.06306063601679321 0.003013721494810931 10307
0.06306063601679321 0.003289299364520971 10308
0.0630606360167932 0.003586923470452022 10309
0.06306063601679321 0.003908357479700804 10310
0.06306063601679321 0.004255506196689488 10311
0.06306063601679321 0.004630426835077315 10312
0.06306063601679321 0.005035341124316705 10313
0.06306063601679321 0.005472648553571963 10314
0.06306063601679321 0.005944940571786645 10315
0.0630606360167932 0.006455015939055441 10316
0.0630606360167932 0.007005897352521075 10317
0.06306063601679321 0.007600849281163179 10318
0.06306063601679321 0.008243397348877591 10319
0.06306063601679321 0.008937349263397633 10320
0.06306063601679321 0.009686817353161487 10321
0.06306063601679321 0.01049624287276043 10322
0.06306063601679321 0.01137042242050506 10323
0.0630606360167932 0.01231453633798135 10324
0.06306063601679321 0.01333417939040457 10325
0.06306063601679321 0.01443539387837664 10326
0.0630606360167932 0.01562470553421714 10327
0.06306063601679321 0.01690916210325999 10328
0.06306063601679321 0.01829637518188409 10329
0.06306063601679321 0.01979456529529753 10330
0.06306063601679321 0.02141261061703501 10331
0.06306063601679321 0.02316009957282735 10332
0.06306063601679321 0.02504738766014364 10333
0.06306063601679321 0.02708565881053514 10334
0.06306063601679321 0.02928699163221531 10335
0.06306063601679321 0.0316644310697716 10336
0.06306063601679321 0.03423206566161057 10337
0.06306063601679321 0.03700511102124814 10338
0.06440029180625005 0.0005744801518658966 10339
0.06440029180625007 0.0006549187023411366 10340
0.06440029180625005 0.0007417923242596629 10341
0.06440029180625005 0.0008356158349343706 10342
0.06440029180625005 0.000936945243677711 10343
0.06440029180625005 0.001046381012230214 10344
0.06440029180625005 0.001164571636941929 10345
0.06440029180625005 0.001292217511602556 10346
0.06440029180625005 0.001430075062922938 10347
0.06440029180625005 0.00157896120980097 10348
0.06440029180625005 0.001739758244719251 10349
0.06440029180625005 0.001913419042969198 10350
0.06440029180625005 0.00210097269019394 10351
0.06440029180625005 0.00230353063927247 10352
0.06440029180625005 0.002522293228240823 10353
0.06440029180625005 0.002758556814951889 10354
0.06440029180625005 0.003013721494810931 10355
0.06440029180625004 0.003289299364520971 10356
0.06440029180625005 0.003586923470452022 10357
0.06440029180625005 0.003908357479700804 10358
0.06440029180625004 0.004255506196689488 10359
0.06440029180625005 0.004630426835077315 10360
0.06440029180625005 0.005035341124316705 10361
0.06440029180625005 0.005472648553571963 10362
0.06440029180625005 0.005944940571786645 10363
0.06440029180625005 0.006455015939055442 10364
0.06440029180625005 0.007005897352521075 10365
0.06440029180625005 0.007600849281163178 10366
0.06440029180625004 0.008243397348877593 10367
0.06440029180625005 0.008937349263397633 10368
0.06440029180625005 0.009686817353161487 10369
0.06440029180625005 0.01049624287276043 10370
0.06440029180625007 0.01137042242050506 10371
0.06440029180625005 0.01231453633798136 10372
0.06440029180625005 0.01333417939040457 10373
0.06440029180625005 0.01443539387837664 10374
0.06440029180625005 0.01562470553421714 10375
0.06440029180625004 0.01690916210325999 10376
0.06440029180625005 0.01829637518188409 10377
0.06440029180625005 0.01979456529529754 10378
0.06440029180625005 0.02141261061703501 10379
0.06440029180625005 0.02316009957282735 10380
0.06440029180625005 0.02504738766014366 10381
0.06440029180625005 0.02708565881053514 10382
0.06440029180625005 0.02928699163221531 10383
0.06440029180625005 0.0316644310697716 10384
0.06440029180625005 0.03423206566161057 10385
0.06440029180625004 0.03700511102124814 10386
0.06579353381723188 0.0005744801518658966 10387
0.06579353381723187 0.0006549187023411366 10388
0.06579353381723188 0.0007417923242596629 10389
0.06579353381723191 0.0008356158349343706 10390
0.06579353381723188 0.000936945243677711 10391
0.06579353381723188 0.001046381012230214 10392
0.06579353381723188 0.001164571636941929 10393
0.06579353381723188 0.001292217511602556 10394
0.06579353381723188 0.001430075062922938 10395
0.06579353381723188 0.001578961209800969 10396
0.06579353381723189 0.001739758244719251 10397
0.06579353381723188 0.001913419042969198 10398
0.06579353381723184 0.00210097269019394 10399
0.06579353381723191 0.00230353063927247 10400
0.06579353381723188 0.002522293228240824 10401
0.06579353381723188 0.002758556814951889 10402
0.06579353381723187 0.003013721494810931 10403
0.06579353381723188 0.00328929936452097 10404
0.06579353381723187 0.003586923470452022 10405
0.06579353381723188 0.003908357479700804 10406
0.06579353381723187 0.004255506196689488 10407
0.06579353381723187 0.004630426835077315 10408
0.06579353381723187 0.005035341124316705 10409
0.06579353381723189 0.005472648553571963 10410
0.06579353381723188 0.005944940571786645 10411
0.06579353381723187 0.006455015939055441 10412
0.06579353381723188 0.007005897352521075 10413
0.06579353381723188 0.007600849281163178 10414
0.06579353381723187 0.008243397348877591 10415
0.06579353381723188 0.008937349263397633 10416
0.06579353381723188 0.009686817353161487 10417
0.06579353381723188 0.01049624287276043 10418
0.06579353381723188 0.01137042242050506 10419
0.06579353381723187 0.01231453633798135 10420
0.06579353381723188 0.01333417939040457 10421
0.06579353381723188 0.01443539387837664 10422
0.06579353381723188 0.01562470553421714 10423
0.06579353381723188 0.01690916210325998 10424
0.06579353381723188 0.01829637518188409 10425
0.06579353381723188 0.01979456529529754 10426
0.06579353381723188 0.02141261061703501 10427
0.06579353381723188 0.02316009957282735 10428
0.06579353381723188 0.02504738766014365 10429
0.06579353381723188 0.02708565881053514 10430
0.06579353381723188 0.02928699163221531 10431
0.06579353381723188 0.0316644310697716 10432
0.06579353381723188 0.03423206566161056 10433
0.06579353381723188 0.03700511102124814 10434
0.0672425055053502 0.0005744801518658967 10435
0.06724250550535019 0.0006549187023411366 10436
0.06724250550535017 0.0007417923242596628 10437
0.06724250550535019 0.0008356158349343706 10438
0.06724250550535019 0.000936945243677711 10439
0.06724250550535021 0.001046381012230214 10440
0.06724250550535016 0.001164571636941929 10441
0.06724250550535019 0.001292217511602556 10442
0.0672425055053502 0.001430075062922938 10443
0.06724250550535019 0.001578961209800969 10444
0.06724250550535021 0.001739758244719251 10445
0.06724250550535017 0.001913419042969198 10446
0.06724250550535019 0.00210097269019394 10447
0.06724250550535019 0.00230353063927247 10448
0.06724250550535019 0.002522293228240823 10449
0.06724250550535019 0.002758556814951889 10450
0.06724250550535017 0.003013721494810931 10451
0.06724250550535019 0.003289299364520971 10452
0.06724250550535019 0.003586923470452022 10453
0.06724250550535019 0.003908357479700804 10454
0.06724250550535019 0.004255506196689488 10455
0.06724250550535017 0.004630426835077315 10456
0.0672425055053502 0.005035341124316705 10457
0.0672425055053502 0.005472648553571963 10458
0.06724250550535019 0.005944940571786645 10459
0.06724250550535017 0.006455015939055441 10460
0.06724250550535019 0.007005897352521075 10461
0.06724250550535017 0.007600849281163179 10462
0.06724250550535019 0.008243397348877591 10463
0.06724250550535019 0.008937349263397634 10464
0.06724250550535017 0.009686817353161487 10465
0.06724250550535019 0.01049624287276043 10466
0.06724250550535019 0.01137042242050506 10467
0.06724250550535019 0.01231453633798136 10468
0.06724250550535019 0.01333417939040457 10469
0.06724250550535019 0.01443539387837665 10470
0.06724250550535017 0.01562470553421714 10471
0.06724250550535019 0.01690916210325999 10472
0.06724250550535019 0.01829637518188409 10473
0.06724250550535019 0.01979456529529754 10474
0.06724250550535019 0.02141261061703501 10475
0.06724250550535019 0.02316009957282735 10476
0.06724250550535019 0.02504738766014365 10477
0.06724250550535019 0.02708565881053514 10478
0.06724250550535019 0.02928699163221531 10479
0.06724250550535019 0.0316644310697716 10480
0.06724250550535019 0.03423206566161057 10481
0.06724250550535019 0.03700511102124814 10482
0.0687494360909367 0.0005744801518658967 10483
0.06874943609093671 0.0006549187023411366 10484
0.06874943609093669 0.0007417923242596625 10485
0.06874943609093671 0.0008356158349343707 10486
0.0687494360909367 0.0009369452436777108 10487
0.06874943609093671 0.001046381012230214 10488
0.06874943609093669 0.001164571636941929 10489
0.06874943609093671 0.001292217511602556 10490
0.06874943609093671 0.001430075062922938 10491
0.0687494360909367 0.001578961209800969 10492
0.06874943609093671 0.001739758244719251 10493
0.0687494360909367 0.001913419042969198 10494
0.0687494360909367 0.00210097269019394 10495
0.06874943609093669 0.00230353063927247 10496
0.0687494360909367 0.002522293228240823 10497
0.0687494360909367 0.002758556814951889 10498
0.0687494360909367 0.003013721494810931 10499
0.06874943609093671 0.00328929936452097 10500
0.0687494360909367 0.003586923470452022 10501
0.0687494360909367 0.003908357479700805 10502
0.06874943609093669 0.004255506196689489 10503
0.0687494360909367 0.004630426835077315 10504
0.0687494360909367 0.005035341124316706 10505
0.0687494360909367 0.005472648553571963 10506
0.0687494360909367 0.005944940571786645 10507
0.0687494360909367 0.00645501593905544 10508
0.06874943609093671 0.007005897352521076 10509
0.0687494360909367 0.007600849281163179 10510
0.0687494360909367 0.008243397348877593 10511
0.0687494360909367 0.008937349263397633 10512
0.0687494360909367 0.009686817353161487 10513
0.0687494360909367 0.01049624287276043 10514
0.0687494360909367 0.01137042242050506 10515
0.0687494360909367 0.01231453633798136 10516
0.0687494360909367 0.01333417939040457 10517
0.0687494360909367 0.01443539387837664 10518
0.06874943609093669 0.01562470553421714 10519
0.0687494360909367 0.01690916210325999 10520
0.0687494360909367 0.01829637518188409 10521
0.0687494360909367 0.01979456529529754 10522
0.0687494360909367 0.02141261061703501 10523
0.0687494360909367 0.02316009957282735 10524
0.0687494360909367 0.02504738766014365 10525
0.0687494360909367 0.02708565881053514 10526
0.0687494360909367 0.02928699163221531 10527
0.0687494360909367 0.0316644310697716 10528
0.0687494360909367 0.03423206566161058 10529
0.0687494360909367 0.03700511102124814 10530
0.07031664390247774 0.0005744801518658967 10531
0.07031664390247773 0.0006549187023411366 10532
0.07031664390247777 0.0007417923242596628 10533
0.07031664390247774 0.0008356158349343707 10534
0.07031664390247774 0.000936945243677711 10535
0.07031664390247774 0.001046381012230214 10536
0.07031664390247774 0.001164571636941929 10537
0.07031664390247774 0.001292217511602556 10538
0.07031664390247772 0.001430075062922938 10539
0.07031664390247773 0.001578961209800969 10540
0.07031664390247774 0.001739758244719251 10541
0.07031664390247774 0.001913419042969198 10542
0.07031664390247774 0.00210097269019394 10543
0.07031664390247773 0.00230353063927247 10544
0.07031664390247774 0.002522293228240823 10545
0.07031664390247772 0.002758556814951889 10546
0.07031664390247774 0.003013721494810931 10547
0.07031664390247774 0.003289299364520971 10548
0.0703166439024777 0.003586923470452022 10549
0.07031664390247774 0.003908357479700804 10550
0.07031664390247773 0.004255506196689488 10551
0.07031664390247774 0.004630426835077315 10552
0.07031664390247774 0.005035341124316705 10553
0.07031664390247774 0.005472648553571963 10554
0.07031664390247773 0.005944940571786645 10555
0.07031664390247777 0.006455015939055441 10556
0.07031664390247773 0.007005897352521075 10557
0.07031664390247774 0.007600849281163179 10558
0.07031664390247774 0.008243397348877593 10559
0.07031664390247774 0.008937349263397634 10560
0.07031664390247774 0.009686817353161487 10561
0.07031664390247774 0.01049624287276043 10562
0.07031664390247774 0.01137042242050506 10563
0.07031664390247774 0.01231453633798135 10564
0.07031664390247774 0.01333417939040457 10565
0.07031664390247774 0.01443539387837664 10566
0.07031664390247773 0.01562470553421714 10567
0.07031664390247774 0.01690916210325999 10568
0.07031664390247774 0.01829637518188409 10569
0.07031664390247774 0.01979456529529754 10570
0.07031664390247774 0.02141261061703501 10571
0.07031664390247774 0.02316009957282735 10572
0.07031664390247774 0.02504738766014365 10573
0.07031664390247774 0.02708565881053513 10574
0.07031664390247774 0.02928699163221531 10575
0.07031664390247774 0.0316644310697716 10576
0.07031664390247774 0.03423206566161056 10577
0.07031664390247773 0.03700511102124814 10578
0.07194654005057051 0.0005744801518658966 10579
0.07194654005057051 0.0006549187023411366 10580
0.0719465400505705 0.0007417923242596629 10581
0.07194654005057051 0.0008356158349343706 10582
0.07194654005057054 0.000936945243677711 10583
0.07194654005057051 0.001046381012230214 10584
0.0719465400505705 0.001164571636941929 10585
0.07194654005057052 0.001292217511602556 10586
0.07194654005057051 0.001430075062922938 10587
0.07194654005057052 0.001578961209800969 10588
0.07194654005057051 0.001739758244719251 10589
0.07194654005057051 0.001913419042969198 10590
0.07194654005057048 0.002100972690193939 10591
0.0719465400505705 0.00230353063927247 10592
0.07194654005057051 0.002522293228240824 10593
0.07194654005057051 0.002758556814951889 10594
0.07194654005057051 0.003013721494810931 10595
0.07194654005057051 0.003289299364520971 10596
0.07194654005057054 0.003586923470452022 10597
0.07194654005057051 0.003908357479700804 10598
0.07194654005057051 0.004255506196689488 10599
0.07194654005057054 0.004630426835077315 10600
0.07194654005057052 0.005035341124316705 10601
0.07194654005057048 0.005472648553571963 10602
0.0719465400505705 0.005944940571786645 10603
0.07194654005057054 0.006455015939055441 10604
0.0719465400505705 0.007005897352521075 10605
0.07194654005057051 0.007600849281163178 10606
0.07194654005057051 0.008243397348877591 10607
0.07194654005057051 0.008937349263397633 10608
0.07194654005057051 0.009686817353161487 10609
0.07194654005057051 0.01049624287276043 10610
0.07194654005057051 0.01137042242050506 10611
0.0719465400505705 0.01231453633798136 10612
0.07194654005057051 0.01333417939040457 10613
0.07194654005057051 0.01443539387837664 10614
0.07194654005057051 0.01562470553421714 10615
0.07194654005057051 0.01690916210325998 10616
0.07194654005057051 0.01829637518188409 10617
0.07194654005057051 0.01979456529529754 10618
0.07194654005057051 0.02141261061703501 10619
0.07194654005057051 0.02316009957282735 10620
0.07194654005057051 0.02504738766014366 10621
0.07194654005057051 0.02708565881053514 10622
0.07194654005057051 0.02928699163221531 10623
0.07194654005057051 0.0316644310697716 10624
0.07194654005057051 0.03423206566161057 10625
0.0719465400505705 0.03700511102124813 10626
0.0736416320338778 0.0005744801518658966 10627
0.07364163203387777 0.0006549187023411366 10628
0.07364163203387777 0.0007417923242596629 10629
0.07364163203387777 0.0008356158349343706 10630
0.07364163203387773 0.000936945243677711 10631
0.07364163203387779 0.001046381012230214 10632
0.07364163203387779 0.001164571636941929 10633
0.0736416320338778 0.001292217511602556 10634
0.07364163203387777 0.001430075062922938 10635
0.07364163203387779 0.001578961209800969 10636
0.07364163203387777 0.001739758244719251 10637
0.07364163203387775 0.001913419042969198 10638
0.07364163203387776 0.00210097269019394 10639
0.07364163203387777 0.00230353063927247 10640
0.07364163203387777 0.002522293228240823 10641
0.07364163203387773 0.002758556814951889 10642
0.07364163203387777 0.003013721494810931 10643
0.07364163203387777 0.003289299364520971 10644
0.07364163203387776 0.003586923470452022 10645
0.07364163203387776 0.003908357479700804 10646
0.07364163203387777 0.004255506196689489 10647
0.07364163203387776 0.004630426835077315 10648
0.07364163203387777 0.005035341124316705 10649
0.07364163203387775 0.005472648553571963 10650
0.07364163203387776 0.005944940571786645 10651
0.07364163203387776 0.006455015939055441 10652
0.07364163203387776 0.007005897352521075 10653
0.07364163203387777 0.007600849281163178 10654
0.07364163203387777 0.008243397348877593 10655
0.07364163203387777 0.008937349263397634 10656
0.07364163203387777 0.009686817353161487 10657
0.07364163203387776 0.01049624287276043 10658
0.07364163203387777 0.01137042242050506 10659
0.07364163203387777 0.01231453633798136 10660
0.07364163203387777 0.01333417939040457 10661
0.07364163203387776 0.01443539387837664 10662
0.07364163203387776 0.01562470553421714 10663
0.07364163203387777 0.01690916210325999 10664
0.07364163203387777 0.01829637518188409 10665
0.07364163203387777 0.01979456529529754 10666
0.07364163203387777 0.02141261061703501 10667
0.07364163203387777 0.02316009957282735 10668
0.07364163203387777 0.02504738766014365 10669
0.07364163203387777 0.02708565881053514 10670
0.07364163203387777 0.02928699163221531 10671
0.07364163203387777 0.0316644310697716 10672
0.07364163203387777 0.03423206566161057 10673
0.07364163203387777 0.03700511102124814 10674
0.07540452769730061 0.0005744801518658966 10675
0.07540452769730063 0.0006549187023411367 10676
0.07540452769730059 0.0007417923242596624 10677
0.07540452769730059 0.0008356158349343706 10678
0.07540452769730059 0.0009369452436777112 10679
0.07540452769730061 0.001046381012230214 10680
0.07540452769730059 0.001164571636941929 10681
0.07540452769730061 0.001292217511602556 10682
0.07540452769730062 0.001430075062922938 10683
0.07540452769730059 0.001578961209800969 10684
0.07540452769730056 0.001739758244719251 10685
0.07540452769730062 0.001913419042969198 10686
0.07540452769730061 0.00210097269019394 10687
0.07540452769730061 0.00230353063927247 10688
0.07540452769730061 0.002522293228240823 10689
0.07540452769730059 0.002758556814951889 10690
0.07540452769730061 0.003013721494810931 10691
0.07540452769730059 0.003289299364520971 10692
0.07540452769730061 0.003586923470452022 10693
0.07540452769730061 0.003908357479700804 10694
0.07540452769730059 0.004255506196689489 10695
0.07540452769730061 0.004630426835077315 10696
0.07540452769730061 0.005035341124316705 10697
0.07540452769730061 0.005472648553571963 10698
0.07540452769730061 0.005944940571786646 10699
0.07540452769730059 0.006455015939055442 10700
0.07540452769730061 0.007005897352521076 10701
0.07540452769730061 0.007600849281163178 10702
0.07540452769730061 0.008243397348877593 10703
0.07540452769730061 0.008937349263397633 10704
0.07540452769730061 0.009686817353161487 10705
0.07540452769730061 0.01049624287276043 10706
0.07540452769730061 0.01137042242050506 10707
0.07540452769730062 0.01231453633798136 10708
0.07540452769730062 0.01333417939040458 10709
0.07540452769730061 0.01443539387837664 10710
0.07540452769730059 0.01562470553421714 10711
0.07540452769730061 0.01690916210325999 10712
0.07540452769730061 0.01829637518188409 10713
0.07540452769730061 0.01979456529529754 10714
0.07540452769730061 0.02141261061703501 10715
0.07540452769730061 0.02316009957282735 10716
0.07540452769730059 0.02504738766014365 10717
0.07540452769730061 0.02708565881053514 10718
0.07540452769730062 0.02928699163221532 10719
0.07540452769730061 0.0316644310697716 10720
0.07540452769730059 0.03423206566161057 10721
0.07540452769730061 0.03700511102124814 10722
0.07723793920476445 0.0005744801518658966 10723
0.07723793920476442 0.0006549187023411366 10724
0.07723793920476442 0.0007417923242596628 10725
0.07723793920476443 0.0008356158349343705 10726
0.07723793920476443 0.000936945243677711 10727
0.07723793920476443 0.001046381012230214 10728
0.07723793920476441 0.001164571636941929 10729
0.07723793920476443 0.001292217511602556 10730
0.07723793920476445 0.001430075062922938 10731
0.07723793920476446 0.001578961209800969 10732
0.07723793920476443 0.001739758244719251 10733
0.07723793920476442 0.001913419042969198 10734
0.07723793920476443 0.00210097269019394 10735
0.07723793920476443 0.00230353063927247 10736
0.07723793920476443 0.002522293228240823 10737
0.07723793920476443 0.002758556814951889 10738
0.07723793920476443 0.003013721494810931 10739
0.07723793920476443 0.003289299364520971 10740
0.07723793920476443 0.003586923470452022 10741
0.07723793920476442 0.003908357479700804 10742
0.07723793920476442 0.004255506196689489 10743
0.07723793920476445 0.004630426835077315 10744
0.07723793920476442 0.005035341124316705 10745
0.07723793920476443 0.005472648553571963 10746
0.07723793920476442 0.005944940571786645 10747
0.07723793920476443 0.006455015939055441 10748
0.07723793920476446 0.007005897352521075 10749
0.07723793920476445 0.007600849281163178 10750
0.07723793920476443 0.008243397348877593 10751
0.07723793920476443 0.008937349263397633 10752
0.07723793920476443 0.009686817353161487 10753
0.07723793920476442 0.01049624287276043 10754
0.07723793920476443 0.01137042242050506 10755
0.07723793920476443 0.01231453633798136 10756
0.07723793920476445 0.01333417939040457 10757
0.07723793920476442 0.01443539387837664 10758
0.07723793920476443 0.01562470553421714 10759
0.07723793920476443 0.01690916210325999 10760
0.07723793920476443 0.01829637518188409 10761
0.07723793920476443 0.01979456529529754 10762
0.07723793920476443 0.02141261061703501 10763
0.07723793920476443 0.02316009957282735 10764
0.07723793920476443 0.02504738766014365 10765
0.07723793920476443 0.02708565881053514 10766
0.07723793920476443 0.02928699163221531 10767
0.07723793920476443 0.0316644310697716 10768
0.07723793920476443 0.03423206566161057 10769
0.07723793920476443 0.03700511102124814 10770
0.07914468715258395 0.0005744801518658966 10771
0.07914468715258395 0.0006549187023411366 10772
0.07914468715258399 0.0007417923242596629 10773
0.07914468715258396 0.0008356158349343707 10774
0.07914468715258401 0.000936945243677711 10775
0.07914468715258395 0.001046381012230214 10776
0.07914468715258398 0.001164571636941929 10777
0.07914468715258395 0.001292217511602556 10778
0.07914468715258399 0.001430075062922938 10779
0.07914468715258399 0.001578961209800969 10780
0.07914468715258399 0.001739758244719251 10781
0.07914468715258395 0.001913419042969198 10782
0.07914468715258399 0.00210097269019394 10783
0.07914468715258399 0.00230353063927247 10784
0.07914468715258398 0.002522293228240823 10785
0.07914468715258396 0.002758556814951889 10786
0.07914468715258396 0.003013721494810931 10787
0.07914468715258396 0.003289299364520971 10788
0.07914468715258398 0.003586923470452022 10789
0.07914468715258399 0.003908357479700804 10790
0.07914468715258396 0.004255506196689488 10791
0.07914468715258398 0.004630426835077315 10792
0.07914468715258401 0.005035341124316705 10793
0.07914468715258399 0.005472648553571963 10794
0.07914468715258399 0.005944940571786645 10795
0.07914468715258398 0.006455015939055441 10796
0.07914468715258395 0.007005897352521075 10797
0.07914468715258399 0.007600849281163178 10798
0.07914468715258399 0.008243397348877593 10799
0.07914468715258396 0.008937349263397633 10800
0.07914468715258396 0.009686817353161487 10801
0.07914468715258396 0.01049624287276043 10802
0.07914468715258396 0.01137042242050506 10803
0.07914468715258399 0.01231453633798135 10804
0.07914468715258396 0.01333417939040457 10805
0.07914468715258395 0.01443539387837664 10806
0.07914468715258395 0.01562470553421714 10807
0.07914468715258396 0.01690916210325999 10808
0.07914468715258395 0.01829637518188409 10809
0.07914468715258395 0.01979456529529754 10810
0.07914468715258396 0.02141261061703501 10811
0.07914468715258396 0.02316009957282735 10812
0.07914468715258396 0.02504738766014365 10813
0.07914468715258395 0.02708565881053514 10814
0.07914468715258396 0.02928699163221531 10815
0.07914468715258399 0.0316644310697716 10816
0.07914468715258396 0.03423206566161057 10817
0.07914468715258396 0.03700511102124814 10818
0.08112770501427294 0.0005744801518658966 10819
0.08112770501427294 0.0006549187023411366 10820
0.08112770501427292 0.0007417923242596629 10821
0.08112770501427292 0.0008356158349343706 10822
0.08112770501427292 0.000936945243677711 10823
0.08112770501427294 0.001046381012230214 10824
0.08112770501427294 0.001164571636941929 10825
0.08112770501427294 0.001292217511602556 10826
0.08112770501427294 0.001430075062922938 10827
0.08112770501427297 0.001578961209800969 10828
0.08112770501427298 0.001739758244719251 10829
0.08112770501427294 0.001913419042969198 10830
0.08112770501427297 0.00210097269019394 10831
0.08112770501427292 0.00230353063927247 10832
0.08112770501427292 0.002522293228240823 10833
0.08112770501427294 0.002758556814951889 10834
0.08112770501427295 0.003013721494810931 10835
0.08112770501427294 0.003289299364520971 10836
0.08112770501427294 0.003586923470452022 10837
0.08112770501427292 0.003908357479700804 10838
0.08112770501427294 0.004255506196689488 10839
0.08112770501427295 0.004630426835077315 10840
0.08112770501427294 0.005035341124316705 10841
0.08112770501427294 0.005472648553571963 10842
0.08112770501427294 0.005944940571786645 10843
0.08112770501427294 0.006455015939055441 10844
0.08112770501427297 0.007005897352521075 10845
0.08112770501427294 0.007600849281163178 10846
0.0811277050142729 0.008243397348877593 10847
0.08112770501427294 0.008937349263397633 10848
0.08112770501427294 0.009686817353161487 10849
0.08112770501427294 0.01049624287276043 10850
0.08112770501427294 0.01137042242050506 10851
0.08112770501427297 0.01231453633798135 10852
0.08112770501427295 0.01333417939040457 10853
0.08112770501427294 0.01443539387837664 10854
0.08112770501427292 0.01562470553421714 10855
0.08112770501427294 0.01690916210325999 10856
0.08112770501427294 0.01829637518188409 10857
0.08112770501427294 0.01979456529529754 10858
0.08112770501427292 0.02141261061703501 10859
0.08112770501427292 0.02316009957282735 10860
0.08112770501427292 0.02504738766014365 10861
0.08112770501427294 0.02708565881053514 10862
0.08112770501427294 0.02928699163221531 10863
0.08112770501427294 0.0316644310697716 10864
0.08112770501427294 0.03423206566161057 10865
0.08112770501427294 0.03700511102124814 10866
0.08319004357906666 0.0005744801518658966 10867
0.08319004357906666 0.0006549187023411366 10868
0.08319004357906669 0.0007417923242596629 10869
0.08319004357906665 0.0008356158349343706 10870
0.08319004357906666 0.000936945243677711 10871
0.08319004357906666 0.001046381012230214 10872
0.08319004357906667 0.001164571636941929 10873
0.08319004357906666 0.001292217511602556 10874
0.08319004357906666 0.001430075062922938 10875
0.08319004357906667 0.001578961209800969 10876
0.08319004357906663 0.001739758244719251 10877
0.08319004357906667 0.001913419042969198 10878
0.08319004357906666 0.002100972690193939 10879
0.08319004357906669 0.00230353063927247 10880
0.08319004357906666 0.002522293228240823 10881
0.08319004357906666 0.002758556814951889 10882
0.08319004357906662 0.003013721494810931 10883
0.08319004357906665 0.003289299364520971 10884
0.08319004357906669 0.003586923470452022 10885
0.08319004357906667 0.003908357479700804 10886
0.08319004357906666 0.004255506196689488 10887
0.08319004357906667 0.004630426835077315 10888
0.08319004357906667 0.005035341124316705 10889
0.08319004357906667 0.005472648553571963 10890
0.08319004357906666 0.005944940571786645 10891
0.08319004357906665 0.006455015939055441 10892
0.08319004357906666 0.007005897352521075 10893
0.08319004357906666 0.007600849281163178 10894
0.08319004357906666 0.008243397348877593 10895
0.08319004357906666 0.008937349263397633 10896
0.08319004357906663 0.009686817353161487 10897
0.08319004357906666 0.01049624287276043 10898
0.08319004357906667 0.01137042242050506 10899
0.08319004357906666 0.01231453633798135 10900
0.08319004357906663 0.01333417939040457 10901
0.08319004357906667 0.01443539387837664 10902
0.08319004357906666 0.01562470553421714 10903
0.08319004357906665 0.01690916210325999 10904
0.08319004357906666 0.01829637518188409 10905
0.08319004357906666 0.01979456529529754 10906
0.08319004357906666 0.02141261061703501 10907
0.08319004357906665 0.02316009957282735 10908
0.08319004357906665 0.02504738766014365 10909
0.08319004357906666 0.02708565881053514 10910
0.08319004357906666 0.02928699163221532 10911
0.08319004357906666 0.0316644310697716 10912
0.08319004357906666 0.03423206566161057 10913
0.08319004357906666 0.03700511102124814 10914
0.08533487568893929 0.0005744801518658966 10915
0.08533487568893926 0.0006549187023411366 10916
0.08533487568893926 0.0007417923242596629 10917
0.08533487568893929 0.0008356158349343707 10918
0.0853348756889393 0.000936945243677711 10919
0.08533487568893926 0.001046381012230214 10920
0.0853348756889393 0.001164571636941929 10921
0.08533487568893927 0.001292217511602556 10922
0.08533487568893929 0.001430075062922938 10923
0.08533487568893927 0.001578961209800969 10924
0.08533487568893931 0.001739758244719251 10925
0.08533487568893929 0.001913419042969198 10926
0.08533487568893927 0.00210097269019394 10927
0.08533487568893927 0.00230353063927247 10928
0.08533487568893929 0.002522293228240824 10929
0.08533487568893926 0.002758556814951889 10930
0.08533487568893927 0.003013721494810931 10931
0.08533487568893927 0.003289299364520971 10932
0.08533487568893924 0.003586923470452022 10933
0.08533487568893926 0.003908357479700804 10934
0.08533487568893929 0.004255506196689488 10935
0.08533487568893927 0.004630426835077315 10936
0.08533487568893927 0.005035341124316705 10937
0.08533487568893927 0.005472648553571963 10938
0.0853348756889393 0.005944940571786645 10939
0.08533487568893927 0.006455015939055441 10940
0.0853348756889393 0.007005897352521076 10941
0.08533487568893926 0.007600849281163178 10942
0.08533487568893927 0.008243397348877593 10943
0.0853348756889393 0.008937349263397633 10944
0.08533487568893927 0.009686817353161487 10945
0.08533487568893927 0.01049624287276043 10946
0.08533487568893927 0.01137042242050506 10947
0.08533487568893927 0.01231453633798136 10948
0.08533487568893929 0.01333417939040457 10949
0.0853348756889393 0.01443539387837664 10950
0.08533487568893927 0.01562470553421714 10951
0.0853348756889393 0.01690916210325999 10952
0.08533487568893927 0.01829637518188409 10953
0.08533487568893927 0.01979456529529754 10954
0.08533487568893927 0.02141261061703501 10955
0.08533487568893927 0.02316009957282735 10956
0.08533487568893929 0.02504738766014365 10957
0.08533487568893927 0.02708565881053514 10958
0.08533487568893926 0.02928699163221531 10959
0.08533487568893927 0.0316644310697716 10960
0.08533487568893927 0.03423206566161057 10961
0.08533487568893927 0.03700511102124814 10962
0.08756550111440047 0.0005744801518658966 10963
0.08756550111440048 0.0006549187023411366 10964
0.08756550111440045 0.0007417923242596629 10965
0.08756550111440049 0.0008356158349343706 10966
0.08756550111440052 0.0009369452436777112 10967
0.08756550111440047 0.001046381012230214 10968
0.08756550111440048 0.001164571636941929 10969
0.08756550111440048 0.001292217511602556 10970
0.08756550111440045 0.001430075062922938 10971
0.08756550111440049 0.001578961209800969 10972
0.08756550111440048 0.001739758244719251 10973
0.08756550111440049 0.001913419042969198 10974
0.08756550111440049 0.00210097269019394 10975
0.08756550111440051 0.00230353063927247 10976
0.08756550111440048 0.002522293228240823 10977
0.08756550111440048 0.002758556814951889 10978
0.08756550111440051 0.003013721494810931 10979
0.08756550111440049 0.003289299364520971 10980
0.08756550111440048 0.003586923470452022 10981
0.08756550111440051 0.003908357479700804 10982
0.08756550111440047 0.004255506196689489 10983
0.08756550111440052 0.004630426835077315 10984
0.08756550111440049 0.005035341124316705 10985
0.08756550111440049 0.005472648553571963 10986
0.08756550111440049 0.005944940571786645 10987
0.08756550111440048 0.006455015939055441 10988
0.08756550111440048 0.007005897352521075 10989
0.08756550111440049 0.007600849281163178 10990
0.08756550111440048 0.008243397348877593 10991
0.08756550111440049 0.008937349263397633 10992
0.08756550111440048 0.009686817353161487 10993
0.08756550111440048 0.01049624287276043 10994
0.08756550111440048 0.01137042242050506 10995
0.08756550111440048 0.01231453633798135 10996
0.08756550111440049 0.01333417939040457 10997
0.08756550111440048 0.01443539387837664 10998
0.08756550111440048 0.01562470553421714 10999
0.08756550111440048 0.01690916210325999 11000
0.08756550111440048 0.01829637518188409 11001
0.08756550111440048 0.01979456529529754 11002
0.08756550111440048 0.02141261061703501 11003
0.08756550111440048 0.02316009957282735 11004
0.08756550111440048 0.02504738766014365 11005
0.08756550111440047 0.02708565881053514 11006
0.08756550111440048 0.02928699163221531 11007
0.08756550111440048 0.0316644310697716 11008
0.08756550111440048 0.03423206566161057 11009
0.08756550111440048 0.03700511102124814 11010
0.08988535158216934 0.0005744801518658966 11011
0.08988535158216934 0.0006549187023411366 11012
0.08988535158216931 0.0007417923242596629 11013
0.08988535158216937 0.0008356158349343707 11014
0.08988535158216936 0.0009369452436777112 11015
0.08988535158216934 0.001046381012230214 11016
0.08988535158216936 0.001164571636941929 11017
0.08988535158216934 0.001292217511602556 11018
0.08988535158216936 0.001430075062922938 11019
0.08988535158216934 0.001578961209800969 11020
0.08988535158216936 0.001739758244719251 11021
0.08988535158216937 0.001913419042969198 11022
0.08988535158216937 0.00210097269019394 11023
0.08988535158216936 0.00230353063927247 11024
0.08988535158216938 0.002522293228240824 11025
0.08988535158216937 0.002758556814951889 11026
0.08988535158216936 0.003013721494810931 11027
0.08988535158216934 0.003289299364520971 11028
0.08988535158216934 0.003586923470452022 11029
0.08988535158216937 0.003908357479700804 11030
0.08988535158216934 0.004255506196689488 11031
0.08988535158216934 0.004630426835077315 11032
0.08988535158216936 0.005035341124316705 11033
0.08988535158216938 0.005472648553571963 11034
0.08988535158216933 0.005944940571786645 11035
0.08988535158216934 0.006455015939055441 11036
0.08988535158216938 0.007005897352521076 11037
0.08988535158216934 0.007600849281163178 11038
0.08988535158216936 0.008243397348877593 11039
0.08988535158216937 0.008937349263397633 11040
0.08988535158216938 0.009686817353161487 11041
0.08988535158216936 0.01049624287276043 11042
0.08988535158216936 0.01137042242050506 11043
0.08988535158216934 0.01231453633798135 11044
0.08988535158216936 0.01333417939040457 11045
0.08988535158216936 0.01443539387837664 11046
0.08988535158216937 0.01562470553421714 11047
0.08988535158216934 0.01690916210325999 11048
0.08988535158216936 0.01829637518188409 11049
0.08988535158216936 0.01979456529529754 11050
0.08988535158216937 0.02141261061703501 11051
0.08988535158216936 0.02316009957282735 11052
0.08988535158216936 0.02504738766014365 11053
0.08988535158216934 0.02708565881053514 11054
0.08988535158216933 0.02928699163221531 11055
0.08988535158216936 0.0316644310697716 11056
0.08988535158216934 0.03423206566161056 11057
0.08988535158216936 0.03700511102124814 11058
0.09229799602819072 0.0005744801518658966 11059
0.09229799602819072 0.0006549187023411365 11060
0.09229799602819071 0.0007417923242596629 11061
0.09229799602819072 0.0008356158349343706 11062
0.09229799602819072 0.000936945243677711 11063
0.09229799602819072 0.001046381012230214 11064
0.09229799602819071 0.001164571636941929 11065
0.09229799602819073 0.001292217511602556 11066
0.09229799602819072 0.001430075062922938 11067
0.09229799602819069 0.001578961209800969 11068
0.09229799602819072 0.001739758244719251 11069
0.09229799602819073 0.001913419042969198 11070
0.09229799602819072 0.00210097269019394 11071
0.09229799602819072 0.00230353063927247 11072
0.09229799602819073 0.002522293228240823 11073
0.09229799602819072 0.002758556814951889 11074
0.09229799602819072 0.003013721494810931 11075
0.09229799602819071 0.00328929936452097 11076
0.09229799602819072 0.003586923470452022 11077
0.09229799602819073 0.003908357479700804 11078
0.09229799602819072 0.004255506196689488 11079
0.09229799602819072 0.004630426835077315 11080
0.09229799602819072 0.005035341124316705 11081
0.09229799602819073 0.005472648553571963 11082
0.09229799602819072 0.005944940571786645 11083
0.09229799602819072 0.006455015939055441 11084
0.09229799602819072 0.007005897352521075 11085
0.09229799602819071 0.007600849281163178 11086
0.09229799602819072 0.008243397348877593 11087
0.09229799602819072 0.008937349263397634 11088
0.09229799602819072 0.009686817353161487 11089
0.09229799602819072 0.01049624287276043 11090
0.09229799602819073 0.01137042242050506 11091
0.09229799602819075 0.01231453633798136 11092
0.09229799602819072 0.01333417939040457 11093
0.09229799602819072 0.01443539387837664 11094
0.09229799602819071 0.01562470553421714 11095
0.09229799602819072 0.01690916210325999 11096
0.09229799602819072 0.01829637518188409 11097
0.09229799602819072 0.01979456529529754 11098
0.09229799602819072 0.02141261061703501 11099
0.09229799602819072 0.02316009957282735 11100
0.09229799602819072 0.02504738766014365 11101
0.09229799602819072 0.02708565881053513 11102
0.09229799602819073 0.02928699163221531 11103
0.09229799602819072 0.0316644310697716 11104
0.09229799602819072 0.03423206566161057 11105
0.09229799602819073 0.03700511102124814 11106
0.09480714627197008 0.0005744801518658966 11107
0.09480714627197009 0.0006549187023411366 11108
0.09480714627197011 0.0007417923242596629 11109
0.09480714627197009 0.0008356158349343705 11110
0.09480714627197012 0.000936945243677711 11111
0.09480714627197009 0.001046381012230214 11112
0.09480714627197008 0.001164571636941929 11113
0.09480714627197009 0.001292217511602556 11114
0.09480714627197009 0.001430075062922938 11115
0.09480714627197012 0.00157896120980097 11116
0.09480714627197007 0.001739758244719251 11117
0.09480714627197009 0.001913419042969198 11118
0.09480714627197012 0.00210097269019394 11119
0.09480714627197009 0.00230353063927247 11120
0.09480714627197008 0.002522293228240823 11121
0.09480714627197007 0.002758556814951889 11122
0.09480714627197007 0.003013721494810931 11123
0.09480714627197008 0.003289299364520971 11124
0.09480714627197011 0.003586923470452022 11125
0.09480714627197008 0.003908357479700804 11126
0.09480714627197007 0.004255506196689488 11127
0.09480714627197009 0.004630426835077315 11128
0.09480714627197009 0.005035341124316706 11129
0.09480714627197008 0.005472648553571963 11130
0.09480714627197007 0.005944940571786645 11131
0.09480714627197011 0.006455015939055441 11132
0.09480714627197009 0.007005897352521076 11133
0.09480714627197009 0.007600849281163178 11134
0.09480714627197011 0.008243397348877593 11135
0.09480714627197008 0.008937349263397633 11136
0.09480714627197008 0.009686817353161487 11137
0.09480714627197008 0.01049624287276043 11138
0.09480714627197007 0.01137042242050506 11139
0.09480714627197009 0.01231453633798136 11140
0.09480714627197009 0.01333417939040457 11141
0.09480714627197008 0.01443539387837664 11142
0.09480714627197011 0.01562470553421714 11143
0.09480714627197009 0.01690916210325999 11144
0.09480714627197009 0.01829637518188409 11145
0.09480714627197008 0.01979456529529754 11146
0.09480714627197009 0.02141261061703501 11147
0.09480714627197008 0.02316009957282735 11148
0.09480714627197009 0.02504738766014365 11149
0.09480714627197009 0.02708565881053514 11150
0.09480714627197008 0.02928699163221531 11151
0.09480714627197011 0.0316644310697716 11152
0.09480714627197009 0.03423206566161057 11153
0.09480714627197008 0.03700511102124814 11154
0.0974166625414442 0.0005744801518658966 11155
0.09741666254144418 0.0006549187023411366 11156
0.09741666254144421 0.0007417923242596629 11157
0.09741666254144418 0.0008356158349343706 11158
0.09741666254144418 0.000936945243677711 11159
0.09741666254144418 0.001046381012230213 11160
0.0974166625414442 0.001164571636941929 11161
0.0974166625414442 0.001292217511602556 11162
0.09741666254144418 0.001430075062922938 11163
0.09741666254144421 0.001578961209800969 11164
0.09741666254144418 0.001739758244719251 11165
0.09741666254144421 0.001913419042969198 11166
0.0974166625414442 0.00210097269019394 11167
0.0974166625414442 0.00230353063927247 11168
0.0974166625414442 0.002522293228240823 11169
0.09741666254144421 0.002758556814951889 11170
0.0974166625414442 0.003013721494810931 11171
0.09741666254144417 0.003289299364520971 11172
0.09741666254144417 0.003586923470452022 11173
0.09741666254144421 0.003908357479700804 11174
0.0974166625414442 0.004255506196689488 11175
0.09741666254144421 0.004630426835077315 11176
0.09741666254144418 0.005035341124316705 11177
0.09741666254144418 0.005472648553571963 11178
0.09741666254144422 0.005944940571786645 11179
0.0974166625414442 0.006455015939055441 11180
0.09741666254144417 0.007005897352521076 11181
0.09741666254144422 0.007600849281163178 11182
0.09741666254144417 0.008243397348877591 11183
0.09741666254144421 0.008937349263397633 11184
0.0974166625414442 0.009686817353161487 11185
0.09741666254144417 0.01049624287276043 11186
0.09741666254144418 0.01137042242050506 11187
0.09741666254144417 0.01231453633798136 11188
0.09741666254144418 0.01333417939040457 11189
0.09741666254144417 0.01443539387837664 11190
0.09741666254144417 0.01562470553421713 11191
0.09741666254144421 0.01690916210325999 11192
0.09741666254144421 0.01829637518188409 11193
0.09741666254144421 0.01979456529529754 11194
0.09741666254144418 0.02141261061703501 11195
0.09741666254144421 0.02316009957282735 11196
0.09741666254144418 0.02504738766014365 11197
0.09741666254144421 0.02708565881053514 11198
0.09741666254144418 0.02928699163221531 11199
0.09741666254144418 0.0316644310697716 11200
0.0974166625414442 0.03423206566161057 11201
0.09741666254144418 0.03700511102124814 11202
0.1001305594472848 0.0005744801518658966 11203
0.1001305594472848 0.0006549187023411366 11204
0.1001305594472848 0.0007417923242596628 11205
0.1001305594472847 0.0008356158349343707 11206
0.1001305594472847 0.000936945243677711 11207
0.1001305594472848 0.001046381012230214 11208
0.1001305594472847 0.001164571636941929 11209
0.1001305594472847 0.001292217511602556 11210
0.1001305594472848 0.001430075062922938 11211
0.1001305594472847 0.001578961209800969 11212
0.1001305594472847 0.001739758244719251 11213
0.1001305594472847 0.001913419042969198 11214
0.1001305594472847 0.002100972690193939 11215
0.1001305594472847 0.00230353063927247 11216
0.1001305594472847 0.002522293228240824 11217
0.1001305594472847 0.002758556814951889 11218
0.1001305594472847 0.003013721494810931 11219
0.1001305594472847 0.00328929936452097 11220
0.1001305594472847 0.003586923470452022 11221
0.1001305594472847 0.003908357479700804 11222
0.1001305594472847 0.004255506196689488 11223
0.1001305594472847 0.004630426835077315 11224
0.1001305594472847 0.005035341124316706 11225
0.1001305594472847 0.005472648553571963 11226
0.1001305594472847 0.005944940571786646 11227
0.1001305594472847 0.006455015939055441 11228
0.1001305594472848 0.007005897352521075 11229
0.1001305594472847 0.007600849281163179 11230
0.1001305594472847 0.008243397348877593 11231
0.1001305594472847 0.008937349263397633 11232
0.1001305594472847 0.009686817353161487 11233
0.1001305594472847 0.01049624287276043 11234
0.1001305594472847 0.01137042242050506 11235
0.1001305594472847 0.01231453633798136 11236
0.1001305594472847 0.01333417939040457 11237
0.1001305594472847 0.01443539387837664 11238
0.1001305594472848 0.01562470553421714 11239
0.1001305594472847 0.01690916210325999 11240
0.1001305594472847 0.01829637518188409 11241
0.1001305594472847 0.01979456529529754 11242
0.1001305594472847 0.02141261061703501 11243
0.1001305594472848 0.02316009957282735 11244
0.1001305594472848 0.02504738766014365 11245
0.1001305594472847 0.02708565881053514 11246
0.1001305594472847 0.02928699163221531 11247
0.1001305594472847 0.0316644310697716 11248
0.1001305594472847 0.03423206566161057 11249
0.1001305594472847 0.03700511102124814 11250
0.1029530122549032 0.0005744801518658966 11251
0.1029530122549032 0.0006549187023411366 11252
0.1029530122549032 0.0007417923242596629 11253
0.1029530122549032 0.0008356158349343706 11254
0.1029530122549032 0.000936945243677711 11255
0.1029530122549032 0.001046381012230214 11256
0.1029530122549032 0.001164571636941929 11257
0.1029530122549032 0.001292217511602556 11258
0.1029530122549032 0.001430075062922938 11259
0.1029530122549032 0.001578961209800969 11260
0.1029530122549032 0.001739758244719251 11261
0.1029530122549031 0.001913419042969198 11262
0.1029530122549032 0.00210097269019394 11263
0.1029530122549032 0.00230353063927247 11264
0.1029530122549032 0.002522293228240823 11265
0.1029530122549032 0.002758556814951889 11266
0.1029530122549032 0.003013721494810931 11267
0.1029530122549032 0.003289299364520971 11268
0.1029530122549032 0.003586923470452022 11269
0.1029530122549032 0.003908357479700804 11270
0.1029530122549032 0.004255506196689488 11271
0.1029530122549032 0.004630426835077315 11272
0.1029530122549032 0.005035341124316705 11273
0.1029530122549032 0.005472648553571963 11274
0.1029530122549032 0.005944940571786645 11275
0.1029530122549032 0.006455015939055441 11276
0.1029530122549032 0.007005897352521076 11277
0.1029530122549032 0.007600849281163178 11278
0.1029530122549032 0.008243397348877591 11279
0.1029530122549032 0.008937349263397633 11280
0.1029530122549032 0.009686817353161487 11281
0.1029530122549032 0.01049624287276043 11282
0.1029530122549032 0.01137042242050506 11283
0.1029530122549032 0.01231453633798135 11284
0.1029530122549032 0.01333417939040457 11285
0.1029530122549032 0.01443539387837664 11286
0.1029530122549032 0.01562470553421713 11287
0.1029530122549032 0.01690916210325999 11288
0.1029530122549032 0.01829637518188409 11289
0.1029530122549032 0.01979456529529753 11290
0.1029530122549032 0.02141261061703501 11291
0.1029530122549032 0.02316009957282735 11292
0.1029530122549032 0.02504738766014365 11293
0.1029530122549032 0.02708565881053514 11294
0.1029530122549032 0.02928699163221532 11295
0.1029530122549032 0.0316644310697716 11296
0.1029530122549032 0.03423206566161057 11297
0.1029530122549032 0.03700511102124814 11298
0.1058883631775439 0.0005744801518658967 11299
0.1058883631775439 0.0006549187023411366 11300
0.1058883631775439 0.0007417923242596629 11301
0.1058883631775439 0.0008356158349343707 11302
0.105888363177544 0.000936945243677711 11303
0.1058883631775439 0.001046381012230214 11304
0.1058883631775439 0.001164571636941929 11305
0.1058883631775439 0.001292217511602556 11306
0.1058883631775439 0.001430075062922938 11307
0.1058883631775439 0.001578961209800969 11308
0.1058883631775439 0.001739758244719251 11309
0.1058883631775439 0.001913419042969198 11310
0.1058883631775439 0.002100972690193939 11311
0.1058883631775439 0.00230353063927247 11312
0.1058883631775439 0.002522293228240823 11313
0.1058883631775439 0.002758556814951889 11314
0.1058883631775439 0.003013721494810931 11315
0.1058883631775439 0.003289299364520971 11316
0.105888363177544 0.003586923470452022 11317
0.1058883631775439 0.003908357479700803 11318
0.1058883631775439 0.004255506196689488 11319
0.1058883631775439 0.004630426835077315 11320
0.1058883631775439 0.005035341124316705 11321
0.1058883631775439 0.005472648553571963 11322
0.1058883631775439 0.005944940571786644 11323
0.1058883631775439 0.006455015939055442 11324
0.1058883631775439 0.007005897352521075 11325
0.1058883631775439 0.007600849281163178 11326
0.1058883631775439 0.008243397348877593 11327
0.1058883631775439 0.008937349263397634 11328
0.1058883631775439 0.009686817353161487 11329
0.1058883631775439 0.01049624287276044 11330
0.1058883631775439 0.01137042242050506 11331
0.1058883631775439 0.01231453633798136 11332
0.1058883631775439 0.01333417939040457 11333
0.1058883631775439 0.01443539387837664 11334
0.1058883631775439 0.01562470553421714 11335
0.1058883631775439 0.01690916210325998 11336
0.1058883631775439 0.01829637518188409 11337
0.1058883631775439 0.01979456529529754 11338
0.1058883631775439 0.02141261061703501 11339
0.1058883631775439 0.02316009957282735 11340
0.1058883631775439 0.02504738766014365 11341
0.1058883631775439 0.02708565881053514 11342
0.1058883631775439 0.02928699163221532 11343
0.1058883631775439 0.0316644310697716 11344
0.1058883631775439 0.03423206566161056 11345
0.1058883631775439 0.03700511102124814 11346
0.1089411281274902 0.0005744801518658966 11347
0.1089411281274902 0.0006549187023411366 11348
0.1089411281274902 0.0007417923242596629 11349
0.1089411281274902 0.0008356158349343707 11350
0.1089411281274902 0.000936945243677711 11351
0.1089411281274902 0.001046381012230214 11352
0.1089411281274902 0.001164571636941928 11353
0.1089411281274902 0.001292217511602556 11354
0.1089411281274902 0.001430075062922938 11355
0.1089411281274903 0.001578961209800969 11356
0.1089411281274902 0.001739758244719251 11357
0.1089411281274902 0.001913419042969198 11358
0.1089411281274902 0.00210097269019394 11359
0.1089411281274902 0.00230353063927247 11360
0.1089411281274902 0.002522293228240823 11361
0.1089411281274902 0.002758556814951889 11362
0.1089411281274902 0.003013721494810931 11363
0.1089411281274902 0.003289299364520971 11364
0.1089411281274902 0.003586923470452022 11365
0.1089411281274902 0.003908357479700803 11366
0.1089411281274902 0.004255506196689488 11367
0.1089411281274902 0.004630426835077315 11368
0.1089411281274902 0.005035341124316706 11369
0.1089411281274903 0.005472648553571963 11370
0.1089411281274902 0.005944940571786645 11371
0.1089411281274903 0.006455015939055441 11372
0.1089411281274902 0.007005897352521075 11373
0.1089411281274902 0.007600849281163179 11374
0.1089411281274902 0.008243397348877591 11375
0.1089411281274902 0.008937349263397633 11376
0.1089411281274902 0.009686817353161487 11377
0.1089411281274902 0.01049624287276043 11378
0.1089411281274902 0.01137042242050506 11379
0.1089411281274902 0.01231453633798136 11380
0.1089411281274902 0.01333417939040457 11381
0.1089411281274902 0.01443539387837664 11382
0.1089411281274903 0.01562470553421714 11383
0.1089411281274902 0.01690916210325999 11384
0.1089411281274902 0.01829637518188409 11385
0.1089411281274902 0.01979456529529754 11386
0.1089411281274902 0.02141261061703501 11387
0.1089411281274902 0.02316009957282735 11388
0.1089411281274902 0.02504738766014365 11389
0.1089411281274902 0.02708565881053514 11390
0.1089411281274902 0.02928699163221531 11391
0.1089411281274902 0.0316644310697716 11392
0.1089411281274902 0.03423206566161057 11393
0.1089411281274902 0.03700511102124814 11394
0.112116003718941 0.0005744801518658966 11395
0.1121160037189411 0.0006549187023411366 11396
0.112116003718941 0.0007417923242596629 11397
0.112116003718941 0.0008356158349343707 11398
0.112116003718941 0.000936945243677711 11399
0.1121160037189411 0.001046381012230214 11400
0.112116003718941 0.001164571636941929 11401
0.112116003718941 0.001292217511602556 11402
0.112116003718941 0.001430075062922938 11403
0.112116003718941 0.001578961209800969 11404
0.112116003718941 0.001739758244719251 11405
0.112116003718941 0.001913419042969198 11406
0.112116003718941 0.00210097269019394 11407
0.112116003718941 0.00230353063927247 11408
0.112116003718941 0.002522293228240823 11409
0.112116003718941 0.002758556814951889 11410
0.112116003718941 0.003013721494810931 11411
0.112116003718941 0.003289299364520971 11412
0.112116003718941 0.003586923470452022 11413
0.1121160037189411 0.003908357479700804 11414
0.1121160037189411 0.004255506196689489 11415
0.112116003718941 0.004630426835077315 11416
0.112116003718941 0.005035341124316705 11417
0.112116003718941 0.005472648553571963 11418
0.112116003718941 0.005944940571786645 11419
0.112116003718941 0.006455015939055442 11420
0.112116003718941 0.007005897352521075 11421
0.112116003718941 0.007600849281163178 11422
0.112116003718941 0.008243397348877593 11423
0.112116003718941 0.008937349263397634 11424
0.112116003718941 0.009686817353161488 11425
0.112116003718941 0.01049624287276043 11426
0.112116003718941 0.01137042242050506 11427
0.112116003718941 0.01231453633798136 11428
0.112116003718941 0.01333417939040457 11429
0.112116003718941 0.01443539387837664 11430
0.112116003718941 0.01562470553421714 11431
0.112116003718941 0.01690916210325999 11432
0.112116003718941 0.01829637518188409 11433
0.1121160037189411 0.01979456529529753 11434
0.112116003718941 0.02141261061703501 11435
0.112116003718941 0.02316009957282735 11436
0.112116003718941 0.02504738766014365 11437
0.112116003718941 0.02708565881053514 11438
0.112116003718941 0.02928699163221531 11439
0.1121160037189411 0.0316644310697716 11440
0.112116003718941 0.03423206566161057 11441
0.112116003718941 0.03700511102124814 11442
0.1154178743287708 0.0005744801518658966 11443
0.1154178743287708 0.0006549187023411366 11444
0.1154178743287708 0.0007417923242596629 11445
0.1154178743287708 0.0008356158349343707 11446
0.1154178743287708 0.000936945243677711 11447
0.1154178743287708 0.001046381012230213 11448
0.1154178743287709 0.001164571636941929 11449
0.1154178743287708 0.001292217511602556 11450
0.1154178743287708 0.001430075062922938 11451
0.1154178743287708 0.001578961209800969 11452
0.1154178743287708 0.001739758244719251 11453
0.1154178743287708 0.001913419042969198 11454
0.1154178743287708 0.002100972690193939 11455
0.1154178743287708 0.002303530639272469 11456
0.1154178743287708 0.002522293228240823 11457
0.1154178743287708 0.002758556814951889 11458
0.1154178743287708 0.003013721494810931 11459
0.1154178743287709 0.003289299364520971 11460
0.1154178743287709 0.003586923470452022 11461
0.1154178743287708 0.003908357479700804 11462
0.1154178743287708 0.004255506196689489 11463
0.1154178743287708 0.004630426835077315 11464
0.1154178743287708 0.005035341124316705 11465
0.1154178743287708 0.005472648553571962 11466
0.1154178743287708 0.005944940571786645 11467
0.1154178743287708 0.006455015939055441 11468
0.1154178743287708 0.007005897352521077 11469
0.1154178743287708 0.007600849281163178 11470
0.1154178743287708 0.008243397348877593 11471
0.1154178743287708 0.008937349263397633 11472
0.1154178743287708 0.009686817353161487 11473
0.1154178743287708 0.01049624287276043 11474
0.1154178743287708 0.01137042242050506 11475
0.1154178743287708 0.01231453633798135 11476
0.1154178743287708 0.01333417939040457 11477
0.1154178743287709 0.01443539387837664 11478
0.1154178743287708 0.01562470553421714 11479
0.1154178743287708 0.01690916210325999 11480
0.1154178743287708 0.01829637518188409 11481
0.1154178743287708 0.01979456529529753 11482
0.1154178743287708 0.02141261061703501 11483
0.1154178743287708 0.02316009957282735 11484
0.1154178743287709 0.02504738766014365 11485
0.1154178743287708 0.02708565881053513 11486
0.1154178743287708 0.02928699163221532 11487
0.1154178743287708 0.0316644310697716 11488
0.1154178743287708 0.03423206566161057 11489
0.1154178743287708 0.03700511102124814 11490
0.1188518197561935 0.0005744801518658966 11491
0.1188518197561935 0.0006549187023411366 11492
0.1188518197561935 0.0007417923242596629 11493
0.1188518197561935 0.0008356158349343707 11494
0.1188518197561935 0.0009369452436777112 11495
0.1188518197561935 0.001046381012230214 11496
0.1188518197561935 0.001164571636941929 11497
0.1188518197561935 0.001292217511602556 11498
0.1188518197561935 0.001430075062922938 11499
0.1188518197561935 0.001578961209800969 11500
0.1188518197561935 0.001739758244719251 11501
0.1188518197561935 0.001913419042969198 11502
0.1188518197561935 0.00210097269019394 11503
0.1188518197561936 0.00230353063927247 11504
0.1188518197561935 0.002522293228240824 11505
0.1188518197561935 0.002758556814951889 11506
0.1188518197561935 0.003013721494810931 11507
0.1188518197561935 0.003289299364520971 11508
0.1188518197561935 0.003586923470452022 11509
0.1188518197561936 0.003908357479700803 11510
0.1188518197561935 0.004255506196689489 11511
0.1188518197561935 0.004630426835077315 11512
0.1188518197561935 0.005035341124316706 11513
0.1188518197561935 0.005472648553571964 11514
0.1188518197561936 0.005944940571786645 11515
0.1188518197561935 0.006455015939055442 11516
0.1188518197561935 0.007005897352521076 11517
0.1188518197561935 0.007600849281163178 11518
0.1188518197561935 0.008243397348877593 11519
0.1188518197561935 0.008937349263397633 11520
0.1188518197561935 0.009686817353161487 11521
0.1188518197561935 0.01049624287276043 11522
0.1188518197561936 0.01137042242050506 11523
0.1188518197561936 0.01231453633798136 11524
0.1188518197561935 0.01333417939040457 11525
0.1188518197561935 0.01443539387837664 11526
0.1188518197561935 0.01562470553421714 11527
0.1188518197561935 0.01690916210325999 11528
0.1188518197561935 0.01829637518188409 11529
0.1188518197561935 0.01979456529529753 11530
0.1188518197561936 0.02141261061703501 11531
0.1188518197561935 0.02316009957282735 11532
0.1188518197561935 0.02504738766014365 11533
0.1188518197561935 0.02708565881053514 11534
0.1188518197561935 0.02928699163221532 11535
0.1188518197561935 0.0316644310697716 11536
0.1188518197561935 0.03423206566161057 11537
0.1188518197561935 0.03700511102124814 11538
0.1224231229912907 0.0005744801518658966 11539
0.1224231229912907 0.0006549187023411365 11540
0.1224231229912906 0.0007417923242596629 11541
0.1224231229912906 0.0008356158349343706 11542
0.1224231229912906 0.000936945243677711 11543
0.1224231229912907 0.001046381012230214 11544
0.1224231229912907 0.001164571636941929 11545
0.1224231229912907 0.001292217511602556 11546
0.1224231229912907 0.001430075062922938 11547
0.1224231229912907 0.001578961209800969 11548
0.1224231229912907 0.001739758244719251 11549
0.1224231229912907 0.001913419042969198 11550
0.1224231229912906 0.00210097269019394 11551
0.1224231229912907 0.00230353063927247 11552
0.1224231229912906 0.002522293228240824 11553
0.1224231229912907 0.002758556814951889 11554
0.1224231229912906 0.003013721494810931 11555
0.1224231229912907 0.00328929936452097 11556
0.1224231229912906 0.003586923470452022 11557
0.1224231229912907 0.003908357479700804 11558
0.1224231229912906 0.004255506196689488 11559
0.1224231229912907 0.004630426835077315 11560
0.1224231229912907 0.005035341124316705 11561
0.1224231229912906 0.005472648553571964 11562
0.1224231229912907 0.005944940571786645 11563
0.1224231229912907 0.006455015939055442 11564
0.1224231229912906 0.007005897352521076 11565
0.1224231229912907 0.007600849281163178 11566
0.1224231229912907 0.008243397348877593 11567
0.1224231229912907 0.008937349263397633 11568
0.1224231229912907 0.009686817353161487 11569
0.1224231229912907 0.01049624287276043 11570
0.1224231229912907 0.01137042242050506 11571
0.1224231229912906 0.01231453633798136 11572
0.1224231229912907 0.01333417939040457 11573
0.1224231229912907 0.01443539387837664 11574
0.1224231229912907 0.01562470553421714 11575
0.1224231229912907 0.01690916210325999 11576
0.1224231229912906 0.01829637518188409 11577
0.1224231229912907 0.01979456529529753 11578
0.1224231229912907 0.02141261061703501 11579
0.1224231229912907 0.02316009957282735 11580
0.1224231229912907 0.02504738766014365 11581
0.1224231229912906 0.02708565881053514 11582
0.1224231229912907 0.02928699163221531 11583
0.1224231229912907 0.0316644310697716 11584
0.1224231229912907 0.03423206566161056 11585
0.1224231229912907 0.03700511102124814 11586
0.1261372783704369 0.0005744801518658966 11587
0.1261372783704369 0.0006549187023411366 11588
0.1261372783704369 0.0007417923242596628 11589
0.126137278370437 0.0008356158349343707 11590
0.1261372783704369 0.000936945243677711 11591
0.1261372783704369 0.001046381012230214 11592
0.1261372783704369 0.001164571636941929 11593
0.1261372783704369 0.001292217511602556 11594
0.1261372783704369 0.001430075062922938 11595
0.1261372783704369 0.001578961209800969 11596
0.1261372783704369 0.001739758244719251 11597
0.126137278370437 0.001913419042969198 11598
0.1261372783704369 0.00210097269019394 11599
0.1261372783704369 0.00230353063927247 11600
0.1261372783704369 0.002522293228240823 11601
0.1261372783704369 0.002758556814951889 11602
0.1261372783704369 0.003013721494810931 11603
0.1261372783704369 0.003289299364520971 11604
0.1261372783704369 0.003586923470452022 11605
0.1261372783704369 0.003908357479700804 11606
0.126137278370437 0.004255506196689488 11607
0.1261372783704369 0.004630426835077315 11608
0.1261372783704369 0.005035341124316705 11609
0.1261372783704369 0.005472648553571962 11610
0.1261372783704369 0.005944940571786644 11611
0.1261372783704369 0.006455015939055441 11612
0.1261372783704369 0.007005897352521076 11613
0.1261372783704369 0.007600849281163178 11614
0.1261372783704369 0.008243397348877593 11615
0.126137278370437 0.008937349263397633 11616
0.1261372783704369 0.009686817353161488 11617
0.1261372783704369 0.01049624287276043 11618
0.1261372783704369 0.01137042242050506 11619
0.1261372783704369 0.01231453633798136 11620
0.1261372783704369 0.01333417939040457 11621
0.1261372783704369 0.01443539387837664 11622
0.1261372783704369 0.01562470553421714 11623
0.1261372783704369 0.01690916210325998 11624
0.126137278370437 0.01829637518188409 11625
0.126137278370437 0.01979456529529753 11626
0.1261372783704369 0.02141261061703501 11627
0.1261372783704369 0.02316009957282735 11628
0.1261372783704369 0.02504738766014365 11629
0.1261372783704369 0.02708565881053514 11630
0.1261372783704369 0.02928699163221532 11631
0.1261372783704369 0.0316644310697716 11632
0.126137278370437 0.03423206566161057 11633
0.1261372783704369 0.03700511102124813 11634
NMARK= 6
MARKER_TAG= jet_inlet
MARKER_ELEMS= 15
3 0 185 
3 185 186 
3 186 187 
3 187 188 
3 188 189 
3 189 190 
3 190 191 
3 191 192 
3 192 193 
3 193 194 
3 194 195 
3 195 196 
3 196 197 
3 197 198 
3 198 1 
MARKER_TAG= outlet
MARKER_ELEMS= 64
3 3 389 
3 389 390 
3 390 391 
3 391 392 
3 392 393 
3 393 394 
3 394 395 
3 395 396 
3 396 397 
3 397 398 
3 398 399 
3 399 400 
3 400 401 
3 401 402 
3 402 4 
3 4 675 
3 675 676 
3 676 677 
3 677 678 
3 678 679 
3 679 680 
3 680 681 
3 681 682 
3 682 683 
3 683 684 
3 684 685 
3 685 686 
3 686 687 
3 687 688 
3 688 689 
3 689 690 
3 690 691 
3 691 692 
3 692 693 
3 693 694 
3 694 695 
3 695 696 
3 696 697 
3 697 698 
3 698 699 
3 699 700 
3 700 701 
3 701 702 
3 702 703 
3 703 704 
3 704 705 
3 705 706 
3 706 707 
3 707 708 
3 708 709 
3 709 710 
3 710 711 
3 711 712 
3 712 713 
3 713 714 
3 714 715 
3 715 716 
3 716 717 
3 717 718 
3 718 719 
3 719 720 
3 720 721 
3 721 722 
3 722 5 
MARKER_TAG= symmetry
MARKER_ELEMS= 178
3 0 9 
3 9 10 
3 10 11 
3 11 12 
3 12 13 
3 13 14 
3 14 15 
3 15 16 
3 16 17 
3 17 18 
3 18 19 
3 19 20 
3 20 21 
3 21 22 
3 22 23 
3 23 24 
3 24 25 
3 25 26 
3 26 27 
3 27 28 
3 28 29 
3 29 30 
3 30 31 
3 31 32 
3 32 33 
3 33 34 
3 34 35 
3 35 36 
3 36 37 
3 37 38 
3 38 39 
3 39 40 
3 40 41 
3 41 42 
3 42 43 
3 43 44 
3 44 45 
3 45 46 
3 46 7 
3 7 47 
3 47 48 
3 48 49 
3 49 50 
3 50 51 
3 51 52 
3 52 53 
3 53 54 
3 54 55 
3 55 56 
3 56 57 
3 57 58 
3 58 59 
3 59 60 
3 60 61 
3 61 62 
3 62 63 
3 63 64 
3 64 65 
3 65 66 
3 66 67 
3 67 68 
3 68 69 
3 69 70 
3 70 71 
3 71 72 
3 72 73 
3 73 74 
3 74 75 
3 75 76 
3 76 77 
3 77 78 
3 78 79 
3 79 80 
3 80 81 
3 81 82 
3 82 83 
3 83 84 
3 84 85 
3 85 86 
3 86 87 
3 87 88 
3 88 89 
3 89 90 
3 90 91 
3 91 92 
3 92 93 
3 93 94 
3 94 95 
3 95 96 
3 96 97 
3 97 98 
3 98 99 
3 99 100 
3 100 101 
3 101 102 
3 102 103 
3 103 104 
3 104 105 
3 105 106 
3 106 107 
3 107 108 
3 108 109 
3 109 110 
3 110 111 
3 111 112 
3 112 113 
3 113 114 
3 114 115 
3 115 116 
3 116 117 
3 117 118 
3 118 119 
3 119 120 
3 120 121 
3 121 122 
3 122 123 
3 123 124 
3 124 125 
3 125 126 
3 126 127 
3 127 128 
3 128 129 
3 129 130 
3 130 131 
3 131 132 
3 132 133 
3 133 134 
3 134 135 
3 135 136 
3 136 137 
3 137 138 
3 138 139 
3 139 140 
3 140 141 
3 141 142 
3 142 143 
3 143 144 
3 144 145 
3 145 146 
3 146 147 
3 147 148 
3 148 149 
3 149 150 
3 150 151 
3 151 152 
3 152 153 
3 153 154 
3 154 155 
3 155 156 
3 156 157 
3 157 158 
3 158 159 
3 159 160 
3 160 161 
3 161 162 
3 162 163 
3 163 164 
3 164 165 
3 165 166 
3 166 167 
3 167 168 
3 168 169 
3 169 170 
3 170 171 
3 171 172 
3 172 173 
3 173 174 
3 174 175 
3 175 176 
3 176 177 
3 177 178 
3 178 179 
3 179 180 
3 180 181 
3 181 182 
3 182 183 
3 183 184 
3 184 3 
MARKER_TAG= pipe_wall
MARKER_ELEMS= 39
3 1 199 
3 199 200 
3 200 201 
3 201 202 
3 202 203 
3 203 204 
3 204 205 
3 205 206 
3 206 207 
3 207 208 
3 208 209 
3 209 210 
3 210 211 
3 211 212 
3 212 213 
3 213 214 
3 214 215 
3 215 216 
3 216 217 
3 217 218 
3 218 219 
3 219 220 
3 220 221 
3 221 222 
3 222 223 
3 223 224 
3 224 225 
3 225 226 
3 226 227 
3 227 228 
3 228 229 
3 229 230 
3 230 231 
3 231 232 
3 232 233 
3 233 234 
3 234 235 
3 235 236 
3 236 6 
MARKER_TAG= coflow_inlet
MARKER_ELEMS= 88
3 1 403 
3 403 404 
3 404 405 
3 405 406 
3 406 407 
3 407 408 
3 408 409 
3 409 410 
3 410 411 
3 411 412 
3 412 413 
3 413 414 
3 414 415 
3 415 416 
3 416 417 
3 417 418 
3 418 419 
3 419 420 
3 420 421 
3 421 422 
3 422 423 
3 423 424 
3 424 425 
3 425 426 
3 426 427 
3 427 428 
3 428 429 
3 429 430 
3 430 431 
3 431 432 
3 432 433 
3 433 434 
3 434 435 
3 435 436 
3 436 437 
3 437 438 
3 438 439 
3 439 440 
3 440 441 
3 441 442 
3 442 443 
3 443 444 
3 444 445 
3 445 446 
3 446 447 
3 447 448 
3 448 449 
3 449 450 
3 450 2 
3 2 451 
3 451 452 
3 452 453 
3 453 454 
3 454 455 
3 455 456 
3 456 457 
3 457 458 
3 458 459 
3 459 460 
3 460 461 
3 461 462 
3 462 463 
3 463 464 
3 464 465 
3 465 466 
3 466 467 
3 467 468 
3 468 469 
3 469 470 
3 470 471 
3 471 472 
3 472 473 
3 473 474 
3 474 475 
3 475 476 
3 476 477 
3 477 478 
3 478 479 
3 479 480 
3 480 481 
3 481 482 
3 482 483 
3 483 484 
3 484 485 
3 485 486 
3 486 487 
3 487 488 
3 488 8 
MARKER_TAG= top_wall
MARKER_ELEMS= 139
3 8 489 
3 489 490 
3 490 491 
3 491 492 
3 492 493 
3 493 494 
3 494 495 
3 495 496 
3 496 497 
3 497 498 
3 498 499 
3 499 500 
3 500 501 
3 501 502 
3 502 503 
3 503 504 
3 504 505 
3 505 506 
3 506 507 
3 507 508 
3 508 509 
3 509 510 
3 510 511 
3 511 512 
3 512 513 
3 513 514 
3 514 515 
3 515 516 
3 516 517 
3 517 518 
3 518 519 
3 519 520 
3 520 521 
3 521 522 
3 522 523 
3 523 524 
3 524 525 
3 525 526 
3 526 527 
3 527 528 
3 528 529 
3 529 530 
3 530 531 
3 531 532 
3 532 533 
3 533 534 
3 534 535 
3 535 536 
3 536 537 
3 537 538 
3 538 539 
3 539 540 
3 540 541 
3 541 542 
3 542 543 
3 543 544 
3 544 545 
3 545 546 
3 546 547 
3 547 548 
3 548 549 
3 549 550 
3 550 551 
3 551 552 
3 552 553 
3 553 554 
3 554 555 
3 555 556 
3 556 557 
3 557 558 
3 558 559 
3 559 560 
3 560 561 
3 561 562 
3 562 563 
3 563 564 
3 564 565 
3 565 566 
3 566 567 
3 567 568 
3 568 569 
3 569 570 
3 570 571 
3 571 572 
3 572 573 
3 573 574 
3 574 575 
3 575 576 
3 576 577 
3 577 578 
3 578 579 
3 579 580 
3 580 581 
3 581 582 
3 582 583 
3 583 584 
3 584 585 
3 585 586 
3 586 587 
3 587 588 
3 588 589 
3 589 590 
3 590 591 
3 591 592 
3 592 593 
3 593 594 
3 594 595 
3 595 596 
3 596 597 
3 597 598 
3 598 599 
3 599 600 
3 600 601 
3 601 602 
3 602 603 
3 603 604 
3 604 605 
3 605 606 
3 606 607 
3 607 608 
3 608 609 
3 609 610 
3 610 611 
3 611 612 
3 612 613 
3 613 614 
3 614 615 
3 615 616 
3 616 617 
3 617 618 
3 618 619 
3 619 620 
3 620 621 
3 621 622 
3 622 623 
3 623 624 
3 624 625 
3 625 626 
3 626 5 
