NDIME= 2
NELEM= 4602
9 0 6 352 122 0
9 122 352 353 123 1
9 123 353 354 124 2
9 124 354 355 125 3
9 125 355 356 126 4
9 126 356 357 127 5
9 127 357 358 128 6
9 128 358 359 129 7
9 129 359 360 130 8
9 130 360 361 131 9
9 131 361 362 132 10
9 132 362 363 133 11
9 133 363 364 134 12
9 134 364 365 135 13
9 135 365 366 136 14
9 136 366 367 137 15
9 137 367 368 138 16
9 138 368 369 139 17
9 139 369 370 140 18
9 140 370 371 141 19
9 141 371 372 142 20
9 142 372 373 143 21
9 143 373 374 144 22
9 144 374 375 145 23
9 145 375 376 146 24
9 146 376 377 147 25
9 147 377 378 148 26
9 148 378 379 149 27
9 149 379 380 150 28
9 150 380 381 151 29
9 151 381 382 152 30
9 152 382 383 153 31
9 153 383 384 154 32
9 154 384 385 155 33
9 155 385 386 156 34
9 156 386 387 157 35
9 157 387 388 158 36
9 158 388 389 159 37
9 159 389 160 3 38
9 6 7 390 352 39
9 352 390 391 353 40
9 353 391 392 354 41
9 354 392 393 355 42
9 355 393 394 356 43
9 356 394 395 357 44
9 357 395 396 358 45
9 358 396 397 359 46
9 359 397 398 360 47
9 360 398 399 361 48
9 361 399 400 362 49
9 362 400 401 363 50
9 363 401 402 364 51
9 364 402 403 365 52
9 365 403 404 366 53
9 366 404 405 367 54
9 367 405 406 368 55
9 368 406 407 369 56
9 369 407 408 370 57
9 370 408 409 371 58
9 371 409 410 372 59
9 372 410 411 373 60
9 373 411 412 374 61
9 374 412 413 375 62
9 375 413 414 376 63
9 376 414 415 377 64
9 377 415 416 378 65
9 378 416 417 379 66
9 379 417 418 380 67
9 380 418 419 381 68
9 381 419 420 382 69
9 382 420 421 383 70
9 383 421 422 384 71
9 384 422 423 385 72
9 385 423 424 386 73
9 386 424 425 387 74
9 387 425 426 388 75
9 388 426 427 389 76
9 389 427 161 160 77
9 7 8 428 390 78
9 390 428 429 391 79
9 391 429 430 392 80
9 392 430 431 393 81
9 393 431 432 394 82
9 394 432 433 395 83
9 395 433 434 396 84
9 396 434 435 397 85
9 397 435 436 398 86
9 398 436 437 399 87
9 399 437 438 400 88
9 400 438 439 401 89
9 401 439 440 402 90
9 402 440 441 403 91
9 403 441 442 404 92
9 404 442 443 405 93
9 405 443 444 406 94
9 406 444 445 407 95
9 407 445 446 408 96
9 408 446 447 409 97
9 409 447 448 410 98
9 410 448 449 411 99
9 411 449 450 412 100
9 412 450 451 413 101
9 413 451 452 414 102
9 414 452 453 415 103
9 415 453 454 416 104
9 416 454 455 417 105
9 417 455 456 418 106
9 418 456 457 419 107
9 419 457 458 420 108
9 420 458 459 421 109
9 421 459 460 422 110
9 422 460 461 423 111
9 423 461 462 424 112
9 424 462 463 425 113
9 425 463 464 426 114
9 426 464 465 427 115
9 427 465 162 161 116
9 8 9 466 428 117
9 428 466 467 429 118
9 429 467 468 430 119
9 430 468 469 431 120
9 431 469 470 432 121
9 432 470 471 433 122
9 433 471 472 434 123
9 434 472 473 435 124
9 435 473 474 436 125
9 436 474 475 437 126
9 437 475 476 438 127
9 438 476 477 439 128
9 439 477 478 440 129
9 440 478 479 441 130
9 441 479 480 442 131
9 442 480 481 443 132
9 443 481 482 444 133
9 444 482 483 445 134
9 445 483 484 446 135
9 446 484 485 447 136
9 447 485 486 448 137
9 448 486 487 449 138
9 449 487 488 450 139
9 450 488 489 451 140
9 451 489 490 452 141
9 452 490 491 453 142
9 453 491 492 454 143
9 454 492 493 455 144
9 455 493 494 456 145
9 456 494 495 457 146
9 457 495 496 458 147
9 458 496 497 459 148
9 459 497 498 460 149
9 460 498 499 461 150
9 461 499 500 462 151
9 462 500 501 463 152
9 463 501 502 464 153
9 464 502 503 465 154
9 465 503 163 162 155
9 9 10 504 466 156
9 466 504 505 467 157
9 467 505 506 468 158
9 468 506 507 469 159
9 469 507 508 470 160
9 470 508 509 471 161
9 471 509 510 472 162
9 472 510 511 473 163
9 473 511 512 474 164
9 474 512 513 475 165
9 475 513 514 476 166
9 476 514 515 477 167
9 477 515 516 478 168
9 478 516 517 479 169
9 479 517 518 480 170
9 480 518 519 481 171
9 481 519 520 482 172
9 482 520 521 483 173
9 483 521 522 484 174
9 484 522 523 485 175
9 485 523 524 486 176
9 486 524 525 487 177
9 487 525 526 488 178
9 488 526 527 489 179
9 489 527 528 490 180
9 490 528 529 491 181
9 491 529 530 492 182
9 492 530 531 493 183
9 493 531 532 494 184
9 494 532 533 495 185
9 495 533 534 496 186
9 496 534 535 497 187
9 497 535 536 498 188
9 498 536 537 499 189
9 499 537 538 500 190
9 500 538 539 501 191
9 501 539 540 502 192
9 502 540 541 503 193
9 503 541 164 163 194
9 10 11 542 504 195
9 504 542 543 505 196
9 505 543 544 506 197
9 506 544 545 507 198
9 507 545 546 508 199
9 508 546 547 509 200
9 509 547 548 510 201
9 510 548 549 511 202
9 511 549 550 512 203
9 512 550 551 513 204
9 513 551 552 514 205
9 514 552 553 515 206
9 515 553 554 516 207
9 516 554 555 517 208
9 517 555 556 518 209
9 518 556 557 519 210
9 519 557 558 520 211
9 520 558 559 521 212
9 521 559 560 522 213
9 522 560 561 523 214
9 523 561 562 524 215
9 524 562 563 525 216
9 525 563 564 526 217
9 526 564 565 527 218
9 527 565 566 528 219
9 528 566 567 529 220
9 529 567 568 530 221
9 530 568 569 531 222
9 531 569 570 532 223
9 532 570 571 533 224
9 533 571 572 534 225
9 534 572 573 535 226
9 535 573 574 536 227
9 536 574 575 537 228
9 537 575 576 538 229
9 538 576 577 539 230
9 539 577 578 540 231
9 540 578 579 541 232
9 541 579 165 164 233
9 11 12 580 542 234
9 542 580 581 543 235
9 543 581 582 544 236
9 544 582 583 545 237
9 545 583 584 546 238
9 546 584 585 547 239
9 547 585 586 548 240
9 548 586 587 549 241
9 549 587 588 550 242
9 550 588 589 551 243
9 551 589 590 552 244
9 552 590 591 553 245
9 553 591 592 554 246
9 554 592 593 555 247
9 555 593 594 556 248
9 556 594 595 557 249
9 557 595 596 558 250
9 558 596 597 559 251
9 559 597 598 560 252
9 560 598 599 561 253
9 561 599 600 562 254
9 562 600 601 563 255
9 563 601 602 564 256
9 564 602 603 565 257
9 565 603 604 566 258
9 566 604 605 567 259
9 567 605 606 568 260
9 568 606 607 569 261
9 569 607 608 570 262
9 570 608 609 571 263
9 571 609 610 572 264
9 572 610 611 573 265
9 573 611 612 574 266
9 574 612 613 575 267
9 575 613 614 576 268
9 576 614 615 577 269
9 577 615 616 578 270
9 578 616 617 579 271
9 579 617 166 165 272
9 12 13 618 580 273
9 580 618 619 581 274
9 581 619 620 582 275
9 582 620 621 583 276
9 583 621 622 584 277
9 584 622 623 585 278
9 585 623 624 586 279
9 586 624 625 587 280
9 587 625 626 588 281
9 588 626 627 589 282
9 589 627 628 590 283
9 590 628 629 591 284
9 591 629 630 592 285
9 592 630 631 593 286
9 593 631 632 594 287
9 594 632 633 595 288
9 595 633 634 596 289
9 596 634 635 597 290
9 597 635 636 598 291
9 598 636 637 599 292
9 599 637 638 600 293
9 600 638 639 601 294
9 601 639 640 602 295
9 602 640 641 603 296
9 603 641 642 604 297
9 604 642 643 605 298
9 605 643 644 606 299
9 606 644 645 607 300
9 607 645 646 608 301
9 608 646 647 609 302
9 609 647 648 610 303
9 610 648 649 611 304
9 611 649 650 612 305
9 612 650 651 613 306
9 613 651 652 614 307
9 614 652 653 615 308
9 615 653 654 616 309
9 616 654 655 617 310
9 617 655 167 166 311
9 13 14 656 618 312
9 618 656 657 619 313
9 619 657 658 620 314
9 620 658 659 621 315
9 621 659 660 622 316
9 622 660 661 623 317
9 623 661 662 624 318
9 624 662 663 625 319
9 625 663 664 626 320
9 626 664 665 627 321
9 627 665 666 628 322
9 628 666 667 629 323
9 629 667 668 630 324
9 630 668 669 631 325
9 631 669 670 632 326
9 632 670 671 633 327
9 633 671 672 634 328
9 634 672 673 635 329
9 635 673 674 636 330
9 636 674 675 637 331
9 637 675 676 638 332
9 638 676 677 639 333
9 639 677 678 640 334
9 640 678 679 641 335
9 641 679 680 642 336
9 642 680 681 643 337
9 643 681 682 644 338
9 644 682 683 645 339
9 645 683 684 646 340
9 646 684 685 647 341
9 647 685 686 648 342
9 648 686 687 649 343
9 649 687 688 650 344
9 650 688 689 651 345
9 651 689 690 652 346
9 652 690 691 653 347
9 653 691 692 654 348
9 654 692 693 655 349
9 655 693 168 167 350
9 14 15 694 656 351
9 656 694 695 657 352
9 657 695 696 658 353
9 658 696 697 659 354
9 659 697 698 660 355
9 660 698 699 661 356
9 661 699 700 662 357
9 662 700 701 663 358
9 663 701 702 664 359
9 664 702 703 665 360
9 665 703 704 666 361
9 666 704 705 667 362
9 667 705 706 668 363
9 668 706 707 669 364
9 669 707 708 670 365
9 670 708 709 671 366
9 671 709 710 672 367
9 672 710 711 673 368
9 673 711 712 674 369
9 674 712 713 675 370
9 675 713 714 676 371
9 676 714 715 677 372
9 677 715 716 678 373
9 678 716 717 679 374
9 679 717 718 680 375
9 680 718 719 681 376
9 681 719 720 682 377
9 682 720 721 683 378
9 683 721 722 684 379
9 684 722 723 685 380
9 685 723 724 686 381
9 686 724 725 687 382
9 687 725 726 688 383
9 688 726 727 689 384
9 689 727 728 690 385
9 690 728 729 691 386
9 691 729 730 692 387
9 692 730 731 693 388
9 693 731 169 168 389
9 15 16 732 694 390
9 694 732 733 695 391
9 695 733 734 696 392
9 696 734 735 697 393
9 697 735 736 698 394
9 698 736 737 699 395
9 699 737 738 700 396
9 700 738 739 701 397
9 701 739 740 702 398
9 702 740 741 703 399
9 703 741 742 704 400
9 704 742 743 705 401
9 705 743 744 706 402
9 706 744 745 707 403
9 707 745 746 708 404
9 708 746 747 709 405
9 709 747 748 710 406
9 710 748 749 711 407
9 711 749 750 712 408
9 712 750 751 713 409
9 713 751 752 714 410
9 714 752 753 715 411
9 715 753 754 716 412
9 716 754 755 717 413
9 717 755 756 718 414
9 718 756 757 719 415
9 719 757 758 720 416
9 720 758 759 721 417
9 721 759 760 722 418
9 722 760 761 723 419
9 723 761 762 724 420
9 724 762 763 725 421
9 725 763 764 726 422
9 726 764 765 727 423
9 727 765 766 728 424
9 728 766 767 729 425
9 729 767 768 730 426
9 730 768 769 731 427
9 731 769 170 169 428
9 16 17 770 732 429
9 732 770 771 733 430
9 733 771 772 734 431
9 734 772 773 735 432
9 735 773 774 736 433
9 736 774 775 737 434
9 737 775 776 738 435
9 738 776 777 739 436
9 739 777 778 740 437
9 740 778 779 741 438
9 741 779 780 742 439
9 742 780 781 743 440
9 743 781 782 744 441
9 744 782 783 745 442
9 745 783 784 746 443
9 746 784 785 747 444
9 747 785 786 748 445
9 748 786 787 749 446
9 749 787 788 750 447
9 750 788 789 751 448
9 751 789 790 752 449
9 752 790 791 753 450
9 753 791 792 754 451
9 754 792 793 755 452
9 755 793 794 756 453
9 756 794 795 757 454
9 757 795 796 758 455
9 758 796 797 759 456
9 759 797 798 760 457
9 760 798 799 761 458
9 761 799 800 762 459
9 762 800 801 763 460
9 763 801 802 764 461
9 764 802 803 765 462
9 765 803 804 766 463
9 766 804 805 767 464
9 767 805 806 768 465
9 768 806 807 769 466
9 769 807 171 170 467
9 17 18 808 770 468
9 770 808 809 771 469
9 771 809 810 772 470
9 772 810 811 773 471
9 773 811 812 774 472
9 774 812 813 775 473
9 775 813 814 776 474
9 776 814 815 777 475
9 777 815 816 778 476
9 778 816 817 779 477
9 779 817 818 780 478
9 780 818 819 781 479
9 781 819 820 782 480
9 782 820 821 783 481
9 783 821 822 784 482
9 784 822 823 785 483
9 785 823 824 786 484
9 786 824 825 787 485
9 787 825 826 788 486
9 788 826 827 789 487
9 789 827 828 790 488
9 790 828 829 791 489
9 791 829 830 792 490
9 792 830 831 793 491
9 793 831 832 794 492
9 794 832 833 795 493
9 795 833 834 796 494
9 796 834 835 797 495
9 797 835 836 798 496
9 798 836 837 799 497
9 799 837 838 800 498
9 800 838 839 801 499
9 801 839 840 802 500
9 802 840 841 803 501
9 803 841 842 804 502
9 804 842 843 805 503
9 805 843 844 806 504
9 806 844 845 807 505
9 807 845 172 171 506
9 18 19 846 808 507
9 808 846 847 809 508
9 809 847 848 810 509
9 810 848 849 811 510
9 811 849 850 812 511
9 812 850 851 813 512
9 813 851 852 814 513
9 814 852 853 815 514
9 815 853 854 816 515
9 816 854 855 817 516
9 817 855 856 818 517
9 818 856 857 819 518
9 819 857 858 820 519
9 820 858 859 821 520
9 821 859 860 822 521
9 822 860 861 823 522
9 823 861 862 824 523
9 824 862 863 825 524
9 825 863 864 826 525
9 826 864 865 827 526
9 827 865 866 828 527
9 828 866 867 829 528
9 829 867 868 830 529
9 830 868 869 831 530
9 831 869 870 832 531
9 832 870 871 833 532
9 833 871 872 834 533
9 834 872 873 835 534
9 835 873 874 836 535
9 836 874 875 837 536
9 837 875 876 838 537
9 838 876 877 839 538
9 839 877 878 840 539
9 840 878 879 841 540
9 841 879 880 842 541
9 842 880 881 843 542
9 843 881 882 844 543
9 844 882 883 845 544
9 845 883 173 172 545
9 19 20 884 846 546
9 846 884 885 847 547
9 847 885 886 848 548
9 848 886 887 849 549
9 849 887 888 850 550
9 850 888 889 851 551
9 851 889 890 852 552
9 852 890 891 853 553
9 853 891 892 854 554
9 854 892 893 855 555
9 855 893 894 856 556
9 856 894 895 857 557
9 857 895 896 858 558
9 858 896 897 859 559
9 859 897 898 860 560
9 860 898 899 861 561
9 861 899 900 862 562
9 862 900 901 863 563
9 863 901 902 864 564
9 864 902 903 865 565
9 865 903 904 866 566
9 866 904 905 867 567
9 867 905 906 868 568
9 868 906 907 869 569
9 869 907 908 870 570
9 870 908 909 871 571
9 871 909 910 872 572
9 872 910 911 873 573
9 873 911 912 874 574
9 874 912 913 875 575
9 875 913 914 876 576
9 876 914 915 877 577
9 877 915 916 878 578
9 878 916 917 879 579
9 879 917 918 880 580
9 880 918 919 881 581
9 881 919 920 882 582
9 882 920 921 883 583
9 883 921 174 173 584
9 20 21 922 884 585
9 884 922 923 885 586
9 885 923 924 886 587
9 886 924 925 887 588
9 887 925 926 888 589
9 888 926 927 889 590
9 889 927 928 890 591
9 890 928 929 891 592
9 891 929 930 892 593
9 892 930 931 893 594
9 893 931 932 894 595
9 894 932 933 895 596
9 895 933 934 896 597
9 896 934 935 897 598
9 897 935 936 898 599
9 898 936 937 899 600
9 899 937 938 900 601
9 900 938 939 901 602
9 901 939 940 902 603
9 902 940 941 903 604
9 903 941 942 904 605
9 904 942 943 905 606
9 905 943 944 906 607
9 906 944 945 907 608
9 907 945 946 908 609
9 908 946 947 909 610
9 909 947 948 910 611
9 910 948 949 911 612
9 911 949 950 912 613
9 912 950 951 913 614
9 913 951 952 914 615
9 914 952 953 915 616
9 915 953 954 916 617
9 916 954 955 917 618
9 917 955 956 918 619
9 918 956 957 919 620
9 919 957 958 920 621
9 920 958 959 921 622
9 921 959 175 174 623
9 21 22 960 922 624
9 922 960 961 923 625
9 923 961 962 924 626
9 924 962 963 925 627
9 925 963 964 926 628
9 926 964 965 927 629
9 927 965 966 928 630
9 928 966 967 929 631
9 929 967 968 930 632
9 930 968 969 931 633
9 931 969 970 932 634
9 932 970 971 933 635
9 933 971 972 934 636
9 934 972 973 935 637
9 935 973 974 936 638
9 936 974 975 937 639
9 937 975 976 938 640
9 938 976 977 939 641
9 939 977 978 940 642
9 940 978 979 941 643
9 941 979 980 942 644
9 942 980 981 943 645
9 943 981 982 944 646
9 944 982 983 945 647
9 945 983 984 946 648
9 946 984 985 947 649
9 947 985 986 948 650
9 948 986 987 949 651
9 949 987 988 950 652
9 950 988 989 951 653
9 951 989 990 952 654
9 952 990 991 953 655
9 953 991 992 954 656
9 954 992 993 955 657
9 955 993 994 956 658
9 956 994 995 957 659
9 957 995 996 958 660
9 958 996 997 959 661
9 959 997 176 175 662
9 22 23 998 960 663
9 960 998 999 961 664
9 961 999 1000 962 665
9 962 1000 1001 963 666
9 963 1001 1002 964 667
9 964 1002 1003 965 668
9 965 1003 1004 966 669
9 966 1004 1005 967 670
9 967 1005 1006 968 671
9 968 1006 1007 969 672
9 969 1007 1008 970 673
9 970 1008 1009 971 674
9 971 1009 1010 972 675
9 972 1010 1011 973 676
9 973 1011 1012 974 677
9 974 1012 1013 975 678
9 975 1013 1014 976 679
9 976 1014 1015 977 680
9 977 1015 1016 978 681
9 978 1016 1017 979 682
9 979 1017 1018 980 683
9 980 1018 1019 981 684
9 981 1019 1020 982 685
9 982 1020 1021 983 686
9 983 1021 1022 984 687
9 984 1022 1023 985 688
9 985 1023 1024 986 689
9 986 1024 1025 987 690
9 987 1025 1026 988 691
9 988 1026 1027 989 692
9 989 1027 1028 990 693
9 990 1028 1029 991 694
9 991 1029 1030 992 695
9 992 1030 1031 993 696
9 993 1031 1032 994 697
9 994 1032 1033 995 698
9 995 1033 1034 996 699
9 996 1034 1035 997 700
9 997 1035 177 176 701
9 23 24 1036 998 702
9 998 1036 1037 999 703
9 999 1037 1038 1000 704
9 1000 1038 1039 1001 705
9 1001 1039 1040 1002 706
9 1002 1040 1041 1003 707
9 1003 1041 1042 1004 708
9 1004 1042 1043 1005 709
9 1005 1043 1044 1006 710
9 1006 1044 1045 1007 711
9 1007 1045 1046 1008 712
9 1008 1046 1047 1009 713
9 1009 1047 1048 1010 714
9 1010 1048 1049 1011 715
9 1011 1049 1050 1012 716
9 1012 1050 1051 1013 717
9 1013 1051 1052 1014 718
9 1014 1052 1053 1015 719
9 1015 1053 1054 1016 720
9 1016 1054 1055 1017 721
9 1017 1055 1056 1018 722
9 1018 1056 1057 1019 723
9 1019 1057 1058 1020 724
9 1020 1058 1059 1021 725
9 1021 1059 1060 1022 726
9 1022 1060 1061 1023 727
9 1023 1061 1062 1024 728
9 1024 1062 1063 1025 729
9 1025 1063 1064 1026 730
9 1026 1064 1065 1027 731
9 1027 1065 1066 1028 732
9 1028 1066 1067 1029 733
9 1029 1067 1068 1030 734
9 1030 1068 1069 1031 735
9 1031 1069 1070 1032 736
9 1032 1070 1071 1033 737
9 1033 1071 1072 1034 738
9 1034 1072 1073 1035 739
9 1035 1073 178 177 740
9 24 25 1074 1036 741
9 1036 1074 1075 1037 742
9 1037 1075 1076 1038 743
9 1038 1076 1077 1039 744
9 1039 1077 1078 1040 745
9 1040 1078 1079 1041 746
9 1041 1079 1080 1042 747
9 1042 1080 1081 1043 748
9 1043 1081 1082 1044 749
9 1044 1082 1083 1045 750
9 1045 1083 1084 1046 751
9 1046 1084 1085 1047 752
9 1047 1085 1086 1048 753
9 1048 1086 1087 1049 754
9 1049 1087 1088 1050 755
9 1050 1088 1089 1051 756
9 1051 1089 1090 1052 757
9 1052 1090 1091 1053 758
9 1053 1091 1092 1054 759
9 1054 1092 1093 1055 760
9 1055 1093 1094 1056 761
9 1056 1094 1095 1057 762
9 1057 1095 1096 1058 763
9 1058 1096 1097 1059 764
9 1059 1097 1098 1060 765
9 1060 1098 1099 1061 766
9 1061 1099 1100 1062 767
9 1062 1100 1101 1063 768
9 1063 1101 1102 1064 769
9 1064 1102 1103 1065 770
9 1065 1103 1104 1066 771
9 1066 1104 1105 1067 772
9 1067 1105 1106 1068 773
9 1068 1106 1107 1069 774
9 1069 1107 1108 1070 775
9 1070 1108 1109 1071 776
9 1071 1109 1110 1072 777
9 1072 1110 1111 1073 778
9 1073 1111 179 178 779
9 25 26 1112 1074 780
9 1074 1112 1113 1075 781
9 1075 1113 1114 1076 782
9 1076 1114 1115 1077 783
9 1077 1115 1116 1078 784
9 1078 1116 1117 1079 785
9 1079 1117 1118 1080 786
9 1080 1118 1119 1081 787
9 1081 1119 1120 1082 788
9 1082 1120 1121 1083 789
9 1083 1121 1122 1084 790
9 1084 1122 1123 1085 791
9 1085 1123 1124 1086 792
9 1086 1124 1125 1087 793
9 1087 1125 1126 1088 794
9 1088 1126 1127 1089 795
9 1089 1127 1128 1090 796
9 1090 1128 1129 1091 797
9 1091 1129 1130 1092 798
9 1092 1130 1131 1093 799
9 1093 1131 1132 1094 800
9 1094 1132 1133 1095 801
9 1095 1133 1134 1096 802
9 1096 1134 1135 1097 803
9 1097 1135 1136 1098 804
9 1098 1136 1137 1099 805
9 1099 1137 1138 1100 806
9 1100 1138 1139 1101 807
9 1101 1139 1140 1102 808
9 1102 1140 1141 1103 809
9 1103 1141 1142 1104 810
9 1104 1142 1143 1105 811
9 1105 1143 1144 1106 812
9 1106 1144 1145 1107 813
9 1107 1145 1146 1108 814
9 1108 1146 1147 1109 815
9 1109 1147 1148 1110 816
9 1110 1148 1149 1111 817
9 1111 1149 180 179 818
9 26 27 1150 1112 819
9 1112 1150 1151 1113 820
9 1113 1151 1152 1114 821
9 1114 1152 1153 1115 822
9 1115 1153 1154 1116 823
9 1116 1154 1155 1117 824
9 1117 1155 1156 1118 825
9 1118 1156 1157 1119 826
9 1119 1157 1158 1120 827
9 1120 1158 1159 1121 828
9 1121 1159 1160 1122 829
9 1122 1160 1161 1123 830
9 1123 1161 1162 1124 831
9 1124 1162 1163 1125 832
9 1125 1163 1164 1126 833
9 1126 1164 1165 1127 834
9 1127 1165 1166 1128 835
9 1128 1166 1167 1129 836
9 1129 1167 1168 1130 837
9 1130 1168 1169 1131 838
9 1131 1169 1170 1132 839
9 1132 1170 1171 1133 840
9 1133 1171 1172 1134 841
9 1134 1172 1173 1135 842
9 1135 1173 1174 1136 843
9 1136 1174 1175 1137 844
9 1137 1175 1176 1138 845
9 1138 1176 1177 1139 846
9 1139 1177 1178 1140 847
9 1140 1178 1179 1141 848
9 1141 1179 1180 1142 849
9 1142 1180 1181 1143 850
9 1143 1181 1182 1144 851
9 1144 1182 1183 1145 852
9 1145 1183 1184 1146 853
9 1146 1184 1185 1147 854
9 1147 1185 1186 1148 855
9 1148 1186 1187 1149 856
9 1149 1187 181 180 857
9 27 28 1188 1150 858
9 1150 1188 1189 1151 859
9 1151 1189 1190 1152 860
9 1152 1190 1191 1153 861
9 1153 1191 1192 1154 862
9 1154 1192 1193 1155 863
9 1155 1193 1194 1156 864
9 1156 1194 1195 1157 865
9 1157 1195 1196 1158 866
9 1158 1196 1197 1159 867
9 1159 1197 1198 1160 868
9 1160 1198 1199 1161 869
9 1161 1199 1200 1162 870
9 1162 1200 1201 1163 871
9 1163 1201 1202 1164 872
9 1164 1202 1203 1165 873
9 1165 1203 1204 1166 874
9 1166 1204 1205 1167 875
9 1167 1205 1206 1168 876
9 1168 1206 1207 1169 877
9 1169 1207 1208 1170 878
9 1170 1208 1209 1171 879
9 1171 1209 1210 1172 880
9 1172 1210 1211 1173 881
9 1173 1211 1212 1174 882
9 1174 1212 1213 1175 883
9 1175 1213 1214 1176 884
9 1176 1214 1215 1177 885
9 1177 1215 1216 1178 886
9 1178 1216 1217 1179 887
9 1179 1217 1218 1180 888
9 1180 1218 1219 1181 889
9 1181 1219 1220 1182 890
9 1182 1220 1221 1183 891
9 1183 1221 1222 1184 892
9 1184 1222 1223 1185 893
9 1185 1223 1224 1186 894
9 1186 1224 1225 1187 895
9 1187 1225 182 181 896
9 28 29 1226 1188 897
9 1188 1226 1227 1189 898
9 1189 1227 1228 1190 899
9 1190 1228 1229 1191 900
9 1191 1229 1230 1192 901
9 1192 1230 1231 1193 902
9 1193 1231 1232 1194 903
9 1194 1232 1233 1195 904
9 1195 1233 1234 1196 905
9 1196 1234 1235 1197 906
9 1197 1235 1236 1198 907
9 1198 1236 1237 1199 908
9 1199 1237 1238 1200 909
9 1200 1238 1239 1201 910
9 1201 1239 1240 1202 911
9 1202 1240 1241 1203 912
9 1203 1241 1242 1204 913
9 1204 1242 1243 1205 914
9 1205 1243 1244 1206 915
9 1206 1244 1245 1207 916
9 1207 1245 1246 1208 917
9 1208 1246 1247 1209 918
9 1209 1247 1248 1210 919
9 1210 1248 1249 1211 920
9 1211 1249 1250 1212 921
9 1212 1250 1251 1213 922
9 1213 1251 1252 1214 923
9 1214 1252 1253 1215 924
9 1215 1253 1254 1216 925
9 1216 1254 1255 1217 926
9 1217 1255 1256 1218 927
9 1218 1256 1257 1219 928
9 1219 1257 1258 1220 929
9 1220 1258 1259 1221 930
9 1221 1259 1260 1222 931
9 1222 1260 1261 1223 932
9 1223 1261 1262 1224 933
9 1224 1262 1263 1225 934
9 1225 1263 183 182 935
9 29 30 1264 1226 936
9 1226 1264 1265 1227 937
9 1227 1265 1266 1228 938
9 1228 1266 1267 1229 939
9 1229 1267 1268 1230 940
9 1230 1268 1269 1231 941
9 1231 1269 1270 1232 942
9 1232 1270 1271 1233 943
9 1233 1271 1272 1234 944
9 1234 1272 1273 1235 945
9 1235 1273 1274 1236 946
9 1236 1274 1275 1237 947
9 1237 1275 1276 1238 948
9 1238 1276 1277 1239 949
9 1239 1277 1278 1240 950
9 1240 1278 1279 1241 951
9 1241 1279 1280 1242 952
9 1242 1280 1281 1243 953
9 1243 1281 1282 1244 954
9 1244 1282 1283 1245 955
9 1245 1283 1284 1246 956
9 1246 1284 1285 1247 957
9 1247 1285 1286 1248 958
9 1248 1286 1287 1249 959
9 1249 1287 1288 1250 960
9 1250 1288 1289 1251 961
9 1251 1289 1290 1252 962
9 1252 1290 1291 1253 963
9 1253 1291 1292 1254 964
9 1254 1292 1293 1255 965
9 1255 1293 1294 1256 966
9 1256 1294 1295 1257 967
9 1257 1295 1296 1258 968
9 1258 1296 1297 1259 969
9 1259 1297 1298 1260 970
9 1260 1298 1299 1261 971
9 1261 1299 1300 1262 972
9 1262 1300 1301 1263 973
9 1263 1301 184 183 974
9 30 31 1302 1264 975
9 1264 1302 1303 1265 976
9 1265 1303 1304 1266 977
9 1266 1304 1305 1267 978
9 1267 1305 1306 1268 979
9 1268 1306 1307 1269 980
9 1269 1307 1308 1270 981
9 1270 1308 1309 1271 982
9 1271 1309 1310 1272 983
9 1272 1310 1311 1273 984
9 1273 1311 1312 1274 985
9 1274 1312 1313 1275 986
9 1275 1313 1314 1276 987
9 1276 1314 1315 1277 988
9 1277 1315 1316 1278 989
9 1278 1316 1317 1279 990
9 1279 1317 1318 1280 991
9 1280 1318 1319 1281 992
9 1281 1319 1320 1282 993
9 1282 1320 1321 1283 994
9 1283 1321 1322 1284 995
9 1284 1322 1323 1285 996
9 1285 1323 1324 1286 997
9 1286 1324 1325 1287 998
9 1287 1325 1326 1288 999
9 1288 1326 1327 1289 1000
9 1289 1327 1328 1290 1001
9 1290 1328 1329 1291 1002
9 1291 1329 1330 1292 1003
9 1292 1330 1331 1293 1004
9 1293 1331 1332 1294 1005
9 1294 1332 1333 1295 1006
9 1295 1333 1334 1296 1007
9 1296 1334 1335 1297 1008
9 1297 1335 1336 1298 1009
9 1298 1336 1337 1299 1010
9 1299 1337 1338 1300 1011
9 1300 1338 1339 1301 1012
9 1301 1339 185 184 1013
9 31 32 1340 1302 1014
9 1302 1340 1341 1303 1015
9 1303 1341 1342 1304 1016
9 1304 1342 1343 1305 1017
9 1305 1343 1344 1306 1018
9 1306 1344 1345 1307 1019
9 1307 1345 1346 1308 1020
9 1308 1346 1347 1309 1021
9 1309 1347 1348 1310 1022
9 1310 1348 1349 1311 1023
9 1311 1349 1350 1312 1024
9 1312 1350 1351 1313 1025
9 1313 1351 1352 1314 1026
9 1314 1352 1353 1315 1027
9 1315 1353 1354 1316 1028
9 1316 1354 1355 1317 1029
9 1317 1355 1356 1318 1030
9 1318 1356 1357 1319 1031
9 1319 1357 1358 1320 1032
9 1320 1358 1359 1321 1033
9 1321 1359 1360 1322 1034
9 1322 1360 1361 1323 1035
9 1323 1361 1362 1324 1036
9 1324 1362 1363 1325 1037
9 1325 1363 1364 1326 1038
9 1326 1364 1365 1327 1039
9 1327 1365 1366 1328 1040
9 1328 1366 1367 1329 1041
9 1329 1367 1368 1330 1042
9 1330 1368 1369 1331 1043
9 1331 1369 1370 1332 1044
9 1332 1370 1371 1333 1045
9 1333 1371 1372 1334 1046
9 1334 1372 1373 1335 1047
9 1335 1373 1374 1336 1048
9 1336 1374 1375 1337 1049
9 1337 1375 1376 1338 1050
9 1338 1376 1377 1339 1051
9 1339 1377 186 185 1052
9 32 33 1378 1340 1053
9 1340 1378 1379 1341 1054
9 1341 1379 1380 1342 1055
9 1342 1380 1381 1343 1056
9 1343 1381 1382 1344 1057
9 1344 1382 1383 1345 1058
9 1345 1383 1384 1346 1059
9 1346 1384 1385 1347 1060
9 1347 1385 1386 1348 1061
9 1348 1386 1387 1349 1062
9 1349 1387 1388 1350 1063
9 1350 1388 1389 1351 1064
9 1351 1389 1390 1352 1065
9 1352 1390 1391 1353 1066
9 1353 1391 1392 1354 1067
9 1354 1392 1393 1355 1068
9 1355 1393 1394 1356 1069
9 1356 1394 1395 1357 1070
9 1357 1395 1396 1358 1071
9 1358 1396 1397 1359 1072
9 1359 1397 1398 1360 1073
9 1360 1398 1399 1361 1074
9 1361 1399 1400 1362 1075
9 1362 1400 1401 1363 1076
9 1363 1401 1402 1364 1077
9 1364 1402 1403 1365 1078
9 1365 1403 1404 1366 1079
9 1366 1404 1405 1367 1080
9 1367 1405 1406 1368 1081
9 1368 1406 1407 1369 1082
9 1369 1407 1408 1370 1083
9 1370 1408 1409 1371 1084
9 1371 1409 1410 1372 1085
9 1372 1410 1411 1373 1086
9 1373 1411 1412 1374 1087
9 1374 1412 1413 1375 1088
9 1375 1413 1414 1376 1089
9 1376 1414 1415 1377 1090
9 1377 1415 187 186 1091
9 33 34 1416 1378 1092
9 1378 1416 1417 1379 1093
9 1379 1417 1418 1380 1094
9 1380 1418 1419 1381 1095
9 1381 1419 1420 1382 1096
9 1382 1420 1421 1383 1097
9 1383 1421 1422 1384 1098
9 1384 1422 1423 1385 1099
9 1385 1423 1424 1386 1100
9 1386 1424 1425 1387 1101
9 1387 1425 1426 1388 1102
9 1388 1426 1427 1389 1103
9 1389 1427 1428 1390 1104
9 1390 1428 1429 1391 1105
9 1391 1429 1430 1392 1106
9 1392 1430 1431 1393 1107
9 1393 1431 1432 1394 1108
9 1394 1432 1433 1395 1109
9 1395 1433 1434 1396 1110
9 1396 1434 1435 1397 1111
9 1397 1435 1436 1398 1112
9 1398 1436 1437 1399 1113
9 1399 1437 1438 1400 1114
9 1400 1438 1439 1401 1115
9 1401 1439 1440 1402 1116
9 1402 1440 1441 1403 1117
9 1403 1441 1442 1404 1118
9 1404 1442 1443 1405 1119
9 1405 1443 1444 1406 1120
9 1406 1444 1445 1407 1121
9 1407 1445 1446 1408 1122
9 1408 1446 1447 1409 1123
9 1409 1447 1448 1410 1124
9 1410 1448 1449 1411 1125
9 1411 1449 1450 1412 1126
9 1412 1450 1451 1413 1127
9 1413 1451 1452 1414 1128
9 1414 1452 1453 1415 1129
9 1415 1453 188 187 1130
9 34 35 1454 1416 1131
9 1416 1454 1455 1417 1132
9 1417 1455 1456 1418 1133
9 1418 1456 1457 1419 1134
9 1419 1457 1458 1420 1135
9 1420 1458 1459 1421 1136
9 1421 1459 1460 1422 1137
9 1422 1460 1461 1423 1138
9 1423 1461 1462 1424 1139
9 1424 1462 1463 1425 1140
9 1425 1463 1464 1426 1141
9 1426 1464 1465 1427 1142
9 1427 1465 1466 1428 1143
9 1428 1466 1467 1429 1144
9 1429 1467 1468 1430 1145
9 1430 1468 1469 1431 1146
9 1431 1469 1470 1432 1147
9 1432 1470 1471 1433 1148
9 1433 1471 1472 1434 1149
9 1434 1472 1473 1435 1150
9 1435 1473 1474 1436 1151
9 1436 1474 1475 1437 1152
9 1437 1475 1476 1438 1153
9 1438 1476 1477 1439 1154
9 1439 1477 1478 1440 1155
9 1440 1478 1479 1441 1156
9 1441 1479 1480 1442 1157
9 1442 1480 1481 1443 1158
9 1443 1481 1482 1444 1159
9 1444 1482 1483 1445 1160
9 1445 1483 1484 1446 1161
9 1446 1484 1485 1447 1162
9 1447 1485 1486 1448 1163
9 1448 1486 1487 1449 1164
9 1449 1487 1488 1450 1165
9 1450 1488 1489 1451 1166
9 1451 1489 1490 1452 1167
9 1452 1490 1491 1453 1168
9 1453 1491 189 188 1169
9 35 36 1492 1454 1170
9 1454 1492 1493 1455 1171
9 1455 1493 1494 1456 1172
9 1456 1494 1495 1457 1173
9 1457 1495 1496 1458 1174
9 1458 1496 1497 1459 1175
9 1459 1497 1498 1460 1176
9 1460 1498 1499 1461 1177
9 1461 1499 1500 1462 1178
9 1462 1500 1501 1463 1179
9 1463 1501 1502 1464 1180
9 1464 1502 1503 1465 1181
9 1465 1503 1504 1466 1182
9 1466 1504 1505 1467 1183
9 1467 1505 1506 1468 1184
9 1468 1506 1507 1469 1185
9 1469 1507 1508 1470 1186
9 1470 1508 1509 1471 1187
9 1471 1509 1510 1472 1188
9 1472 1510 1511 1473 1189
9 1473 1511 1512 1474 1190
9 1474 1512 1513 1475 1191
9 1475 1513 1514 1476 1192
9 1476 1514 1515 1477 1193
9 1477 1515 1516 1478 1194
9 1478 1516 1517 1479 1195
9 1479 1517 1518 1480 1196
9 1480 1518 1519 1481 1197
9 1481 1519 1520 1482 1198
9 1482 1520 1521 1483 1199
9 1483 1521 1522 1484 1200
9 1484 1522 1523 1485 1201
9 1485 1523 1524 1486 1202
9 1486 1524 1525 1487 1203
9 1487 1525 1526 1488 1204
9 1488 1526 1527 1489 1205
9 1489 1527 1528 1490 1206
9 1490 1528 1529 1491 1207
9 1491 1529 190 189 1208
9 36 37 1530 1492 1209
9 1492 1530 1531 1493 1210
9 1493 1531 1532 1494 1211
9 1494 1532 1533 1495 1212
9 1495 1533 1534 1496 1213
9 1496 1534 1535 1497 1214
9 1497 1535 1536 1498 1215
9 1498 1536 1537 1499 1216
9 1499 1537 1538 1500 1217
9 1500 1538 1539 1501 1218
9 1501 1539 1540 1502 1219
9 1502 1540 1541 1503 1220
9 1503 1541 1542 1504 1221
9 1504 1542 1543 1505 1222
9 1505 1543 1544 1506 1223
9 1506 1544 1545 1507 1224
9 1507 1545 1546 1508 1225
9 1508 1546 1547 1509 1226
9 1509 1547 1548 1510 1227
9 1510 1548 1549 1511 1228
9 1511 1549 1550 1512 1229
9 1512 1550 1551 1513 1230
9 1513 1551 1552 1514 1231
9 1514 1552 1553 1515 1232
9 1515 1553 1554 1516 1233
9 1516 1554 1555 1517 1234
9 1517 1555 1556 1518 1235
9 1518 1556 1557 1519 1236
9 1519 1557 1558 1520 1237
9 1520 1558 1559 1521 1238
9 1521 1559 1560 1522 1239
9 1522 1560 1561 1523 1240
9 1523 1561 1562 1524 1241
9 1524 1562 1563 1525 1242
9 1525 1563 1564 1526 1243
9 1526 1564 1565 1527 1244
9 1527 1565 1566 1528 1245
9 1528 1566 1567 1529 1246
9 1529 1567 191 190 1247
9 37 38 1568 1530 1248
9 1530 1568 1569 1531 1249
9 1531 1569 1570 1532 1250
9 1532 1570 1571 1533 1251
9 1533 1571 1572 1534 1252
9 1534 1572 1573 1535 1253
9 1535 1573 1574 1536 1254
9 1536 1574 1575 1537 1255
9 1537 1575 1576 1538 1256
9 1538 1576 1577 1539 1257
9 1539 1577 1578 1540 1258
9 1540 1578 1579 1541 1259
9 1541 1579 1580 1542 1260
9 1542 1580 1581 1543 1261
9 1543 1581 1582 1544 1262
9 1544 1582 1583 1545 1263
9 1545 1583 1584 1546 1264
9 1546 1584 1585 1547 1265
9 1547 1585 1586 1548 1266
9 1548 1586 1587 1549 1267
9 1549 1587 1588 1550 1268
9 1550 1588 1589 1551 1269
9 1551 1589 1590 1552 1270
9 1552 1590 1591 1553 1271
9 1553 1591 1592 1554 1272
9 1554 1592 1593 1555 1273
9 1555 1593 1594 1556 1274
9 1556 1594 1595 1557 1275
9 1557 1595 1596 1558 1276
9 1558 1596 1597 1559 1277
9 1559 1597 1598 1560 1278
9 1560 1598 1599 1561 1279
9 1561 1599 1600 1562 1280
9 1562 1600 1601 1563 1281
9 1563 1601 1602 1564 1282
9 1564 1602 1603 1565 1283
9 1565 1603 1604 1566 1284
9 1566 1604 1605 1567 1285
9 1567 1605 192 191 1286
9 38 39 1606 1568 1287
9 1568 1606 1607 1569 1288
9 1569 1607 1608 1570 1289
9 1570 1608 1609 1571 1290
9 1571 1609 1610 1572 1291
9 1572 1610 1611 1573 1292
9 1573 1611 1612 1574 1293
9 1574 1612 1613 1575 1294
9 1575 1613 1614 1576 1295
9 1576 1614 1615 1577 1296
9 1577 1615 1616 1578 1297
9 1578 1616 1617 1579 1298
9 1579 1617 1618 1580 1299
9 1580 1618 1619 1581 1300
9 1581 1619 1620 1582 1301
9 1582 1620 1621 1583 1302
9 1583 1621 1622 1584 1303
9 1584 1622 1623 1585 1304
9 1585 1623 1624 1586 1305
9 1586 1624 1625 1587 1306
9 1587 1625 1626 1588 1307
9 1588 1626 1627 1589 1308
9 1589 1627 1628 1590 1309
9 1590 1628 1629 1591 1310
9 1591 1629 1630 1592 1311
9 1592 1630 1631 1593 1312
9 1593 1631 1632 1594 1313
9 1594 1632 1633 1595 1314
9 1595 1633 1634 1596 1315
9 1596 1634 1635 1597 1316
9 1597 1635 1636 1598 1317
9 1598 1636 1637 1599 1318
9 1599 1637 1638 1600 1319
9 1600 1638 1639 1601 1320
9 1601 1639 1640 1602 1321
9 1602 1640 1641 1603 1322
9 1603 1641 1642 1604 1323
9 1604 1642 1643 1605 1324
9 1605 1643 193 192 1325
9 39 40 1644 1606 1326
9 1606 1644 1645 1607 1327
9 1607 1645 1646 1608 1328
9 1608 1646 1647 1609 1329
9 1609 1647 1648 1610 1330
9 1610 1648 1649 1611 1331
9 1611 1649 1650 1612 1332
9 1612 1650 1651 1613 1333
9 1613 1651 1652 1614 1334
9 1614 1652 1653 1615 1335
9 1615 1653 1654 1616 1336
9 1616 1654 1655 1617 1337
9 1617 1655 1656 1618 1338
9 1618 1656 1657 1619 1339
9 1619 1657 1658 1620 1340
9 1620 1658 1659 1621 1341
9 1621 1659 1660 1622 1342
9 1622 1660 1661 1623 1343
9 1623 1661 1662 1624 1344
9 1624 1662 1663 1625 1345
9 1625 1663 1664 1626 1346
9 1626 1664 1665 1627 1347
9 1627 1665 1666 1628 1348
9 1628 1666 1667 1629 1349
9 1629 1667 1668 1630 1350
9 1630 1668 1669 1631 1351
9 1631 1669 1670 1632 1352
9 1632 1670 1671 1633 1353
9 1633 1671 1672 1634 1354
9 1634 1672 1673 1635 1355
9 1635 1673 1674 1636 1356
9 1636 1674 1675 1637 1357
9 1637 1675 1676 1638 1358
9 1638 1676 1677 1639 1359
9 1639 1677 1678 1640 1360
9 1640 1678 1679 1641 1361
9 1641 1679 1680 1642 1362
9 1642 1680 1681 1643 1363
9 1643 1681 194 193 1364
9 40 41 1682 1644 1365
9 1644 1682 1683 1645 1366
9 1645 1683 1684 1646 1367
9 1646 1684 1685 1647 1368
9 1647 1685 1686 1648 1369
9 1648 1686 1687 1649 1370
9 1649 1687 1688 1650 1371
9 1650 1688 1689 1651 1372
9 1651 1689 1690 1652 1373
9 1652 1690 1691 1653 1374
9 1653 1691 1692 1654 1375
9 1654 1692 1693 1655 1376
9 1655 1693 1694 1656 1377
9 1656 1694 1695 1657 1378
9 1657 1695 1696 1658 1379
9 1658 1696 1697 1659 1380
9 1659 1697 1698 1660 1381
9 1660 1698 1699 1661 1382
9 1661 1699 1700 1662 1383
9 1662 1700 1701 1663 1384
9 1663 1701 1702 1664 1385
9 1664 1702 1703 1665 1386
9 1665 1703 1704 1666 1387
9 1666 1704 1705 1667 1388
9 1667 1705 1706 1668 1389
9 1668 1706 1707 1669 1390
9 1669 1707 1708 1670 1391
9 1670 1708 1709 1671 1392
9 1671 1709 1710 1672 1393
9 1672 1710 1711 1673 1394
9 1673 1711 1712 1674 1395
9 1674 1712 1713 1675 1396
9 1675 1713 1714 1676 1397
9 1676 1714 1715 1677 1398
9 1677 1715 1716 1678 1399
9 1678 1716 1717 1679 1400
9 1679 1717 1718 1680 1401
9 1680 1718 1719 1681 1402
9 1681 1719 195 194 1403
9 41 42 1720 1682 1404
9 1682 1720 1721 1683 1405
9 1683 1721 1722 1684 1406
9 1684 1722 1723 1685 1407
9 1685 1723 1724 1686 1408
9 1686 1724 1725 1687 1409
9 1687 1725 1726 1688 1410
9 1688 1726 1727 1689 1411
9 1689 1727 1728 1690 1412
9 1690 1728 1729 1691 1413
9 1691 1729 1730 1692 1414
9 1692 1730 1731 1693 1415
9 1693 1731 1732 1694 1416
9 1694 1732 1733 1695 1417
9 1695 1733 1734 1696 1418
9 1696 1734 1735 1697 1419
9 1697 1735 1736 1698 1420
9 1698 1736 1737 1699 1421
9 1699 1737 1738 1700 1422
9 1700 1738 1739 1701 1423
9 1701 1739 1740 1702 1424
9 1702 1740 1741 1703 1425
9 1703 1741 1742 1704 1426
9 1704 1742 1743 1705 1427
9 1705 1743 1744 1706 1428
9 1706 1744 1745 1707 1429
9 1707 1745 1746 1708 1430
9 1708 1746 1747 1709 1431
9 1709 1747 1748 1710 1432
9 1710 1748 1749 1711 1433
9 1711 1749 1750 1712 1434
9 1712 1750 1751 1713 1435
9 1713 1751 1752 1714 1436
9 1714 1752 1753 1715 1437
9 1715 1753 1754 1716 1438
9 1716 1754 1755 1717 1439
9 1717 1755 1756 1718 1440
9 1718 1756 1757 1719 1441
9 1719 1757 196 195 1442
9 42 43 1758 1720 1443
9 1720 1758 1759 1721 1444
9 1721 1759 1760 1722 1445
9 1722 1760 1761 1723 1446
9 1723 1761 1762 1724 1447
9 1724 1762 1763 1725 1448
9 1725 1763 1764 1726 1449
9 1726 1764 1765 1727 1450
9 1727 1765 1766 1728 1451
9 1728 1766 1767 1729 1452
9 1729 1767 1768 1730 1453
9 1730 1768 1769 1731 1454
9 1731 1769 1770 1732 1455
9 1732 1770 1771 1733 1456
9 1733 1771 1772 1734 1457
9 1734 1772 1773 1735 1458
9 1735 1773 1774 1736 1459
9 1736 1774 1775 1737 1460
9 1737 1775 1776 1738 1461
9 1738 1776 1777 1739 1462
9 1739 1777 1778 1740 1463
9 1740 1778 1779 1741 1464
9 1741 1779 1780 1742 1465
9 1742 1780 1781 1743 1466
9 1743 1781 1782 1744 1467
9 1744 1782 1783 1745 1468
9 1745 1783 1784 1746 1469
9 1746 1784 1785 1747 1470
9 1747 1785 1786 1748 1471
9 1748 1786 1787 1749 1472
9 1749 1787 1788 1750 1473
9 1750 1788 1789 1751 1474
9 1751 1789 1790 1752 1475
9 1752 1790 1791 1753 1476
9 1753 1791 1792 1754 1477
9 1754 1792 1793 1755 1478
9 1755 1793 1794 1756 1479
9 1756 1794 1795 1757 1480
9 1757 1795 197 196 1481
9 43 1 276 1758 1482
9 1758 276 277 1759 1483
9 1759 277 278 1760 1484
9 1760 278 279 1761 1485
9 1761 279 280 1762 1486
9 1762 280 281 1763 1487
9 1763 281 282 1764 1488
9 1764 282 283 1765 1489
9 1765 283 284 1766 1490
9 1766 284 285 1767 1491
9 1767 285 286 1768 1492
9 1768 286 287 1769 1493
9 1769 287 288 1770 1494
9 1770 288 289 1771 1495
9 1771 289 290 1772 1496
9 1772 290 291 1773 1497
9 1773 291 292 1774 1498
9 1774 292 293 1775 1499
9 1775 293 294 1776 1500
9 1776 294 295 1777 1501
9 1777 295 296 1778 1502
9 1778 296 297 1779 1503
9 1779 297 298 1780 1504
9 1780 298 299 1781 1505
9 1781 299 300 1782 1506
9 1782 300 301 1783 1507
9 1783 301 302 1784 1508
9 1784 302 303 1785 1509
9 1785 303 304 1786 1510
9 1786 304 305 1787 1511
9 1787 305 306 1788 1512
9 1788 306 307 1789 1513
9 1789 307 308 1790 1514
9 1790 308 309 1791 1515
9 1791 309 310 1792 1516
9 1792 310 311 1793 1517
9 1793 311 312 1794 1518
9 1794 312 313 1795 1519
9 1795 313 4 197 1520
9 1 44 1796 276 1521
9 276 1796 1797 277 1522
9 277 1797 1798 278 1523
9 278 1798 1799 279 1524
9 279 1799 1800 280 1525
9 280 1800 1801 281 1526
9 281 1801 1802 282 1527
9 282 1802 1803 283 1528
9 283 1803 1804 284 1529
9 284 1804 1805 285 1530
9 285 1805 1806 286 1531
9 286 1806 1807 287 1532
9 287 1807 1808 288 1533
9 288 1808 1809 289 1534
9 289 1809 1810 290 1535
9 290 1810 1811 291 1536
9 291 1811 1812 292 1537
9 292 1812 1813 293 1538
9 293 1813 1814 294 1539
9 294 1814 1815 295 1540
9 295 1815 1816 296 1541
9 296 1816 1817 297 1542
9 297 1817 1818 298 1543
9 298 1818 1819 299 1544
9 299 1819 1820 300 1545
9 300 1820 1821 301 1546
9 301 1821 1822 302 1547
9 302 1822 1823 303 1548
9 303 1823 1824 304 1549
9 304 1824 1825 305 1550
9 305 1825 1826 306 1551
9 306 1826 1827 307 1552
9 307 1827 1828 308 1553
9 308 1828 1829 309 1554
9 309 1829 1830 310 1555
9 310 1830 1831 311 1556
9 311 1831 1832 312 1557
9 312 1832 1833 313 1558
9 313 1833 198 4 1559
9 44 45 1834 1796 1560
9 1796 1834 1835 1797 1561
9 1797 1835 1836 1798 1562
9 1798 1836 1837 1799 1563
9 1799 1837 1838 1800 1564
9 1800 1838 1839 1801 1565
9 1801 1839 1840 1802 1566
9 1802 1840 1841 1803 1567
9 1803 1841 1842 1804 1568
9 1804 1842 1843 1805 1569
9 1805 1843 1844 1806 1570
9 1806 1844 1845 1807 1571
9 1807 1845 1846 1808 1572
9 1808 1846 1847 1809 1573
9 1809 1847 1848 1810 1574
9 1810 1848 1849 1811 1575
9 1811 1849 1850 1812 1576
9 1812 1850 1851 1813 1577
9 1813 1851 1852 1814 1578
9 1814 1852 1853 1815 1579
9 1815 1853 1854 1816 1580
9 1816 1854 1855 1817 1581
9 1817 1855 1856 1818 1582
9 1818 1856 1857 1819 1583
9 1819 1857 1858 1820 1584
9 1820 1858 1859 1821 1585
9 1821 1859 1860 1822 1586
9 1822 1860 1861 1823 1587
9 1823 1861 1862 1824 1588
9 1824 1862 1863 1825 1589
9 1825 1863 1864 1826 1590
9 1826 1864 1865 1827 1591
9 1827 1865 1866 1828 1592
9 1828 1866 1867 1829 1593
9 1829 1867 1868 1830 1594
9 1830 1868 1869 1831 1595
9 1831 1869 1870 1832 1596
9 1832 1870 1871 1833 1597
9 1833 1871 199 198 1598
9 45 46 1872 1834 1599
9 1834 1872 1873 1835 1600
9 1835 1873 1874 1836 1601
9 1836 1874 1875 1837 1602
9 1837 1875 1876 1838 1603
9 1838 1876 1877 1839 1604
9 1839 1877 1878 1840 1605
9 1840 1878 1879 1841 1606
9 1841 1879 1880 1842 1607
9 1842 1880 1881 1843 1608
9 1843 1881 1882 1844 1609
9 1844 1882 1883 1845 1610
9 1845 1883 1884 1846 1611
9 1846 1884 1885 1847 1612
9 1847 1885 1886 1848 1613
9 1848 1886 1887 1849 1614
9 1849 1887 1888 1850 1615
9 1850 1888 1889 1851 1616
9 1851 1889 1890 1852 1617
9 1852 1890 1891 1853 1618
9 1853 1891 1892 1854 1619
9 1854 1892 1893 1855 1620
9 1855 1893 1894 1856 1621
9 1856 1894 1895 1857 1622
9 1857 1895 1896 1858 1623
9 1858 1896 1897 1859 1624
9 1859 1897 1898 1860 1625
9 1860 1898 1899 1861 1626
9 1861 1899 1900 1862 1627
9 1862 1900 1901 1863 1628
9 1863 1901 1902 1864 1629
9 1864 1902 1903 1865 1630
9 1865 1903 1904 1866 1631
9 1866 1904 1905 1867 1632
9 1867 1905 1906 1868 1633
9 1868 1906 1907 1869 1634
9 1869 1907 1908 1870 1635
9 1870 1908 1909 1871 1636
9 1871 1909 200 199 1637
9 46 47 1910 1872 1638
9 1872 1910 1911 1873 1639
9 1873 1911 1912 1874 1640
9 1874 1912 1913 1875 1641
9 1875 1913 1914 1876 1642
9 1876 1914 1915 1877 1643
9 1877 1915 1916 1878 1644
9 1878 1916 1917 1879 1645
9 1879 1917 1918 1880 1646
9 1880 1918 1919 1881 1647
9 1881 1919 1920 1882 1648
9 1882 1920 1921 1883 1649
9 1883 1921 1922 1884 1650
9 1884 1922 1923 1885 1651
9 1885 1923 1924 1886 1652
9 1886 1924 1925 1887 1653
9 1887 1925 1926 1888 1654
9 1888 1926 1927 1889 1655
9 1889 1927 1928 1890 1656
9 1890 1928 1929 1891 1657
9 1891 1929 1930 1892 1658
9 1892 1930 1931 1893 1659
9 1893 1931 1932 1894 1660
9 1894 1932 1933 1895 1661
9 1895 1933 1934 1896 1662
9 1896 1934 1935 1897 1663
9 1897 1935 1936 1898 1664
9 1898 1936 1937 1899 1665
9 1899 1937 1938 1900 1666
9 1900 1938 1939 1901 1667
9 1901 1939 1940 1902 1668
9 1902 1940 1941 1903 1669
9 1903 1941 1942 1904 1670
9 1904 1942 1943 1905 1671
9 1905 1943 1944 1906 1672
9 1906 1944 1945 1907 1673
9 1907 1945 1946 1908 1674
9 1908 1946 1947 1909 1675
9 1909 1947 201 200 1676
9 47 48 1948 1910 1677
9 1910 1948 1949 1911 1678
9 1911 1949 1950 1912 1679
9 1912 1950 1951 1913 1680
9 1913 1951 1952 1914 1681
9 1914 1952 1953 1915 1682
9 1915 1953 1954 1916 1683
9 1916 1954 1955 1917 1684
9 1917 1955 1956 1918 1685
9 1918 1956 1957 1919 1686
9 1919 1957 1958 1920 1687
9 1920 1958 1959 1921 1688
9 1921 1959 1960 1922 1689
9 1922 1960 1961 1923 1690
9 1923 1961 1962 1924 1691
9 1924 1962 1963 1925 1692
9 1925 1963 1964 1926 1693
9 1926 1964 1965 1927 1694
9 1927 1965 1966 1928 1695
9 1928 1966 1967 1929 1696
9 1929 1967 1968 1930 1697
9 1930 1968 1969 1931 1698
9 1931 1969 1970 1932 1699
9 1932 1970 1971 1933 1700
9 1933 1971 1972 1934 1701
9 1934 1972 1973 1935 1702
9 1935 1973 1974 1936 1703
9 1936 1974 1975 1937 1704
9 1937 1975 1976 1938 1705
9 1938 1976 1977 1939 1706
9 1939 1977 1978 1940 1707
9 1940 1978 1979 1941 1708
9 1941 1979 1980 1942 1709
9 1942 1980 1981 1943 1710
9 1943 1981 1982 1944 1711
9 1944 1982 1983 1945 1712
9 1945 1983 1984 1946 1713
9 1946 1984 1985 1947 1714
9 1947 1985 202 201 1715
9 48 49 1986 1948 1716
9 1948 1986 1987 1949 1717
9 1949 1987 1988 1950 1718
9 1950 1988 1989 1951 1719
9 1951 1989 1990 1952 1720
9 1952 1990 1991 1953 1721
9 1953 1991 1992 1954 1722
9 1954 1992 1993 1955 1723
9 1955 1993 1994 1956 1724
9 1956 1994 1995 1957 1725
9 1957 1995 1996 1958 1726
9 1958 1996 1997 1959 1727
9 1959 1997 1998 1960 1728
9 1960 1998 1999 1961 1729
9 1961 1999 2000 1962 1730
9 1962 2000 2001 1963 1731
9 1963 2001 2002 1964 1732
9 1964 2002 2003 1965 1733
9 1965 2003 2004 1966 1734
9 1966 2004 2005 1967 1735
9 1967 2005 2006 1968 1736
9 1968 2006 2007 1969 1737
9 1969 2007 2008 1970 1738
9 1970 2008 2009 1971 1739
9 1971 2009 2010 1972 1740
9 1972 2010 2011 1973 1741
9 1973 2011 2012 1974 1742
9 1974 2012 2013 1975 1743
9 1975 2013 2014 1976 1744
9 1976 2014 2015 1977 1745
9 1977 2015 2016 1978 1746
9 1978 2016 2017 1979 1747
9 1979 2017 2018 1980 1748
9 1980 2018 2019 1981 1749
9 1981 2019 2020 1982 1750
9 1982 2020 2021 1983 1751
9 1983 2021 2022 1984 1752
9 1984 2022 2023 1985 1753
9 1985 2023 203 202 1754
9 49 50 2024 1986 1755
9 1986 2024 2025 1987 1756
9 1987 2025 2026 1988 1757
9 1988 2026 2027 1989 1758
9 1989 2027 2028 1990 1759
9 1990 2028 2029 1991 1760
9 1991 2029 2030 1992 1761
9 1992 2030 2031 1993 1762
9 1993 2031 2032 1994 1763
9 1994 2032 2033 1995 1764
9 1995 2033 2034 1996 1765
9 1996 2034 2035 1997 1766
9 1997 2035 2036 1998 1767
9 1998 2036 2037 1999 1768
9 1999 2037 2038 2000 1769
9 2000 2038 2039 2001 1770
9 2001 2039 2040 2002 1771
9 2002 2040 2041 2003 1772
9 2003 2041 2042 2004 1773
9 2004 2042 2043 2005 1774
9 2005 2043 2044 2006 1775
9 2006 2044 2045 2007 1776
9 2007 2045 2046 2008 1777
9 2008 2046 2047 2009 1778
9 2009 2047 2048 2010 1779
9 2010 2048 2049 2011 1780
9 2011 2049 2050 2012 1781
9 2012 2050 2051 2013 1782
9 2013 2051 2052 2014 1783
9 2014 2052 2053 2015 1784
9 2015 2053 2054 2016 1785
9 2016 2054 2055 2017 1786
9 2017 2055 2056 2018 1787
9 2018 2056 2057 2019 1788
9 2019 2057 2058 2020 1789
9 2020 2058 2059 2021 1790
9 2021 2059 2060 2022 1791
9 2022 2060 2061 2023 1792
9 2023 2061 204 203 1793
9 50 51 2062 2024 1794
9 2024 2062 2063 2025 1795
9 2025 2063 2064 2026 1796
9 2026 2064 2065 2027 1797
9 2027 2065 2066 2028 1798
9 2028 2066 2067 2029 1799
9 2029 2067 2068 2030 1800
9 2030 2068 2069 2031 1801
9 2031 2069 2070 2032 1802
9 2032 2070 2071 2033 1803
9 2033 2071 2072 2034 1804
9 2034 2072 2073 2035 1805
9 2035 2073 2074 2036 1806
9 2036 2074 2075 2037 1807
9 2037 2075 2076 2038 1808
9 2038 2076 2077 2039 1809
9 2039 2077 2078 2040 1810
9 2040 2078 2079 2041 1811
9 2041 2079 2080 2042 1812
9 2042 2080 2081 2043 1813
9 2043 2081 2082 2044 1814
9 2044 2082 2083 2045 1815
9 2045 2083 2084 2046 1816
9 2046 2084 2085 2047 1817
9 2047 2085 2086 2048 1818
9 2048 2086 2087 2049 1819
9 2049 2087 2088 2050 1820
9 2050 2088 2089 2051 1821
9 2051 2089 2090 2052 1822
9 2052 2090 2091 2053 1823
9 2053 2091 2092 2054 1824
9 2054 2092 2093 2055 1825
9 2055 2093 2094 2056 1826
9 2056 2094 2095 2057 1827
9 2057 2095 2096 2058 1828
9 2058 2096 2097 2059 1829
9 2059 2097 2098 2060 1830
9 2060 2098 2099 2061 1831
9 2061 2099 205 204 1832
9 51 52 2100 2062 1833
9 2062 2100 2101 2063 1834
9 2063 2101 2102 2064 1835
9 2064 2102 2103 2065 1836
9 2065 2103 2104 2066 1837
9 2066 2104 2105 2067 1838
9 2067 2105 2106 2068 1839
9 2068 2106 2107 2069 1840
9 2069 2107 2108 2070 1841
9 2070 2108 2109 2071 1842
9 2071 2109 2110 2072 1843
9 2072 2110 2111 2073 1844
9 2073 2111 2112 2074 1845
9 2074 2112 2113 2075 1846
9 2075 2113 2114 2076 1847
9 2076 2114 2115 2077 1848
9 2077 2115 2116 2078 1849
9 2078 2116 2117 2079 1850
9 2079 2117 2118 2080 1851
9 2080 2118 2119 2081 1852
9 2081 2119 2120 2082 1853
9 2082 2120 2121 2083 1854
9 2083 2121 2122 2084 1855
9 2084 2122 2123 2085 1856
9 2085 2123 2124 2086 1857
9 2086 2124 2125 2087 1858
9 2087 2125 2126 2088 1859
9 2088 2126 2127 2089 1860
9 2089 2127 2128 2090 1861
9 2090 2128 2129 2091 1862
9 2091 2129 2130 2092 1863
9 2092 2130 2131 2093 1864
9 2093 2131 2132 2094 1865
9 2094 2132 2133 2095 1866
9 2095 2133 2134 2096 1867
9 2096 2134 2135 2097 1868
9 2097 2135 2136 2098 1869
9 2098 2136 2137 2099 1870
9 2099 2137 206 205 1871
9 52 53 2138 2100 1872
9 2100 2138 2139 2101 1873
9 2101 2139 2140 2102 1874
9 2102 2140 2141 2103 1875
9 2103 2141 2142 2104 1876
9 2104 2142 2143 2105 1877
9 2105 2143 2144 2106 1878
9 2106 2144 2145 2107 1879
9 2107 2145 2146 2108 1880
9 2108 2146 2147 2109 1881
9 2109 2147 2148 2110 1882
9 2110 2148 2149 2111 1883
9 2111 2149 2150 2112 1884
9 2112 2150 2151 2113 1885
9 2113 2151 2152 2114 1886
9 2114 2152 2153 2115 1887
9 2115 2153 2154 2116 1888
9 2116 2154 2155 2117 1889
9 2117 2155 2156 2118 1890
9 2118 2156 2157 2119 1891
9 2119 2157 2158 2120 1892
9 2120 2158 2159 2121 1893
9 2121 2159 2160 2122 1894
9 2122 2160 2161 2123 1895
9 2123 2161 2162 2124 1896
9 2124 2162 2163 2125 1897
9 2125 2163 2164 2126 1898
9 2126 2164 2165 2127 1899
9 2127 2165 2166 2128 1900
9 2128 2166 2167 2129 1901
9 2129 2167 2168 2130 1902
9 2130 2168 2169 2131 1903
9 2131 2169 2170 2132 1904
9 2132 2170 2171 2133 1905
9 2133 2171 2172 2134 1906
9 2134 2172 2173 2135 1907
9 2135 2173 2174 2136 1908
9 2136 2174 2175 2137 1909
9 2137 2175 207 206 1910
9 53 54 2176 2138 1911
9 2138 2176 2177 2139 1912
9 2139 2177 2178 2140 1913
9 2140 2178 2179 2141 1914
9 2141 2179 2180 2142 1915
9 2142 2180 2181 2143 1916
9 2143 2181 2182 2144 1917
9 2144 2182 2183 2145 1918
9 2145 2183 2184 2146 1919
9 2146 2184 2185 2147 1920
9 2147 2185 2186 2148 1921
9 2148 2186 2187 2149 1922
9 2149 2187 2188 2150 1923
9 2150 2188 2189 2151 1924
9 2151 2189 2190 2152 1925
9 2152 2190 2191 2153 1926
9 2153 2191 2192 2154 1927
9 2154 2192 2193 2155 1928
9 2155 2193 2194 2156 1929
9 2156 2194 2195 2157 1930
9 2157 2195 2196 2158 1931
9 2158 2196 2197 2159 1932
9 2159 2197 2198 2160 1933
9 2160 2198 2199 2161 1934
9 2161 2199 2200 2162 1935
9 2162 2200 2201 2163 1936
9 2163 2201 2202 2164 1937
9 2164 2202 2203 2165 1938
9 2165 2203 2204 2166 1939
9 2166 2204 2205 2167 1940
9 2167 2205 2206 2168 1941
9 2168 2206 2207 2169 1942
9 2169 2207 2208 2170 1943
9 2170 2208 2209 2171 1944
9 2171 2209 2210 2172 1945
9 2172 2210 2211 2173 1946
9 2173 2211 2212 2174 1947
9 2174 2212 2213 2175 1948
9 2175 2213 208 207 1949
9 54 55 2214 2176 1950
9 2176 2214 2215 2177 1951
9 2177 2215 2216 2178 1952
9 2178 2216 2217 2179 1953
9 2179 2217 2218 2180 1954
9 2180 2218 2219 2181 1955
9 2181 2219 2220 2182 1956
9 2182 2220 2221 2183 1957
9 2183 2221 2222 2184 1958
9 2184 2222 2223 2185 1959
9 2185 2223 2224 2186 1960
9 2186 2224 2225 2187 1961
9 2187 2225 2226 2188 1962
9 2188 2226 2227 2189 1963
9 2189 2227 2228 2190 1964
9 2190 2228 2229 2191 1965
9 2191 2229 2230 2192 1966
9 2192 2230 2231 2193 1967
9 2193 2231 2232 2194 1968
9 2194 2232 2233 2195 1969
9 2195 2233 2234 2196 1970
9 2196 2234 2235 2197 1971
9 2197 2235 2236 2198 1972
9 2198 2236 2237 2199 1973
9 2199 2237 2238 2200 1974
9 2200 2238 2239 2201 1975
9 2201 2239 2240 2202 1976
9 2202 2240 2241 2203 1977
9 2203 2241 2242 2204 1978
9 2204 2242 2243 2205 1979
9 2205 2243 2244 2206 1980
9 2206 2244 2245 2207 1981
9 2207 2245 2246 2208 1982
9 2208 2246 2247 2209 1983
9 2209 2247 2248 2210 1984
9 2210 2248 2249 2211 1985
9 2211 2249 2250 2212 1986
9 2212 2250 2251 2213 1987
9 2213 2251 209 208 1988
9 55 56 2252 2214 1989
9 2214 2252 2253 2215 1990
9 2215 2253 2254 2216 1991
9 2216 2254 2255 2217 1992
9 2217 2255 2256 2218 1993
9 2218 2256 2257 2219 1994
9 2219 2257 2258 2220 1995
9 2220 2258 2259 2221 1996
9 2221 2259 2260 2222 1997
9 2222 2260 2261 2223 1998
9 2223 2261 2262 2224 1999
9 2224 2262 2263 2225 2000
9 2225 2263 2264 2226 2001
9 2226 2264 2265 2227 2002
9 2227 2265 2266 2228 2003
9 2228 2266 2267 2229 2004
9 2229 2267 2268 2230 2005
9 2230 2268 2269 2231 2006
9 2231 2269 2270 2232 2007
9 2232 2270 2271 2233 2008
9 2233 2271 2272 2234 2009
9 2234 2272 2273 2235 2010
9 2235 2273 2274 2236 2011
9 2236 2274 2275 2237 2012
9 2237 2275 2276 2238 2013
9 2238 2276 2277 2239 2014
9 2239 2277 2278 2240 2015
9 2240 2278 2279 2241 2016
9 2241 2279 2280 2242 2017
9 2242 2280 2281 2243 2018
9 2243 2281 2282 2244 2019
9 2244 2282 2283 2245 2020
9 2245 2283 2284 2246 2021
9 2246 2284 2285 2247 2022
9 2247 2285 2286 2248 2023
9 2248 2286 2287 2249 2024
9 2249 2287 2288 2250 2025
9 2250 2288 2289 2251 2026
9 2251 2289 210 209 2027
9 56 57 2290 2252 2028
9 2252 2290 2291 2253 2029
9 2253 2291 2292 2254 2030
9 2254 2292 2293 2255 2031
9 2255 2293 2294 2256 2032
9 2256 2294 2295 2257 2033
9 2257 2295 2296 2258 2034
9 2258 2296 2297 2259 2035
9 2259 2297 2298 2260 2036
9 2260 2298 2299 2261 2037
9 2261 2299 2300 2262 2038
9 2262 2300 2301 2263 2039
9 2263 2301 2302 2264 2040
9 2264 2302 2303 2265 2041
9 2265 2303 2304 2266 2042
9 2266 2304 2305 2267 2043
9 2267 2305 2306 2268 2044
9 2268 2306 2307 2269 2045
9 2269 2307 2308 2270 2046
9 2270 2308 2309 2271 2047
9 2271 2309 2310 2272 2048
9 2272 2310 2311 2273 2049
9 2273 2311 2312 2274 2050
9 2274 2312 2313 2275 2051
9 2275 2313 2314 2276 2052
9 2276 2314 2315 2277 2053
9 2277 2315 2316 2278 2054
9 2278 2316 2317 2279 2055
9 2279 2317 2318 2280 2056
9 2280 2318 2319 2281 2057
9 2281 2319 2320 2282 2058
9 2282 2320 2321 2283 2059
9 2283 2321 2322 2284 2060
9 2284 2322 2323 2285 2061
9 2285 2323 2324 2286 2062
9 2286 2324 2325 2287 2063
9 2287 2325 2326 2288 2064
9 2288 2326 2327 2289 2065
9 2289 2327 211 210 2066
9 57 58 2328 2290 2067
9 2290 2328 2329 2291 2068
9 2291 2329 2330 2292 2069
9 2292 2330 2331 2293 2070
9 2293 2331 2332 2294 2071
9 2294 2332 2333 2295 2072
9 2295 2333 2334 2296 2073
9 2296 2334 2335 2297 2074
9 2297 2335 2336 2298 2075
9 2298 2336 2337 2299 2076
9 2299 2337 2338 2300 2077
9 2300 2338 2339 2301 2078
9 2301 2339 2340 2302 2079
9 2302 2340 2341 2303 2080
9 2303 2341 2342 2304 2081
9 2304 2342 2343 2305 2082
9 2305 2343 2344 2306 2083
9 2306 2344 2345 2307 2084
9 2307 2345 2346 2308 2085
9 2308 2346 2347 2309 2086
9 2309 2347 2348 2310 2087
9 2310 2348 2349 2311 2088
9 2311 2349 2350 2312 2089
9 2312 2350 2351 2313 2090
9 2313 2351 2352 2314 2091
9 2314 2352 2353 2315 2092
9 2315 2353 2354 2316 2093
9 2316 2354 2355 2317 2094
9 2317 2355 2356 2318 2095
9 2318 2356 2357 2319 2096
9 2319 2357 2358 2320 2097
9 2320 2358 2359 2321 2098
9 2321 2359 2360 2322 2099
9 2322 2360 2361 2323 2100
9 2323 2361 2362 2324 2101
9 2324 2362 2363 2325 2102
9 2325 2363 2364 2326 2103
9 2326 2364 2365 2327 2104
9 2327 2365 212 211 2105
9 58 59 2366 2328 2106
9 2328 2366 2367 2329 2107
9 2329 2367 2368 2330 2108
9 2330 2368 2369 2331 2109
9 2331 2369 2370 2332 2110
9 2332 2370 2371 2333 2111
9 2333 2371 2372 2334 2112
9 2334 2372 2373 2335 2113
9 2335 2373 2374 2336 2114
9 2336 2374 2375 2337 2115
9 2337 2375 2376 2338 2116
9 2338 2376 2377 2339 2117
9 2339 2377 2378 2340 2118
9 2340 2378 2379 2341 2119
9 2341 2379 2380 2342 2120
9 2342 2380 2381 2343 2121
9 2343 2381 2382 2344 2122
9 2344 2382 2383 2345 2123
9 2345 2383 2384 2346 2124
9 2346 2384 2385 2347 2125
9 2347 2385 2386 2348 2126
9 2348 2386 2387 2349 2127
9 2349 2387 2388 2350 2128
9 2350 2388 2389 2351 2129
9 2351 2389 2390 2352 2130
9 2352 2390 2391 2353 2131
9 2353 2391 2392 2354 2132
9 2354 2392 2393 2355 2133
9 2355 2393 2394 2356 2134
9 2356 2394 2395 2357 2135
9 2357 2395 2396 2358 2136
9 2358 2396 2397 2359 2137
9 2359 2397 2398 2360 2138
9 2360 2398 2399 2361 2139
9 2361 2399 2400 2362 2140
9 2362 2400 2401 2363 2141
9 2363 2401 2402 2364 2142
9 2364 2402 2403 2365 2143
9 2365 2403 213 212 2144
9 59 60 2404 2366 2145
9 2366 2404 2405 2367 2146
9 2367 2405 2406 2368 2147
9 2368 2406 2407 2369 2148
9 2369 2407 2408 2370 2149
9 2370 2408 2409 2371 2150
9 2371 2409 2410 2372 2151
9 2372 2410 2411 2373 2152
9 2373 2411 2412 2374 2153
9 2374 2412 2413 2375 2154
9 2375 2413 2414 2376 2155
9 2376 2414 2415 2377 2156
9 2377 2415 2416 2378 2157
9 2378 2416 2417 2379 2158
9 2379 2417 2418 2380 2159
9 2380 2418 2419 2381 2160
9 2381 2419 2420 2382 2161
9 2382 2420 2421 2383 2162
9 2383 2421 2422 2384 2163
9 2384 2422 2423 2385 2164
9 2385 2423 2424 2386 2165
9 2386 2424 2425 2387 2166
9 2387 2425 2426 2388 2167
9 2388 2426 2427 2389 2168
9 2389 2427 2428 2390 2169
9 2390 2428 2429 2391 2170
9 2391 2429 2430 2392 2171
9 2392 2430 2431 2393 2172
9 2393 2431 2432 2394 2173
9 2394 2432 2433 2395 2174
9 2395 2433 2434 2396 2175
9 2396 2434 2435 2397 2176
9 2397 2435 2436 2398 2177
9 2398 2436 2437 2399 2178
9 2399 2437 2438 2400 2179
9 2400 2438 2439 2401 2180
9 2401 2439 2440 2402 2181
9 2402 2440 2441 2403 2182
9 2403 2441 214 213 2183
9 60 61 2442 2404 2184
9 2404 2442 2443 2405 2185
9 2405 2443 2444 2406 2186
9 2406 2444 2445 2407 2187
9 2407 2445 2446 2408 2188
9 2408 2446 2447 2409 2189
9 2409 2447 2448 2410 2190
9 2410 2448 2449 2411 2191
9 2411 2449 2450 2412 2192
9 2412 2450 2451 2413 2193
9 2413 2451 2452 2414 2194
9 2414 2452 2453 2415 2195
9 2415 2453 2454 2416 2196
9 2416 2454 2455 2417 2197
9 2417 2455 2456 2418 2198
9 2418 2456 2457 2419 2199
9 2419 2457 2458 2420 2200
9 2420 2458 2459 2421 2201
9 2421 2459 2460 2422 2202
9 2422 2460 2461 2423 2203
9 2423 2461 2462 2424 2204
9 2424 2462 2463 2425 2205
9 2425 2463 2464 2426 2206
9 2426 2464 2465 2427 2207
9 2427 2465 2466 2428 2208
9 2428 2466 2467 2429 2209
9 2429 2467 2468 2430 2210
9 2430 2468 2469 2431 2211
9 2431 2469 2470 2432 2212
9 2432 2470 2471 2433 2213
9 2433 2471 2472 2434 2214
9 2434 2472 2473 2435 2215
9 2435 2473 2474 2436 2216
9 2436 2474 2475 2437 2217
9 2437 2475 2476 2438 2218
9 2438 2476 2477 2439 2219
9 2439 2477 2478 2440 2220
9 2440 2478 2479 2441 2221
9 2441 2479 215 214 2222
9 61 62 2480 2442 2223
9 2442 2480 2481 2443 2224
9 2443 2481 2482 2444 2225
9 2444 2482 2483 2445 2226
9 2445 2483 2484 2446 2227
9 2446 2484 2485 2447 2228
9 2447 2485 2486 2448 2229
9 2448 2486 2487 2449 2230
9 2449 2487 2488 2450 2231
9 2450 2488 2489 2451 2232
9 2451 2489 2490 2452 2233
9 2452 2490 2491 2453 2234
9 2453 2491 2492 2454 2235
9 2454 2492 2493 2455 2236
9 2455 2493 2494 2456 2237
9 2456 2494 2495 2457 2238
9 2457 2495 2496 2458 2239
9 2458 2496 2497 2459 2240
9 2459 2497 2498 2460 2241
9 2460 2498 2499 2461 2242
9 2461 2499 2500 2462 2243
9 2462 2500 2501 2463 2244
9 2463 2501 2502 2464 2245
9 2464 2502 2503 2465 2246
9 2465 2503 2504 2466 2247
9 2466 2504 2505 2467 2248
9 2467 2505 2506 2468 2249
9 2468 2506 2507 2469 2250
9 2469 2507 2508 2470 2251
9 2470 2508 2509 2471 2252
9 2471 2509 2510 2472 2253
9 2472 2510 2511 2473 2254
9 2473 2511 2512 2474 2255
9 2474 2512 2513 2475 2256
9 2475 2513 2514 2476 2257
9 2476 2514 2515 2477 2258
9 2477 2515 2516 2478 2259
9 2478 2516 2517 2479 2260
9 2479 2517 216 215 2261
9 62 63 2518 2480 2262
9 2480 2518 2519 2481 2263
9 2481 2519 2520 2482 2264
9 2482 2520 2521 2483 2265
9 2483 2521 2522 2484 2266
9 2484 2522 2523 2485 2267
9 2485 2523 2524 2486 2268
9 2486 2524 2525 2487 2269
9 2487 2525 2526 2488 2270
9 2488 2526 2527 2489 2271
9 2489 2527 2528 2490 2272
9 2490 2528 2529 2491 2273
9 2491 2529 2530 2492 2274
9 2492 2530 2531 2493 2275
9 2493 2531 2532 2494 2276
9 2494 2532 2533 2495 2277
9 2495 2533 2534 2496 2278
9 2496 2534 2535 2497 2279
9 2497 2535 2536 2498 2280
9 2498 2536 2537 2499 2281
9 2499 2537 2538 2500 2282
9 2500 2538 2539 2501 2283
9 2501 2539 2540 2502 2284
9 2502 2540 2541 2503 2285
9 2503 2541 2542 2504 2286
9 2504 2542 2543 2505 2287
9 2505 2543 2544 2506 2288
9 2506 2544 2545 2507 2289
9 2507 2545 2546 2508 2290
9 2508 2546 2547 2509 2291
9 2509 2547 2548 2510 2292
9 2510 2548 2549 2511 2293
9 2511 2549 2550 2512 2294
9 2512 2550 2551 2513 2295
9 2513 2551 2552 2514 2296
9 2514 2552 2553 2515 2297
9 2515 2553 2554 2516 2298
9 2516 2554 2555 2517 2299
9 2517 2555 217 216 2300
9 63 64 2556 2518 2301
9 2518 2556 2557 2519 2302
9 2519 2557 2558 2520 2303
9 2520 2558 2559 2521 2304
9 2521 2559 2560 2522 2305
9 2522 2560 2561 2523 2306
9 2523 2561 2562 2524 2307
9 2524 2562 2563 2525 2308
9 2525 2563 2564 2526 2309
9 2526 2564 2565 2527 2310
9 2527 2565 2566 2528 2311
9 2528 2566 2567 2529 2312
9 2529 2567 2568 2530 2313
9 2530 2568 2569 2531 2314
9 2531 2569 2570 2532 2315
9 2532 2570 2571 2533 2316
9 2533 2571 2572 2534 2317
9 2534 2572 2573 2535 2318
9 2535 2573 2574 2536 2319
9 2536 2574 2575 2537 2320
9 2537 2575 2576 2538 2321
9 2538 2576 2577 2539 2322
9 2539 2577 2578 2540 2323
9 2540 2578 2579 2541 2324
9 2541 2579 2580 2542 2325
9 2542 2580 2581 2543 2326
9 2543 2581 2582 2544 2327
9 2544 2582 2583 2545 2328
9 2545 2583 2584 2546 2329
9 2546 2584 2585 2547 2330
9 2547 2585 2586 2548 2331
9 2548 2586 2587 2549 2332
9 2549 2587 2588 2550 2333
9 2550 2588 2589 2551 2334
9 2551 2589 2590 2552 2335
9 2552 2590 2591 2553 2336
9 2553 2591 2592 2554 2337
9 2554 2592 2593 2555 2338
9 2555 2593 218 217 2339
9 64 65 2594 2556 2340
9 2556 2594 2595 2557 2341
9 2557 2595 2596 2558 2342
9 2558 2596 2597 2559 2343
9 2559 2597 2598 2560 2344
9 2560 2598 2599 2561 2345
9 2561 2599 2600 2562 2346
9 2562 2600 2601 2563 2347
9 2563 2601 2602 2564 2348
9 2564 2602 2603 2565 2349
9 2565 2603 2604 2566 2350
9 2566 2604 2605 2567 2351
9 2567 2605 2606 2568 2352
9 2568 2606 2607 2569 2353
9 2569 2607 2608 2570 2354
9 2570 2608 2609 2571 2355
9 2571 2609 2610 2572 2356
9 2572 2610 2611 2573 2357
9 2573 2611 2612 2574 2358
9 2574 2612 2613 2575 2359
9 2575 2613 2614 2576 2360
9 2576 2614 2615 2577 2361
9 2577 2615 2616 2578 2362
9 2578 2616 2617 2579 2363
9 2579 2617 2618 2580 2364
9 2580 2618 2619 2581 2365
9 2581 2619 2620 2582 2366
9 2582 2620 2621 2583 2367
9 2583 2621 2622 2584 2368
9 2584 2622 2623 2585 2369
9 2585 2623 2624 2586 2370
9 2586 2624 2625 2587 2371
9 2587 2625 2626 2588 2372
9 2588 2626 2627 2589 2373
9 2589 2627 2628 2590 2374
9 2590 2628 2629 2591 2375
9 2591 2629 2630 2592 2376
9 2592 2630 2631 2593 2377
9 2593 2631 219 218 2378
9 65 66 2632 2594 2379
9 2594 2632 2633 2595 2380
9 2595 2633 2634 2596 2381
9 2596 2634 2635 2597 2382
9 2597 2635 2636 2598 2383
9 2598 2636 2637 2599 2384
9 2599 2637 2638 2600 2385
9 2600 2638 2639 2601 2386
9 2601 2639 2640 2602 2387
9 2602 2640 2641 2603 2388
9 2603 2641 2642 2604 2389
9 2604 2642 2643 2605 2390
9 2605 2643 2644 2606 2391
9 2606 2644 2645 2607 2392
9 2607 2645 2646 2608 2393
9 2608 2646 2647 2609 2394
9 2609 2647 2648 2610 2395
9 2610 2648 2649 2611 2396
9 2611 2649 2650 2612 2397
9 2612 2650 2651 2613 2398
9 2613 2651 2652 2614 2399
9 2614 2652 2653 2615 2400
9 2615 2653 2654 2616 2401
9 2616 2654 2655 2617 2402
9 2617 2655 2656 2618 2403
9 2618 2656 2657 2619 2404
9 2619 2657 2658 2620 2405
9 2620 2658 2659 2621 2406
9 2621 2659 2660 2622 2407
9 2622 2660 2661 2623 2408
9 2623 2661 2662 2624 2409
9 2624 2662 2663 2625 2410
9 2625 2663 2664 2626 2411
9 2626 2664 2665 2627 2412
9 2627 2665 2666 2628 2413
9 2628 2666 2667 2629 2414
9 2629 2667 2668 2630 2415
9 2630 2668 2669 2631 2416
9 2631 2669 220 219 2417
9 66 67 2670 2632 2418
9 2632 2670 2671 2633 2419
9 2633 2671 2672 2634 2420
9 2634 2672 2673 2635 2421
9 2635 2673 2674 2636 2422
9 2636 2674 2675 2637 2423
9 2637 2675 2676 2638 2424
9 2638 2676 2677 2639 2425
9 2639 2677 2678 2640 2426
9 2640 2678 2679 2641 2427
9 2641 2679 2680 2642 2428
9 2642 2680 2681 2643 2429
9 2643 2681 2682 2644 2430
9 2644 2682 2683 2645 2431
9 2645 2683 2684 2646 2432
9 2646 2684 2685 2647 2433
9 2647 2685 2686 2648 2434
9 2648 2686 2687 2649 2435
9 2649 2687 2688 2650 2436
9 2650 2688 2689 2651 2437
9 2651 2689 2690 2652 2438
9 2652 2690 2691 2653 2439
9 2653 2691 2692 2654 2440
9 2654 2692 2693 2655 2441
9 2655 2693 2694 2656 2442
9 2656 2694 2695 2657 2443
9 2657 2695 2696 2658 2444
9 2658 2696 2697 2659 2445
9 2659 2697 2698 2660 2446
9 2660 2698 2699 2661 2447
9 2661 2699 2700 2662 2448
9 2662 2700 2701 2663 2449
9 2663 2701 2702 2664 2450
9 2664 2702 2703 2665 2451
9 2665 2703 2704 2666 2452
9 2666 2704 2705 2667 2453
9 2667 2705 2706 2668 2454
9 2668 2706 2707 2669 2455
9 2669 2707 221 220 2456
9 67 68 2708 2670 2457
9 2670 2708 2709 2671 2458
9 2671 2709 2710 2672 2459
9 2672 2710 2711 2673 2460
9 2673 2711 2712 2674 2461
9 2674 2712 2713 2675 2462
9 2675 2713 2714 2676 2463
9 2676 2714 2715 2677 2464
9 2677 2715 2716 2678 2465
9 2678 2716 2717 2679 2466
9 2679 2717 2718 2680 2467
9 2680 2718 2719 2681 2468
9 2681 2719 2720 2682 2469
9 2682 2720 2721 2683 2470
9 2683 2721 2722 2684 2471
9 2684 2722 2723 2685 2472
9 2685 2723 2724 2686 2473
9 2686 2724 2725 2687 2474
9 2687 2725 2726 2688 2475
9 2688 2726 2727 2689 2476
9 2689 2727 2728 2690 2477
9 2690 2728 2729 2691 2478
9 2691 2729 2730 2692 2479
9 2692 2730 2731 2693 2480
9 2693 2731 2732 2694 2481
9 2694 2732 2733 2695 2482
9 2695 2733 2734 2696 2483
9 2696 2734 2735 2697 2484
9 2697 2735 2736 2698 2485
9 2698 2736 2737 2699 2486
9 2699 2737 2738 2700 2487
9 2700 2738 2739 2701 2488
9 2701 2739 2740 2702 2489
9 2702 2740 2741 2703 2490
9 2703 2741 2742 2704 2491
9 2704 2742 2743 2705 2492
9 2705 2743 2744 2706 2493
9 2706 2744 2745 2707 2494
9 2707 2745 222 221 2495
9 68 69 2746 2708 2496
9 2708 2746 2747 2709 2497
9 2709 2747 2748 2710 2498
9 2710 2748 2749 2711 2499
9 2711 2749 2750 2712 2500
9 2712 2750 2751 2713 2501
9 2713 2751 2752 2714 2502
9 2714 2752 2753 2715 2503
9 2715 2753 2754 2716 2504
9 2716 2754 2755 2717 2505
9 2717 2755 2756 2718 2506
9 2718 2756 2757 2719 2507
9 2719 2757 2758 2720 2508
9 2720 2758 2759 2721 2509
9 2721 2759 2760 2722 2510
9 2722 2760 2761 2723 2511
9 2723 2761 2762 2724 2512
9 2724 2762 2763 2725 2513
9 2725 2763 2764 2726 2514
9 2726 2764 2765 2727 2515
9 2727 2765 2766 2728 2516
9 2728 2766 2767 2729 2517
9 2729 2767 2768 2730 2518
9 2730 2768 2769 2731 2519
9 2731 2769 2770 2732 2520
9 2732 2770 2771 2733 2521
9 2733 2771 2772 2734 2522
9 2734 2772 2773 2735 2523
9 2735 2773 2774 2736 2524
9 2736 2774 2775 2737 2525
9 2737 2775 2776 2738 2526
9 2738 2776 2777 2739 2527
9 2739 2777 2778 2740 2528
9 2740 2778 2779 2741 2529
9 2741 2779 2780 2742 2530
9 2742 2780 2781 2743 2531
9 2743 2781 2782 2744 2532
9 2744 2782 2783 2745 2533
9 2745 2783 223 222 2534
9 69 70 2784 2746 2535
9 2746 2784 2785 2747 2536
9 2747 2785 2786 2748 2537
9 2748 2786 2787 2749 2538
9 2749 2787 2788 2750 2539
9 2750 2788 2789 2751 2540
9 2751 2789 2790 2752 2541
9 2752 2790 2791 2753 2542
9 2753 2791 2792 2754 2543
9 2754 2792 2793 2755 2544
9 2755 2793 2794 2756 2545
9 2756 2794 2795 2757 2546
9 2757 2795 2796 2758 2547
9 2758 2796 2797 2759 2548
9 2759 2797 2798 2760 2549
9 2760 2798 2799 2761 2550
9 2761 2799 2800 2762 2551
9 2762 2800 2801 2763 2552
9 2763 2801 2802 2764 2553
9 2764 2802 2803 2765 2554
9 2765 2803 2804 2766 2555
9 2766 2804 2805 2767 2556
9 2767 2805 2806 2768 2557
9 2768 2806 2807 2769 2558
9 2769 2807 2808 2770 2559
9 2770 2808 2809 2771 2560
9 2771 2809 2810 2772 2561
9 2772 2810 2811 2773 2562
9 2773 2811 2812 2774 2563
9 2774 2812 2813 2775 2564
9 2775 2813 2814 2776 2565
9 2776 2814 2815 2777 2566
9 2777 2815 2816 2778 2567
9 2778 2816 2817 2779 2568
9 2779 2817 2818 2780 2569
9 2780 2818 2819 2781 2570
9 2781 2819 2820 2782 2571
9 2782 2820 2821 2783 2572
9 2783 2821 224 223 2573
9 70 71 2822 2784 2574
9 2784 2822 2823 2785 2575
9 2785 2823 2824 2786 2576
9 2786 2824 2825 2787 2577
9 2787 2825 2826 2788 2578
9 2788 2826 2827 2789 2579
9 2789 2827 2828 2790 2580
9 2790 2828 2829 2791 2581
9 2791 2829 2830 2792 2582
9 2792 2830 2831 2793 2583
9 2793 2831 2832 2794 2584
9 2794 2832 2833 2795 2585
9 2795 2833 2834 2796 2586
9 2796 2834 2835 2797 2587
9 2797 2835 2836 2798 2588
9 2798 2836 2837 2799 2589
9 2799 2837 2838 2800 2590
9 2800 2838 2839 2801 2591
9 2801 2839 2840 2802 2592
9 2802 2840 2841 2803 2593
9 2803 2841 2842 2804 2594
9 2804 2842 2843 2805 2595
9 2805 2843 2844 2806 2596
9 2806 2844 2845 2807 2597
9 2807 2845 2846 2808 2598
9 2808 2846 2847 2809 2599
9 2809 2847 2848 2810 2600
9 2810 2848 2849 2811 2601
9 2811 2849 2850 2812 2602
9 2812 2850 2851 2813 2603
9 2813 2851 2852 2814 2604
9 2814 2852 2853 2815 2605
9 2815 2853 2854 2816 2606
9 2816 2854 2855 2817 2607
9 2817 2855 2856 2818 2608
9 2818 2856 2857 2819 2609
9 2819 2857 2858 2820 2610
9 2820 2858 2859 2821 2611
9 2821 2859 225 224 2612
9 71 72 2860 2822 2613
9 2822 2860 2861 2823 2614
9 2823 2861 2862 2824 2615
9 2824 2862 2863 2825 2616
9 2825 2863 2864 2826 2617
9 2826 2864 2865 2827 2618
9 2827 2865 2866 2828 2619
9 2828 2866 2867 2829 2620
9 2829 2867 2868 2830 2621
9 2830 2868 2869 2831 2622
9 2831 2869 2870 2832 2623
9 2832 2870 2871 2833 2624
9 2833 2871 2872 2834 2625
9 2834 2872 2873 2835 2626
9 2835 2873 2874 2836 2627
9 2836 2874 2875 2837 2628
9 2837 2875 2876 2838 2629
9 2838 2876 2877 2839 2630
9 2839 2877 2878 2840 2631
9 2840 2878 2879 2841 2632
9 2841 2879 2880 2842 2633
9 2842 2880 2881 2843 2634
9 2843 2881 2882 2844 2635
9 2844 2882 2883 2845 2636
9 2845 2883 2884 2846 2637
9 2846 2884 2885 2847 2638
9 2847 2885 2886 2848 2639
9 2848 2886 2887 2849 2640
9 2849 2887 2888 2850 2641
9 2850 2888 2889 2851 2642
9 2851 2889 2890 2852 2643
9 2852 2890 2891 2853 2644
9 2853 2891 2892 2854 2645
9 2854 2892 2893 2855 2646
9 2855 2893 2894 2856 2647
9 2856 2894 2895 2857 2648
9 2857 2895 2896 2858 2649
9 2858 2896 2897 2859 2650
9 2859 2897 226 225 2651
9 72 73 2898 2860 2652
9 2860 2898 2899 2861 2653
9 2861 2899 2900 2862 2654
9 2862 2900 2901 2863 2655
9 2863 2901 2902 2864 2656
9 2864 2902 2903 2865 2657
9 2865 2903 2904 2866 2658
9 2866 2904 2905 2867 2659
9 2867 2905 2906 2868 2660
9 2868 2906 2907 2869 2661
9 2869 2907 2908 2870 2662
9 2870 2908 2909 2871 2663
9 2871 2909 2910 2872 2664
9 2872 2910 2911 2873 2665
9 2873 2911 2912 2874 2666
9 2874 2912 2913 2875 2667
9 2875 2913 2914 2876 2668
9 2876 2914 2915 2877 2669
9 2877 2915 2916 2878 2670
9 2878 2916 2917 2879 2671
9 2879 2917 2918 2880 2672
9 2880 2918 2919 2881 2673
9 2881 2919 2920 2882 2674
9 2882 2920 2921 2883 2675
9 2883 2921 2922 2884 2676
9 2884 2922 2923 2885 2677
9 2885 2923 2924 2886 2678
9 2886 2924 2925 2887 2679
9 2887 2925 2926 2888 2680
9 2888 2926 2927 2889 2681
9 2889 2927 2928 2890 2682
9 2890 2928 2929 2891 2683
9 2891 2929 2930 2892 2684
9 2892 2930 2931 2893 2685
9 2893 2931 2932 2894 2686
9 2894 2932 2933 2895 2687
9 2895 2933 2934 2896 2688
9 2896 2934 2935 2897 2689
9 2897 2935 227 226 2690
9 73 74 2936 2898 2691
9 2898 2936 2937 2899 2692
9 2899 2937 2938 2900 2693
9 2900 2938 2939 2901 2694
9 2901 2939 2940 2902 2695
9 2902 2940 2941 2903 2696
9 2903 2941 2942 2904 2697
9 2904 2942 2943 2905 2698
9 2905 2943 2944 2906 2699
9 2906 2944 2945 2907 2700
9 2907 2945 2946 2908 2701
9 2908 2946 2947 2909 2702
9 2909 2947 2948 2910 2703
9 2910 2948 2949 2911 2704
9 2911 2949 2950 2912 2705
9 2912 2950 2951 2913 2706
9 2913 2951 2952 2914 2707
9 2914 2952 2953 2915 2708
9 2915 2953 2954 2916 2709
9 2916 2954 2955 2917 2710
9 2917 2955 2956 2918 2711
9 2918 2956 2957 2919 2712
9 2919 2957 2958 2920 2713
9 2920 2958 2959 2921 2714
9 2921 2959 2960 2922 2715
9 2922 2960 2961 2923 2716
9 2923 2961 2962 2924 2717
9 2924 2962 2963 2925 2718
9 2925 2963 2964 2926 2719
9 2926 2964 2965 2927 2720
9 2927 2965 2966 2928 2721
9 2928 2966 2967 2929 2722
9 2929 2967 2968 2930 2723
9 2930 2968 2969 2931 2724
9 2931 2969 2970 2932 2725
9 2932 2970 2971 2933 2726
9 2933 2971 2972 2934 2727
9 2934 2972 2973 2935 2728
9 2935 2973 228 227 2729
9 74 75 2974 2936 2730
9 2936 2974 2975 2937 2731
9 2937 2975 2976 2938 2732
9 2938 2976 2977 2939 2733
9 2939 2977 2978 2940 2734
9 2940 2978 2979 2941 2735
9 2941 2979 2980 2942 2736
9 2942 2980 2981 2943 2737
9 2943 2981 2982 2944 2738
9 2944 2982 2983 2945 2739
9 2945 2983 2984 2946 2740
9 2946 2984 2985 2947 2741
9 2947 2985 2986 2948 2742
9 2948 2986 2987 2949 2743
9 2949 2987 2988 2950 2744
9 2950 2988 2989 2951 2745
9 2951 2989 2990 2952 2746
9 2952 2990 2991 2953 2747
9 2953 2991 2992 2954 2748
9 2954 2992 2993 2955 2749
9 2955 2993 2994 2956 2750
9 2956 2994 2995 2957 2751
9 2957 2995 2996 2958 2752
9 2958 2996 2997 2959 2753
9 2959 2997 2998 2960 2754
9 2960 2998 2999 2961 2755
9 2961 2999 3000 2962 2756
9 2962 3000 3001 2963 2757
9 2963 3001 3002 2964 2758
9 2964 3002 3003 2965 2759
9 2965 3003 3004 2966 2760
9 2966 3004 3005 2967 2761
9 2967 3005 3006 2968 2762
9 2968 3006 3007 2969 2763
9 2969 3007 3008 2970 2764
9 2970 3008 3009 2971 2765
9 2971 3009 3010 2972 2766
9 2972 3010 3011 2973 2767
9 2973 3011 229 228 2768
9 75 76 3012 2974 2769
9 2974 3012 3013 2975 2770
9 2975 3013 3014 2976 2771
9 2976 3014 3015 2977 2772
9 2977 3015 3016 2978 2773
9 2978 3016 3017 2979 2774
9 2979 3017 3018 2980 2775
9 2980 3018 3019 2981 2776
9 2981 3019 3020 2982 2777
9 2982 3020 3021 2983 2778
9 2983 3021 3022 2984 2779
9 2984 3022 3023 2985 2780
9 2985 3023 3024 2986 2781
9 2986 3024 3025 2987 2782
9 2987 3025 3026 2988 2783
9 2988 3026 3027 2989 2784
9 2989 3027 3028 2990 2785
9 2990 3028 3029 2991 2786
9 2991 3029 3030 2992 2787
9 2992 3030 3031 2993 2788
9 2993 3031 3032 2994 2789
9 2994 3032 3033 2995 2790
9 2995 3033 3034 2996 2791
9 2996 3034 3035 2997 2792
9 2997 3035 3036 2998 2793
9 2998 3036 3037 2999 2794
9 2999 3037 3038 3000 2795
9 3000 3038 3039 3001 2796
9 3001 3039 3040 3002 2797
9 3002 3040 3041 3003 2798
9 3003 3041 3042 3004 2799
9 3004 3042 3043 3005 2800
9 3005 3043 3044 3006 2801
9 3006 3044 3045 3007 2802
9 3007 3045 3046 3008 2803
9 3008 3046 3047 3009 2804
9 3009 3047 3048 3010 2805
9 3010 3048 3049 3011 2806
9 3011 3049 230 229 2807
9 76 77 3050 3012 2808
9 3012 3050 3051 3013 2809
9 3013 3051 3052 3014 2810
9 3014 3052 3053 3015 2811
9 3015 3053 3054 3016 2812
9 3016 3054 3055 3017 2813
9 3017 3055 3056 3018 2814
9 3018 3056 3057 3019 2815
9 3019 3057 3058 3020 2816
9 3020 3058 3059 3021 2817
9 3021 3059 3060 3022 2818
9 3022 3060 3061 3023 2819
9 3023 3061 3062 3024 2820
9 3024 3062 3063 3025 2821
9 3025 3063 3064 3026 2822
9 3026 3064 3065 3027 2823
9 3027 3065 3066 3028 2824
9 3028 3066 3067 3029 2825
9 3029 3067 3068 3030 2826
9 3030 3068 3069 3031 2827
9 3031 3069 3070 3032 2828
9 3032 3070 3071 3033 2829
9 3033 3071 3072 3034 2830
9 3034 3072 3073 3035 2831
9 3035 3073 3074 3036 2832
9 3036 3074 3075 3037 2833
9 3037 3075 3076 3038 2834
9 3038 3076 3077 3039 2835
9 3039 3077 3078 3040 2836
9 3040 3078 3079 3041 2837
9 3041 3079 3080 3042 2838
9 3042 3080 3081 3043 2839
9 3043 3081 3082 3044 2840
9 3044 3082 3083 3045 2841
9 3045 3083 3084 3046 2842
9 3046 3084 3085 3047 2843
9 3047 3085 3086 3048 2844
9 3048 3086 3087 3049 2845
9 3049 3087 231 230 2846
9 77 78 3088 3050 2847
9 3050 3088 3089 3051 2848
9 3051 3089 3090 3052 2849
9 3052 3090 3091 3053 2850
9 3053 3091 3092 3054 2851
9 3054 3092 3093 3055 2852
9 3055 3093 3094 3056 2853
9 3056 3094 3095 3057 2854
9 3057 3095 3096 3058 2855
9 3058 3096 3097 3059 2856
9 3059 3097 3098 3060 2857
9 3060 3098 3099 3061 2858
9 3061 3099 3100 3062 2859
9 3062 3100 3101 3063 2860
9 3063 3101 3102 3064 2861
9 3064 3102 3103 3065 2862
9 3065 3103 3104 3066 2863
9 3066 3104 3105 3067 2864
9 3067 3105 3106 3068 2865
9 3068 3106 3107 3069 2866
9 3069 3107 3108 3070 2867
9 3070 3108 3109 3071 2868
9 3071 3109 3110 3072 2869
9 3072 3110 3111 3073 2870
9 3073 3111 3112 3074 2871
9 3074 3112 3113 3075 2872
9 3075 3113 3114 3076 2873
9 3076 3114 3115 3077 2874
9 3077 3115 3116 3078 2875
9 3078 3116 3117 3079 2876
9 3079 3117 3118 3080 2877
9 3080 3118 3119 3081 2878
9 3081 3119 3120 3082 2879
9 3082 3120 3121 3083 2880
9 3083 3121 3122 3084 2881
9 3084 3122 3123 3085 2882
9 3085 3123 3124 3086 2883
9 3086 3124 3125 3087 2884
9 3087 3125 232 231 2885
9 78 79 3126 3088 2886
9 3088 3126 3127 3089 2887
9 3089 3127 3128 3090 2888
9 3090 3128 3129 3091 2889
9 3091 3129 3130 3092 2890
9 3092 3130 3131 3093 2891
9 3093 3131 3132 3094 2892
9 3094 3132 3133 3095 2893
9 3095 3133 3134 3096 2894
9 3096 3134 3135 3097 2895
9 3097 3135 3136 3098 2896
9 3098 3136 3137 3099 2897
9 3099 3137 3138 3100 2898
9 3100 3138 3139 3101 2899
9 3101 3139 3140 3102 2900
9 3102 3140 3141 3103 2901
9 3103 3141 3142 3104 2902
9 3104 3142 3143 3105 2903
9 3105 3143 3144 3106 2904
9 3106 3144 3145 3107 2905
9 3107 3145 3146 3108 2906
9 3108 3146 3147 3109 2907
9 3109 3147 3148 3110 2908
9 3110 3148 3149 3111 2909
9 3111 3149 3150 3112 2910
9 3112 3150 3151 3113 2911
9 3113 3151 3152 3114 2912
9 3114 3152 3153 3115 2913
9 3115 3153 3154 3116 2914
9 3116 3154 3155 3117 2915
9 3117 3155 3156 3118 2916
9 3118 3156 3157 3119 2917
9 3119 3157 3158 3120 2918
9 3120 3158 3159 3121 2919
9 3121 3159 3160 3122 2920
9 3122 3160 3161 3123 2921
9 3123 3161 3162 3124 2922
9 3124 3162 3163 3125 2923
9 3125 3163 233 232 2924
9 79 80 3164 3126 2925
9 3126 3164 3165 3127 2926
9 3127 3165 3166 3128 2927
9 3128 3166 3167 3129 2928
9 3129 3167 3168 3130 2929
9 3130 3168 3169 3131 2930
9 3131 3169 3170 3132 2931
9 3132 3170 3171 3133 2932
9 3133 3171 3172 3134 2933
9 3134 3172 3173 3135 2934
9 3135 3173 3174 3136 2935
9 3136 3174 3175 3137 2936
9 3137 3175 3176 3138 2937
9 3138 3176 3177 3139 2938
9 3139 3177 3178 3140 2939
9 3140 3178 3179 3141 2940
9 3141 3179 3180 3142 2941
9 3142 3180 3181 3143 2942
9 3143 3181 3182 3144 2943
9 3144 3182 3183 3145 2944
9 3145 3183 3184 3146 2945
9 3146 3184 3185 3147 2946
9 3147 3185 3186 3148 2947
9 3148 3186 3187 3149 2948
9 3149 3187 3188 3150 2949
9 3150 3188 3189 3151 2950
9 3151 3189 3190 3152 2951
9 3152 3190 3191 3153 2952
9 3153 3191 3192 3154 2953
9 3154 3192 3193 3155 2954
9 3155 3193 3194 3156 2955
9 3156 3194 3195 3157 2956
9 3157 3195 3196 3158 2957
9 3158 3196 3197 3159 2958
9 3159 3197 3198 3160 2959
9 3160 3198 3199 3161 2960
9 3161 3199 3200 3162 2961
9 3162 3200 3201 3163 2962
9 3163 3201 234 233 2963
9 80 81 3202 3164 2964
9 3164 3202 3203 3165 2965
9 3165 3203 3204 3166 2966
9 3166 3204 3205 3167 2967
9 3167 3205 3206 3168 2968
9 3168 3206 3207 3169 2969
9 3169 3207 3208 3170 2970
9 3170 3208 3209 3171 2971
9 3171 3209 3210 3172 2972
9 3172 3210 3211 3173 2973
9 3173 3211 3212 3174 2974
9 3174 3212 3213 3175 2975
9 3175 3213 3214 3176 2976
9 3176 3214 3215 3177 2977
9 3177 3215 3216 3178 2978
9 3178 3216 3217 3179 2979
9 3179 3217 3218 3180 2980
9 3180 3218 3219 3181 2981
9 3181 3219 3220 3182 2982
9 3182 3220 3221 3183 2983
9 3183 3221 3222 3184 2984
9 3184 3222 3223 3185 2985
9 3185 3223 3224 3186 2986
9 3186 3224 3225 3187 2987
9 3187 3225 3226 3188 2988
9 3188 3226 3227 3189 2989
9 3189 3227 3228 3190 2990
9 3190 3228 3229 3191 2991
9 3191 3229 3230 3192 2992
9 3192 3230 3231 3193 2993
9 3193 3231 3232 3194 2994
9 3194 3232 3233 3195 2995
9 3195 3233 3234 3196 2996
9 3196 3234 3235 3197 2997
9 3197 3235 3236 3198 2998
9 3198 3236 3237 3199 2999
9 3199 3237 3238 3200 3000
9 3200 3238 3239 3201 3001
9 3201 3239 235 234 3002
9 81 82 3240 3202 3003
9 3202 3240 3241 3203 3004
9 3203 3241 3242 3204 3005
9 3204 3242 3243 3205 3006
9 3205 3243 3244 3206 3007
9 3206 3244 3245 3207 3008
9 3207 3245 3246 3208 3009
9 3208 3246 3247 3209 3010
9 3209 3247 3248 3210 3011
9 3210 3248 3249 3211 3012
9 3211 3249 3250 3212 3013
9 3212 3250 3251 3213 3014
9 3213 3251 3252 3214 3015
9 3214 3252 3253 3215 3016
9 3215 3253 3254 3216 3017
9 3216 3254 3255 3217 3018
9 3217 3255 3256 3218 3019
9 3218 3256 3257 3219 3020
9 3219 3257 3258 3220 3021
9 3220 3258 3259 3221 3022
9 3221 3259 3260 3222 3023
9 3222 3260 3261 3223 3024
9 3223 3261 3262 3224 3025
9 3224 3262 3263 3225 3026
9 3225 3263 3264 3226 3027
9 3226 3264 3265 3227 3028
9 3227 3265 3266 3228 3029
9 3228 3266 3267 3229 3030
9 3229 3267 3268 3230 3031
9 3230 3268 3269 3231 3032
9 3231 3269 3270 3232 3033
9 3232 3270 3271 3233 3034
9 3233 3271 3272 3234 3035
9 3234 3272 3273 3235 3036
9 3235 3273 3274 3236 3037
9 3236 3274 3275 3237 3038
9 3237 3275 3276 3238 3039
9 3238 3276 3277 3239 3040
9 3239 3277 236 235 3041
9 82 83 3278 3240 3042
9 3240 3278 3279 3241 3043
9 3241 3279 3280 3242 3044
9 3242 3280 3281 3243 3045
9 3243 3281 3282 3244 3046
9 3244 3282 3283 3245 3047
9 3245 3283 3284 3246 3048
9 3246 3284 3285 3247 3049
9 3247 3285 3286 3248 3050
9 3248 3286 3287 3249 3051
9 3249 3287 3288 3250 3052
9 3250 3288 3289 3251 3053
9 3251 3289 3290 3252 3054
9 3252 3290 3291 3253 3055
9 3253 3291 3292 3254 3056
9 3254 3292 3293 3255 3057
9 3255 3293 3294 3256 3058
9 3256 3294 3295 3257 3059
9 3257 3295 3296 3258 3060
9 3258 3296 3297 3259 3061
9 3259 3297 3298 3260 3062
9 3260 3298 3299 3261 3063
9 3261 3299 3300 3262 3064
9 3262 3300 3301 3263 3065
9 3263 3301 3302 3264 3066
9 3264 3302 3303 3265 3067
9 3265 3303 3304 3266 3068
9 3266 3304 3305 3267 3069
9 3267 3305 3306 3268 3070
9 3268 3306 3307 3269 3071
9 3269 3307 3308 3270 3072
9 3270 3308 3309 3271 3073
9 3271 3309 3310 3272 3074
9 3272 3310 3311 3273 3075
9 3273 3311 3312 3274 3076
9 3274 3312 3313 3275 3077
9 3275 3313 3314 3276 3078
9 3276 3314 3315 3277 3079
9 3277 3315 237 236 3080
9 83 84 3316 3278 3081
9 3278 3316 3317 3279 3082
9 3279 3317 3318 3280 3083
9 3280 3318 3319 3281 3084
9 3281 3319 3320 3282 3085
9 3282 3320 3321 3283 3086
9 3283 3321 3322 3284 3087
9 3284 3322 3323 3285 3088
9 3285 3323 3324 3286 3089
9 3286 3324 3325 3287 3090
9 3287 3325 3326 3288 3091
9 3288 3326 3327 3289 3092
9 3289 3327 3328 3290 3093
9 3290 3328 3329 3291 3094
9 3291 3329 3330 3292 3095
9 3292 3330 3331 3293 3096
9 3293 3331 3332 3294 3097
9 3294 3332 3333 3295 3098
9 3295 3333 3334 3296 3099
9 3296 3334 3335 3297 3100
9 3297 3335 3336 3298 3101
9 3298 3336 3337 3299 3102
9 3299 3337 3338 3300 3103
9 3300 3338 3339 3301 3104
9 3301 3339 3340 3302 3105
9 3302 3340 3341 3303 3106
9 3303 3341 3342 3304 3107
9 3304 3342 3343 3305 3108
9 3305 3343 3344 3306 3109
9 3306 3344 3345 3307 3110
9 3307 3345 3346 3308 3111
9 3308 3346 3347 3309 3112
9 3309 3347 3348 3310 3113
9 3310 3348 3349 3311 3114
9 3311 3349 3350 3312 3115
9 3312 3350 3351 3313 3116
9 3313 3351 3352 3314 3117
9 3314 3352 3353 3315 3118
9 3315 3353 238 237 3119
9 84 85 3354 3316 3120
9 3316 3354 3355 3317 3121
9 3317 3355 3356 3318 3122
9 3318 3356 3357 3319 3123
9 3319 3357 3358 3320 3124
9 3320 3358 3359 3321 3125
9 3321 3359 3360 3322 3126
9 3322 3360 3361 3323 3127
9 3323 3361 3362 3324 3128
9 3324 3362 3363 3325 3129
9 3325 3363 3364 3326 3130
9 3326 3364 3365 3327 3131
9 3327 3365 3366 3328 3132
9 3328 3366 3367 3329 3133
9 3329 3367 3368 3330 3134
9 3330 3368 3369 3331 3135
9 3331 3369 3370 3332 3136
9 3332 3370 3371 3333 3137
9 3333 3371 3372 3334 3138
9 3334 3372 3373 3335 3139
9 3335 3373 3374 3336 3140
9 3336 3374 3375 3337 3141
9 3337 3375 3376 3338 3142
9 3338 3376 3377 3339 3143
9 3339 3377 3378 3340 3144
9 3340 3378 3379 3341 3145
9 3341 3379 3380 3342 3146
9 3342 3380 3381 3343 3147
9 3343 3381 3382 3344 3148
9 3344 3382 3383 3345 3149
9 3345 3383 3384 3346 3150
9 3346 3384 3385 3347 3151
9 3347 3385 3386 3348 3152
9 3348 3386 3387 3349 3153
9 3349 3387 3388 3350 3154
9 3350 3388 3389 3351 3155
9 3351 3389 3390 3352 3156
9 3352 3390 3391 3353 3157
9 3353 3391 239 238 3158
9 85 86 3392 3354 3159
9 3354 3392 3393 3355 3160
9 3355 3393 3394 3356 3161
9 3356 3394 3395 3357 3162
9 3357 3395 3396 3358 3163
9 3358 3396 3397 3359 3164
9 3359 3397 3398 3360 3165
9 3360 3398 3399 3361 3166
9 3361 3399 3400 3362 3167
9 3362 3400 3401 3363 3168
9 3363 3401 3402 3364 3169
9 3364 3402 3403 3365 3170
9 3365 3403 3404 3366 3171
9 3366 3404 3405 3367 3172
9 3367 3405 3406 3368 3173
9 3368 3406 3407 3369 3174
9 3369 3407 3408 3370 3175
9 3370 3408 3409 3371 3176
9 3371 3409 3410 3372 3177
9 3372 3410 3411 3373 3178
9 3373 3411 3412 3374 3179
9 3374 3412 3413 3375 3180
9 3375 3413 3414 3376 3181
9 3376 3414 3415 3377 3182
9 3377 3415 3416 3378 3183
9 3378 3416 3417 3379 3184
9 3379 3417 3418 3380 3185
9 3380 3418 3419 3381 3186
9 3381 3419 3420 3382 3187
9 3382 3420 3421 3383 3188
9 3383 3421 3422 3384 3189
9 3384 3422 3423 3385 3190
9 3385 3423 3424 3386 3191
9 3386 3424 3425 3387 3192
9 3387 3425 3426 3388 3193
9 3388 3426 3427 3389 3194
9 3389 3427 3428 3390 3195
9 3390 3428 3429 3391 3196
9 3391 3429 240 239 3197
9 86 87 3430 3392 3198
9 3392 3430 3431 3393 3199
9 3393 3431 3432 3394 3200
9 3394 3432 3433 3395 3201
9 3395 3433 3434 3396 3202
9 3396 3434 3435 3397 3203
9 3397 3435 3436 3398 3204
9 3398 3436 3437 3399 3205
9 3399 3437 3438 3400 3206
9 3400 3438 3439 3401 3207
9 3401 3439 3440 3402 3208
9 3402 3440 3441 3403 3209
9 3403 3441 3442 3404 3210
9 3404 3442 3443 3405 3211
9 3405 3443 3444 3406 3212
9 3406 3444 3445 3407 3213
9 3407 3445 3446 3408 3214
9 3408 3446 3447 3409 3215
9 3409 3447 3448 3410 3216
9 3410 3448 3449 3411 3217
9 3411 3449 3450 3412 3218
9 3412 3450 3451 3413 3219
9 3413 3451 3452 3414 3220
9 3414 3452 3453 3415 3221
9 3415 3453 3454 3416 3222
9 3416 3454 3455 3417 3223
9 3417 3455 3456 3418 3224
9 3418 3456 3457 3419 3225
9 3419 3457 3458 3420 3226
9 3420 3458 3459 3421 3227
9 3421 3459 3460 3422 3228
9 3422 3460 3461 3423 3229
9 3423 3461 3462 3424 3230
9 3424 3462 3463 3425 3231
9 3425 3463 3464 3426 3232
9 3426 3464 3465 3427 3233
9 3427 3465 3466 3428 3234
9 3428 3466 3467 3429 3235
9 3429 3467 241 240 3236
9 87 88 3468 3430 3237
9 3430 3468 3469 3431 3238
9 3431 3469 3470 3432 3239
9 3432 3470 3471 3433 3240
9 3433 3471 3472 3434 3241
9 3434 3472 3473 3435 3242
9 3435 3473 3474 3436 3243
9 3436 3474 3475 3437 3244
9 3437 3475 3476 3438 3245
9 3438 3476 3477 3439 3246
9 3439 3477 3478 3440 3247
9 3440 3478 3479 3441 3248
9 3441 3479 3480 3442 3249
9 3442 3480 3481 3443 3250
9 3443 3481 3482 3444 3251
9 3444 3482 3483 3445 3252
9 3445 3483 3484 3446 3253
9 3446 3484 3485 3447 3254
9 3447 3485 3486 3448 3255
9 3448 3486 3487 3449 3256
9 3449 3487 3488 3450 3257
9 3450 3488 3489 3451 3258
9 3451 3489 3490 3452 3259
9 3452 3490 3491 3453 3260
9 3453 3491 3492 3454 3261
9 3454 3492 3493 3455 3262
9 3455 3493 3494 3456 3263
9 3456 3494 3495 3457 3264
9 3457 3495 3496 3458 3265
9 3458 3496 3497 3459 3266
9 3459 3497 3498 3460 3267
9 3460 3498 3499 3461 3268
9 3461 3499 3500 3462 3269
9 3462 3500 3501 3463 3270
9 3463 3501 3502 3464 3271
9 3464 3502 3503 3465 3272
9 3465 3503 3504 3466 3273
9 3466 3504 3505 3467 3274
9 3467 3505 242 241 3275
9 88 89 3506 3468 3276
9 3468 3506 3507 3469 3277
9 3469 3507 3508 3470 3278
9 3470 3508 3509 3471 3279
9 3471 3509 3510 3472 3280
9 3472 3510 3511 3473 3281
9 3473 3511 3512 3474 3282
9 3474 3512 3513 3475 3283
9 3475 3513 3514 3476 3284
9 3476 3514 3515 3477 3285
9 3477 3515 3516 3478 3286
9 3478 3516 3517 3479 3287
9 3479 3517 3518 3480 3288
9 3480 3518 3519 3481 3289
9 3481 3519 3520 3482 3290
9 3482 3520 3521 3483 3291
9 3483 3521 3522 3484 3292
9 3484 3522 3523 3485 3293
9 3485 3523 3524 3486 3294
9 3486 3524 3525 3487 3295
9 3487 3525 3526 3488 3296
9 3488 3526 3527 3489 3297
9 3489 3527 3528 3490 3298
9 3490 3528 3529 3491 3299
9 3491 3529 3530 3492 3300
9 3492 3530 3531 3493 3301
9 3493 3531 3532 3494 3302
9 3494 3532 3533 3495 3303
9 3495 3533 3534 3496 3304
9 3496 3534 3535 3497 3305
9 3497 3535 3536 3498 3306
9 3498 3536 3537 3499 3307
9 3499 3537 3538 3500 3308
9 3500 3538 3539 3501 3309
9 3501 3539 3540 3502 3310
9 3502 3540 3541 3503 3311
9 3503 3541 3542 3504 3312
9 3504 3542 3543 3505 3313
9 3505 3543 243 242 3314
9 89 90 3544 3506 3315
9 3506 3544 3545 3507 3316
9 3507 3545 3546 3508 3317
9 3508 3546 3547 3509 3318
9 3509 3547 3548 3510 3319
9 3510 3548 3549 3511 3320
9 3511 3549 3550 3512 3321
9 3512 3550 3551 3513 3322
9 3513 3551 3552 3514 3323
9 3514 3552 3553 3515 3324
9 3515 3553 3554 3516 3325
9 3516 3554 3555 3517 3326
9 3517 3555 3556 3518 3327
9 3518 3556 3557 3519 3328
9 3519 3557 3558 3520 3329
9 3520 3558 3559 3521 3330
9 3521 3559 3560 3522 3331
9 3522 3560 3561 3523 3332
9 3523 3561 3562 3524 3333
9 3524 3562 3563 3525 3334
9 3525 3563 3564 3526 3335
9 3526 3564 3565 3527 3336
9 3527 3565 3566 3528 3337
9 3528 3566 3567 3529 3338
9 3529 3567 3568 3530 3339
9 3530 3568 3569 3531 3340
9 3531 3569 3570 3532 3341
9 3532 3570 3571 3533 3342
9 3533 3571 3572 3534 3343
9 3534 3572 3573 3535 3344
9 3535 3573 3574 3536 3345
9 3536 3574 3575 3537 3346
9 3537 3575 3576 3538 3347
9 3538 3576 3577 3539 3348
9 3539 3577 3578 3540 3349
9 3540 3578 3579 3541 3350
9 3541 3579 3580 3542 3351
9 3542 3580 3581 3543 3352
9 3543 3581 244 243 3353
9 90 91 3582 3544 3354
9 3544 3582 3583 3545 3355
9 3545 3583 3584 3546 3356
9 3546 3584 3585 3547 3357
9 3547 3585 3586 3548 3358
9 3548 3586 3587 3549 3359
9 3549 3587 3588 3550 3360
9 3550 3588 3589 3551 3361
9 3551 3589 3590 3552 3362
9 3552 3590 3591 3553 3363
9 3553 3591 3592 3554 3364
9 3554 3592 3593 3555 3365
9 3555 3593 3594 3556 3366
9 3556 3594 3595 3557 3367
9 3557 3595 3596 3558 3368
9 3558 3596 3597 3559 3369
9 3559 3597 3598 3560 3370
9 3560 3598 3599 3561 3371
9 3561 3599 3600 3562 3372
9 3562 3600 3601 3563 3373
9 3563 3601 3602 3564 3374
9 3564 3602 3603 3565 3375
9 3565 3603 3604 3566 3376
9 3566 3604 3605 3567 3377
9 3567 3605 3606 3568 3378
9 3568 3606 3607 3569 3379
9 3569 3607 3608 3570 3380
9 3570 3608 3609 3571 3381
9 3571 3609 3610 3572 3382
9 3572 3610 3611 3573 3383
9 3573 3611 3612 3574 3384
9 3574 3612 3613 3575 3385
9 3575 3613 3614 3576 3386
9 3576 3614 3615 3577 3387
9 3577 3615 3616 3578 3388
9 3578 3616 3617 3579 3389
9 3579 3617 3618 3580 3390
9 3580 3618 3619 3581 3391
9 3581 3619 245 244 3392
9 91 92 3620 3582 3393
9 3582 3620 3621 3583 3394
9 3583 3621 3622 3584 3395
9 3584 3622 3623 3585 3396
9 3585 3623 3624 3586 3397
9 3586 3624 3625 3587 3398
9 3587 3625 3626 3588 3399
9 3588 3626 3627 3589 3400
9 3589 3627 3628 3590 3401
9 3590 3628 3629 3591 3402
9 3591 3629 3630 3592 3403
9 3592 3630 3631 3593 3404
9 3593 3631 3632 3594 3405
9 3594 3632 3633 3595 3406
9 3595 3633 3634 3596 3407
9 3596 3634 3635 3597 3408
9 3597 3635 3636 3598 3409
9 3598 3636 3637 3599 3410
9 3599 3637 3638 3600 3411
9 3600 3638 3639 3601 3412
9 3601 3639 3640 3602 3413
9 3602 3640 3641 3603 3414
9 3603 3641 3642 3604 3415
9 3604 3642 3643 3605 3416
9 3605 3643 3644 3606 3417
9 3606 3644 3645 3607 3418
9 3607 3645 3646 3608 3419
9 3608 3646 3647 3609 3420
9 3609 3647 3648 3610 3421
9 3610 3648 3649 3611 3422
9 3611 3649 3650 3612 3423
9 3612 3650 3651 3613 3424
9 3613 3651 3652 3614 3425
9 3614 3652 3653 3615 3426
9 3615 3653 3654 3616 3427
9 3616 3654 3655 3617 3428
9 3617 3655 3656 3618 3429
9 3618 3656 3657 3619 3430
9 3619 3657 246 245 3431
9 92 93 3658 3620 3432
9 3620 3658 3659 3621 3433
9 3621 3659 3660 3622 3434
9 3622 3660 3661 3623 3435
9 3623 3661 3662 3624 3436
9 3624 3662 3663 3625 3437
9 3625 3663 3664 3626 3438
9 3626 3664 3665 3627 3439
9 3627 3665 3666 3628 3440
9 3628 3666 3667 3629 3441
9 3629 3667 3668 3630 3442
9 3630 3668 3669 3631 3443
9 3631 3669 3670 3632 3444
9 3632 3670 3671 3633 3445
9 3633 3671 3672 3634 3446
9 3634 3672 3673 3635 3447
9 3635 3673 3674 3636 3448
9 3636 3674 3675 3637 3449
9 3637 3675 3676 3638 3450
9 3638 3676 3677 3639 3451
9 3639 3677 3678 3640 3452
9 3640 3678 3679 3641 3453
9 3641 3679 3680 3642 3454
9 3642 3680 3681 3643 3455
9 3643 3681 3682 3644 3456
9 3644 3682 3683 3645 3457
9 3645 3683 3684 3646 3458
9 3646 3684 3685 3647 3459
9 3647 3685 3686 3648 3460
9 3648 3686 3687 3649 3461
9 3649 3687 3688 3650 3462
9 3650 3688 3689 3651 3463
9 3651 3689 3690 3652 3464
9 3652 3690 3691 3653 3465
9 3653 3691 3692 3654 3466
9 3654 3692 3693 3655 3467
9 3655 3693 3694 3656 3468
9 3656 3694 3695 3657 3469
9 3657 3695 247 246 3470
9 93 94 3696 3658 3471
9 3658 3696 3697 3659 3472
9 3659 3697 3698 3660 3473
9 3660 3698 3699 3661 3474
9 3661 3699 3700 3662 3475
9 3662 3700 3701 3663 3476
9 3663 3701 3702 3664 3477
9 3664 3702 3703 3665 3478
9 3665 3703 3704 3666 3479
9 3666 3704 3705 3667 3480
9 3667 3705 3706 3668 3481
9 3668 3706 3707 3669 3482
9 3669 3707 3708 3670 3483
9 3670 3708 3709 3671 3484
9 3671 3709 3710 3672 3485
9 3672 3710 3711 3673 3486
9 3673 3711 3712 3674 3487
9 3674 3712 3713 3675 3488
9 3675 3713 3714 3676 3489
9 3676 3714 3715 3677 3490
9 3677 3715 3716 3678 3491
9 3678 3716 3717 3679 3492
9 3679 3717 3718 3680 3493
9 3680 3718 3719 3681 3494
9 3681 3719 3720 3682 3495
9 3682 3720 3721 3683 3496
9 3683 3721 3722 3684 3497
9 3684 3722 3723 3685 3498
9 3685 3723 3724 3686 3499
9 3686 3724 3725 3687 3500
9 3687 3725 3726 3688 3501
9 3688 3726 3727 3689 3502
9 3689 3727 3728 3690 3503
9 3690 3728 3729 3691 3504
9 3691 3729 3730 3692 3505
9 3692 3730 3731 3693 3506
9 3693 3731 3732 3694 3507
9 3694 3732 3733 3695 3508
9 3695 3733 248 247 3509
9 94 95 3734 3696 3510
9 3696 3734 3735 3697 3511
9 3697 3735 3736 3698 3512
9 3698 3736 3737 3699 3513
9 3699 3737 3738 3700 3514
9 3700 3738 3739 3701 3515
9 3701 3739 3740 3702 3516
9 3702 3740 3741 3703 3517
9 3703 3741 3742 3704 3518
9 3704 3742 3743 3705 3519
9 3705 3743 3744 3706 3520
9 3706 3744 3745 3707 3521
9 3707 3745 3746 3708 3522
9 3708 3746 3747 3709 3523
9 3709 3747 3748 3710 3524
9 3710 3748 3749 3711 3525
9 3711 3749 3750 3712 3526
9 3712 3750 3751 3713 3527
9 3713 3751 3752 3714 3528
9 3714 3752 3753 3715 3529
9 3715 3753 3754 3716 3530
9 3716 3754 3755 3717 3531
9 3717 3755 3756 3718 3532
9 3718 3756 3757 3719 3533
9 3719 3757 3758 3720 3534
9 3720 3758 3759 3721 3535
9 3721 3759 3760 3722 3536
9 3722 3760 3761 3723 3537
9 3723 3761 3762 3724 3538
9 3724 3762 3763 3725 3539
9 3725 3763 3764 3726 3540
9 3726 3764 3765 3727 3541
9 3727 3765 3766 3728 3542
9 3728 3766 3767 3729 3543
9 3729 3767 3768 3730 3544
9 3730 3768 3769 3731 3545
9 3731 3769 3770 3732 3546
9 3732 3770 3771 3733 3547
9 3733 3771 249 248 3548
9 95 96 3772 3734 3549
9 3734 3772 3773 3735 3550
9 3735 3773 3774 3736 3551
9 3736 3774 3775 3737 3552
9 3737 3775 3776 3738 3553
9 3738 3776 3777 3739 3554
9 3739 3777 3778 3740 3555
9 3740 3778 3779 3741 3556
9 3741 3779 3780 3742 3557
9 3742 3780 3781 3743 3558
9 3743 3781 3782 3744 3559
9 3744 3782 3783 3745 3560
9 3745 3783 3784 3746 3561
9 3746 3784 3785 3747 3562
9 3747 3785 3786 3748 3563
9 3748 3786 3787 3749 3564
9 3749 3787 3788 3750 3565
9 3750 3788 3789 3751 3566
9 3751 3789 3790 3752 3567
9 3752 3790 3791 3753 3568
9 3753 3791 3792 3754 3569
9 3754 3792 3793 3755 3570
9 3755 3793 3794 3756 3571
9 3756 3794 3795 3757 3572
9 3757 3795 3796 3758 3573
9 3758 3796 3797 3759 3574
9 3759 3797 3798 3760 3575
9 3760 3798 3799 3761 3576
9 3761 3799 3800 3762 3577
9 3762 3800 3801 3763 3578
9 3763 3801 3802 3764 3579
9 3764 3802 3803 3765 3580
9 3765 3803 3804 3766 3581
9 3766 3804 3805 3767 3582
9 3767 3805 3806 3768 3583
9 3768 3806 3807 3769 3584
9 3769 3807 3808 3770 3585
9 3770 3808 3809 3771 3586
9 3771 3809 250 249 3587
9 96 97 3810 3772 3588
9 3772 3810 3811 3773 3589
9 3773 3811 3812 3774 3590
9 3774 3812 3813 3775 3591
9 3775 3813 3814 3776 3592
9 3776 3814 3815 3777 3593
9 3777 3815 3816 3778 3594
9 3778 3816 3817 3779 3595
9 3779 3817 3818 3780 3596
9 3780 3818 3819 3781 3597
9 3781 3819 3820 3782 3598
9 3782 3820 3821 3783 3599
9 3783 3821 3822 3784 3600
9 3784 3822 3823 3785 3601
9 3785 3823 3824 3786 3602
9 3786 3824 3825 3787 3603
9 3787 3825 3826 3788 3604
9 3788 3826 3827 3789 3605
9 3789 3827 3828 3790 3606
9 3790 3828 3829 3791 3607
9 3791 3829 3830 3792 3608
9 3792 3830 3831 3793 3609
9 3793 3831 3832 3794 3610
9 3794 3832 3833 3795 3611
9 3795 3833 3834 3796 3612
9 3796 3834 3835 3797 3613
9 3797 3835 3836 3798 3614
9 3798 3836 3837 3799 3615
9 3799 3837 3838 3800 3616
9 3800 3838 3839 3801 3617
9 3801 3839 3840 3802 3618
9 3802 3840 3841 3803 3619
9 3803 3841 3842 3804 3620
9 3804 3842 3843 3805 3621
9 3805 3843 3844 3806 3622
9 3806 3844 3845 3807 3623
9 3807 3845 3846 3808 3624
9 3808 3846 3847 3809 3625
9 3809 3847 251 250 3626
9 97 98 3848 3810 3627
9 3810 3848 3849 3811 3628
9 3811 3849 3850 3812 3629
9 3812 3850 3851 3813 3630
9 3813 3851 3852 3814 3631
9 3814 3852 3853 3815 3632
9 3815 3853 3854 3816 3633
9 3816 3854 3855 3817 3634
9 3817 3855 3856 3818 3635
9 3818 3856 3857 3819 3636
9 3819 3857 3858 3820 3637
9 3820 3858 3859 3821 3638
9 3821 3859 3860 3822 3639
9 3822 3860 3861 3823 3640
9 3823 3861 3862 3824 3641
9 3824 3862 3863 3825 3642
9 3825 3863 3864 3826 3643
9 3826 3864 3865 3827 3644
9 3827 3865 3866 3828 3645
9 3828 3866 3867 3829 3646
9 3829 3867 3868 3830 3647
9 3830 3868 3869 3831 3648
9 3831 3869 3870 3832 3649
9 3832 3870 3871 3833 3650
9 3833 3871 3872 3834 3651
9 3834 3872 3873 3835 3652
9 3835 3873 3874 3836 3653
9 3836 3874 3875 3837 3654
9 3837 3875 3876 3838 3655
9 3838 3876 3877 3839 3656
9 3839 3877 3878 3840 3657
9 3840 3878 3879 3841 3658
9 3841 3879 3880 3842 3659
9 3842 3880 3881 3843 3660
9 3843 3881 3882 3844 3661
9 3844 3882 3883 3845 3662
9 3845 3883 3884 3846 3663
9 3846 3884 3885 3847 3664
9 3847 3885 252 251 3665
9 98 99 3886 3848 3666
9 3848 3886 3887 3849 3667
9 3849 3887 3888 3850 3668
9 3850 3888 3889 3851 3669
9 3851 3889 3890 3852 3670
9 3852 3890 3891 3853 3671
9 3853 3891 3892 3854 3672
9 3854 3892 3893 3855 3673
9 3855 3893 3894 3856 3674
9 3856 3894 3895 3857 3675
9 3857 3895 3896 3858 3676
9 3858 3896 3897 3859 3677
9 3859 3897 3898 3860 3678
9 3860 3898 3899 3861 3679
9 3861 3899 3900 3862 3680
9 3862 3900 3901 3863 3681
9 3863 3901 3902 3864 3682
9 3864 3902 3903 3865 3683
9 3865 3903 3904 3866 3684
9 3866 3904 3905 3867 3685
9 3867 3905 3906 3868 3686
9 3868 3906 3907 3869 3687
9 3869 3907 3908 3870 3688
9 3870 3908 3909 3871 3689
9 3871 3909 3910 3872 3690
9 3872 3910 3911 3873 3691
9 3873 3911 3912 3874 3692
9 3874 3912 3913 3875 3693
9 3875 3913 3914 3876 3694
9 3876 3914 3915 3877 3695
9 3877 3915 3916 3878 3696
9 3878 3916 3917 3879 3697
9 3879 3917 3918 3880 3698
9 3880 3918 3919 3881 3699
9 3881 3919 3920 3882 3700
9 3882 3920 3921 3883 3701
9 3883 3921 3922 3884 3702
9 3884 3922 3923 3885 3703
9 3885 3923 253 252 3704
9 99 100 3924 3886 3705
9 3886 3924 3925 3887 3706
9 3887 3925 3926 3888 3707
9 3888 3926 3927 3889 3708
9 3889 3927 3928 3890 3709
9 3890 3928 3929 3891 3710
9 3891 3929 3930 3892 3711
9 3892 3930 3931 3893 3712
9 3893 3931 3932 3894 3713
9 3894 3932 3933 3895 3714
9 3895 3933 3934 3896 3715
9 3896 3934 3935 3897 3716
9 3897 3935 3936 3898 3717
9 3898 3936 3937 3899 3718
9 3899 3937 3938 3900 3719
9 3900 3938 3939 3901 3720
9 3901 3939 3940 3902 3721
9 3902 3940 3941 3903 3722
9 3903 3941 3942 3904 3723
9 3904 3942 3943 3905 3724
9 3905 3943 3944 3906 3725
9 3906 3944 3945 3907 3726
9 3907 3945 3946 3908 3727
9 3908 3946 3947 3909 3728
9 3909 3947 3948 3910 3729
9 3910 3948 3949 3911 3730
9 3911 3949 3950 3912 3731
9 3912 3950 3951 3913 3732
9 3913 3951 3952 3914 3733
9 3914 3952 3953 3915 3734
9 3915 3953 3954 3916 3735
9 3916 3954 3955 3917 3736
9 3917 3955 3956 3918 3737
9 3918 3956 3957 3919 3738
9 3919 3957 3958 3920 3739
9 3920 3958 3959 3921 3740
9 3921 3959 3960 3922 3741
9 3922 3960 3961 3923 3742
9 3923 3961 254 253 3743
9 100 101 3962 3924 3744
9 3924 3962 3963 3925 3745
9 3925 3963 3964 3926 3746
9 3926 3964 3965 3927 3747
9 3927 3965 3966 3928 3748
9 3928 3966 3967 3929 3749
9 3929 3967 3968 3930 3750
9 3930 3968 3969 3931 3751
9 3931 3969 3970 3932 3752
9 3932 3970 3971 3933 3753
9 3933 3971 3972 3934 3754
9 3934 3972 3973 3935 3755
9 3935 3973 3974 3936 3756
9 3936 3974 3975 3937 3757
9 3937 3975 3976 3938 3758
9 3938 3976 3977 3939 3759
9 3939 3977 3978 3940 3760
9 3940 3978 3979 3941 3761
9 3941 3979 3980 3942 3762
9 3942 3980 3981 3943 3763
9 3943 3981 3982 3944 3764
9 3944 3982 3983 3945 3765
9 3945 3983 3984 3946 3766
9 3946 3984 3985 3947 3767
9 3947 3985 3986 3948 3768
9 3948 3986 3987 3949 3769
9 3949 3987 3988 3950 3770
9 3950 3988 3989 3951 3771
9 3951 3989 3990 3952 3772
9 3952 3990 3991 3953 3773
9 3953 3991 3992 3954 3774
9 3954 3992 3993 3955 3775
9 3955 3993 3994 3956 3776
9 3956 3994 3995 3957 3777
9 3957 3995 3996 3958 3778
9 3958 3996 3997 3959 3779
9 3959 3997 3998 3960 3780
9 3960 3998 3999 3961 3781
9 3961 3999 255 254 3782
9 101 102 4000 3962 3783
9 3962 4000 4001 3963 3784
9 3963 4001 4002 3964 3785
9 3964 4002 4003 3965 3786
9 3965 4003 4004 3966 3787
9 3966 4004 4005 3967 3788
9 3967 4005 4006 3968 3789
9 3968 4006 4007 3969 3790
9 3969 4007 4008 3970 3791
9 3970 4008 4009 3971 3792
9 3971 4009 4010 3972 3793
9 3972 4010 4011 3973 3794
9 3973 4011 4012 3974 3795
9 3974 4012 4013 3975 3796
9 3975 4013 4014 3976 3797
9 3976 4014 4015 3977 3798
9 3977 4015 4016 3978 3799
9 3978 4016 4017 3979 3800
9 3979 4017 4018 3980 3801
9 3980 4018 4019 3981 3802
9 3981 4019 4020 3982 3803
9 3982 4020 4021 3983 3804
9 3983 4021 4022 3984 3805
9 3984 4022 4023 3985 3806
9 3985 4023 4024 3986 3807
9 3986 4024 4025 3987 3808
9 3987 4025 4026 3988 3809
9 3988 4026 4027 3989 3810
9 3989 4027 4028 3990 3811
9 3990 4028 4029 3991 3812
9 3991 4029 4030 3992 3813
9 3992 4030 4031 3993 3814
9 3993 4031 4032 3994 3815
9 3994 4032 4033 3995 3816
9 3995 4033 4034 3996 3817
9 3996 4034 4035 3997 3818
9 3997 4035 4036 3998 3819
9 3998 4036 4037 3999 3820
9 3999 4037 256 255 3821
9 102 103 4038 4000 3822
9 4000 4038 4039 4001 3823
9 4001 4039 4040 4002 3824
9 4002 4040 4041 4003 3825
9 4003 4041 4042 4004 3826
9 4004 4042 4043 4005 3827
9 4005 4043 4044 4006 3828
9 4006 4044 4045 4007 3829
9 4007 4045 4046 4008 3830
9 4008 4046 4047 4009 3831
9 4009 4047 4048 4010 3832
9 4010 4048 4049 4011 3833
9 4011 4049 4050 4012 3834
9 4012 4050 4051 4013 3835
9 4013 4051 4052 4014 3836
9 4014 4052 4053 4015 3837
9 4015 4053 4054 4016 3838
9 4016 4054 4055 4017 3839
9 4017 4055 4056 4018 3840
9 4018 4056 4057 4019 3841
9 4019 4057 4058 4020 3842
9 4020 4058 4059 4021 3843
9 4021 4059 4060 4022 3844
9 4022 4060 4061 4023 3845
9 4023 4061 4062 4024 3846
9 4024 4062 4063 4025 3847
9 4025 4063 4064 4026 3848
9 4026 4064 4065 4027 3849
9 4027 4065 4066 4028 3850
9 4028 4066 4067 4029 3851
9 4029 4067 4068 4030 3852
9 4030 4068 4069 4031 3853
9 4031 4069 4070 4032 3854
9 4032 4070 4071 4033 3855
9 4033 4071 4072 4034 3856
9 4034 4072 4073 4035 3857
9 4035 4073 4074 4036 3858
9 4036 4074 4075 4037 3859
9 4037 4075 257 256 3860
9 103 104 4076 4038 3861
9 4038 4076 4077 4039 3862
9 4039 4077 4078 4040 3863
9 4040 4078 4079 4041 3864
9 4041 4079 4080 4042 3865
9 4042 4080 4081 4043 3866
9 4043 4081 4082 4044 3867
9 4044 4082 4083 4045 3868
9 4045 4083 4084 4046 3869
9 4046 4084 4085 4047 3870
9 4047 4085 4086 4048 3871
9 4048 4086 4087 4049 3872
9 4049 4087 4088 4050 3873
9 4050 4088 4089 4051 3874
9 4051 4089 4090 4052 3875
9 4052 4090 4091 4053 3876
9 4053 4091 4092 4054 3877
9 4054 4092 4093 4055 3878
9 4055 4093 4094 4056 3879
9 4056 4094 4095 4057 3880
9 4057 4095 4096 4058 3881
9 4058 4096 4097 4059 3882
9 4059 4097 4098 4060 3883
9 4060 4098 4099 4061 3884
9 4061 4099 4100 4062 3885
9 4062 4100 4101 4063 3886
9 4063 4101 4102 4064 3887
9 4064 4102 4103 4065 3888
9 4065 4103 4104 4066 3889
9 4066 4104 4105 4067 3890
9 4067 4105 4106 4068 3891
9 4068 4106 4107 4069 3892
9 4069 4107 4108 4070 3893
9 4070 4108 4109 4071 3894
9 4071 4109 4110 4072 3895
9 4072 4110 4111 4073 3896
9 4073 4111 4112 4074 3897
9 4074 4112 4113 4075 3898
9 4075 4113 258 257 3899
9 104 105 4114 4076 3900
9 4076 4114 4115 4077 3901
9 4077 4115 4116 4078 3902
9 4078 4116 4117 4079 3903
9 4079 4117 4118 4080 3904
9 4080 4118 4119 4081 3905
9 4081 4119 4120 4082 3906
9 4082 4120 4121 4083 3907
9 4083 4121 4122 4084 3908
9 4084 4122 4123 4085 3909
9 4085 4123 4124 4086 3910
9 4086 4124 4125 4087 3911
9 4087 4125 4126 4088 3912
9 4088 4126 4127 4089 3913
9 4089 4127 4128 4090 3914
9 4090 4128 4129 4091 3915
9 4091 4129 4130 4092 3916
9 4092 4130 4131 4093 3917
9 4093 4131 4132 4094 3918
9 4094 4132 4133 4095 3919
9 4095 4133 4134 4096 3920
9 4096 4134 4135 4097 3921
9 4097 4135 4136 4098 3922
9 4098 4136 4137 4099 3923
9 4099 4137 4138 4100 3924
9 4100 4138 4139 4101 3925
9 4101 4139 4140 4102 3926
9 4102 4140 4141 4103 3927
9 4103 4141 4142 4104 3928
9 4104 4142 4143 4105 3929
9 4105 4143 4144 4106 3930
9 4106 4144 4145 4107 3931
9 4107 4145 4146 4108 3932
9 4108 4146 4147 4109 3933
9 4109 4147 4148 4110 3934
9 4110 4148 4149 4111 3935
9 4111 4149 4150 4112 3936
9 4112 4150 4151 4113 3937
9 4113 4151 259 258 3938
9 105 106 4152 4114 3939
9 4114 4152 4153 4115 3940
9 4115 4153 4154 4116 3941
9 4116 4154 4155 4117 3942
9 4117 4155 4156 4118 3943
9 4118 4156 4157 4119 3944
9 4119 4157 4158 4120 3945
9 4120 4158 4159 4121 3946
9 4121 4159 4160 4122 3947
9 4122 4160 4161 4123 3948
9 4123 4161 4162 4124 3949
9 4124 4162 4163 4125 3950
9 4125 4163 4164 4126 3951
9 4126 4164 4165 4127 3952
9 4127 4165 4166 4128 3953
9 4128 4166 4167 4129 3954
9 4129 4167 4168 4130 3955
9 4130 4168 4169 4131 3956
9 4131 4169 4170 4132 3957
9 4132 4170 4171 4133 3958
9 4133 4171 4172 4134 3959
9 4134 4172 4173 4135 3960
9 4135 4173 4174 4136 3961
9 4136 4174 4175 4137 3962
9 4137 4175 4176 4138 3963
9 4138 4176 4177 4139 3964
9 4139 4177 4178 4140 3965
9 4140 4178 4179 4141 3966
9 4141 4179 4180 4142 3967
9 4142 4180 4181 4143 3968
9 4143 4181 4182 4144 3969
9 4144 4182 4183 4145 3970
9 4145 4183 4184 4146 3971
9 4146 4184 4185 4147 3972
9 4147 4185 4186 4148 3973
9 4148 4186 4187 4149 3974
9 4149 4187 4188 4150 3975
9 4150 4188 4189 4151 3976
9 4151 4189 260 259 3977
9 106 107 4190 4152 3978
9 4152 4190 4191 4153 3979
9 4153 4191 4192 4154 3980
9 4154 4192 4193 4155 3981
9 4155 4193 4194 4156 3982
9 4156 4194 4195 4157 3983
9 4157 4195 4196 4158 3984
9 4158 4196 4197 4159 3985
9 4159 4197 4198 4160 3986
9 4160 4198 4199 4161 3987
9 4161 4199 4200 4162 3988
9 4162 4200 4201 4163 3989
9 4163 4201 4202 4164 3990
9 4164 4202 4203 4165 3991
9 4165 4203 4204 4166 3992
9 4166 4204 4205 4167 3993
9 4167 4205 4206 4168 3994
9 4168 4206 4207 4169 3995
9 4169 4207 4208 4170 3996
9 4170 4208 4209 4171 3997
9 4171 4209 4210 4172 3998
9 4172 4210 4211 4173 3999
9 4173 4211 4212 4174 4000
9 4174 4212 4213 4175 4001
9 4175 4213 4214 4176 4002
9 4176 4214 4215 4177 4003
9 4177 4215 4216 4178 4004
9 4178 4216 4217 4179 4005
9 4179 4217 4218 4180 4006
9 4180 4218 4219 4181 4007
9 4181 4219 4220 4182 4008
9 4182 4220 4221 4183 4009
9 4183 4221 4222 4184 4010
9 4184 4222 4223 4185 4011
9 4185 4223 4224 4186 4012
9 4186 4224 4225 4187 4013
9 4187 4225 4226 4188 4014
9 4188 4226 4227 4189 4015
9 4189 4227 261 260 4016
9 107 108 4228 4190 4017
9 4190 4228 4229 4191 4018
9 4191 4229 4230 4192 4019
9 4192 4230 4231 4193 4020
9 4193 4231 4232 4194 4021
9 4194 4232 4233 4195 4022
9 4195 4233 4234 4196 4023
9 4196 4234 4235 4197 4024
9 4197 4235 4236 4198 4025
9 4198 4236 4237 4199 4026
9 4199 4237 4238 4200 4027
9 4200 4238 4239 4201 4028
9 4201 4239 4240 4202 4029
9 4202 4240 4241 4203 4030
9 4203 4241 4242 4204 4031
9 4204 4242 4243 4205 4032
9 4205 4243 4244 4206 4033
9 4206 4244 4245 4207 4034
9 4207 4245 4246 4208 4035
9 4208 4246 4247 4209 4036
9 4209 4247 4248 4210 4037
9 4210 4248 4249 4211 4038
9 4211 4249 4250 4212 4039
9 4212 4250 4251 4213 4040
9 4213 4251 4252 4214 4041
9 4214 4252 4253 4215 4042
9 4215 4253 4254 4216 4043
9 4216 4254 4255 4217 4044
9 4217 4255 4256 4218 4045
9 4218 4256 4257 4219 4046
9 4219 4257 4258 4220 4047
9 4220 4258 4259 4221 4048
9 4221 4259 4260 4222 4049
9 4222 4260 4261 4223 4050
9 4223 4261 4262 4224 4051
9 4224 4262 4263 4225 4052
9 4225 4263 4264 4226 4053
9 4226 4264 4265 4227 4054
9 4227 4265 262 261 4055
9 108 109 4266 4228 4056
9 4228 4266 4267 4229 4057
9 4229 4267 4268 4230 4058
9 4230 4268 4269 4231 4059
9 4231 4269 4270 4232 4060
9 4232 4270 4271 4233 4061
9 4233 4271 4272 4234 4062
9 4234 4272 4273 4235 4063
9 4235 4273 4274 4236 4064
9 4236 4274 4275 4237 4065
9 4237 4275 4276 4238 4066
9 4238 4276 4277 4239 4067
9 4239 4277 4278 4240 4068
9 4240 4278 4279 4241 4069
9 4241 4279 4280 4242 4070
9 4242 4280 4281 4243 4071
9 4243 4281 4282 4244 4072
9 4244 4282 4283 4245 4073
9 4245 4283 4284 4246 4074
9 4246 4284 4285 4247 4075
9 4247 4285 4286 4248 4076
9 4248 4286 4287 4249 4077
9 4249 4287 4288 4250 4078
9 4250 4288 4289 4251 4079
9 4251 4289 4290 4252 4080
9 4252 4290 4291 4253 4081
9 4253 4291 4292 4254 4082
9 4254 4292 4293 4255 4083
9 4255 4293 4294 4256 4084
9 4256 4294 4295 4257 4085
9 4257 4295 4296 4258 4086
9 4258 4296 4297 4259 4087
9 4259 4297 4298 4260 4088
9 4260 4298 4299 4261 4089
9 4261 4299 4300 4262 4090
9 4262 4300 4301 4263 4091
9 4263 4301 4302 4264 4092
9 4264 4302 4303 4265 4093
9 4265 4303 263 262 4094
9 109 110 4304 4266 4095
9 4266 4304 4305 4267 4096
9 4267 4305 4306 4268 4097
9 4268 4306 4307 4269 4098
9 4269 4307 4308 4270 4099
9 4270 4308 4309 4271 4100
9 4271 4309 4310 4272 4101
9 4272 4310 4311 4273 4102
9 4273 4311 4312 4274 4103
9 4274 4312 4313 4275 4104
9 4275 4313 4314 4276 4105
9 4276 4314 4315 4277 4106
9 4277 4315 4316 4278 4107
9 4278 4316 4317 4279 4108
9 4279 4317 4318 4280 4109
9 4280 4318 4319 4281 4110
9 4281 4319 4320 4282 4111
9 4282 4320 4321 4283 4112
9 4283 4321 4322 4284 4113
9 4284 4322 4323 4285 4114
9 4285 4323 4324 4286 4115
9 4286 4324 4325 4287 4116
9 4287 4325 4326 4288 4117
9 4288 4326 4327 4289 4118
9 4289 4327 4328 4290 4119
9 4290 4328 4329 4291 4120
9 4291 4329 4330 4292 4121
9 4292 4330 4331 4293 4122
9 4293 4331 4332 4294 4123
9 4294 4332 4333 4295 4124
9 4295 4333 4334 4296 4125
9 4296 4334 4335 4297 4126
9 4297 4335 4336 4298 4127
9 4298 4336 4337 4299 4128
9 4299 4337 4338 4300 4129
9 4300 4338 4339 4301 4130
9 4301 4339 4340 4302 4131
9 4302 4340 4341 4303 4132
9 4303 4341 264 263 4133
9 110 111 4342 4304 4134
9 4304 4342 4343 4305 4135
9 4305 4343 4344 4306 4136
9 4306 4344 4345 4307 4137
9 4307 4345 4346 4308 4138
9 4308 4346 4347 4309 4139
9 4309 4347 4348 4310 4140
9 4310 4348 4349 4311 4141
9 4311 4349 4350 4312 4142
9 4312 4350 4351 4313 4143
9 4313 4351 4352 4314 4144
9 4314 4352 4353 4315 4145
9 4315 4353 4354 4316 4146
9 4316 4354 4355 4317 4147
9 4317 4355 4356 4318 4148
9 4318 4356 4357 4319 4149
9 4319 4357 4358 4320 4150
9 4320 4358 4359 4321 4151
9 4321 4359 4360 4322 4152
9 4322 4360 4361 4323 4153
9 4323 4361 4362 4324 4154
9 4324 4362 4363 4325 4155
9 4325 4363 4364 4326 4156
9 4326 4364 4365 4327 4157
9 4327 4365 4366 4328 4158
9 4328 4366 4367 4329 4159
9 4329 4367 4368 4330 4160
9 4330 4368 4369 4331 4161
9 4331 4369 4370 4332 4162
9 4332 4370 4371 4333 4163
9 4333 4371 4372 4334 4164
9 4334 4372 4373 4335 4165
9 4335 4373 4374 4336 4166
9 4336 4374 4375 4337 4167
9 4337 4375 4376 4338 4168
9 4338 4376 4377 4339 4169
9 4339 4377 4378 4340 4170
9 4340 4378 4379 4341 4171
9 4341 4379 265 264 4172
9 111 112 4380 4342 4173
9 4342 4380 4381 4343 4174
9 4343 4381 4382 4344 4175
9 4344 4382 4383 4345 4176
9 4345 4383 4384 4346 4177
9 4346 4384 4385 4347 4178
9 4347 4385 4386 4348 4179
9 4348 4386 4387 4349 4180
9 4349 4387 4388 4350 4181
9 4350 4388 4389 4351 4182
9 4351 4389 4390 4352 4183
9 4352 4390 4391 4353 4184
9 4353 4391 4392 4354 4185
9 4354 4392 4393 4355 4186
9 4355 4393 4394 4356 4187
9 4356 4394 4395 4357 4188
9 4357 4395 4396 4358 4189
9 4358 4396 4397 4359 4190
9 4359 4397 4398 4360 4191
9 4360 4398 4399 4361 4192
9 4361 4399 4400 4362 4193
9 4362 4400 4401 4363 4194
9 4363 4401 4402 4364 4195
9 4364 4402 4403 4365 4196
9 4365 4403 4404 4366 4197
9 4366 4404 4405 4367 4198
9 4367 4405 4406 4368 4199
9 4368 4406 4407 4369 4200
9 4369 4407 4408 4370 4201
9 4370 4408 4409 4371 4202
9 4371 4409 4410 4372 4203
9 4372 4410 4411 4373 4204
9 4373 4411 4412 4374 4205
9 4374 4412 4413 4375 4206
9 4375 4413 4414 4376 4207
9 4376 4414 4415 4377 4208
9 4377 4415 4416 4378 4209
9 4378 4416 4417 4379 4210
9 4379 4417 266 265 4211
9 112 113 4418 4380 4212
9 4380 4418 4419 4381 4213
9 4381 4419 4420 4382 4214
9 4382 4420 4421 4383 4215
9 4383 4421 4422 4384 4216
9 4384 4422 4423 4385 4217
9 4385 4423 4424 4386 4218
9 4386 4424 4425 4387 4219
9 4387 4425 4426 4388 4220
9 4388 4426 4427 4389 4221
9 4389 4427 4428 4390 4222
9 4390 4428 4429 4391 4223
9 4391 4429 4430 4392 4224
9 4392 4430 4431 4393 4225
9 4393 4431 4432 4394 4226
9 4394 4432 4433 4395 4227
9 4395 4433 4434 4396 4228
9 4396 4434 4435 4397 4229
9 4397 4435 4436 4398 4230
9 4398 4436 4437 4399 4231
9 4399 4437 4438 4400 4232
9 4400 4438 4439 4401 4233
9 4401 4439 4440 4402 4234
9 4402 4440 4441 4403 4235
9 4403 4441 4442 4404 4236
9 4404 4442 4443 4405 4237
9 4405 4443 4444 4406 4238
9 4406 4444 4445 4407 4239
9 4407 4445 4446 4408 4240
9 4408 4446 4447 4409 4241
9 4409 4447 4448 4410 4242
9 4410 4448 4449 4411 4243
9 4411 4449 4450 4412 4244
9 4412 4450 4451 4413 4245
9 4413 4451 4452 4414 4246
9 4414 4452 4453 4415 4247
9 4415 4453 4454 4416 4248
9 4416 4454 4455 4417 4249
9 4417 4455 267 266 4250
9 113 114 4456 4418 4251
9 4418 4456 4457 4419 4252
9 4419 4457 4458 4420 4253
9 4420 4458 4459 4421 4254
9 4421 4459 4460 4422 4255
9 4422 4460 4461 4423 4256
9 4423 4461 4462 4424 4257
9 4424 4462 4463 4425 4258
9 4425 4463 4464 4426 4259
9 4426 4464 4465 4427 4260
9 4427 4465 4466 4428 4261
9 4428 4466 4467 4429 4262
9 4429 4467 4468 4430 4263
9 4430 4468 4469 4431 4264
9 4431 4469 4470 4432 4265
9 4432 4470 4471 4433 4266
9 4433 4471 4472 4434 4267
9 4434 4472 4473 4435 4268
9 4435 4473 4474 4436 4269
9 4436 4474 4475 4437 4270
9 4437 4475 4476 4438 4271
9 4438 4476 4477 4439 4272
9 4439 4477 4478 4440 4273
9 4440 4478 4479 4441 4274
9 4441 4479 4480 4442 4275
9 4442 4480 4481 4443 4276
9 4443 4481 4482 4444 4277
9 4444 4482 4483 4445 4278
9 4445 4483 4484 4446 4279
9 4446 4484 4485 4447 4280
9 4447 4485 4486 4448 4281
9 4448 4486 4487 4449 4282
9 4449 4487 4488 4450 4283
9 4450 4488 4489 4451 4284
9 4451 4489 4490 4452 4285
9 4452 4490 4491 4453 4286
9 4453 4491 4492 4454 4287
9 4454 4492 4493 4455 4288
9 4455 4493 268 267 4289
9 114 115 4494 4456 4290
9 4456 4494 4495 4457 4291
9 4457 4495 4496 4458 4292
9 4458 4496 4497 4459 4293
9 4459 4497 4498 4460 4294
9 4460 4498 4499 4461 4295
9 4461 4499 4500 4462 4296
9 4462 4500 4501 4463 4297
9 4463 4501 4502 4464 4298
9 4464 4502 4503 4465 4299
9 4465 4503 4504 4466 4300
9 4466 4504 4505 4467 4301
9 4467 4505 4506 4468 4302
9 4468 4506 4507 4469 4303
9 4469 4507 4508 4470 4304
9 4470 4508 4509 4471 4305
9 4471 4509 4510 4472 4306
9 4472 4510 4511 4473 4307
9 4473 4511 4512 4474 4308
9 4474 4512 4513 4475 4309
9 4475 4513 4514 4476 4310
9 4476 4514 4515 4477 4311
9 4477 4515 4516 4478 4312
9 4478 4516 4517 4479 4313
9 4479 4517 4518 4480 4314
9 4480 4518 4519 4481 4315
9 4481 4519 4520 4482 4316
9 4482 4520 4521 4483 4317
9 4483 4521 4522 4484 4318
9 4484 4522 4523 4485 4319
9 4485 4523 4524 4486 4320
9 4486 4524 4525 4487 4321
9 4487 4525 4526 4488 4322
9 4488 4526 4527 4489 4323
9 4489 4527 4528 4490 4324
9 4490 4528 4529 4491 4325
9 4491 4529 4530 4492 4326
9 4492 4530 4531 4493 4327
9 4493 4531 269 268 4328
9 115 116 4532 4494 4329
9 4494 4532 4533 4495 4330
9 4495 4533 4534 4496 4331
9 4496 4534 4535 4497 4332
9 4497 4535 4536 4498 4333
9 4498 4536 4537 4499 4334
9 4499 4537 4538 4500 4335
9 4500 4538 4539 4501 4336
9 4501 4539 4540 4502 4337
9 4502 4540 4541 4503 4338
9 4503 4541 4542 4504 4339
9 4504 4542 4543 4505 4340
9 4505 4543 4544 4506 4341
9 4506 4544 4545 4507 4342
9 4507 4545 4546 4508 4343
9 4508 4546 4547 4509 4344
9 4509 4547 4548 4510 4345
9 4510 4548 4549 4511 4346
9 4511 4549 4550 4512 4347
9 4512 4550 4551 4513 4348
9 4513 4551 4552 4514 4349
9 4514 4552 4553 4515 4350
9 4515 4553 4554 4516 4351
9 4516 4554 4555 4517 4352
9 4517 4555 4556 4518 4353
9 4518 4556 4557 4519 4354
9 4519 4557 4558 4520 4355
9 4520 4558 4559 4521 4356
9 4521 4559 4560 4522 4357
9 4522 4560 4561 4523 4358
9 4523 4561 4562 4524 4359
9 4524 4562 4563 4525 4360
9 4525 4563 4564 4526 4361
9 4526 4564 4565 4527 4362
9 4527 4565 4566 4528 4363
9 4528 4566 4567 4529 4364
9 4529 4567 4568 4530 4365
9 4530 4568 4569 4531 4366
9 4531 4569 270 269 4367
9 116 117 4570 4532 4368
9 4532 4570 4571 4533 4369
9 4533 4571 4572 4534 4370
9 4534 4572 4573 4535 4371
9 4535 4573 4574 4536 4372
9 4536 4574 4575 4537 4373
9 4537 4575 4576 4538 4374
9 4538 4576 4577 4539 4375
9 4539 4577 4578 4540 4376
9 4540 4578 4579 4541 4377
9 4541 4579 4580 4542 4378
9 4542 4580 4581 4543 4379
9 4543 4581 4582 4544 4380
9 4544 4582 4583 4545 4381
9 4545 4583 4584 4546 4382
9 4546 4584 4585 4547 4383
9 4547 4585 4586 4548 4384
9 4548 4586 4587 4549 4385
9 4549 4587 4588 4550 4386
9 4550 4588 4589 4551 4387
9 4551 4589 4590 4552 4388
9 4552 4590 4591 4553 4389
9 4553 4591 4592 4554 4390
9 4554 4592 4593 4555 4391
9 4555 4593 4594 4556 4392
9 4556 4594 4595 4557 4393
9 4557 4595 4596 4558 4394
9 4558 4596 4597 4559 4395
9 4559 4597 4598 4560 4396
9 4560 4598 4599 4561 4397
9 4561 4599 4600 4562 4398
9 4562 4600 4601 4563 4399
9 4563 4601 4602 4564 4400
9 4564 4602 4603 4565 4401
9 4565 4603 4604 4566 4402
9 4566 4604 4605 4567 4403
9 4567 4605 4606 4568 4404
9 4568 4606 4607 4569 4405
9 4569 4607 271 270 4406
9 117 118 4608 4570 4407
9 4570 4608 4609 4571 4408
9 4571 4609 4610 4572 4409
9 4572 4610 4611 4573 4410
9 4573 4611 4612 4574 4411
9 4574 4612 4613 4575 4412
9 4575 4613 4614 4576 4413
9 4576 4614 4615 4577 4414
9 4577 4615 4616 4578 4415
9 4578 4616 4617 4579 4416
9 4579 4617 4618 4580 4417
9 4580 4618 4619 4581 4418
9 4581 4619 4620 4582 4419
9 4582 4620 4621 4583 4420
9 4583 4621 4622 4584 4421
9 4584 4622 4623 4585 4422
9 4585 4623 4624 4586 4423
9 4586 4624 4625 4587 4424
9 4587 4625 4626 4588 4425
9 4588 4626 4627 4589 4426
9 4589 4627 4628 4590 4427
9 4590 4628 4629 4591 4428
9 4591 4629 4630 4592 4429
9 4592 4630 4631 4593 4430
9 4593 4631 4632 4594 4431
9 4594 4632 4633 4595 4432
9 4595 4633 4634 4596 4433
9 4596 4634 4635 4597 4434
9 4597 4635 4636 4598 4435
9 4598 4636 4637 4599 4436
9 4599 4637 4638 4600 4437
9 4600 4638 4639 4601 4438
9 4601 4639 4640 4602 4439
9 4602 4640 4641 4603 4440
9 4603 4641 4642 4604 4441
9 4604 4642 4643 4605 4442
9 4605 4643 4644 4606 4443
9 4606 4644 4645 4607 4444
9 4607 4645 272 271 4445
9 118 119 4646 4608 4446
9 4608 4646 4647 4609 4447
9 4609 4647 4648 4610 4448
9 4610 4648 4649 4611 4449
9 4611 4649 4650 4612 4450
9 4612 4650 4651 4613 4451
9 4613 4651 4652 4614 4452
9 4614 4652 4653 4615 4453
9 4615 4653 4654 4616 4454
9 4616 4654 4655 4617 4455
9 4617 4655 4656 4618 4456
9 4618 4656 4657 4619 4457
9 4619 4657 4658 4620 4458
9 4620 4658 4659 4621 4459
9 4621 4659 4660 4622 4460
9 4622 4660 4661 4623 4461
9 4623 4661 4662 4624 4462
9 4624 4662 4663 4625 4463
9 4625 4663 4664 4626 4464
9 4626 4664 4665 4627 4465
9 4627 4665 4666 4628 4466
9 4628 4666 4667 4629 4467
9 4629 4667 4668 4630 4468
9 4630 4668 4669 4631 4469
9 4631 4669 4670 4632 4470
9 4632 4670 4671 4633 4471
9 4633 4671 4672 4634 4472
9 4634 4672 4673 4635 4473
9 4635 4673 4674 4636 4474
9 4636 4674 4675 4637 4475
9 4637 4675 4676 4638 4476
9 4638 4676 4677 4639 4477
9 4639 4677 4678 4640 4478
9 4640 4678 4679 4641 4479
9 4641 4679 4680 4642 4480
9 4642 4680 4681 4643 4481
9 4643 4681 4682 4644 4482
9 4644 4682 4683 4645 4483
9 4645 4683 273 272 4484
9 119 120 4684 4646 4485
9 4646 4684 4685 4647 4486
9 4647 4685 4686 4648 4487
9 4648 4686 4687 4649 4488
9 4649 4687 4688 4650 4489
9 4650 4688 4689 4651 4490
9 4651 4689 4690 4652 4491
9 4652 4690 4691 4653 4492
9 4653 4691 4692 4654 4493
9 4654 4692 4693 4655 4494
9 4655 4693 4694 4656 4495
9 4656 4694 4695 4657 4496
9 4657 4695 4696 4658 4497
9 4658 4696 4697 4659 4498
9 4659 4697 4698 4660 4499
9 4660 4698 4699 4661 4500
9 4661 4699 4700 4662 4501
9 4662 4700 4701 4663 4502
9 4663 4701 4702 4664 4503
9 4664 4702 4703 4665 4504
9 4665 4703 4704 4666 4505
9 4666 4704 4705 4667 4506
9 4667 4705 4706 4668 4507
9 4668 4706 4707 4669 4508
9 4669 4707 4708 4670 4509
9 4670 4708 4709 4671 4510
9 4671 4709 4710 4672 4511
9 4672 4710 4711 4673 4512
9 4673 4711 4712 4674 4513
9 4674 4712 4713 4675 4514
9 4675 4713 4714 4676 4515
9 4676 4714 4715 4677 4516
9 4677 4715 4716 4678 4517
9 4678 4716 4717 4679 4518
9 4679 4717 4718 4680 4519
9 4680 4718 4719 4681 4520
9 4681 4719 4720 4682 4521
9 4682 4720 4721 4683 4522
9 4683 4721 274 273 4523
9 120 121 4722 4684 4524
9 4684 4722 4723 4685 4525
9 4685 4723 4724 4686 4526
9 4686 4724 4725 4687 4527
9 4687 4725 4726 4688 4528
9 4688 4726 4727 4689 4529
9 4689 4727 4728 4690 4530
9 4690 4728 4729 4691 4531
9 4691 4729 4730 4692 4532
9 4692 4730 4731 4693 4533
9 4693 4731 4732 4694 4534
9 4694 4732 4733 4695 4535
9 4695 4733 4734 4696 4536
9 4696 4734 4735 4697 4537
9 4697 4735 4736 4698 4538
9 4698 4736 4737 4699 4539
9 4699 4737 4738 4700 4540
9 4700 4738 4739 4701 4541
9 4701 4739 4740 4702 4542
9 4702 4740 4741 4703 4543
9 4703 4741 4742 4704 4544
9 4704 4742 4743 4705 4545
9 4705 4743 4744 4706 4546
9 4706 4744 4745 4707 4547
9 4707 4745 4746 4708 4548
9 4708 4746 4747 4709 4549
9 4709 4747 4748 4710 4550
9 4710 4748 4749 4711 4551
9 4711 4749 4750 4712 4552
9 4712 4750 4751 4713 4553
9 4713 4751 4752 4714 4554
9 4714 4752 4753 4715 4555
9 4715 4753 4754 4716 4556
9 4716 4754 4755 4717 4557
9 4717 4755 4756 4718 4558
9 4718 4756 4757 4719 4559
9 4719 4757 4758 4720 4560
9 4720 4758 4759 4721 4561
9 4721 4759 275 274 4562
9 121 2 314 4722 4563
9 4722 314 315 4723 4564
9 4723 315 316 4724 4565
9 4724 316 317 4725 4566
9 4725 317 318 4726 4567
9 4726 318 319 4727 4568
9 4727 319 320 4728 4569
9 4728 320 321 4729 4570
9 4729 321 322 4730 4571
9 4730 322 323 4731 4572
9 4731 323 324 4732 4573
9 4732 324 325 4733 4574
9 4733 325 326 4734 4575
9 4734 326 327 4735 4576
9 4735 327 328 4736 4577
9 4736 328 329 4737 4578
9 4737 329 330 4738 4579
9 4738 330 331 4739 4580
9 4739 331 332 4740 4581
9 4740 332 333 4741 4582
9 4741 333 334 4742 4583
9 4742 334 335 4743 4584
9 4743 335 336 4744 4585
9 4744 336 337 4745 4586
9 4745 337 338 4746 4587
9 4746 338 339 4747 4588
9 4747 339 340 4748 4589
9 4748 340 341 4749 4590
9 4749 341 342 4750 4591
9 4750 342 343 4751 4592
9 4751 343 344 4752 4593
9 4752 344 345 4753 4594
9 4753 345 346 4754 4595
9 4754 346 347 4755 4596
9 4755 347 348 4756 4597
9 4756 348 349 4757 4598
9 4757 349 350 4758 4599
9 4758 350 351 4759 4600
9 4759 351 5 275 4601
NPOIN= 4760
0 0 0
0.2 0 1
1.2 0 2
0 0.4 3
0.2 0.4 4
1.2 0.4 5
0.01664414974148246 0 6
0.03195676751588433 0 7
0.0460443758746182 0 8
0.0590049756105834 0 9
0.07092872738648018 0 10
0.08189857907257202 0 11
0.09199084260471749 0 12
0.1012757250292114 0 13
0.1098178168607395 0 14
0.1176765413794099 0 15
0.1249065679675555 0 16
0.1315581924166059 0 17
0.1376776868587271 0 18
0.1433076217164211 0 19
0.1484871617897665 0 20
0.1532523386220315 0 21
0.1576363013279734 0 22
0.1616695470783911 0 23
0.1653801331938596 0 24
0.1687938724368053 0 25
0.1719345124409698 0 26
0.1748239011476851 0 27
0.1774821388092945 0 28
0.1799277174972692 0 29
0.1821776498792745 0 30
0.1842475876805334 0 31
0.1861519304204247 0 32
0.1879039258063823 0 33
0.1895157616236818 0 34
0.1909986505450225 0 35
0.1923629083656558 0 36
0.1936180255129945 0 37
0.1947727332842475 0 38
0.195835064452102 0 39
0.1968124090491885 0 40
0.1977115660200728 0 41
0.1985387904901894 0 42
0.1992998370792878 0 43
0.2010822191160676 0 44
0.2022185489210735 0 45
0.2034116953976766 0 46
0.2046644991840505 0 47
0.2059799428479945 0 48
0.2073611586193487 0 49
0.2088114352713381 0 50
0.2103342258356904 0 51
0.2119331559781815 0 52
0.2136120326011656 0 53
0.2153748531927022 0 54
0.2172258151289074 0 55
0.2191693250384655 0 56
0.2212100103647532 0 57
0.2233527297901692 0 58
0.2256025850730959 0 59
0.2279649333968735 0 60
0.2304453990503079 0 61
0.2330498877992428 0 62
0.23578460128156 0 63
0.2386560505161217 0 64
0.241671071970074 0 65
0.2448368445148516 0 66
0.2481609058285642 0 67
0.2516511700759836 0 68
0.2553159474280889 0 69
0.259163963669204 0 70
0.2632043806530803 0 71
0.2674468184824453 0 72
0.271901378442895 0 73
0.2765786663849252 0 74
0.281489818470555 0 75
0.2866465280832796 0 76
0.2920610731519281 0 77
0.2977463455398303 0 78
0.3037158815509499 0 79
0.3099838943658733 0 80
0.3165653079905625 0 81
0.3234757922871767 0 82
0.3307318008897023 0 83
0.3383506099771014 0 84
0.3463503594146228 0 85
0.3547500962963351 0 86
0.3635698201875055 0 87
0.3728305304259775 0 88
0.3825542759015305 0 89
0.3927642084676748 0 90
0.4034846376517702 0 91
0.414741088376043 0 92
0.426560361936955 0 93
0.4389705991565821 0 94
0.4520013481242158 0 95
0.4656836343872197 0 96
0.4800500350744087 0 97
0.4951347559739679 0 98
0.5109737128711939 0 99
0.5276046178171068 0 100
0.54506706779243 0 101
0.5634026400613346 0 102
0.58265499129537 0 103
0.6028699601016612 0 104
0.6240956771076646 0 105
0.6463826800420669 0 106
0.6697840333814649 0 107
0.6943554541847147 0 108
0.7201554457120436 0 109
0.7472454370967681 0 110
0.775689928075588 0 111
0.8055566435367736 0 112
0.836916694754678 0 113
0.869844748309202 0 114
0.9044192048994677 0 115
0.9407223845650436 0 116
0.9788407230467628 0 117
1.018864978336132 0 118
1.060890446666591 0 119
1.105017188396918 0 120
1.15135026712449 0 121
0 0.0002587046922715601 122
0 0.0005562147793279842 123
0 0.0008983513525472446 124
0 0.001291808491018707 125
0 0.00174428421760788 126
0 0.002264631134963996 127
0 0.002863030288404055 128
0 0.00355118964707433 129
0 0.004342572902775151 130
0 0.005252663603698592 131
0 0.006299267847682847 132
0 0.007502862606973817 133
0 0.008886996481218785 134
0 0.01047875049955483 135
0 0.01230926753813588 136
0 0.01441436214990062 137
0 0.0168352209630406 138
0 0.01961920872805065 139
0 0.02282079493911436 140
0 0.02650261881626115 141
0 0.03073671591351133 142
0 0.03560592747189661 143
0 0.04120552080724493 144
0 0.04764505321545624 145
0 0.05505051580121204 146
0 0.06356679797899849 147
0 0.07336052216557951 148
0 0.08462330477756784 149
0 0.09757550479203397 150
0 0.1124705347679271 151
0 0.1295998194542934 152
0 0.1492984967353079 153
0 0.171951975476639 154
0 0.1980034763038129 155
0 0.2279627025385567 156
0 0.2624158125751761 157
0 0.3020368887583519 158
0 0.347601126387366 159
0.01664414974148246 0.4 160
0.03195676751588433 0.4 161
0.0460443758746182 0.4 162
0.0590049756105834 0.4 163
0.07092872738648018 0.4 164
0.08189857907257202 0.4 165
0.09199084260471749 0.4 166
0.1012757250292114 0.4 167
0.1098178168607395 0.4 168
0.1176765413794099 0.4 169
0.1249065679675555 0.4 170
0.1315581924166059 0.4 171
0.1376776868587271 0.4 172
0.1433076217164211 0.4 173
0.1484871617897665 0.4 174
0.1532523386220315 0.4 175
0.1576363013279734 0.4 176
0.1616695470783911 0.4 177
0.1653801331938596 0.4 178
0.1687938724368053 0.4 179
0.1719345124409698 0.4 180
0.1748239011476851 0.4 181
0.1774821388092945 0.4 182
0.1799277174972692 0.4 183
0.1821776498792745 0.4 184
0.1842475876805334 0.4 185
0.1861519304204247 0.4 186
0.1879039258063823 0.4 187
0.1895157616236818 0.4 188
0.1909986505450225 0.4 189
0.1923629083656558 0.4 190
0.1936180255129945 0.4 191
0.1947727332842475 0.4 192
0.195835064452102 0.4 193
0.1968124090491885 0.4 194
0.1977115660200728 0.4 195
0.1985387904901894 0.4 196
0.1992998370792878 0.4 197
0.2010822191160676 0.4 198
0.2022185489210735 0.4 199
0.2034116953976766 0.4 200
0.2046644991840505 0.4 201
0.2059799428479945 0.4 202
0.2073611586193487 0.4 203
0.2088114352713381 0.4 204
0.2103342258356904 0.4 205
0.2119331559781815 0.4 206
0.2136120326011656 0.4 207
0.2153748531927022 0.4 208
0.2172258151289074 0.4 209
0.2191693250384655 0.4 210
0.2212100103647532 0.4 211
0.2233527297901692 0.4 212
0.2256025850730959 0.4 213
0.2279649333968735 0.4 214
0.2304453990503079 0.4 215
0.2330498877992428 0.4 216
0.23578460128156 0.4 217
0.2386560505161217 0.4 218
0.241671071970074 0.4 219
0.2448368445148516 0.4 220
0.2481609058285642 0.4 221
0.2516511700759836 0.4 222
0.2553159474280889 0.4 223
0.259163963669204 0.4 224
0.2632043806530803 0.4 225
0.2674468184824453 0.4 226
0.271901378442895 0.4 227
0.2765786663849252 0.4 228
0.281489818470555 0.4 229
0.2866465280832796 0.4 230
0.2920610731519281 0.4 231
0.2977463455398303 0.4 232
0.3037158815509499 0.4 233
0.3099838943658733 0.4 234
0.3165653079905625 0.4 235
0.3234757922871767 0.4 236
0.3307318008897023 0.4 237
0.3383506099771014 0.4 238
0.3463503594146228 0.4 239
0.3547500962963351 0.4 240
0.3635698201875055 0.4 241
0.3728305304259775 0.4 242
0.3825542759015305 0.4 243
0.3927642084676748 0.4 244
0.4034846376517702 0.4 245
0.414741088376043 0.4 246
0.426560361936955 0.4 247
0.4389705991565821 0.4 248
0.4520013481242158 0.4 249
0.4656836343872197 0.4 250
0.4800500350744087 0.4 251
0.4951347559739679 0.4 252
0.5109737128711939 0.4 253
0.5276046178171068 0.4 254
0.54506706779243 0.4 255
0.5634026400613346 0.4 256
0.58265499129537 0.4 257
0.6028699601016612 0.4 258
0.6240956771076646 0.4 259
0.6463826800420669 0.4 260
0.6697840333814649 0.4 261
0.6943554541847147 0.4 262
0.7201554457120436 0.4 263
0.7472454370967681 0.4 264
0.775689928075588 0.4 265
0.8055566435367736 0.4 266
0.836916694754678 0.4 267
0.869844748309202 0.4 268
0.9044192048994677 0.4 269
0.9407223845650436 0.4 270
0.9788407230467628 0.4 271
1.018864978336132 0.4 272
1.060890446666591 0.4 273
1.105017188396918 0.4 274
1.15135026712449 0.4 275
0.2 0.0002587046922715601 276
0.2 0.0005562147793279842 277
0.2 0.0008983513525472446 278
0.2 0.001291808491018707 279
0.2 0.00174428421760788 280
0.2 0.002264631134963996 281
0.2 0.002863030288404055 282
0.2 0.00355118964707433 283
0.2 0.004342572902775151 284
0.2 0.005252663603698592 285
0.2 0.006299267847682847 286
0.2 0.007502862606973817 287
0.2 0.008886996481218785 288
0.2 0.01047875049955483 289
0.2 0.01230926753813588 290
0.2 0.01441436214990062 291
0.2 0.0168352209630406 292
0.2 0.01961920872805065 293
0.2 0.02282079493911436 294
0.2 0.02650261881626115 295
0.2 0.03073671591351133 296
0.2 0.03560592747189661 297
0.2 0.04120552080724493 298
0.2 0.04764505321545624 299
0.2 0.05505051580121204 300
0.2 0.06356679797899849 301
0.2 0.07336052216557951 302
0.2 0.08462330477756784 303
0.2 0.09757550479203397 304
0.2 0.1124705347679271 305
0.2 0.1295998194542934 306
0.2 0.1492984967353079 307
0.2 0.171951975476639 308
0.2 0.1980034763038129 309
0.2 0.2279627025385567 310
0.2 0.2624158125751761 311
0.2 0.3020368887583519 312
0.2 0.347601126387366 313
1.2 0.0002587046922715601 314
1.2 0.0005562147793279842 315
1.2 0.0008983513525472446 316
1.2 0.001291808491018707 317
1.2 0.00174428421760788 318
1.2 0.002264631134963996 319
1.2 0.002863030288404055 320
1.2 0.00355118964707433 321
1.2 0.004342572902775151 322
1.2 0.005252663603698592 323
1.2 0.006299267847682847 324
1.2 0.007502862606973817 325
1.2 0.008886996481218785 326
1.2 0.01047875049955483 327
1.2 0.01230926753813588 328
1.2 0.01441436214990062 329
1.2 0.0168352209630406 330
1.2 0.01961920872805065 331
1.2 0.02282079493911436 332
1.2 0.02650261881626115 333
1.2 0.03073671591351133 334
1.2 0.03560592747189661 335
1.2 0.04120552080724493 336
1.2 0.04764505321545624 337
1.2 0.05505051580121204 338
1.2 0.06356679797899849 339
1.2 0.07336052216557951 340
1.2 0.08462330477756784 341
1.2 0.09757550479203397 342
1.2 0.1124705347679271 343
1.2 0.1295998194542934 344
1.2 0.1492984967353079 345
1.2 0.171951975476639 346
1.2 0.1980034763038129 347
1.2 0.2279627025385567 348
1.2 0.2624158125751761 349
1.2 0.3020368887583519 350
1.2 0.347601126387366 351
0.01664414974148247 0.0002587046922715602 352
0.01664414974148247 0.0005562147793279845 353
0.01664414974148246 0.0008983513525472446 354
0.01664414974148246 0.001291808491018707 355
0.01664414974148246 0.00174428421760788 356
0.01664414974148246 0.002264631134963996 357
0.01664414974148246 0.002863030288404054 358
0.01664414974148246 0.00355118964707433 359
0.01664414974148246 0.004342572902775151 360
0.01664414974148247 0.005252663603698591 361
0.01664414974148246 0.006299267847682847 362
0.01664414974148246 0.007502862606973816 363
0.01664414974148246 0.008886996481218785 364
0.01664414974148247 0.01047875049955483 365
0.01664414974148247 0.01230926753813589 366
0.01664414974148246 0.01441436214990062 367
0.01664414974148246 0.0168352209630406 368
0.01664414974148245 0.01961920872805064 369
0.01664414974148247 0.02282079493911436 370
0.01664414974148247 0.02650261881626115 371
0.01664414974148246 0.03073671591351133 372
0.01664414974148246 0.03560592747189661 373
0.01664414974148246 0.04120552080724493 374
0.01664414974148246 0.04764505321545624 375
0.01664414974148246 0.05505051580121204 376
0.01664414974148246 0.06356679797899849 377
0.01664414974148246 0.07336052216557951 378
0.01664414974148246 0.08462330477756788 379
0.01664414974148246 0.09757550479203397 380
0.01664414974148246 0.1124705347679271 381
0.01664414974148246 0.1295998194542934 382
0.01664414974148246 0.1492984967353079 383
0.01664414974148246 0.171951975476639 384
0.01664414974148246 0.1980034763038129 385
0.01664414974148246 0.2279627025385566 386
0.01664414974148246 0.2624158125751761 387
0.01664414974148246 0.3020368887583519 388
0.01664414974148246 0.3476011263873659 389
0.03195676751588433 0.0002587046922715601 390
0.03195676751588431 0.0005562147793279843 391
0.03195676751588433 0.0008983513525472446 392
0.03195676751588433 0.001291808491018707 393
0.03195676751588433 0.00174428421760788 394
0.03195676751588433 0.002264631134963996 395
0.03195676751588433 0.002863030288404054 396
0.03195676751588433 0.003551189647074329 397
0.03195676751588431 0.004342572902775151 398
0.03195676751588433 0.005252663603698591 399
0.03195676751588433 0.006299267847682847 400
0.03195676751588431 0.007502862606973817 401
0.03195676751588433 0.008886996481218785 402
0.03195676751588433 0.01047875049955483 403
0.03195676751588433 0.01230926753813588 404
0.03195676751588433 0.01441436214990062 405
0.03195676751588433 0.0168352209630406 406
0.03195676751588433 0.01961920872805065 407
0.03195676751588433 0.02282079493911436 408
0.03195676751588433 0.02650261881626115 409
0.03195676751588433 0.03073671591351133 410
0.03195676751588433 0.03560592747189661 411
0.03195676751588433 0.04120552080724493 412
0.03195676751588433 0.04764505321545624 413
0.03195676751588433 0.05505051580121204 414
0.03195676751588433 0.06356679797899849 415
0.03195676751588433 0.07336052216557951 416
0.03195676751588433 0.08462330477756784 417
0.03195676751588433 0.09757550479203397 418
0.03195676751588433 0.1124705347679271 419
0.03195676751588433 0.1295998194542934 420
0.03195676751588433 0.1492984967353079 421
0.03195676751588433 0.171951975476639 422
0.03195676751588432 0.1980034763038129 423
0.03195676751588433 0.2279627025385567 424
0.03195676751588433 0.2624158125751761 425
0.03195676751588433 0.3020368887583519 426
0.03195676751588433 0.347601126387366 427
0.04604437587461819 0.0002587046922715601 428
0.0460443758746182 0.0005562147793279843 429
0.04604437587461822 0.0008983513525472446 430
0.04604437587461822 0.001291808491018707 431
0.04604437587461821 0.00174428421760788 432
0.0460443758746182 0.002264631134963996 433
0.04604437587461819 0.002863030288404055 434
0.04604437587461821 0.00355118964707433 435
0.04604437587461821 0.004342572902775151 436
0.04604437587461821 0.005252663603698592 437
0.0460443758746182 0.006299267847682847 438
0.04604437587461821 0.007502862606973817 439
0.04604437587461822 0.008886996481218785 440
0.04604437587461821 0.01047875049955483 441
0.0460443758746182 0.01230926753813588 442
0.04604437587461821 0.01441436214990062 443
0.0460443758746182 0.0168352209630406 444
0.04604437587461822 0.01961920872805065 445
0.0460443758746182 0.02282079493911436 446
0.04604437587461822 0.02650261881626116 447
0.0460443758746182 0.03073671591351133 448
0.0460443758746182 0.03560592747189661 449
0.04604437587461821 0.04120552080724493 450
0.0460443758746182 0.04764505321545624 451
0.04604437587461821 0.05505051580121204 452
0.04604437587461821 0.0635667979789985 453
0.04604437587461822 0.07336052216557951 454
0.04604437587461821 0.08462330477756783 455
0.04604437587461822 0.09757550479203397 456
0.0460443758746182 0.1124705347679272 457
0.0460443758746182 0.1295998194542934 458
0.04604437587461822 0.1492984967353079 459
0.04604437587461821 0.1719519754766389 460
0.04604437587461822 0.198003476303813 461
0.04604437587461821 0.2279627025385567 462
0.0460443758746182 0.2624158125751761 463
0.0460443758746182 0.302036888758352 464
0.0460443758746182 0.3476011263873659 465
0.05900497561058341 0.0002587046922715602 466
0.0590049756105834 0.0005562147793279843 467
0.05900497561058343 0.0008983513525472446 468
0.0590049756105834 0.001291808491018708 469
0.05900497561058341 0.00174428421760788 470
0.0590049756105834 0.002264631134963996 471
0.05900497561058339 0.002863030288404055 472
0.0590049756105834 0.00355118964707433 473
0.05900497561058341 0.004342572902775151 474
0.0590049756105834 0.005252663603698592 475
0.05900497561058341 0.006299267847682847 476
0.0590049756105834 0.007502862606973817 477
0.05900497561058341 0.008886996481218785 478
0.0590049756105834 0.01047875049955483 479
0.0590049756105834 0.01230926753813588 480
0.05900497561058341 0.01441436214990062 481
0.05900497561058343 0.0168352209630406 482
0.0590049756105834 0.01961920872805065 483
0.0590049756105834 0.02282079493911436 484
0.05900497561058341 0.02650261881626115 485
0.05900497561058341 0.03073671591351133 486
0.0590049756105834 0.03560592747189661 487
0.05900497561058341 0.04120552080724493 488
0.0590049756105834 0.04764505321545624 489
0.0590049756105834 0.05505051580121204 490
0.0590049756105834 0.0635667979789985 491
0.0590049756105834 0.07336052216557951 492
0.0590049756105834 0.08462330477756784 493
0.0590049756105834 0.09757550479203397 494
0.0590049756105834 0.1124705347679271 495
0.0590049756105834 0.1295998194542934 496
0.0590049756105834 0.1492984967353079 497
0.0590049756105834 0.171951975476639 498
0.05900497561058341 0.1980034763038129 499
0.05900497561058341 0.2279627025385567 500
0.0590049756105834 0.2624158125751761 501
0.0590049756105834 0.302036888758352 502
0.0590049756105834 0.347601126387366 503
0.07092872738648021 0.0002587046922715601 504
0.07092872738648018 0.0005562147793279842 505
0.07092872738648019 0.0008983513525472446 506
0.07092872738648016 0.001291808491018707 507
0.07092872738648015 0.00174428421760788 508
0.07092872738648018 0.002264631134963996 509
0.07092872738648018 0.002863030288404055 510
0.07092872738648018 0.00355118964707433 511
0.07092872738648021 0.004342572902775151 512
0.07092872738648015 0.005252663603698592 513
0.07092872738648015 0.006299267847682847 514
0.07092872738648018 0.007502862606973817 515
0.07092872738648018 0.008886996481218785 516
0.07092872738648018 0.01047875049955483 517
0.07092872738648022 0.01230926753813588 518
0.07092872738648019 0.01441436214990062 519
0.07092872738648018 0.0168352209630406 520
0.07092872738648018 0.01961920872805065 521
0.07092872738648018 0.02282079493911436 522
0.07092872738648018 0.02650261881626115 523
0.07092872738648018 0.03073671591351133 524
0.07092872738648016 0.03560592747189661 525
0.07092872738648018 0.04120552080724493 526
0.07092872738648018 0.04764505321545624 527
0.07092872738648018 0.05505051580121204 528
0.07092872738648018 0.0635667979789985 529
0.07092872738648018 0.07336052216557951 530
0.07092872738648018 0.08462330477756785 531
0.07092872738648018 0.09757550479203397 532
0.07092872738648018 0.1124705347679271 533
0.07092872738648018 0.1295998194542934 534
0.07092872738648018 0.1492984967353079 535
0.07092872738648018 0.171951975476639 536
0.07092872738648018 0.1980034763038129 537
0.07092872738648018 0.2279627025385567 538
0.07092872738648018 0.2624158125751761 539
0.07092872738648018 0.3020368887583519 540
0.07092872738648018 0.347601126387366 541
0.08189857907257199 0.0002587046922715601 542
0.08189857907257202 0.0005562147793279843 543
0.08189857907257199 0.0008983513525472446 544
0.08189857907257204 0.001291808491018708 545
0.08189857907257202 0.00174428421760788 546
0.081898579072572 0.002264631134963996 547
0.08189857907257203 0.002863030288404055 548
0.08189857907257203 0.003551189647074329 549
0.08189857907257203 0.004342572902775151 550
0.08189857907257202 0.005252663603698592 551
0.08189857907257202 0.006299267847682847 552
0.08189857907257202 0.007502862606973817 553
0.08189857907257202 0.008886996481218785 554
0.08189857907257203 0.01047875049955483 555
0.08189857907257202 0.01230926753813588 556
0.08189857907257204 0.01441436214990062 557
0.08189857907257202 0.0168352209630406 558
0.08189857907257202 0.01961920872805065 559
0.08189857907257199 0.02282079493911436 560
0.08189857907257204 0.02650261881626115 561
0.08189857907257203 0.03073671591351133 562
0.08189857907257202 0.03560592747189661 563
0.08189857907257203 0.04120552080724493 564
0.08189857907257199 0.04764505321545624 565
0.08189857907257202 0.05505051580121204 566
0.08189857907257202 0.06356679797899849 567
0.08189857907257202 0.07336052216557951 568
0.08189857907257206 0.08462330477756785 569
0.08189857907257202 0.09757550479203396 570
0.08189857907257199 0.1124705347679271 571
0.081898579072572 0.1295998194542934 572
0.08189857907257203 0.1492984967353079 573
0.08189857907257203 0.171951975476639 574
0.081898579072572 0.1980034763038129 575
0.08189857907257203 0.2279627025385567 576
0.08189857907257202 0.2624158125751761 577
0.08189857907257203 0.3020368887583519 578
0.08189857907257203 0.347601126387366 579
0.09199084260471749 0.0002587046922715602 580
0.09199084260471749 0.0005562147793279843 581
0.09199084260471749 0.0008983513525472446 582
0.09199084260471752 0.001291808491018707 583
0.09199084260471752 0.00174428421760788 584
0.09199084260471747 0.002264631134963996 585
0.09199084260471749 0.002863030288404055 586
0.09199084260471749 0.00355118964707433 587
0.09199084260471749 0.004342572902775151 588
0.09199084260471746 0.005252663603698592 589
0.09199084260471746 0.006299267847682847 590
0.09199084260471746 0.007502862606973817 591
0.09199084260471752 0.008886996481218785 592
0.09199084260471749 0.01047875049955483 593
0.09199084260471746 0.01230926753813588 594
0.09199084260471753 0.01441436214990062 595
0.09199084260471749 0.0168352209630406 596
0.09199084260471747 0.01961920872805065 597
0.09199084260471749 0.02282079493911436 598
0.09199084260471749 0.02650261881626115 599
0.09199084260471749 0.03073671591351133 600
0.09199084260471745 0.03560592747189661 601
0.09199084260471749 0.04120552080724493 602
0.09199084260471749 0.04764505321545624 603
0.09199084260471749 0.05505051580121204 604
0.09199084260471749 0.06356679797899849 605
0.09199084260471749 0.07336052216557951 606
0.09199084260471749 0.08462330477756785 607
0.09199084260471749 0.09757550479203397 608
0.09199084260471749 0.1124705347679271 609
0.09199084260471749 0.1295998194542934 610
0.09199084260471749 0.1492984967353079 611
0.09199084260471749 0.171951975476639 612
0.09199084260471749 0.1980034763038129 613
0.09199084260471749 0.2279627025385567 614
0.09199084260471749 0.2624158125751761 615
0.09199084260471749 0.302036888758352 616
0.09199084260471749 0.347601126387366 617
0.1012757250292114 0.0002587046922715602 618
0.1012757250292115 0.0005562147793279843 619
0.1012757250292114 0.0008983513525472446 620
0.1012757250292114 0.001291808491018707 621
0.1012757250292114 0.00174428421760788 622
0.1012757250292114 0.002264631134963996 623
0.1012757250292114 0.002863030288404055 624
0.1012757250292114 0.00355118964707433 625
0.1012757250292114 0.004342572902775151 626
0.1012757250292114 0.005252663603698592 627
0.1012757250292114 0.006299267847682847 628
0.1012757250292114 0.007502862606973817 629
0.1012757250292114 0.008886996481218785 630
0.1012757250292114 0.01047875049955483 631
0.1012757250292114 0.01230926753813588 632
0.1012757250292114 0.01441436214990062 633
0.1012757250292114 0.0168352209630406 634
0.1012757250292114 0.01961920872805065 635
0.1012757250292114 0.02282079493911436 636
0.1012757250292114 0.02650261881626115 637
0.1012757250292114 0.03073671591351133 638
0.1012757250292114 0.03560592747189661 639
0.1012757250292114 0.04120552080724493 640
0.1012757250292114 0.04764505321545624 641
0.1012757250292115 0.05505051580121204 642
0.1012757250292114 0.0635667979789985 643
0.1012757250292114 0.07336052216557951 644
0.1012757250292114 0.08462330477756784 645
0.1012757250292114 0.09757550479203397 646
0.1012757250292114 0.1124705347679271 647
0.1012757250292114 0.1295998194542934 648
0.1012757250292114 0.1492984967353079 649
0.1012757250292114 0.171951975476639 650
0.1012757250292114 0.1980034763038129 651
0.1012757250292114 0.2279627025385567 652
0.1012757250292114 0.2624158125751761 653
0.1012757250292114 0.3020368887583519 654
0.1012757250292114 0.347601126387366 655
0.1098178168607395 0.0002587046922715602 656
0.1098178168607395 0.0005562147793279842 657
0.1098178168607395 0.0008983513525472446 658
0.1098178168607395 0.001291808491018708 659
0.1098178168607396 0.00174428421760788 660
0.1098178168607396 0.002264631134963996 661
0.1098178168607395 0.002863030288404055 662
0.1098178168607395 0.00355118964707433 663
0.1098178168607395 0.004342572902775151 664
0.1098178168607395 0.005252663603698592 665
0.1098178168607396 0.006299267847682847 666
0.1098178168607395 0.007502862606973817 667
0.1098178168607395 0.008886996481218785 668
0.1098178168607395 0.01047875049955483 669
0.1098178168607395 0.01230926753813589 670
0.1098178168607395 0.01441436214990062 671
0.1098178168607395 0.0168352209630406 672
0.1098178168607395 0.01961920872805065 673
0.1098178168607395 0.02282079493911436 674
0.1098178168607395 0.02650261881626115 675
0.1098178168607395 0.03073671591351133 676
0.1098178168607395 0.03560592747189661 677
0.1098178168607395 0.04120552080724493 678
0.1098178168607395 0.04764505321545624 679
0.1098178168607395 0.05505051580121204 680
0.1098178168607395 0.0635667979789985 681
0.1098178168607395 0.07336052216557951 682
0.1098178168607395 0.08462330477756784 683
0.1098178168607395 0.09757550479203397 684
0.1098178168607395 0.1124705347679271 685
0.1098178168607395 0.1295998194542934 686
0.1098178168607395 0.1492984967353079 687
0.1098178168607395 0.171951975476639 688
0.1098178168607395 0.1980034763038129 689
0.1098178168607395 0.2279627025385567 690
0.1098178168607396 0.2624158125751761 691
0.1098178168607395 0.302036888758352 692
0.1098178168607395 0.347601126387366 693
0.1176765413794099 0.0002587046922715601 694
0.1176765413794099 0.0005562147793279842 695
0.1176765413794099 0.0008983513525472446 696
0.1176765413794099 0.001291808491018708 697
0.1176765413794099 0.00174428421760788 698
0.1176765413794099 0.002264631134963996 699
0.1176765413794099 0.002863030288404055 700
0.1176765413794099 0.00355118964707433 701
0.1176765413794099 0.004342572902775151 702
0.1176765413794099 0.005252663603698592 703
0.1176765413794099 0.006299267847682847 704
0.1176765413794099 0.007502862606973817 705
0.1176765413794099 0.008886996481218785 706
0.1176765413794099 0.01047875049955483 707
0.1176765413794099 0.01230926753813588 708
0.1176765413794099 0.01441436214990062 709
0.1176765413794099 0.0168352209630406 710
0.1176765413794099 0.01961920872805065 711
0.11767654137941 0.02282079493911436 712
0.1176765413794099 0.02650261881626115 713
0.1176765413794099 0.03073671591351133 714
0.1176765413794099 0.03560592747189661 715
0.1176765413794099 0.04120552080724493 716
0.1176765413794099 0.04764505321545624 717
0.1176765413794099 0.05505051580121204 718
0.1176765413794099 0.0635667979789985 719
0.1176765413794099 0.07336052216557951 720
0.1176765413794099 0.08462330477756785 721
0.1176765413794099 0.09757550479203397 722
0.1176765413794099 0.1124705347679271 723
0.1176765413794099 0.1295998194542934 724
0.1176765413794099 0.1492984967353079 725
0.1176765413794099 0.171951975476639 726
0.1176765413794099 0.1980034763038129 727
0.1176765413794099 0.2279627025385566 728
0.1176765413794099 0.2624158125751761 729
0.1176765413794099 0.3020368887583519 730
0.1176765413794099 0.347601126387366 731
0.1249065679675555 0.0002587046922715602 732
0.1249065679675555 0.0005562147793279842 733
0.1249065679675555 0.0008983513525472446 734
0.1249065679675555 0.001291808491018707 735
0.1249065679675555 0.00174428421760788 736
0.1249065679675555 0.002264631134963996 737
0.1249065679675555 0.002863030288404055 738
0.1249065679675555 0.00355118964707433 739
0.1249065679675555 0.004342572902775151 740
0.1249065679675555 0.005252663603698591 741
0.1249065679675555 0.006299267847682847 742
0.1249065679675555 0.007502862606973817 743
0.1249065679675555 0.008886996481218785 744
0.1249065679675555 0.01047875049955483 745
0.1249065679675555 0.01230926753813588 746
0.1249065679675555 0.01441436214990062 747
0.1249065679675555 0.0168352209630406 748
0.1249065679675556 0.01961920872805065 749
0.1249065679675556 0.02282079493911436 750
0.1249065679675555 0.02650261881626115 751
0.1249065679675555 0.03073671591351133 752
0.1249065679675555 0.03560592747189661 753
0.1249065679675555 0.04120552080724493 754
0.1249065679675555 0.04764505321545624 755
0.1249065679675556 0.05505051580121204 756
0.1249065679675555 0.06356679797899849 757
0.1249065679675555 0.07336052216557951 758
0.1249065679675555 0.08462330477756785 759
0.1249065679675556 0.09757550479203397 760
0.1249065679675555 0.1124705347679271 761
0.1249065679675555 0.1295998194542934 762
0.1249065679675555 0.1492984967353079 763
0.1249065679675555 0.171951975476639 764
0.1249065679675555 0.1980034763038129 765
0.1249065679675555 0.2279627025385567 766
0.1249065679675555 0.2624158125751761 767
0.1249065679675555 0.302036888758352 768
0.1249065679675555 0.347601126387366 769
0.1315581924166059 0.0002587046922715601 770
0.1315581924166059 0.0005562147793279842 771
0.1315581924166058 0.0008983513525472445 772
0.1315581924166059 0.001291808491018707 773
0.1315581924166059 0.00174428421760788 774
0.1315581924166059 0.002264631134963996 775
0.1315581924166059 0.002863030288404055 776
0.131558192416606 0.003551189647074331 777
0.1315581924166059 0.004342572902775151 778
0.1315581924166059 0.005252663603698591 779
0.1315581924166059 0.006299267847682847 780
0.1315581924166059 0.007502862606973817 781
0.1315581924166059 0.008886996481218785 782
0.1315581924166059 0.01047875049955483 783
0.1315581924166059 0.01230926753813588 784
0.1315581924166059 0.01441436214990062 785
0.1315581924166059 0.0168352209630406 786
0.1315581924166059 0.01961920872805065 787
0.1315581924166059 0.02282079493911436 788
0.1315581924166059 0.02650261881626115 789
0.1315581924166059 0.03073671591351133 790
0.1315581924166059 0.03560592747189661 791
0.1315581924166059 0.04120552080724493 792
0.1315581924166059 0.04764505321545624 793
0.1315581924166059 0.05505051580121204 794
0.1315581924166059 0.06356679797899849 795
0.1315581924166059 0.07336052216557951 796
0.1315581924166059 0.08462330477756785 797
0.1315581924166059 0.09757550479203397 798
0.1315581924166059 0.1124705347679271 799
0.1315581924166059 0.1295998194542934 800
0.1315581924166059 0.1492984967353079 801
0.1315581924166059 0.171951975476639 802
0.1315581924166059 0.1980034763038129 803
0.1315581924166059 0.2279627025385567 804
0.1315581924166059 0.2624158125751761 805
0.1315581924166059 0.3020368887583519 806
0.1315581924166059 0.347601126387366 807
0.1376776868587271 0.0002587046922715601 808
0.137677686858727 0.0005562147793279843 809
0.1376776868587271 0.0008983513525472446 810
0.137677686858727 0.001291808491018707 811
0.1376776868587271 0.00174428421760788 812
0.137677686858727 0.002264631134963996 813
0.1376776868587271 0.002863030288404054 814
0.1376776868587271 0.00355118964707433 815
0.137677686858727 0.004342572902775151 816
0.1376776868587271 0.005252663603698592 817
0.1376776868587271 0.006299267847682847 818
0.1376776868587271 0.007502862606973817 819
0.1376776868587271 0.008886996481218785 820
0.137677686858727 0.01047875049955483 821
0.137677686858727 0.01230926753813588 822
0.1376776868587271 0.01441436214990062 823
0.1376776868587271 0.0168352209630406 824
0.1376776868587271 0.01961920872805065 825
0.1376776868587271 0.02282079493911436 826
0.1376776868587271 0.02650261881626115 827
0.1376776868587271 0.03073671591351133 828
0.1376776868587271 0.03560592747189661 829
0.137677686858727 0.04120552080724493 830
0.1376776868587271 0.04764505321545624 831
0.1376776868587271 0.05505051580121204 832
0.1376776868587271 0.0635667979789985 833
0.1376776868587271 0.07336052216557951 834
0.1376776868587271 0.08462330477756784 835
0.1376776868587271 0.09757550479203397 836
0.1376776868587271 0.1124705347679271 837
0.137677686858727 0.1295998194542934 838
0.1376776868587271 0.1492984967353079 839
0.137677686858727 0.171951975476639 840
0.1376776868587271 0.1980034763038129 841
0.1376776868587271 0.2279627025385567 842
0.1376776868587271 0.2624158125751761 843
0.1376776868587271 0.302036888758352 844
0.1376776868587271 0.347601126387366 845
0.1433076217164211 0.0002587046922715601 846
0.143307621716421 0.0005562147793279843 847
0.1433076217164211 0.0008983513525472446 848
0.1433076217164211 0.001291808491018707 849
0.1433076217164211 0.00174428421760788 850
0.1433076217164211 0.002264631134963996 851
0.1433076217164211 0.002863030288404055 852
0.1433076217164211 0.00355118964707433 853
0.1433076217164211 0.004342572902775151 854
0.1433076217164211 0.005252663603698592 855
0.1433076217164211 0.006299267847682847 856
0.143307621716421 0.007502862606973817 857
0.1433076217164211 0.008886996481218785 858
0.1433076217164211 0.01047875049955483 859
0.1433076217164211 0.01230926753813588 860
0.1433076217164211 0.01441436214990062 861
0.1433076217164211 0.0168352209630406 862
0.1433076217164211 0.01961920872805065 863
0.1433076217164211 0.02282079493911436 864
0.1433076217164211 0.02650261881626115 865
0.143307621716421 0.03073671591351133 866
0.1433076217164211 0.03560592747189661 867
0.1433076217164211 0.04120552080724493 868
0.1433076217164211 0.04764505321545624 869
0.1433076217164211 0.05505051580121204 870
0.1433076217164211 0.06356679797899849 871
0.1433076217164211 0.07336052216557951 872
0.1433076217164211 0.08462330477756784 873
0.1433076217164211 0.09757550479203396 874
0.1433076217164211 0.1124705347679271 875
0.1433076217164211 0.1295998194542934 876
0.1433076217164211 0.1492984967353079 877
0.1433076217164211 0.171951975476639 878
0.143307621716421 0.1980034763038129 879
0.1433076217164211 0.2279627025385567 880
0.1433076217164211 0.2624158125751761 881
0.1433076217164211 0.302036888758352 882
0.1433076217164211 0.347601126387366 883
0.1484871617897665 0.0002587046922715601 884
0.1484871617897665 0.0005562147793279842 885
0.1484871617897665 0.0008983513525472446 886
0.1484871617897665 0.001291808491018708 887
0.1484871617897665 0.00174428421760788 888
0.1484871617897664 0.002264631134963996 889
0.1484871617897665 0.002863030288404055 890
0.1484871617897664 0.00355118964707433 891
0.1484871617897665 0.004342572902775151 892
0.1484871617897665 0.005252663603698592 893
0.1484871617897665 0.006299267847682847 894
0.1484871617897665 0.007502862606973817 895
0.1484871617897665 0.008886996481218785 896
0.1484871617897665 0.01047875049955483 897
0.1484871617897665 0.01230926753813588 898
0.1484871617897665 0.01441436214990062 899
0.1484871617897665 0.0168352209630406 900
0.1484871617897665 0.01961920872805065 901
0.1484871617897665 0.02282079493911436 902
0.1484871617897665 0.02650261881626115 903
0.1484871617897665 0.03073671591351133 904
0.1484871617897665 0.03560592747189661 905
0.1484871617897665 0.04120552080724493 906
0.1484871617897665 0.04764505321545624 907
0.1484871617897664 0.05505051580121204 908
0.1484871617897665 0.06356679797899849 909
0.1484871617897665 0.07336052216557951 910
0.1484871617897665 0.08462330477756788 911
0.1484871617897665 0.09757550479203396 912
0.1484871617897665 0.1124705347679271 913
0.1484871617897665 0.1295998194542934 914
0.1484871617897665 0.1492984967353079 915
0.1484871617897665 0.171951975476639 916
0.1484871617897665 0.1980034763038129 917
0.1484871617897665 0.2279627025385566 918
0.1484871617897665 0.2624158125751761 919
0.1484871617897665 0.302036888758352 920
0.1484871617897665 0.347601126387366 921
0.1532523386220315 0.0002587046922715601 922
0.1532523386220315 0.0005562147793279842 923
0.1532523386220315 0.0008983513525472447 924
0.1532523386220315 0.001291808491018707 925
0.1532523386220315 0.00174428421760788 926
0.1532523386220315 0.002264631134963996 927
0.1532523386220314 0.002863030288404055 928
0.1532523386220314 0.00355118964707433 929
0.1532523386220315 0.004342572902775152 930
0.1532523386220315 0.005252663603698592 931
0.1532523386220315 0.006299267847682847 932
0.1532523386220315 0.007502862606973817 933
0.1532523386220314 0.008886996481218785 934
0.1532523386220315 0.01047875049955483 935
0.1532523386220315 0.01230926753813588 936
0.1532523386220315 0.01441436214990062 937
0.1532523386220315 0.0168352209630406 938
0.1532523386220315 0.01961920872805065 939
0.1532523386220315 0.02282079493911436 940
0.1532523386220315 0.02650261881626115 941
0.1532523386220315 0.03073671591351133 942
0.1532523386220315 0.03560592747189661 943
0.1532523386220315 0.04120552080724493 944
0.1532523386220315 0.04764505321545624 945
0.1532523386220315 0.05505051580121204 946
0.1532523386220315 0.06356679797899849 947
0.1532523386220315 0.07336052216557951 948
0.1532523386220315 0.08462330477756785 949
0.1532523386220316 0.09757550479203397 950
0.1532523386220315 0.1124705347679271 951
0.1532523386220315 0.1295998194542934 952
0.1532523386220315 0.1492984967353079 953
0.1532523386220315 0.171951975476639 954
0.1532523386220315 0.1980034763038129 955
0.1532523386220315 0.2279627025385567 956
0.1532523386220315 0.2624158125751761 957
0.1532523386220315 0.3020368887583519 958
0.1532523386220315 0.3476011263873659 959
0.1576363013279733 0.0002587046922715601 960
0.1576363013279735 0.0005562147793279842 961
0.1576363013279734 0.0008983513525472446 962
0.1576363013279734 0.001291808491018707 963
0.1576363013279734 0.00174428421760788 964
0.1576363013279734 0.002264631134963996 965
0.1576363013279734 0.002863030288404055 966
0.1576363013279734 0.00355118964707433 967
0.1576363013279733 0.004342572902775151 968
0.1576363013279735 0.005252663603698592 969
0.1576363013279734 0.006299267847682847 970
0.1576363013279734 0.007502862606973817 971
0.1576363013279734 0.008886996481218785 972
0.1576363013279734 0.01047875049955483 973
0.1576363013279734 0.01230926753813589 974
0.1576363013279734 0.01441436214990062 975
0.1576363013279734 0.0168352209630406 976
0.1576363013279733 0.01961920872805065 977
0.1576363013279733 0.02282079493911436 978
0.1576363013279734 0.02650261881626115 979
0.1576363013279734 0.03073671591351133 980
0.1576363013279734 0.03560592747189661 981
0.1576363013279734 0.04120552080724493 982
0.1576363013279734 0.04764505321545624 983
0.1576363013279734 0.05505051580121204 984
0.1576363013279734 0.06356679797899849 985
0.1576363013279734 0.07336052216557951 986
0.1576363013279734 0.08462330477756784 987
0.1576363013279734 0.09757550479203396 988
0.1576363013279733 0.1124705347679271 989
0.1576363013279734 0.1295998194542934 990
0.1576363013279734 0.1492984967353079 991
0.1576363013279734 0.171951975476639 992
0.1576363013279734 0.1980034763038129 993
0.1576363013279734 0.2279627025385567 994
0.1576363013279734 0.2624158125751761 995
0.1576363013279734 0.3020368887583519 996
0.1576363013279734 0.347601126387366 997
0.1616695470783911 0.0002587046922715601 998
0.1616695470783911 0.0005562147793279842 999
0.1616695470783912 0.0008983513525472445 1000
0.1616695470783911 0.001291808491018707 1001
0.1616695470783911 0.00174428421760788 1002
0.1616695470783911 0.002264631134963996 1003
0.1616695470783911 0.002863030288404054 1004
0.161669547078391 0.00355118964707433 1005
0.1616695470783911 0.004342572902775151 1006
0.161669547078391 0.005252663603698592 1007
0.1616695470783911 0.006299267847682847 1008
0.161669547078391 0.007502862606973817 1009
0.1616695470783911 0.008886996481218785 1010
0.1616695470783912 0.01047875049955483 1011
0.161669547078391 0.01230926753813589 1012
0.1616695470783912 0.01441436214990062 1013
0.1616695470783911 0.0168352209630406 1014
0.1616695470783911 0.01961920872805064 1015
0.1616695470783911 0.02282079493911436 1016
0.1616695470783911 0.02650261881626115 1017
0.1616695470783911 0.03073671591351133 1018
0.1616695470783911 0.03560592747189661 1019
0.1616695470783911 0.04120552080724493 1020
0.1616695470783911 0.04764505321545624 1021
0.1616695470783911 0.05505051580121204 1022
0.161669547078391 0.06356679797899849 1023
0.1616695470783911 0.07336052216557951 1024
0.1616695470783911 0.08462330477756784 1025
0.1616695470783911 0.09757550479203397 1026
0.1616695470783911 0.1124705347679271 1027
0.1616695470783911 0.1295998194542934 1028
0.1616695470783911 0.1492984967353079 1029
0.1616695470783911 0.171951975476639 1030
0.1616695470783911 0.1980034763038129 1031
0.1616695470783911 0.2279627025385567 1032
0.1616695470783911 0.2624158125751761 1033
0.1616695470783911 0.3020368887583519 1034
0.1616695470783911 0.347601126387366 1035
0.1653801331938596 0.0002587046922715601 1036
0.1653801331938596 0.0005562147793279843 1037
0.1653801331938596 0.0008983513525472446 1038
0.1653801331938596 0.001291808491018707 1039
0.1653801331938596 0.00174428421760788 1040
0.1653801331938596 0.002264631134963996 1041
0.1653801331938596 0.002863030288404054 1042
0.1653801331938595 0.00355118964707433 1043
0.1653801331938595 0.004342572902775151 1044
0.1653801331938596 0.005252663603698591 1045
0.1653801331938596 0.006299267847682847 1046
0.1653801331938596 0.007502862606973817 1047
0.1653801331938596 0.008886996481218785 1048
0.1653801331938596 0.01047875049955483 1049
0.1653801331938596 0.01230926753813589 1050
0.1653801331938596 0.01441436214990062 1051
0.1653801331938596 0.0168352209630406 1052
0.1653801331938596 0.01961920872805064 1053
0.1653801331938596 0.02282079493911436 1054
0.1653801331938596 0.02650261881626115 1055
0.1653801331938595 0.03073671591351133 1056
0.1653801331938596 0.03560592747189661 1057
0.1653801331938596 0.04120552080724493 1058
0.1653801331938596 0.04764505321545624 1059
0.1653801331938596 0.05505051580121204 1060
0.1653801331938596 0.0635667979789985 1061
0.1653801331938596 0.07336052216557951 1062
0.1653801331938596 0.08462330477756784 1063
0.1653801331938596 0.09757550479203397 1064
0.1653801331938595 0.1124705347679271 1065
0.1653801331938596 0.1295998194542934 1066
0.1653801331938596 0.1492984967353079 1067
0.1653801331938596 0.171951975476639 1068
0.1653801331938596 0.1980034763038129 1069
0.1653801331938596 0.2279627025385566 1070
0.1653801331938596 0.2624158125751761 1071
0.1653801331938596 0.3020368887583519 1072
0.1653801331938596 0.3476011263873659 1073
0.1687938724368053 0.0002587046922715602 1074
0.1687938724368053 0.0005562147793279843 1075
0.1687938724368054 0.0008983513525472446 1076
0.1687938724368053 0.001291808491018708 1077
0.1687938724368053 0.00174428421760788 1078
0.1687938724368053 0.002264631134963996 1079
0.1687938724368053 0.002863030288404055 1080
0.1687938724368053 0.00355118964707433 1081
0.1687938724368052 0.004342572902775151 1082
0.1687938724368054 0.005252663603698592 1083
0.1687938724368052 0.006299267847682847 1084
0.1687938724368053 0.007502862606973817 1085
0.1687938724368053 0.008886996481218785 1086
0.1687938724368053 0.01047875049955483 1087
0.1687938724368052 0.01230926753813588 1088
0.1687938724368052 0.01441436214990062 1089
0.1687938724368053 0.0168352209630406 1090
0.1687938724368052 0.01961920872805065 1091
0.1687938724368053 0.02282079493911436 1092
0.1687938724368052 0.02650261881626115 1093
0.1687938724368052 0.03073671591351133 1094
0.1687938724368053 0.03560592747189661 1095
0.1687938724368053 0.04120552080724493 1096
0.1687938724368053 0.04764505321545624 1097
0.1687938724368053 0.05505051580121204 1098
0.1687938724368053 0.0635667979789985 1099
0.1687938724368053 0.07336052216557951 1100
0.1687938724368053 0.08462330477756783 1101
0.1687938724368053 0.09757550479203397 1102
0.1687938724368053 0.1124705347679271 1103
0.1687938724368053 0.1295998194542934 1104
0.1687938724368053 0.1492984967353079 1105
0.1687938724368053 0.171951975476639 1106
0.1687938724368053 0.1980034763038129 1107
0.1687938724368053 0.2279627025385567 1108
0.1687938724368053 0.2624158125751761 1109
0.1687938724368053 0.3020368887583519 1110
0.1687938724368053 0.3476011263873659 1111
0.1719345124409699 0.0002587046922715601 1112
0.1719345124409698 0.0005562147793279843 1113
0.1719345124409698 0.0008983513525472446 1114
0.1719345124409698 0.001291808491018707 1115
0.1719345124409698 0.00174428421760788 1116
0.1719345124409698 0.002264631134963996 1117
0.1719345124409698 0.002863030288404055 1118
0.1719345124409698 0.00355118964707433 1119
0.1719345124409698 0.004342572902775151 1120
0.1719345124409699 0.005252663603698592 1121
0.1719345124409698 0.006299267847682846 1122
0.1719345124409699 0.007502862606973817 1123
0.1719345124409698 0.008886996481218785 1124
0.1719345124409698 0.01047875049955483 1125
0.1719345124409698 0.01230926753813588 1126
0.1719345124409698 0.01441436214990062 1127
0.1719345124409698 0.0168352209630406 1128
0.1719345124409698 0.01961920872805065 1129
0.1719345124409698 0.02282079493911436 1130
0.1719345124409698 0.02650261881626115 1131
0.1719345124409698 0.03073671591351133 1132
0.1719345124409698 0.03560592747189661 1133
0.1719345124409698 0.04120552080724493 1134
0.1719345124409698 0.04764505321545624 1135
0.1719345124409698 0.05505051580121204 1136
0.1719345124409698 0.0635667979789985 1137
0.1719345124409698 0.07336052216557951 1138
0.1719345124409698 0.08462330477756784 1139
0.1719345124409698 0.09757550479203396 1140
0.1719345124409698 0.1124705347679271 1141
0.1719345124409698 0.1295998194542934 1142
0.1719345124409698 0.1492984967353079 1143
0.1719345124409698 0.171951975476639 1144
0.1719345124409698 0.1980034763038129 1145
0.1719345124409698 0.2279627025385567 1146
0.1719345124409698 0.2624158125751761 1147
0.1719345124409698 0.302036888758352 1148
0.1719345124409698 0.347601126387366 1149
0.174823901147685 0.0002587046922715602 1150
0.1748239011476851 0.0005562147793279842 1151
0.174823901147685 0.0008983513525472445 1152
0.1748239011476851 0.001291808491018708 1153
0.174823901147685 0.00174428421760788 1154
0.1748239011476851 0.002264631134963996 1155
0.174823901147685 0.002863030288404055 1156
0.174823901147685 0.00355118964707433 1157
0.1748239011476851 0.004342572902775151 1158
0.174823901147685 0.005252663603698592 1159
0.174823901147685 0.006299267847682847 1160
0.1748239011476851 0.007502862606973817 1161
0.174823901147685 0.008886996481218786 1162
0.1748239011476851 0.01047875049955483 1163
0.1748239011476851 0.01230926753813588 1164
0.174823901147685 0.01441436214990062 1165
0.1748239011476851 0.0168352209630406 1166
0.174823901147685 0.01961920872805065 1167
0.1748239011476851 0.02282079493911436 1168
0.1748239011476851 0.02650261881626115 1169
0.1748239011476851 0.03073671591351133 1170
0.1748239011476851 0.03560592747189661 1171
0.1748239011476851 0.04120552080724493 1172
0.1748239011476851 0.04764505321545624 1173
0.1748239011476851 0.05505051580121204 1174
0.1748239011476851 0.0635667979789985 1175
0.1748239011476851 0.07336052216557952 1176
0.1748239011476851 0.08462330477756784 1177
0.1748239011476851 0.09757550479203396 1178
0.1748239011476851 0.1124705347679271 1179
0.1748239011476851 0.1295998194542934 1180
0.1748239011476851 0.1492984967353079 1181
0.1748239011476851 0.171951975476639 1182
0.1748239011476851 0.1980034763038129 1183
0.1748239011476851 0.2279627025385567 1184
0.1748239011476851 0.2624158125751761 1185
0.1748239011476851 0.302036888758352 1186
0.1748239011476851 0.3476011263873659 1187
0.1774821388092944 0.0002587046922715602 1188
0.1774821388092944 0.0005562147793279842 1189
0.1774821388092945 0.0008983513525472446 1190
0.1774821388092945 0.001291808491018707 1191
0.1774821388092945 0.00174428421760788 1192
0.1774821388092944 0.002264631134963996 1193
0.1774821388092944 0.002863030288404054 1194
0.1774821388092944 0.00355118964707433 1195
0.1774821388092945 0.004342572902775151 1196
0.1774821388092945 0.005252663603698592 1197
0.1774821388092944 0.006299267847682847 1198
0.1774821388092945 0.007502862606973817 1199
0.1774821388092946 0.008886996481218785 1200
0.1774821388092944 0.01047875049955483 1201
0.1774821388092945 0.01230926753813588 1202
0.1774821388092945 0.01441436214990062 1203
0.1774821388092945 0.0168352209630406 1204
0.1774821388092944 0.01961920872805064 1205
0.1774821388092945 0.02282079493911436 1206
0.1774821388092945 0.02650261881626115 1207
0.1774821388092945 0.03073671591351133 1208
0.1774821388092945 0.03560592747189661 1209
0.1774821388092945 0.04120552080724493 1210
0.1774821388092945 0.04764505321545624 1211
0.1774821388092945 0.05505051580121204 1212
0.1774821388092944 0.06356679797899849 1213
0.1774821388092944 0.07336052216557951 1214
0.1774821388092945 0.08462330477756784 1215
0.1774821388092945 0.09757550479203397 1216
0.1774821388092945 0.1124705347679271 1217
0.1774821388092945 0.1295998194542934 1218
0.1774821388092945 0.1492984967353079 1219
0.1774821388092945 0.171951975476639 1220
0.1774821388092945 0.1980034763038129 1221
0.1774821388092945 0.2279627025385567 1222
0.1774821388092945 0.2624158125751761 1223
0.1774821388092945 0.3020368887583519 1224
0.1774821388092945 0.347601126387366 1225
0.1799277174972692 0.0002587046922715601 1226
0.1799277174972692 0.0005562147793279843 1227
0.1799277174972692 0.0008983513525472446 1228
0.1799277174972692 0.001291808491018707 1229
0.1799277174972692 0.00174428421760788 1230
0.1799277174972692 0.002264631134963996 1231
0.1799277174972692 0.002863030288404055 1232
0.1799277174972692 0.00355118964707433 1233
0.1799277174972692 0.004342572902775151 1234
0.1799277174972692 0.005252663603698592 1235
0.1799277174972692 0.006299267847682847 1236
0.1799277174972692 0.007502862606973817 1237
0.1799277174972692 0.008886996481218785 1238
0.1799277174972692 0.01047875049955483 1239
0.1799277174972692 0.01230926753813588 1240
0.1799277174972692 0.01441436214990062 1241
0.1799277174972692 0.0168352209630406 1242
0.1799277174972692 0.01961920872805065 1243
0.1799277174972692 0.02282079493911436 1244
0.1799277174972692 0.02650261881626115 1245
0.1799277174972692 0.03073671591351133 1246
0.1799277174972692 0.03560592747189661 1247
0.1799277174972692 0.04120552080724493 1248
0.1799277174972691 0.04764505321545624 1249
0.1799277174972692 0.05505051580121204 1250
0.1799277174972692 0.0635667979789985 1251
0.1799277174972693 0.07336052216557951 1252
0.1799277174972691 0.08462330477756784 1253
0.1799277174972692 0.09757550479203396 1254
0.1799277174972692 0.1124705347679271 1255
0.1799277174972692 0.1295998194542934 1256
0.1799277174972692 0.1492984967353079 1257
0.1799277174972692 0.171951975476639 1258
0.1799277174972692 0.1980034763038129 1259
0.1799277174972692 0.2279627025385566 1260
0.1799277174972692 0.2624158125751761 1261
0.1799277174972692 0.3020368887583519 1262
0.1799277174972692 0.3476011263873659 1263
0.1821776498792745 0.0002587046922715602 1264
0.1821776498792746 0.0005562147793279843 1265
0.1821776498792745 0.0008983513525472446 1266
0.1821776498792745 0.001291808491018708 1267
0.1821776498792745 0.00174428421760788 1268
0.1821776498792745 0.002264631134963996 1269
0.1821776498792745 0.002863030288404055 1270
0.1821776498792745 0.00355118964707433 1271
0.1821776498792745 0.004342572902775151 1272
0.1821776498792745 0.005252663603698592 1273
0.1821776498792745 0.006299267847682847 1274
0.1821776498792745 0.007502862606973817 1275
0.1821776498792746 0.008886996481218785 1276
0.1821776498792745 0.01047875049955483 1277
0.1821776498792745 0.01230926753813588 1278
0.1821776498792745 0.01441436214990062 1279
0.1821776498792746 0.0168352209630406 1280
0.1821776498792745 0.01961920872805065 1281
0.1821776498792745 0.02282079493911436 1282
0.1821776498792745 0.02650261881626115 1283
0.1821776498792745 0.03073671591351133 1284
0.1821776498792745 0.03560592747189661 1285
0.1821776498792745 0.04120552080724493 1286
0.1821776498792745 0.04764505321545624 1287
0.1821776498792746 0.05505051580121204 1288
0.1821776498792745 0.06356679797899849 1289
0.1821776498792745 0.07336052216557951 1290
0.1821776498792745 0.08462330477756784 1291
0.1821776498792745 0.09757550479203397 1292
0.1821776498792745 0.1124705347679271 1293
0.1821776498792745 0.1295998194542934 1294
0.1821776498792745 0.149298496735308 1295
0.1821776498792745 0.171951975476639 1296
0.1821776498792745 0.198003476303813 1297
0.1821776498792745 0.2279627025385566 1298
0.1821776498792745 0.2624158125751761 1299
0.1821776498792745 0.3020368887583519 1300
0.1821776498792745 0.347601126387366 1301
0.1842475876805335 0.0002587046922715602 1302
0.1842475876805334 0.0005562147793279842 1303
0.1842475876805333 0.0008983513525472446 1304
0.1842475876805334 0.001291808491018707 1305
0.1842475876805334 0.00174428421760788 1306
0.1842475876805334 0.002264631134963996 1307
0.1842475876805335 0.002863030288404055 1308
0.1842475876805334 0.00355118964707433 1309
0.1842475876805334 0.004342572902775151 1310
0.1842475876805334 0.005252663603698591 1311
0.1842475876805334 0.006299267847682846 1312
0.1842475876805334 0.007502862606973817 1313
0.1842475876805334 0.008886996481218783 1314
0.1842475876805334 0.01047875049955483 1315
0.1842475876805334 0.01230926753813588 1316
0.1842475876805334 0.01441436214990062 1317
0.1842475876805334 0.0168352209630406 1318
0.1842475876805334 0.01961920872805065 1319
0.1842475876805334 0.02282079493911436 1320
0.1842475876805334 0.02650261881626115 1321
0.1842475876805334 0.03073671591351133 1322
0.1842475876805334 0.03560592747189661 1323
0.1842475876805333 0.04120552080724493 1324
0.1842475876805334 0.04764505321545625 1325
0.1842475876805334 0.05505051580121204 1326
0.1842475876805334 0.06356679797899849 1327
0.1842475876805334 0.07336052216557951 1328
0.1842475876805334 0.08462330477756785 1329
0.1842475876805334 0.09757550479203397 1330
0.1842475876805334 0.1124705347679271 1331
0.1842475876805334 0.1295998194542934 1332
0.1842475876805334 0.1492984967353079 1333
0.1842475876805334 0.171951975476639 1334
0.1842475876805334 0.1980034763038129 1335
0.1842475876805334 0.2279627025385567 1336
0.1842475876805334 0.2624158125751761 1337
0.1842475876805334 0.302036888758352 1338
0.1842475876805334 0.347601126387366 1339
0.1861519304204247 0.0002587046922715601 1340
0.1861519304204246 0.0005562147793279842 1341
0.1861519304204246 0.0008983513525472446 1342
0.1861519304204246 0.001291808491018707 1343
0.1861519304204247 0.00174428421760788 1344
0.1861519304204247 0.002264631134963996 1345
0.1861519304204247 0.002863030288404054 1346
0.1861519304204247 0.00355118964707433 1347
0.1861519304204247 0.004342572902775151 1348
0.1861519304204246 0.005252663603698592 1349
0.1861519304204247 0.006299267847682847 1350
0.1861519304204246 0.007502862606973817 1351
0.1861519304204247 0.008886996481218785 1352
0.1861519304204247 0.01047875049955483 1353
0.1861519304204246 0.01230926753813588 1354
0.1861519304204247 0.01441436214990062 1355
0.1861519304204246 0.0168352209630406 1356
0.1861519304204247 0.01961920872805065 1357
0.1861519304204247 0.02282079493911436 1358
0.1861519304204247 0.02650261881626115 1359
0.1861519304204246 0.03073671591351133 1360
0.1861519304204247 0.03560592747189661 1361
0.1861519304204246 0.04120552080724493 1362
0.1861519304204246 0.04764505321545624 1363
0.1861519304204246 0.05505051580121204 1364
0.1861519304204247 0.06356679797899849 1365
0.1861519304204246 0.07336052216557952 1366
0.1861519304204247 0.08462330477756784 1367
0.1861519304204247 0.09757550479203397 1368
0.1861519304204247 0.1124705347679272 1369
0.1861519304204246 0.1295998194542934 1370
0.1861519304204247 0.1492984967353079 1371
0.1861519304204246 0.171951975476639 1372
0.1861519304204247 0.1980034763038129 1373
0.1861519304204247 0.2279627025385566 1374
0.1861519304204247 0.2624158125751761 1375
0.1861519304204246 0.3020368887583519 1376
0.1861519304204246 0.3476011263873659 1377
0.1879039258063823 0.0002587046922715601 1378
0.1879039258063823 0.0005562147793279842 1379
0.1879039258063822 0.0008983513525472447 1380
0.1879039258063824 0.001291808491018708 1381
0.1879039258063823 0.00174428421760788 1382
0.1879039258063823 0.002264631134963996 1383
0.1879039258063824 0.002863030288404055 1384
0.1879039258063823 0.00355118964707433 1385
0.1879039258063823 0.004342572902775151 1386
0.1879039258063823 0.005252663603698592 1387
0.1879039258063823 0.006299267847682847 1388
0.1879039258063824 0.007502862606973817 1389
0.1879039258063823 0.008886996481218785 1390
0.1879039258063823 0.01047875049955483 1391
0.1879039258063823 0.01230926753813588 1392
0.1879039258063823 0.01441436214990062 1393
0.1879039258063823 0.0168352209630406 1394
0.1879039258063823 0.01961920872805065 1395
0.1879039258063823 0.02282079493911436 1396
0.1879039258063823 0.02650261881626116 1397
0.1879039258063824 0.03073671591351132 1398
0.1879039258063823 0.03560592747189661 1399
0.1879039258063823 0.04120552080724493 1400
0.1879039258063823 0.04764505321545624 1401
0.1879039258063823 0.05505051580121204 1402
0.1879039258063823 0.06356679797899849 1403
0.1879039258063823 0.07336052216557951 1404
0.1879039258063823 0.08462330477756785 1405
0.1879039258063823 0.09757550479203397 1406
0.1879039258063823 0.1124705347679271 1407
0.1879039258063823 0.1295998194542934 1408
0.1879039258063823 0.1492984967353079 1409
0.1879039258063823 0.171951975476639 1410
0.1879039258063823 0.198003476303813 1411
0.1879039258063823 0.2279627025385567 1412
0.1879039258063823 0.2624158125751761 1413
0.1879039258063823 0.3020368887583519 1414
0.1879039258063823 0.3476011263873659 1415
0.1895157616236817 0.0002587046922715601 1416
0.1895157616236818 0.0005562147793279842 1417
0.1895157616236819 0.0008983513525472445 1418
0.1895157616236818 0.001291808491018707 1419
0.1895157616236818 0.00174428421760788 1420
0.1895157616236818 0.002264631134963996 1421
0.1895157616236818 0.002863030288404054 1422
0.1895157616236819 0.00355118964707433 1423
0.1895157616236818 0.004342572902775151 1424
0.1895157616236818 0.005252663603698591 1425
0.1895157616236819 0.006299267847682847 1426
0.1895157616236819 0.007502862606973817 1427
0.1895157616236818 0.008886996481218786 1428
0.1895157616236818 0.01047875049955483 1429
0.1895157616236819 0.01230926753813588 1430
0.1895157616236818 0.01441436214990062 1431
0.1895157616236818 0.0168352209630406 1432
0.1895157616236818 0.01961920872805065 1433
0.1895157616236818 0.02282079493911436 1434
0.1895157616236818 0.02650261881626115 1435
0.1895157616236819 0.03073671591351133 1436
0.1895157616236818 0.03560592747189661 1437
0.1895157616236819 0.04120552080724493 1438
0.1895157616236818 0.04764505321545624 1439
0.1895157616236818 0.05505051580121204 1440
0.1895157616236818 0.06356679797899849 1441
0.1895157616236818 0.07336052216557951 1442
0.1895157616236818 0.08462330477756785 1443
0.1895157616236818 0.09757550479203397 1444
0.1895157616236818 0.1124705347679271 1445
0.1895157616236818 0.1295998194542934 1446
0.1895157616236818 0.1492984967353079 1447
0.1895157616236818 0.171951975476639 1448
0.1895157616236818 0.1980034763038129 1449
0.1895157616236818 0.2279627025385567 1450
0.1895157616236818 0.2624158125751761 1451
0.1895157616236818 0.302036888758352 1452
0.1895157616236818 0.347601126387366 1453
0.1909986505450225 0.0002587046922715601 1454
0.1909986505450225 0.0005562147793279842 1455
0.1909986505450225 0.0008983513525472446 1456
0.1909986505450225 0.001291808491018707 1457
0.1909986505450225 0.00174428421760788 1458
0.1909986505450225 0.002264631134963996 1459
0.1909986505450224 0.002863030288404054 1460
0.1909986505450224 0.00355118964707433 1461
0.1909986505450225 0.004342572902775151 1462
0.1909986505450224 0.005252663603698592 1463
0.1909986505450225 0.006299267847682847 1464
0.1909986505450225 0.007502862606973817 1465
0.1909986505450225 0.008886996481218786 1466
0.1909986505450225 0.01047875049955483 1467
0.1909986505450225 0.01230926753813588 1468
0.1909986505450225 0.01441436214990062 1469
0.1909986505450224 0.0168352209630406 1470
0.1909986505450225 0.01961920872805065 1471
0.1909986505450225 0.02282079493911436 1472
0.1909986505450224 0.02650261881626116 1473
0.1909986505450225 0.03073671591351133 1474
0.1909986505450225 0.03560592747189661 1475
0.1909986505450225 0.04120552080724493 1476
0.1909986505450225 0.04764505321545624 1477
0.1909986505450225 0.05505051580121204 1478
0.1909986505450225 0.06356679797899849 1479
0.1909986505450225 0.07336052216557951 1480
0.1909986505450225 0.08462330477756784 1481
0.1909986505450225 0.09757550479203396 1482
0.1909986505450224 0.1124705347679271 1483
0.1909986505450225 0.1295998194542934 1484
0.1909986505450225 0.1492984967353079 1485
0.1909986505450225 0.171951975476639 1486
0.1909986505450225 0.1980034763038129 1487
0.1909986505450225 0.2279627025385566 1488
0.1909986505450225 0.2624158125751761 1489
0.1909986505450225 0.302036888758352 1490
0.1909986505450225 0.3476011263873659 1491
0.1923629083656559 0.0002587046922715601 1492
0.1923629083656558 0.0005562147793279843 1493
0.1923629083656558 0.0008983513525472445 1494
0.1923629083656558 0.001291808491018708 1495
0.1923629083656558 0.00174428421760788 1496
0.1923629083656558 0.002264631134963996 1497
0.1923629083656558 0.002863030288404054 1498
0.1923629083656558 0.00355118964707433 1499
0.1923629083656558 0.004342572902775151 1500
0.1923629083656558 0.005252663603698592 1501
0.1923629083656558 0.006299267847682847 1502
0.1923629083656559 0.007502862606973817 1503
0.1923629083656559 0.008886996481218785 1504
0.1923629083656558 0.01047875049955483 1505
0.1923629083656559 0.01230926753813588 1506
0.1923629083656558 0.01441436214990062 1507
0.1923629083656558 0.0168352209630406 1508
0.1923629083656559 0.01961920872805065 1509
0.1923629083656558 0.02282079493911436 1510
0.1923629083656558 0.02650261881626116 1511
0.1923629083656558 0.03073671591351133 1512
0.1923629083656558 0.03560592747189661 1513
0.1923629083656558 0.04120552080724493 1514
0.1923629083656558 0.04764505321545624 1515
0.1923629083656558 0.05505051580121204 1516
0.1923629083656558 0.06356679797899849 1517
0.1923629083656558 0.07336052216557951 1518
0.1923629083656559 0.08462330477756784 1519
0.1923629083656558 0.09757550479203397 1520
0.1923629083656558 0.1124705347679271 1521
0.1923629083656558 0.1295998194542934 1522
0.1923629083656558 0.1492984967353079 1523
0.1923629083656558 0.171951975476639 1524
0.1923629083656558 0.1980034763038129 1525
0.1923629083656558 0.2279627025385567 1526
0.1923629083656558 0.262415812575176 1527
0.1923629083656558 0.3020368887583519 1528
0.1923629083656558 0.3476011263873659 1529
0.1936180255129944 0.0002587046922715602 1530
0.1936180255129945 0.0005562147793279843 1531
0.1936180255129945 0.0008983513525472445 1532
0.1936180255129944 0.001291808491018708 1533
0.1936180255129944 0.00174428421760788 1534
0.1936180255129945 0.002264631134963996 1535
0.1936180255129944 0.002863030288404055 1536
0.1936180255129944 0.00355118964707433 1537
0.1936180255129945 0.004342572902775151 1538
0.1936180255129945 0.005252663603698592 1539
0.1936180255129944 0.006299267847682847 1540
0.1936180255129945 0.007502862606973817 1541
0.1936180255129945 0.008886996481218785 1542
0.1936180255129945 0.01047875049955483 1543
0.1936180255129945 0.01230926753813588 1544
0.1936180255129945 0.01441436214990062 1545
0.1936180255129944 0.0168352209630406 1546
0.1936180255129944 0.01961920872805064 1547
0.1936180255129945 0.02282079493911436 1548
0.1936180255129945 0.02650261881626115 1549
0.1936180255129945 0.03073671591351133 1550
0.1936180255129944 0.03560592747189661 1551
0.1936180255129944 0.04120552080724493 1552
0.1936180255129944 0.04764505321545624 1553
0.1936180255129944 0.05505051580121204 1554
0.1936180255129945 0.0635667979789985 1555
0.1936180255129944 0.07336052216557949 1556
0.1936180255129944 0.08462330477756784 1557
0.1936180255129944 0.09757550479203397 1558
0.1936180255129945 0.1124705347679271 1559
0.1936180255129945 0.1295998194542934 1560
0.1936180255129945 0.1492984967353079 1561
0.1936180255129945 0.171951975476639 1562
0.1936180255129945 0.1980034763038129 1563
0.1936180255129944 0.2279627025385566 1564
0.1936180255129945 0.2624158125751761 1565
0.1936180255129944 0.3020368887583519 1566
0.1936180255129944 0.3476011263873659 1567
0.1947727332842475 0.0002587046922715601 1568
0.1947727332842474 0.0005562147793279842 1569
0.1947727332842475 0.0008983513525472446 1570
0.1947727332842475 0.001291808491018707 1571
0.1947727332842475 0.00174428421760788 1572
0.1947727332842475 0.002264631134963996 1573
0.1947727332842475 0.002863030288404055 1574
0.1947727332842475 0.00355118964707433 1575
0.1947727332842475 0.004342572902775151 1576
0.1947727332842475 0.005252663603698592 1577
0.1947727332842474 0.006299267847682847 1578
0.1947727332842474 0.007502862606973817 1579
0.1947727332842475 0.008886996481218785 1580
0.1947727332842474 0.01047875049955483 1581
0.1947727332842475 0.01230926753813588 1582
0.1947727332842475 0.01441436214990062 1583
0.1947727332842475 0.0168352209630406 1584
0.1947727332842475 0.01961920872805064 1585
0.1947727332842475 0.02282079493911436 1586
0.1947727332842475 0.02650261881626115 1587
0.1947727332842475 0.03073671591351133 1588
0.1947727332842475 0.03560592747189661 1589
0.1947727332842475 0.04120552080724493 1590
0.1947727332842475 0.04764505321545624 1591
0.1947727332842475 0.05505051580121204 1592
0.1947727332842475 0.06356679797899849 1593
0.1947727332842475 0.07336052216557951 1594
0.1947727332842475 0.08462330477756785 1595
0.1947727332842475 0.09757550479203397 1596
0.1947727332842475 0.1124705347679271 1597
0.1947727332842475 0.1295998194542934 1598
0.1947727332842475 0.1492984967353079 1599
0.1947727332842475 0.171951975476639 1600
0.1947727332842475 0.1980034763038129 1601
0.1947727332842475 0.2279627025385566 1602
0.1947727332842475 0.2624158125751761 1603
0.1947727332842475 0.302036888758352 1604
0.1947727332842475 0.347601126387366 1605
0.195835064452102 0.0002587046922715602 1606
0.195835064452102 0.0005562147793279842 1607
0.1958350644521019 0.0008983513525472445 1608
0.1958350644521019 0.001291808491018707 1609
0.195835064452102 0.00174428421760788 1610
0.195835064452102 0.002264631134963996 1611
0.1958350644521019 0.002863030288404054 1612
0.1958350644521019 0.00355118964707433 1613
0.195835064452102 0.004342572902775151 1614
0.1958350644521019 0.005252663603698591 1615
0.1958350644521019 0.006299267847682847 1616
0.195835064452102 0.007502862606973817 1617
0.1958350644521019 0.008886996481218785 1618
0.195835064452102 0.01047875049955483 1619
0.195835064452102 0.01230926753813588 1620
0.195835064452102 0.01441436214990062 1621
0.1958350644521019 0.0168352209630406 1622
0.1958350644521019 0.01961920872805064 1623
0.195835064452102 0.02282079493911436 1624
0.195835064452102 0.02650261881626115 1625
0.195835064452102 0.03073671591351133 1626
0.1958350644521019 0.03560592747189661 1627
0.1958350644521019 0.04120552080724493 1628
0.1958350644521019 0.04764505321545624 1629
0.195835064452102 0.05505051580121204 1630
0.1958350644521019 0.06356679797899849 1631
0.195835064452102 0.07336052216557952 1632
0.195835064452102 0.08462330477756785 1633
0.195835064452102 0.09757550479203397 1634
0.195835064452102 0.1124705347679271 1635
0.1958350644521019 0.1295998194542934 1636
0.195835064452102 0.1492984967353079 1637
0.1958350644521019 0.171951975476639 1638
0.195835064452102 0.198003476303813 1639
0.195835064452102 0.2279627025385567 1640
0.195835064452102 0.2624158125751761 1641
0.1958350644521019 0.3020368887583519 1642
0.195835064452102 0.347601126387366 1643
0.1968124090491885 0.0002587046922715602 1644
0.1968124090491885 0.0005562147793279842 1645
0.1968124090491885 0.0008983513525472447 1646
0.1968124090491885 0.001291808491018707 1647
0.1968124090491885 0.00174428421760788 1648
0.1968124090491885 0.002264631134963996 1649
0.1968124090491885 0.002863030288404054 1650
0.1968124090491885 0.00355118964707433 1651
0.1968124090491885 0.00434257290277515 1652
0.1968124090491884 0.005252663603698592 1653
0.1968124090491885 0.006299267847682847 1654
0.1968124090491885 0.007502862606973817 1655
0.1968124090491885 0.008886996481218785 1656
0.1968124090491884 0.01047875049955483 1657
0.1968124090491884 0.01230926753813588 1658
0.1968124090491885 0.01441436214990062 1659
0.1968124090491885 0.0168352209630406 1660
0.1968124090491885 0.01961920872805065 1661
0.1968124090491885 0.02282079493911436 1662
0.1968124090491884 0.02650261881626115 1663
0.1968124090491885 0.03073671591351133 1664
0.1968124090491885 0.03560592747189661 1665
0.1968124090491885 0.04120552080724493 1666
0.1968124090491885 0.04764505321545624 1667
0.1968124090491885 0.05505051580121204 1668
0.1968124090491885 0.06356679797899849 1669
0.1968124090491885 0.07336052216557951 1670
0.1968124090491885 0.08462330477756783 1671
0.1968124090491886 0.09757550479203397 1672
0.1968124090491885 0.1124705347679271 1673
0.1968124090491886 0.1295998194542934 1674
0.1968124090491886 0.1492984967353079 1675
0.1968124090491885 0.171951975476639 1676
0.1968124090491885 0.1980034763038129 1677
0.1968124090491885 0.2279627025385566 1678
0.1968124090491885 0.2624158125751761 1679
0.1968124090491885 0.3020368887583519 1680
0.1968124090491885 0.347601126387366 1681
0.1977115660200728 0.0002587046922715601 1682
0.1977115660200728 0.0005562147793279843 1683
0.1977115660200728 0.0008983513525472445 1684
0.1977115660200728 0.001291808491018707 1685
0.1977115660200728 0.00174428421760788 1686
0.1977115660200728 0.002264631134963996 1687
0.1977115660200728 0.002863030288404055 1688
0.1977115660200728 0.00355118964707433 1689
0.1977115660200728 0.004342572902775151 1690
0.1977115660200729 0.005252663603698591 1691
0.1977115660200728 0.006299267847682847 1692
0.1977115660200728 0.007502862606973817 1693
0.1977115660200728 0.008886996481218786 1694
0.1977115660200728 0.01047875049955483 1695
0.1977115660200728 0.01230926753813588 1696
0.1977115660200728 0.01441436214990062 1697
0.1977115660200729 0.0168352209630406 1698
0.1977115660200728 0.01961920872805065 1699
0.1977115660200728 0.02282079493911436 1700
0.1977115660200728 0.02650261881626116 1701
0.1977115660200729 0.03073671591351133 1702
0.1977115660200728 0.03560592747189661 1703
0.1977115660200728 0.04120552080724493 1704
0.1977115660200728 0.04764505321545624 1705
0.1977115660200728 0.05505051580121204 1706
0.1977115660200728 0.0635667979789985 1707
0.1977115660200728 0.07336052216557951 1708
0.1977115660200728 0.08462330477756784 1709
0.1977115660200728 0.09757550479203396 1710
0.1977115660200728 0.1124705347679271 1711
0.1977115660200728 0.1295998194542934 1712
0.1977115660200728 0.1492984967353079 1713
0.1977115660200728 0.171951975476639 1714
0.1977115660200728 0.1980034763038129 1715
0.1977115660200728 0.2279627025385567 1716
0.1977115660200728 0.262415812575176 1717
0.1977115660200728 0.3020368887583519 1718
0.1977115660200728 0.347601126387366 1719
0.1985387904901894 0.0002587046922715602 1720
0.1985387904901894 0.0005562147793279842 1721
0.1985387904901894 0.0008983513525472446 1722
0.1985387904901894 0.001291808491018708 1723
0.1985387904901894 0.00174428421760788 1724
0.1985387904901893 0.002264631134963996 1725
0.1985387904901894 0.002863030288404055 1726
0.1985387904901894 0.00355118964707433 1727
0.1985387904901894 0.004342572902775151 1728
0.1985387904901894 0.005252663603698592 1729
0.1985387904901894 0.006299267847682847 1730
0.1985387904901894 0.007502862606973817 1731
0.1985387904901894 0.008886996481218785 1732
0.1985387904901893 0.01047875049955483 1733
0.1985387904901894 0.01230926753813588 1734
0.1985387904901894 0.01441436214990062 1735
0.1985387904901894 0.0168352209630406 1736
0.1985387904901894 0.01961920872805065 1737
0.1985387904901894 0.02282079493911436 1738
0.1985387904901894 0.02650261881626115 1739
0.1985387904901894 0.03073671591351133 1740
0.1985387904901893 0.03560592747189663 1741
0.1985387904901894 0.04120552080724493 1742
0.1985387904901894 0.04764505321545624 1743
0.1985387904901894 0.05505051580121204 1744
0.1985387904901894 0.0635667979789985 1745
0.1985387904901894 0.07336052216557952 1746
0.1985387904901894 0.08462330477756784 1747
0.1985387904901894 0.09757550479203396 1748
0.1985387904901894 0.1124705347679272 1749
0.1985387904901894 0.1295998194542934 1750
0.1985387904901894 0.1492984967353079 1751
0.1985387904901894 0.171951975476639 1752
0.1985387904901894 0.1980034763038129 1753
0.1985387904901894 0.2279627025385567 1754
0.1985387904901894 0.262415812575176 1755
0.1985387904901894 0.3020368887583519 1756
0.1985387904901893 0.3476011263873659 1757
0.1992998370792877 0.0002587046922715602 1758
0.1992998370792878 0.0005562147793279842 1759
0.1992998370792878 0.0008983513525472447 1760
0.1992998370792878 0.001291808491018708 1761
0.1992998370792878 0.00174428421760788 1762
0.1992998370792878 0.002264631134963997 1763
0.1992998370792877 0.002863030288404054 1764
0.1992998370792877 0.00355118964707433 1765
0.1992998370792878 0.004342572902775151 1766
0.1992998370792878 0.005252663603698591 1767
0.1992998370792878 0.006299267847682847 1768
0.1992998370792878 0.007502862606973817 1769
0.1992998370792878 0.008886996481218786 1770
0.1992998370792878 0.01047875049955483 1771
0.1992998370792878 0.01230926753813589 1772
0.1992998370792878 0.01441436214990062 1773
0.1992998370792878 0.0168352209630406 1774
0.1992998370792878 0.01961920872805065 1775
0.1992998370792878 0.02282079493911436 1776
0.1992998370792878 0.02650261881626115 1777
0.1992998370792878 0.03073671591351133 1778
0.1992998370792878 0.03560592747189661 1779
0.1992998370792878 0.04120552080724493 1780
0.1992998370792878 0.04764505321545624 1781
0.1992998370792878 0.05505051580121204 1782
0.1992998370792878 0.0635667979789985 1783
0.1992998370792878 0.07336052216557952 1784
0.1992998370792878 0.08462330477756785 1785
0.1992998370792878 0.09757550479203397 1786
0.1992998370792878 0.1124705347679271 1787
0.1992998370792878 0.1295998194542934 1788
0.1992998370792878 0.1492984967353079 1789
0.1992998370792878 0.171951975476639 1790
0.1992998370792878 0.1980034763038129 1791
0.1992998370792878 0.2279627025385567 1792
0.1992998370792878 0.2624158125751762 1793
0.1992998370792878 0.3020368887583519 1794
0.1992998370792878 0.3476011263873659 1795
0.2010822191160676 0.0002587046922715602 1796
0.2010822191160676 0.0005562147793279843 1797
0.2010822191160676 0.0008983513525472446 1798
0.2010822191160676 0.001291808491018707 1799
0.2010822191160676 0.00174428421760788 1800
0.2010822191160676 0.002264631134963996 1801
0.2010822191160676 0.002863030288404054 1802
0.2010822191160676 0.00355118964707433 1803
0.2010822191160676 0.004342572902775151 1804
0.2010822191160675 0.005252663603698591 1805
0.2010822191160675 0.006299267847682847 1806
0.2010822191160676 0.007502862606973817 1807
0.2010822191160676 0.008886996481218785 1808
0.2010822191160676 0.01047875049955483 1809
0.2010822191160676 0.01230926753813588 1810
0.2010822191160676 0.01441436214990062 1811
0.2010822191160675 0.0168352209630406 1812
0.2010822191160676 0.01961920872805065 1813
0.2010822191160676 0.02282079493911436 1814
0.2010822191160676 0.02650261881626115 1815
0.2010822191160675 0.03073671591351132 1816
0.2010822191160676 0.03560592747189661 1817
0.2010822191160675 0.04120552080724493 1818
0.2010822191160676 0.04764505321545624 1819
0.2010822191160676 0.05505051580121204 1820
0.2010822191160676 0.0635667979789985 1821
0.2010822191160675 0.07336052216557951 1822
0.2010822191160676 0.08462330477756784 1823
0.2010822191160676 0.09757550479203396 1824
0.2010822191160676 0.1124705347679271 1825
0.2010822191160676 0.1295998194542934 1826
0.2010822191160676 0.1492984967353079 1827
0.2010822191160676 0.171951975476639 1828
0.2010822191160676 0.1980034763038129 1829
0.2010822191160676 0.2279627025385566 1830
0.2010822191160676 0.262415812575176 1831
0.2010822191160675 0.3020368887583519 1832
0.2010822191160676 0.347601126387366 1833
0.2022185489210735 0.0002587046922715602 1834
0.2022185489210735 0.0005562147793279843 1835
0.2022185489210735 0.0008983513525472447 1836
0.2022185489210735 0.001291808491018708 1837
0.2022185489210735 0.00174428421760788 1838
0.2022185489210735 0.002264631134963996 1839
0.2022185489210735 0.002863030288404055 1840
0.2022185489210735 0.00355118964707433 1841
0.2022185489210735 0.004342572902775151 1842
0.2022185489210735 0.005252663603698592 1843
0.2022185489210735 0.006299267847682847 1844
0.2022185489210735 0.007502862606973817 1845
0.2022185489210735 0.008886996481218785 1846
0.2022185489210735 0.01047875049955483 1847
0.2022185489210735 0.01230926753813588 1848
0.2022185489210735 0.01441436214990062 1849
0.2022185489210735 0.0168352209630406 1850
0.2022185489210735 0.01961920872805065 1851
0.2022185489210735 0.02282079493911436 1852
0.2022185489210735 0.02650261881626116 1853
0.2022185489210735 0.03073671591351133 1854
0.2022185489210735 0.03560592747189661 1855
0.2022185489210735 0.04120552080724493 1856
0.2022185489210736 0.04764505321545624 1857
0.2022185489210735 0.05505051580121204 1858
0.2022185489210735 0.06356679797899847 1859
0.2022185489210735 0.07336052216557952 1860
0.2022185489210736 0.08462330477756785 1861
0.2022185489210735 0.09757550479203397 1862
0.2022185489210735 0.1124705347679272 1863
0.2022185489210735 0.1295998194542934 1864
0.2022185489210735 0.1492984967353079 1865
0.2022185489210735 0.171951975476639 1866
0.2022185489210734 0.1980034763038129 1867
0.2022185489210735 0.2279627025385567 1868
0.2022185489210735 0.2624158125751761 1869
0.2022185489210735 0.3020368887583519 1870
0.2022185489210735 0.347601126387366 1871
0.2034116953976766 0.0002587046922715601 1872
0.2034116953976766 0.0005562147793279842 1873
0.2034116953976766 0.0008983513525472447 1874
0.2034116953976766 0.001291808491018707 1875
0.2034116953976766 0.00174428421760788 1876
0.2034116953976766 0.002264631134963996 1877
0.2034116953976766 0.002863030288404054 1878
0.2034116953976766 0.00355118964707433 1879
0.2034116953976767 0.004342572902775152 1880
0.2034116953976766 0.005252663603698591 1881
0.2034116953976766 0.006299267847682847 1882
0.2034116953976766 0.007502862606973817 1883
0.2034116953976766 0.008886996481218785 1884
0.2034116953976766 0.01047875049955483 1885
0.2034116953976766 0.01230926753813588 1886
0.2034116953976766 0.01441436214990062 1887
0.2034116953976766 0.0168352209630406 1888
0.2034116953976766 0.01961920872805065 1889
0.2034116953976766 0.02282079493911436 1890
0.2034116953976766 0.02650261881626116 1891
0.2034116953976766 0.03073671591351133 1892
0.2034116953976766 0.03560592747189661 1893
0.2034116953976766 0.04120552080724493 1894
0.2034116953976766 0.04764505321545624 1895
0.2034116953976766 0.05505051580121204 1896
0.2034116953976766 0.06356679797899849 1897
0.2034116953976767 0.07336052216557951 1898
0.2034116953976766 0.08462330477756784 1899
0.2034116953976766 0.09757550479203397 1900
0.2034116953976766 0.1124705347679272 1901
0.2034116953976766 0.1295998194542934 1902
0.2034116953976766 0.1492984967353079 1903
0.2034116953976766 0.171951975476639 1904
0.2034116953976766 0.1980034763038129 1905
0.2034116953976766 0.2279627025385567 1906
0.2034116953976766 0.262415812575176 1907
0.2034116953976766 0.302036888758352 1908
0.2034116953976766 0.347601126387366 1909
0.2046644991840505 0.0002587046922715601 1910
0.2046644991840505 0.0005562147793279841 1911
0.2046644991840505 0.0008983513525472446 1912
0.2046644991840506 0.001291808491018707 1913
0.2046644991840506 0.00174428421760788 1914
0.2046644991840505 0.002264631134963996 1915
0.2046644991840505 0.002863030288404055 1916
0.2046644991840505 0.00355118964707433 1917
0.2046644991840505 0.004342572902775152 1918
0.2046644991840506 0.005252663603698591 1919
0.2046644991840505 0.006299267847682847 1920
0.2046644991840505 0.007502862606973817 1921
0.2046644991840505 0.008886996481218786 1922
0.2046644991840505 0.01047875049955483 1923
0.2046644991840505 0.01230926753813588 1924
0.2046644991840506 0.01441436214990062 1925
0.2046644991840506 0.0168352209630406 1926
0.2046644991840505 0.01961920872805065 1927
0.2046644991840505 0.02282079493911436 1928
0.2046644991840505 0.02650261881626115 1929
0.2046644991840505 0.03073671591351133 1930
0.2046644991840506 0.03560592747189661 1931
0.2046644991840506 0.04120552080724493 1932
0.2046644991840505 0.04764505321545624 1933
0.2046644991840505 0.05505051580121204 1934
0.2046644991840506 0.06356679797899847 1935
0.2046644991840506 0.07336052216557952 1936
0.2046644991840505 0.08462330477756784 1937
0.2046644991840505 0.09757550479203397 1938
0.2046644991840505 0.1124705347679271 1939
0.2046644991840505 0.1295998194542934 1940
0.2046644991840505 0.1492984967353079 1941
0.2046644991840506 0.171951975476639 1942
0.2046644991840506 0.1980034763038129 1943
0.2046644991840505 0.2279627025385566 1944
0.2046644991840506 0.2624158125751761 1945
0.2046644991840506 0.3020368887583519 1946
0.2046644991840505 0.347601126387366 1947
0.2059799428479946 0.0002587046922715601 1948
0.2059799428479945 0.0005562147793279842 1949
0.2059799428479945 0.0008983513525472446 1950
0.2059799428479946 0.001291808491018707 1951
0.2059799428479945 0.00174428421760788 1952
0.2059799428479945 0.002264631134963996 1953
0.2059799428479945 0.002863030288404054 1954
0.2059799428479946 0.003551189647074329 1955
0.2059799428479945 0.004342572902775152 1956
0.2059799428479945 0.005252663603698591 1957
0.2059799428479945 0.006299267847682846 1958
0.2059799428479945 0.007502862606973817 1959
0.2059799428479945 0.008886996481218786 1960
0.2059799428479945 0.01047875049955483 1961
0.2059799428479945 0.01230926753813588 1962
0.2059799428479945 0.01441436214990062 1963
0.2059799428479945 0.0168352209630406 1964
0.2059799428479945 0.01961920872805065 1965
0.2059799428479944 0.02282079493911436 1966
0.2059799428479945 0.02650261881626115 1967
0.2059799428479945 0.03073671591351133 1968
0.2059799428479945 0.03560592747189661 1969
0.2059799428479945 0.04120552080724493 1970
0.2059799428479945 0.04764505321545625 1971
0.2059799428479945 0.05505051580121204 1972
0.2059799428479945 0.06356679797899849 1973
0.2059799428479945 0.07336052216557952 1974
0.2059799428479945 0.08462330477756784 1975
0.2059799428479945 0.09757550479203397 1976
0.2059799428479945 0.1124705347679272 1977
0.2059799428479945 0.1295998194542934 1978
0.2059799428479945 0.1492984967353079 1979
0.2059799428479945 0.171951975476639 1980
0.2059799428479945 0.1980034763038129 1981
0.2059799428479945 0.2279627025385567 1982
0.2059799428479945 0.2624158125751761 1983
0.2059799428479945 0.3020368887583519 1984
0.2059799428479945 0.347601126387366 1985
0.2073611586193487 0.0002587046922715601 1986
0.2073611586193487 0.0005562147793279841 1987
0.2073611586193488 0.0008983513525472446 1988
0.2073611586193487 0.001291808491018707 1989
0.2073611586193487 0.00174428421760788 1990
0.2073611586193487 0.002264631134963996 1991
0.2073611586193487 0.002863030288404055 1992
0.2073611586193487 0.00355118964707433 1993
0.2073611586193487 0.004342572902775152 1994
0.2073611586193487 0.005252663603698592 1995
0.2073611586193487 0.006299267847682848 1996
0.2073611586193486 0.007502862606973818 1997
0.2073611586193488 0.008886996481218786 1998
0.2073611586193487 0.01047875049955483 1999
0.2073611586193487 0.01230926753813588 2000
0.2073611586193486 0.01441436214990062 2001
0.2073611586193487 0.0168352209630406 2002
0.2073611586193487 0.01961920872805065 2003
0.2073611586193487 0.02282079493911436 2004
0.2073611586193486 0.02650261881626115 2005
0.2073611586193487 0.03073671591351133 2006
0.2073611586193487 0.0356059274718966 2007
0.2073611586193487 0.04120552080724493 2008
0.2073611586193487 0.04764505321545625 2009
0.2073611586193487 0.05505051580121204 2010
0.2073611586193487 0.06356679797899849 2011
0.2073611586193487 0.07336052216557951 2012
0.2073611586193487 0.08462330477756784 2013
0.2073611586193487 0.09757550479203399 2014
0.2073611586193487 0.1124705347679272 2015
0.2073611586193487 0.1295998194542934 2016
0.2073611586193487 0.1492984967353079 2017
0.2073611586193487 0.171951975476639 2018
0.2073611586193487 0.198003476303813 2019
0.2073611586193487 0.2279627025385567 2020
0.2073611586193487 0.2624158125751761 2021
0.2073611586193487 0.3020368887583519 2022
0.2073611586193487 0.3476011263873659 2023
0.2088114352713381 0.0002587046922715601 2024
0.2088114352713381 0.0005562147793279844 2025
0.208811435271338 0.0008983513525472445 2026
0.2088114352713381 0.001291808491018708 2027
0.2088114352713381 0.00174428421760788 2028
0.208811435271338 0.002264631134963996 2029
0.2088114352713381 0.002863030288404054 2030
0.2088114352713381 0.00355118964707433 2031
0.208811435271338 0.004342572902775151 2032
0.208811435271338 0.005252663603698591 2033
0.2088114352713381 0.006299267847682847 2034
0.208811435271338 0.007502862606973817 2035
0.2088114352713381 0.008886996481218785 2036
0.2088114352713381 0.01047875049955483 2037
0.2088114352713381 0.01230926753813589 2038
0.2088114352713381 0.01441436214990062 2039
0.2088114352713381 0.0168352209630406 2040
0.2088114352713381 0.01961920872805065 2041
0.2088114352713381 0.02282079493911436 2042
0.2088114352713381 0.02650261881626115 2043
0.2088114352713381 0.03073671591351133 2044
0.208811435271338 0.03560592747189661 2045
0.2088114352713381 0.04120552080724493 2046
0.2088114352713381 0.04764505321545624 2047
0.2088114352713381 0.05505051580121204 2048
0.2088114352713381 0.06356679797899852 2049
0.208811435271338 0.07336052216557951 2050
0.2088114352713381 0.08462330477756784 2051
0.2088114352713381 0.09757550479203397 2052
0.208811435271338 0.1124705347679271 2053
0.2088114352713381 0.1295998194542934 2054
0.2088114352713381 0.1492984967353079 2055
0.2088114352713381 0.171951975476639 2056
0.2088114352713381 0.1980034763038129 2057
0.2088114352713381 0.2279627025385566 2058
0.2088114352713381 0.2624158125751761 2059
0.2088114352713381 0.3020368887583519 2060
0.208811435271338 0.3476011263873659 2061
0.2103342258356904 0.0002587046922715602 2062
0.2103342258356904 0.0005562147793279841 2063
0.2103342258356903 0.0008983513525472446 2064
0.2103342258356904 0.001291808491018708 2065
0.2103342258356904 0.00174428421760788 2066
0.2103342258356904 0.002264631134963996 2067
0.2103342258356903 0.002863030288404055 2068
0.2103342258356904 0.00355118964707433 2069
0.2103342258356904 0.004342572902775151 2070
0.2103342258356904 0.005252663603698592 2071
0.2103342258356904 0.006299267847682847 2072
0.2103342258356904 0.007502862606973817 2073
0.2103342258356904 0.008886996481218785 2074
0.2103342258356904 0.01047875049955483 2075
0.2103342258356904 0.01230926753813588 2076
0.2103342258356903 0.01441436214990062 2077
0.2103342258356903 0.0168352209630406 2078
0.2103342258356904 0.01961920872805065 2079
0.2103342258356903 0.02282079493911436 2080
0.2103342258356903 0.02650261881626116 2081
0.2103342258356904 0.03073671591351133 2082
0.2103342258356904 0.03560592747189661 2083
0.2103342258356904 0.04120552080724493 2084
0.2103342258356904 0.04764505321545624 2085
0.2103342258356904 0.05505051580121204 2086
0.2103342258356904 0.0635667979789985 2087
0.2103342258356904 0.07336052216557951 2088
0.2103342258356903 0.08462330477756783 2089
0.2103342258356904 0.09757550479203397 2090
0.2103342258356904 0.1124705347679271 2091
0.2103342258356904 0.1295998194542934 2092
0.2103342258356904 0.1492984967353079 2093
0.2103342258356904 0.171951975476639 2094
0.2103342258356904 0.1980034763038129 2095
0.2103342258356903 0.2279627025385567 2096
0.2103342258356903 0.2624158125751761 2097
0.2103342258356904 0.3020368887583519 2098
0.2103342258356904 0.347601126387366 2099
0.2119331559781815 0.0002587046922715602 2100
0.2119331559781815 0.0005562147793279842 2101
0.2119331559781815 0.0008983513525472445 2102
0.2119331559781815 0.001291808491018707 2103
0.2119331559781815 0.00174428421760788 2104
0.2119331559781815 0.002264631134963996 2105
0.2119331559781815 0.002863030288404055 2106
0.2119331559781816 0.00355118964707433 2107
0.2119331559781815 0.004342572902775151 2108
0.2119331559781815 0.005252663603698591 2109
0.2119331559781815 0.006299267847682847 2110
0.2119331559781815 0.007502862606973817 2111
0.2119331559781815 0.008886996481218785 2112
0.2119331559781815 0.01047875049955483 2113
0.2119331559781815 0.01230926753813588 2114
0.2119331559781816 0.01441436214990062 2115
0.2119331559781816 0.0168352209630406 2116
0.2119331559781815 0.01961920872805065 2117
0.2119331559781815 0.02282079493911435 2118
0.2119331559781815 0.02650261881626115 2119
0.2119331559781815 0.03073671591351133 2120
0.2119331559781815 0.03560592747189661 2121
0.2119331559781815 0.04120552080724493 2122
0.2119331559781815 0.04764505321545624 2123
0.2119331559781815 0.05505051580121203 2124
0.2119331559781815 0.06356679797899849 2125
0.2119331559781815 0.07336052216557951 2126
0.2119331559781815 0.08462330477756785 2127
0.2119331559781815 0.09757550479203396 2128
0.2119331559781815 0.1124705347679271 2129
0.2119331559781816 0.1295998194542934 2130
0.2119331559781816 0.149298496735308 2131
0.2119331559781815 0.171951975476639 2132
0.2119331559781816 0.1980034763038129 2133
0.2119331559781816 0.2279627025385566 2134
0.2119331559781815 0.2624158125751761 2135
0.2119331559781815 0.3020368887583521 2136
0.2119331559781815 0.3476011263873659 2137
0.2136120326011656 0.0002587046922715602 2138
0.2136120326011657 0.0005562147793279843 2139
0.2136120326011656 0.0008983513525472446 2140
0.2136120326011656 0.001291808491018707 2141
0.2136120326011656 0.00174428421760788 2142
0.2136120326011656 0.002264631134963996 2143
0.2136120326011656 0.002863030288404055 2144
0.2136120326011656 0.003551189647074329 2145
0.2136120326011655 0.004342572902775151 2146
0.2136120326011656 0.005252663603698591 2147
0.2136120326011657 0.006299267847682847 2148
0.2136120326011656 0.007502862606973817 2149
0.2136120326011656 0.008886996481218786 2150
0.2136120326011656 0.01047875049955483 2151
0.2136120326011656 0.01230926753813588 2152
0.2136120326011657 0.01441436214990062 2153
0.2136120326011656 0.0168352209630406 2154
0.2136120326011656 0.01961920872805065 2155
0.2136120326011656 0.02282079493911436 2156
0.2136120326011656 0.02650261881626116 2157
0.2136120326011655 0.03073671591351133 2158
0.2136120326011656 0.03560592747189661 2159
0.2136120326011656 0.04120552080724493 2160
0.2136120326011656 0.04764505321545624 2161
0.2136120326011655 0.05505051580121204 2162
0.2136120326011656 0.0635667979789985 2163
0.2136120326011655 0.07336052216557951 2164
0.2136120326011656 0.08462330477756784 2165
0.2136120326011656 0.09757550479203396 2166
0.2136120326011656 0.1124705347679271 2167
0.2136120326011656 0.1295998194542934 2168
0.2136120326011655 0.1492984967353079 2169
0.2136120326011656 0.171951975476639 2170
0.2136120326011656 0.198003476303813 2171
0.2136120326011657 0.2279627025385567 2172
0.2136120326011656 0.2624158125751761 2173
0.2136120326011656 0.302036888758352 2174
0.2136120326011656 0.347601126387366 2175
0.2153748531927022 0.0002587046922715601 2176
0.2153748531927022 0.0005562147793279842 2177
0.2153748531927022 0.0008983513525472447 2178
0.2153748531927022 0.001291808491018708 2179
0.2153748531927023 0.00174428421760788 2180
0.2153748531927022 0.002264631134963997 2181
0.2153748531927022 0.002863030288404055 2182
0.2153748531927022 0.003551189647074329 2183
0.2153748531927022 0.004342572902775152 2184
0.2153748531927022 0.005252663603698593 2185
0.2153748531927022 0.006299267847682847 2186
0.2153748531927022 0.007502862606973817 2187
0.2153748531927023 0.008886996481218786 2188
0.2153748531927022 0.01047875049955483 2189
0.2153748531927022 0.01230926753813588 2190
0.2153748531927023 0.01441436214990062 2191
0.2153748531927022 0.0168352209630406 2192
0.2153748531927022 0.01961920872805065 2193
0.2153748531927022 0.02282079493911436 2194
0.2153748531927022 0.02650261881626115 2195
0.2153748531927022 0.03073671591351133 2196
0.2153748531927022 0.0356059274718966 2197
0.2153748531927022 0.04120552080724493 2198
0.2153748531927022 0.04764505321545625 2199
0.2153748531927022 0.05505051580121204 2200
0.2153748531927022 0.06356679797899849 2201
0.2153748531927022 0.07336052216557952 2202
0.2153748531927022 0.08462330477756783 2203
0.2153748531927023 0.09757550479203397 2204
0.2153748531927022 0.1124705347679272 2205
0.2153748531927022 0.1295998194542934 2206
0.2153748531927022 0.1492984967353079 2207
0.2153748531927022 0.171951975476639 2208
0.2153748531927022 0.198003476303813 2209
0.2153748531927022 0.2279627025385567 2210
0.2153748531927022 0.262415812575176 2211
0.2153748531927022 0.302036888758352 2212
0.2153748531927022 0.347601126387366 2213
0.2172258151289074 0.0002587046922715602 2214
0.2172258151289074 0.0005562147793279842 2215
0.2172258151289074 0.0008983513525472446 2216
0.2172258151289074 0.001291808491018707 2217
0.2172258151289074 0.00174428421760788 2218
0.2172258151289074 0.002264631134963996 2219
0.2172258151289074 0.002863030288404055 2220
0.2172258151289074 0.00355118964707433 2221
0.2172258151289074 0.004342572902775152 2222
0.2172258151289074 0.005252663603698591 2223
0.2172258151289074 0.006299267847682847 2224
0.2172258151289074 0.007502862606973817 2225
0.2172258151289073 0.008886996481218785 2226
0.2172258151289074 0.01047875049955483 2227
0.2172258151289075 0.01230926753813588 2228
0.2172258151289074 0.01441436214990062 2229
0.2172258151289074 0.0168352209630406 2230
0.2172258151289074 0.01961920872805064 2231
0.2172258151289074 0.02282079493911436 2232
0.2172258151289074 0.02650261881626115 2233
0.2172258151289074 0.03073671591351133 2234
0.2172258151289075 0.03560592747189661 2235
0.2172258151289074 0.04120552080724493 2236
0.2172258151289074 0.04764505321545624 2237
0.2172258151289074 0.05505051580121204 2238
0.2172258151289074 0.06356679797899849 2239
0.2172258151289075 0.07336052216557952 2240
0.2172258151289074 0.08462330477756785 2241
0.2172258151289075 0.09757550479203397 2242
0.2172258151289075 0.1124705347679272 2243
0.2172258151289074 0.1295998194542935 2244
0.2172258151289074 0.1492984967353079 2245
0.2172258151289074 0.171951975476639 2246
0.2172258151289074 0.1980034763038129 2247
0.2172258151289074 0.2279627025385566 2248
0.2172258151289074 0.262415812575176 2249
0.2172258151289074 0.302036888758352 2250
0.2172258151289074 0.3476011263873659 2251
0.2191693250384655 0.0002587046922715601 2252
0.2191693250384655 0.0005562147793279843 2253
0.2191693250384656 0.0008983513525472446 2254
0.2191693250384655 0.001291808491018708 2255
0.2191693250384655 0.00174428421760788 2256
0.2191693250384654 0.002264631134963996 2257
0.2191693250384655 0.002863030288404054 2258
0.2191693250384655 0.00355118964707433 2259
0.2191693250384655 0.004342572902775151 2260
0.2191693250384655 0.005252663603698591 2261
0.2191693250384655 0.006299267847682847 2262
0.2191693250384655 0.007502862606973817 2263
0.2191693250384655 0.008886996481218785 2264
0.2191693250384654 0.01047875049955483 2265
0.2191693250384655 0.01230926753813589 2266
0.2191693250384655 0.01441436214990062 2267
0.2191693250384656 0.0168352209630406 2268
0.2191693250384655 0.01961920872805064 2269
0.2191693250384655 0.02282079493911436 2270
0.2191693250384655 0.02650261881626115 2271
0.2191693250384655 0.03073671591351133 2272
0.2191693250384655 0.03560592747189661 2273
0.2191693250384655 0.04120552080724493 2274
0.2191693250384655 0.04764505321545624 2275
0.2191693250384655 0.05505051580121204 2276
0.2191693250384656 0.06356679797899849 2277
0.2191693250384655 0.07336052216557951 2278
0.2191693250384656 0.08462330477756784 2279
0.2191693250384655 0.09757550479203397 2280
0.2191693250384655 0.1124705347679271 2281
0.2191693250384655 0.1295998194542934 2282
0.2191693250384656 0.1492984967353079 2283
0.2191693250384655 0.171951975476639 2284
0.2191693250384655 0.1980034763038129 2285
0.2191693250384655 0.2279627025385566 2286
0.2191693250384656 0.2624158125751761 2287
0.2191693250384655 0.302036888758352 2288
0.2191693250384655 0.347601126387366 2289
0.2212100103647533 0.0002587046922715602 2290
0.2212100103647532 0.0005562147793279843 2291
0.2212100103647532 0.0008983513525472446 2292
0.2212100103647532 0.001291808491018708 2293
0.2212100103647532 0.00174428421760788 2294
0.2212100103647533 0.002264631134963996 2295
0.2212100103647533 0.002863030288404054 2296
0.2212100103647533 0.00355118964707433 2297
0.2212100103647533 0.004342572902775151 2298
0.2212100103647532 0.005252663603698592 2299
0.2212100103647532 0.006299267847682847 2300
0.2212100103647533 0.007502862606973817 2301
0.2212100103647532 0.008886996481218785 2302
0.2212100103647533 0.01047875049955483 2303
0.2212100103647533 0.01230926753813588 2304
0.2212100103647532 0.01441436214990062 2305
0.2212100103647532 0.0168352209630406 2306
0.2212100103647533 0.01961920872805064 2307
0.2212100103647533 0.02282079493911436 2308
0.2212100103647532 0.02650261881626116 2309
0.2212100103647532 0.03073671591351133 2310
0.2212100103647532 0.03560592747189661 2311
0.2212100103647533 0.04120552080724493 2312
0.2212100103647532 0.04764505321545625 2313
0.2212100103647533 0.05505051580121204 2314
0.2212100103647532 0.06356679797899849 2315
0.2212100103647533 0.07336052216557951 2316
0.2212100103647532 0.08462330477756784 2317
0.2212100103647532 0.09757550479203397 2318
0.2212100103647532 0.1124705347679272 2319
0.2212100103647532 0.1295998194542934 2320
0.2212100103647533 0.1492984967353079 2321
0.2212100103647532 0.171951975476639 2322
0.2212100103647532 0.1980034763038129 2323
0.2212100103647532 0.2279627025385567 2324
0.2212100103647532 0.2624158125751761 2325
0.2212100103647532 0.302036888758352 2326
0.2212100103647532 0.3476011263873659 2327
0.2233527297901693 0.0002587046922715602 2328
0.2233527297901692 0.0005562147793279842 2329
0.2233527297901693 0.0008983513525472446 2330
0.2233527297901692 0.001291808491018708 2331
0.2233527297901692 0.00174428421760788 2332
0.2233527297901692 0.002264631134963996 2333
0.2233527297901693 0.002863030288404054 2334
0.2233527297901692 0.00355118964707433 2335
0.2233527297901692 0.004342572902775151 2336
0.2233527297901692 0.005252663603698591 2337
0.2233527297901693 0.006299267847682847 2338
0.2233527297901692 0.007502862606973817 2339
0.2233527297901693 0.008886996481218786 2340
0.2233527297901693 0.01047875049955483 2341
0.2233527297901693 0.01230926753813588 2342
0.2233527297901693 0.01441436214990062 2343
0.2233527297901692 0.0168352209630406 2344
0.2233527297901692 0.01961920872805064 2345
0.2233527297901693 0.02282079493911436 2346
0.2233527297901693 0.02650261881626115 2347
0.2233527297901692 0.03073671591351133 2348
0.2233527297901692 0.03560592747189661 2349
0.2233527297901692 0.04120552080724493 2350
0.2233527297901692 0.04764505321545624 2351
0.2233527297901692 0.05505051580121204 2352
0.2233527297901693 0.06356679797899849 2353
0.2233527297901692 0.07336052216557951 2354
0.2233527297901692 0.08462330477756784 2355
0.2233527297901692 0.09757550479203396 2356
0.2233527297901692 0.1124705347679271 2357
0.2233527297901692 0.1295998194542934 2358
0.2233527297901693 0.1492984967353079 2359
0.2233527297901692 0.171951975476639 2360
0.2233527297901692 0.1980034763038129 2361
0.2233527297901692 0.2279627025385566 2362
0.2233527297901692 0.2624158125751761 2363
0.2233527297901692 0.302036888758352 2364
0.2233527297901692 0.347601126387366 2365
0.2256025850730959 0.0002587046922715602 2366
0.2256025850730959 0.0005562147793279843 2367
0.2256025850730959 0.0008983513525472446 2368
0.2256025850730959 0.001291808491018707 2369
0.2256025850730959 0.00174428421760788 2370
0.2256025850730959 0.002264631134963996 2371
0.2256025850730959 0.002863030288404054 2372
0.225602585073096 0.00355118964707433 2373
0.2256025850730959 0.004342572902775151 2374
0.2256025850730959 0.005252663603698591 2375
0.2256025850730958 0.006299267847682847 2376
0.2256025850730958 0.007502862606973817 2377
0.2256025850730959 0.008886996481218786 2378
0.2256025850730959 0.01047875049955483 2379
0.2256025850730959 0.01230926753813588 2380
0.2256025850730959 0.01441436214990062 2381
0.2256025850730959 0.0168352209630406 2382
0.2256025850730959 0.01961920872805064 2383
0.2256025850730958 0.02282079493911436 2384
0.2256025850730959 0.02650261881626115 2385
0.2256025850730959 0.03073671591351133 2386
0.2256025850730959 0.03560592747189661 2387
0.2256025850730959 0.04120552080724493 2388
0.2256025850730958 0.04764505321545624 2389
0.2256025850730959 0.05505051580121204 2390
0.2256025850730959 0.06356679797899849 2391
0.2256025850730959 0.07336052216557951 2392
0.2256025850730958 0.08462330477756784 2393
0.2256025850730959 0.09757550479203396 2394
0.2256025850730959 0.1124705347679271 2395
0.2256025850730959 0.1295998194542934 2396
0.2256025850730959 0.1492984967353079 2397
0.2256025850730959 0.171951975476639 2398
0.2256025850730959 0.1980034763038129 2399
0.2256025850730959 0.2279627025385566 2400
0.2256025850730959 0.262415812575176 2401
0.2256025850730959 0.302036888758352 2402
0.2256025850730959 0.347601126387366 2403
0.2279649333968735 0.0002587046922715602 2404
0.2279649333968734 0.0005562147793279844 2405
0.2279649333968735 0.0008983513525472447 2406
0.2279649333968735 0.001291808491018708 2407
0.2279649333968736 0.00174428421760788 2408
0.2279649333968735 0.002264631134963996 2409
0.2279649333968735 0.002863030288404054 2410
0.2279649333968735 0.00355118964707433 2411
0.2279649333968735 0.004342572902775151 2412
0.2279649333968735 0.005252663603698592 2413
0.2279649333968735 0.006299267847682847 2414
0.2279649333968735 0.007502862606973817 2415
0.2279649333968735 0.008886996481218785 2416
0.2279649333968735 0.01047875049955483 2417
0.2279649333968735 0.01230926753813589 2418
0.2279649333968735 0.01441436214990062 2419
0.2279649333968735 0.0168352209630406 2420
0.2279649333968735 0.01961920872805065 2421
0.2279649333968736 0.02282079493911436 2422
0.2279649333968736 0.02650261881626116 2423
0.2279649333968736 0.03073671591351133 2424
0.2279649333968735 0.03560592747189661 2425
0.2279649333968735 0.04120552080724493 2426
0.2279649333968735 0.04764505321545624 2427
0.2279649333968735 0.05505051580121204 2428
0.2279649333968735 0.06356679797899849 2429
0.2279649333968735 0.07336052216557952 2430
0.2279649333968735 0.08462330477756784 2431
0.2279649333968735 0.09757550479203396 2432
0.2279649333968735 0.1124705347679271 2433
0.2279649333968735 0.1295998194542934 2434
0.2279649333968735 0.1492984967353079 2435
0.2279649333968735 0.171951975476639 2436
0.2279649333968735 0.1980034763038129 2437
0.2279649333968735 0.2279627025385566 2438
0.2279649333968735 0.262415812575176 2439
0.2279649333968735 0.3020368887583519 2440
0.2279649333968735 0.347601126387366 2441
0.2304453990503079 0.0002587046922715601 2442
0.2304453990503078 0.0005562147793279843 2443
0.2304453990503078 0.0008983513525472446 2444
0.2304453990503079 0.001291808491018707 2445
0.2304453990503079 0.00174428421760788 2446
0.2304453990503078 0.002264631134963996 2447
0.2304453990503079 0.002863030288404055 2448
0.2304453990503079 0.00355118964707433 2449
0.2304453990503079 0.004342572902775152 2450
0.2304453990503078 0.005252663603698592 2451
0.2304453990503079 0.006299267847682847 2452
0.2304453990503079 0.007502862606973817 2453
0.2304453990503079 0.008886996481218785 2454
0.2304453990503079 0.01047875049955483 2455
0.2304453990503079 0.01230926753813589 2456
0.2304453990503078 0.01441436214990062 2457
0.2304453990503079 0.0168352209630406 2458
0.2304453990503079 0.01961920872805065 2459
0.2304453990503079 0.02282079493911436 2460
0.2304453990503079 0.02650261881626115 2461
0.2304453990503079 0.03073671591351132 2462
0.2304453990503079 0.03560592747189661 2463
0.2304453990503079 0.04120552080724493 2464
0.2304453990503079 0.04764505321545624 2465
0.2304453990503079 0.05505051580121204 2466
0.2304453990503079 0.06356679797899849 2467
0.2304453990503079 0.07336052216557951 2468
0.2304453990503079 0.08462330477756785 2469
0.2304453990503079 0.09757550479203397 2470
0.2304453990503079 0.1124705347679271 2471
0.2304453990503079 0.1295998194542934 2472
0.2304453990503079 0.1492984967353079 2473
0.2304453990503078 0.171951975476639 2474
0.2304453990503079 0.1980034763038129 2475
0.2304453990503079 0.2279627025385567 2476
0.2304453990503079 0.2624158125751761 2477
0.2304453990503079 0.3020368887583519 2478
0.2304453990503079 0.347601126387366 2479
0.2330498877992428 0.0002587046922715602 2480
0.2330498877992428 0.0005562147793279843 2481
0.2330498877992428 0.0008983513525472445 2482
0.2330498877992428 0.001291808491018707 2483
0.2330498877992428 0.00174428421760788 2484
0.2330498877992428 0.002264631134963996 2485
0.2330498877992428 0.002863030288404054 2486
0.2330498877992428 0.00355118964707433 2487
0.2330498877992428 0.004342572902775151 2488
0.2330498877992428 0.005252663603698592 2489
0.2330498877992428 0.006299267847682847 2490
0.2330498877992428 0.007502862606973817 2491
0.2330498877992428 0.008886996481218785 2492
0.2330498877992428 0.01047875049955483 2493
0.2330498877992428 0.01230926753813588 2494
0.2330498877992428 0.01441436214990062 2495
0.2330498877992428 0.0168352209630406 2496
0.2330498877992428 0.01961920872805065 2497
0.2330498877992428 0.02282079493911436 2498
0.2330498877992429 0.02650261881626115 2499
0.2330498877992428 0.03073671591351132 2500
0.2330498877992428 0.03560592747189661 2501
0.2330498877992428 0.04120552080724493 2502
0.2330498877992428 0.04764505321545624 2503
0.2330498877992428 0.05505051580121203 2504
0.2330498877992427 0.0635667979789985 2505
0.2330498877992428 0.07336052216557951 2506
0.2330498877992427 0.08462330477756784 2507
0.2330498877992428 0.09757550479203396 2508
0.2330498877992427 0.1124705347679271 2509
0.2330498877992428 0.1295998194542934 2510
0.2330498877992428 0.1492984967353079 2511
0.2330498877992428 0.171951975476639 2512
0.2330498877992428 0.1980034763038129 2513
0.2330498877992428 0.2279627025385567 2514
0.2330498877992428 0.2624158125751761 2515
0.2330498877992428 0.3020368887583519 2516
0.2330498877992428 0.3476011263873659 2517
0.2357846012815599 0.0002587046922715602 2518
0.23578460128156 0.0005562147793279842 2519
0.2357846012815599 0.0008983513525472446 2520
0.23578460128156 0.001291808491018707 2521
0.23578460128156 0.00174428421760788 2522
0.23578460128156 0.002264631134963996 2523
0.2357846012815599 0.002863030288404054 2524
0.23578460128156 0.00355118964707433 2525
0.2357846012815599 0.004342572902775152 2526
0.23578460128156 0.005252663603698591 2527
0.2357846012815599 0.006299267847682846 2528
0.23578460128156 0.007502862606973817 2529
0.23578460128156 0.008886996481218785 2530
0.23578460128156 0.01047875049955483 2531
0.2357846012815599 0.01230926753813588 2532
0.23578460128156 0.01441436214990062 2533
0.23578460128156 0.0168352209630406 2534
0.23578460128156 0.01961920872805064 2535
0.23578460128156 0.02282079493911436 2536
0.2357846012815599 0.02650261881626115 2537
0.2357846012815599 0.03073671591351132 2538
0.2357846012815599 0.03560592747189661 2539
0.2357846012815599 0.04120552080724493 2540
0.23578460128156 0.04764505321545624 2541
0.2357846012815599 0.05505051580121204 2542
0.2357846012815599 0.06356679797899849 2543
0.2357846012815599 0.07336052216557951 2544
0.23578460128156 0.08462330477756785 2545
0.2357846012815599 0.09757550479203396 2546
0.23578460128156 0.1124705347679271 2547
0.23578460128156 0.1295998194542934 2548
0.23578460128156 0.1492984967353079 2549
0.23578460128156 0.171951975476639 2550
0.23578460128156 0.1980034763038129 2551
0.23578460128156 0.2279627025385567 2552
0.2357846012815599 0.2624158125751761 2553
0.2357846012815599 0.3020368887583521 2554
0.23578460128156 0.347601126387366 2555
0.2386560505161217 0.0002587046922715601 2556
0.2386560505161218 0.0005562147793279842 2557
0.2386560505161218 0.0008983513525472446 2558
0.2386560505161217 0.001291808491018707 2559
0.2386560505161217 0.00174428421760788 2560
0.2386560505161217 0.002264631134963996 2561
0.2386560505161217 0.002863030288404055 2562
0.2386560505161217 0.00355118964707433 2563
0.2386560505161217 0.004342572902775151 2564
0.2386560505161217 0.005252663603698592 2565
0.2386560505161217 0.006299267847682847 2566
0.2386560505161217 0.007502862606973817 2567
0.2386560505161217 0.008886996481218785 2568
0.2386560505161217 0.01047875049955483 2569
0.2386560505161217 0.01230926753813588 2570
0.2386560505161217 0.01441436214990062 2571
0.2386560505161217 0.0168352209630406 2572
0.2386560505161217 0.01961920872805065 2573
0.2386560505161217 0.02282079493911436 2574
0.2386560505161217 0.02650261881626115 2575
0.2386560505161217 0.03073671591351133 2576
0.2386560505161217 0.03560592747189661 2577
0.2386560505161218 0.04120552080724493 2578
0.2386560505161218 0.04764505321545624 2579
0.2386560505161217 0.05505051580121204 2580
0.2386560505161217 0.06356679797899849 2581
0.2386560505161218 0.07336052216557952 2582
0.2386560505161218 0.08462330477756785 2583
0.2386560505161218 0.09757550479203397 2584
0.2386560505161217 0.1124705347679271 2585
0.2386560505161217 0.1295998194542934 2586
0.2386560505161217 0.1492984967353079 2587
0.2386560505161217 0.171951975476639 2588
0.2386560505161217 0.1980034763038129 2589
0.2386560505161217 0.2279627025385566 2590
0.2386560505161217 0.262415812575176 2591
0.2386560505161218 0.302036888758352 2592
0.2386560505161217 0.3476011263873659 2593
0.241671071970074 0.0002587046922715601 2594
0.241671071970074 0.0005562147793279842 2595
0.241671071970074 0.0008983513525472446 2596
0.241671071970074 0.001291808491018707 2597
0.241671071970074 0.00174428421760788 2598
0.241671071970074 0.002264631134963996 2599
0.241671071970074 0.002863030288404055 2600
0.241671071970074 0.003551189647074329 2601
0.241671071970074 0.004342572902775151 2602
0.241671071970074 0.005252663603698592 2603
0.241671071970074 0.006299267847682847 2604
0.241671071970074 0.007502862606973817 2605
0.241671071970074 0.008886996481218785 2606
0.241671071970074 0.01047875049955483 2607
0.241671071970074 0.01230926753813588 2608
0.241671071970074 0.01441436214990061 2609
0.241671071970074 0.0168352209630406 2610
0.241671071970074 0.01961920872805065 2611
0.241671071970074 0.02282079493911436 2612
0.241671071970074 0.02650261881626115 2613
0.241671071970074 0.03073671591351132 2614
0.241671071970074 0.03560592747189661 2615
0.241671071970074 0.04120552080724493 2616
0.241671071970074 0.04764505321545624 2617
0.241671071970074 0.05505051580121204 2618
0.241671071970074 0.06356679797899849 2619
0.241671071970074 0.07336052216557951 2620
0.241671071970074 0.08462330477756785 2621
0.241671071970074 0.09757550479203397 2622
0.2416710719700741 0.1124705347679271 2623
0.241671071970074 0.1295998194542934 2624
0.241671071970074 0.1492984967353079 2625
0.241671071970074 0.171951975476639 2626
0.241671071970074 0.1980034763038129 2627
0.2416710719700741 0.2279627025385567 2628
0.241671071970074 0.2624158125751761 2629
0.241671071970074 0.3020368887583519 2630
0.2416710719700739 0.3476011263873659 2631
0.2448368445148516 0.0002587046922715601 2632
0.2448368445148516 0.0005562147793279842 2633
0.2448368445148516 0.0008983513525472446 2634
0.2448368445148516 0.001291808491018707 2635
0.2448368445148516 0.00174428421760788 2636
0.2448368445148516 0.002264631134963996 2637
0.2448368445148516 0.002863030288404055 2638
0.2448368445148515 0.00355118964707433 2639
0.2448368445148516 0.004342572902775151 2640
0.2448368445148516 0.005252663603698592 2641
0.2448368445148516 0.006299267847682847 2642
0.2448368445148516 0.007502862606973817 2643
0.2448368445148515 0.008886996481218786 2644
0.2448368445148516 0.01047875049955483 2645
0.2448368445148516 0.01230926753813588 2646
0.2448368445148516 0.01441436214990062 2647
0.2448368445148516 0.0168352209630406 2648
0.2448368445148516 0.01961920872805064 2649
0.2448368445148516 0.02282079493911436 2650
0.2448368445148516 0.02650261881626115 2651
0.2448368445148516 0.03073671591351133 2652
0.2448368445148516 0.03560592747189661 2653
0.2448368445148516 0.04120552080724493 2654
0.2448368445148515 0.04764505321545624 2655
0.2448368445148516 0.05505051580121204 2656
0.2448368445148516 0.06356679797899849 2657
0.2448368445148515 0.07336052216557951 2658
0.2448368445148516 0.08462330477756784 2659
0.2448368445148516 0.09757550479203397 2660
0.2448368445148516 0.1124705347679272 2661
0.2448368445148516 0.1295998194542934 2662
0.2448368445148516 0.1492984967353079 2663
0.2448368445148517 0.171951975476639 2664
0.2448368445148516 0.1980034763038129 2665
0.2448368445148516 0.2279627025385567 2666
0.2448368445148516 0.262415812575176 2667
0.2448368445148516 0.302036888758352 2668
0.2448368445148516 0.347601126387366 2669
0.2481609058285642 0.0002587046922715601 2670
0.2481609058285642 0.0005562147793279843 2671
0.2481609058285642 0.0008983513525472446 2672
0.2481609058285641 0.001291808491018707 2673
0.2481609058285641 0.00174428421760788 2674
0.2481609058285641 0.002264631134963996 2675
0.2481609058285641 0.002863030288404054 2676
0.2481609058285642 0.00355118964707433 2677
0.2481609058285641 0.004342572902775151 2678
0.2481609058285642 0.005252663603698591 2679
0.2481609058285641 0.006299267847682846 2680
0.2481609058285642 0.007502862606973817 2681
0.2481609058285642 0.008886996481218785 2682
0.2481609058285641 0.01047875049955483 2683
0.2481609058285642 0.01230926753813588 2684
0.2481609058285642 0.01441436214990062 2685
0.2481609058285642 0.0168352209630406 2686
0.2481609058285642 0.01961920872805065 2687
0.2481609058285642 0.02282079493911436 2688
0.2481609058285641 0.02650261881626115 2689
0.2481609058285642 0.03073671591351133 2690
0.2481609058285642 0.03560592747189661 2691
0.2481609058285641 0.04120552080724493 2692
0.2481609058285642 0.04764505321545624 2693
0.2481609058285641 0.05505051580121203 2694
0.2481609058285641 0.0635667979789985 2695
0.2481609058285641 0.07336052216557951 2696
0.2481609058285641 0.08462330477756785 2697
0.2481609058285642 0.09757550479203397 2698
0.2481609058285641 0.1124705347679271 2699
0.2481609058285642 0.1295998194542934 2700
0.2481609058285642 0.1492984967353079 2701
0.2481609058285642 0.171951975476639 2702
0.2481609058285641 0.1980034763038129 2703
0.2481609058285641 0.2279627025385566 2704
0.2481609058285643 0.2624158125751761 2705
0.2481609058285641 0.3020368887583519 2706
0.2481609058285642 0.347601126387366 2707
0.2516511700759836 0.0002587046922715601 2708
0.2516511700759835 0.0005562147793279842 2709
0.2516511700759836 0.0008983513525472446 2710
0.2516511700759836 0.001291808491018707 2711
0.2516511700759836 0.00174428421760788 2712
0.2516511700759836 0.002264631134963996 2713
0.2516511700759836 0.002863030288404055 2714
0.2516511700759836 0.003551189647074329 2715
0.2516511700759836 0.004342572902775151 2716
0.2516511700759836 0.005252663603698593 2717
0.2516511700759836 0.006299267847682847 2718
0.2516511700759836 0.007502862606973818 2719
0.2516511700759836 0.008886996481218785 2720
0.2516511700759836 0.01047875049955483 2721
0.2516511700759836 0.01230926753813588 2722
0.2516511700759836 0.01441436214990062 2723
0.2516511700759836 0.0168352209630406 2724
0.2516511700759836 0.01961920872805065 2725
0.2516511700759836 0.02282079493911436 2726
0.2516511700759836 0.02650261881626115 2727
0.2516511700759836 0.03073671591351133 2728
0.2516511700759836 0.03560592747189661 2729
0.2516511700759836 0.04120552080724493 2730
0.2516511700759836 0.04764505321545624 2731
0.2516511700759836 0.05505051580121204 2732
0.2516511700759836 0.0635667979789985 2733
0.2516511700759836 0.07336052216557952 2734
0.2516511700759836 0.08462330477756784 2735
0.2516511700759836 0.09757550479203397 2736
0.2516511700759836 0.1124705347679271 2737
0.2516511700759836 0.1295998194542934 2738
0.2516511700759836 0.1492984967353079 2739
0.2516511700759836 0.171951975476639 2740
0.2516511700759836 0.1980034763038129 2741
0.2516511700759836 0.2279627025385567 2742
0.2516511700759836 0.2624158125751761 2743
0.2516511700759836 0.3020368887583519 2744
0.2516511700759836 0.3476011263873659 2745
0.2553159474280889 0.0002587046922715601 2746
0.2553159474280889 0.0005562147793279842 2747
0.2553159474280889 0.0008983513525472446 2748
0.2553159474280889 0.001291808491018707 2749
0.2553159474280888 0.00174428421760788 2750
0.2553159474280889 0.002264631134963996 2751
0.2553159474280889 0.002863030288404055 2752
0.2553159474280889 0.00355118964707433 2753
0.255315947428089 0.004342572902775151 2754
0.2553159474280889 0.005252663603698592 2755
0.255315947428089 0.006299267847682847 2756
0.2553159474280889 0.007502862606973817 2757
0.2553159474280889 0.008886996481218785 2758
0.2553159474280889 0.01047875049955483 2759
0.2553159474280889 0.01230926753813588 2760
0.2553159474280889 0.01441436214990062 2761
0.2553159474280889 0.0168352209630406 2762
0.2553159474280889 0.01961920872805065 2763
0.2553159474280889 0.02282079493911436 2764
0.2553159474280888 0.02650261881626115 2765
0.2553159474280889 0.03073671591351133 2766
0.2553159474280889 0.03560592747189661 2767
0.2553159474280889 0.04120552080724493 2768
0.2553159474280889 0.04764505321545624 2769
0.2553159474280889 0.05505051580121204 2770
0.2553159474280888 0.06356679797899849 2771
0.2553159474280889 0.07336052216557951 2772
0.2553159474280889 0.08462330477756784 2773
0.2553159474280889 0.09757550479203397 2774
0.2553159474280889 0.1124705347679271 2775
0.2553159474280889 0.1295998194542934 2776
0.2553159474280889 0.1492984967353079 2777
0.2553159474280889 0.171951975476639 2778
0.2553159474280889 0.1980034763038129 2779
0.2553159474280889 0.2279627025385567 2780
0.2553159474280889 0.2624158125751761 2781
0.2553159474280889 0.302036888758352 2782
0.2553159474280889 0.347601126387366 2783
0.259163963669204 0.0002587046922715601 2784
0.259163963669204 0.0005562147793279842 2785
0.259163963669204 0.0008983513525472447 2786
0.259163963669204 0.001291808491018708 2787
0.259163963669204 0.00174428421760788 2788
0.2591639636692039 0.002264631134963996 2789
0.259163963669204 0.002863030288404054 2790
0.259163963669204 0.00355118964707433 2791
0.2591639636692039 0.004342572902775151 2792
0.259163963669204 0.005252663603698591 2793
0.2591639636692039 0.006299267847682847 2794
0.259163963669204 0.007502862606973817 2795
0.259163963669204 0.008886996481218786 2796
0.259163963669204 0.01047875049955483 2797
0.2591639636692039 0.01230926753813589 2798
0.259163963669204 0.01441436214990062 2799
0.259163963669204 0.0168352209630406 2800
0.259163963669204 0.01961920872805065 2801
0.259163963669204 0.02282079493911436 2802
0.2591639636692039 0.02650261881626115 2803
0.259163963669204 0.03073671591351133 2804
0.2591639636692039 0.03560592747189661 2805
0.259163963669204 0.04120552080724493 2806
0.259163963669204 0.04764505321545624 2807
0.2591639636692039 0.05505051580121204 2808
0.259163963669204 0.06356679797899849 2809
0.259163963669204 0.07336052216557951 2810
0.259163963669204 0.08462330477756784 2811
0.259163963669204 0.09757550479203397 2812
0.259163963669204 0.1124705347679271 2813
0.259163963669204 0.1295998194542934 2814
0.259163963669204 0.1492984967353079 2815
0.259163963669204 0.171951975476639 2816
0.259163963669204 0.1980034763038129 2817
0.259163963669204 0.2279627025385566 2818
0.259163963669204 0.2624158125751761 2819
0.259163963669204 0.302036888758352 2820
0.259163963669204 0.347601126387366 2821
0.2632043806530804 0.0002587046922715601 2822
0.2632043806530803 0.0005562147793279842 2823
0.2632043806530802 0.0008983513525472446 2824
0.2632043806530803 0.001291808491018708 2825
0.2632043806530804 0.00174428421760788 2826
0.2632043806530802 0.002264631134963996 2827
0.2632043806530803 0.002863030288404054 2828
0.2632043806530802 0.00355118964707433 2829
0.2632043806530804 0.004342572902775151 2830
0.2632043806530803 0.005252663603698592 2831
0.2632043806530803 0.006299267847682846 2832
0.2632043806530803 0.007502862606973817 2833
0.2632043806530802 0.008886996481218785 2834
0.2632043806530803 0.01047875049955483 2835
0.2632043806530803 0.01230926753813589 2836
0.2632043806530802 0.01441436214990062 2837
0.2632043806530803 0.0168352209630406 2838
0.2632043806530803 0.01961920872805065 2839
0.2632043806530803 0.02282079493911436 2840
0.2632043806530804 0.02650261881626115 2841
0.2632043806530803 0.03073671591351133 2842
0.2632043806530804 0.03560592747189661 2843
0.2632043806530803 0.04120552080724493 2844
0.2632043806530803 0.04764505321545624 2845
0.2632043806530803 0.05505051580121204 2846
0.2632043806530803 0.06356679797899849 2847
0.2632043806530802 0.07336052216557949 2848
0.2632043806530803 0.08462330477756785 2849
0.2632043806530803 0.09757550479203395 2850
0.2632043806530803 0.1124705347679271 2851
0.2632043806530802 0.1295998194542934 2852
0.2632043806530803 0.149298496735308 2853
0.2632043806530802 0.171951975476639 2854
0.2632043806530803 0.1980034763038129 2855
0.2632043806530803 0.2279627025385566 2856
0.2632043806530803 0.2624158125751761 2857
0.2632043806530803 0.3020368887583519 2858
0.2632043806530803 0.3476011263873659 2859
0.2674468184824452 0.0002587046922715603 2860
0.2674468184824454 0.0005562147793279843 2861
0.2674468184824453 0.0008983513525472446 2862
0.2674468184824452 0.001291808491018707 2863
0.2674468184824452 0.00174428421760788 2864
0.2674468184824453 0.002264631134963996 2865
0.2674468184824454 0.002863030288404054 2866
0.2674468184824452 0.00355118964707433 2867
0.2674468184824455 0.004342572902775151 2868
0.2674468184824453 0.005252663603698592 2869
0.2674468184824454 0.006299267847682847 2870
0.2674468184824453 0.007502862606973817 2871
0.2674468184824453 0.008886996481218785 2872
0.2674468184824453 0.01047875049955483 2873
0.2674468184824452 0.01230926753813588 2874
0.2674468184824453 0.01441436214990062 2875
0.2674468184824454 0.0168352209630406 2876
0.2674468184824453 0.01961920872805064 2877
0.2674468184824454 0.02282079493911436 2878
0.2674468184824453 0.02650261881626115 2879
0.2674468184824453 0.03073671591351133 2880
0.2674468184824453 0.03560592747189661 2881
0.2674468184824453 0.04120552080724493 2882
0.2674468184824453 0.04764505321545624 2883
0.2674468184824453 0.05505051580121204 2884
0.2674468184824453 0.06356679797899849 2885
0.2674468184824453 0.07336052216557951 2886
0.2674468184824453 0.08462330477756788 2887
0.2674468184824453 0.09757550479203396 2888
0.2674468184824453 0.1124705347679271 2889
0.2674468184824453 0.1295998194542934 2890
0.2674468184824453 0.1492984967353079 2891
0.2674468184824453 0.171951975476639 2892
0.2674468184824453 0.1980034763038129 2893
0.2674468184824453 0.2279627025385566 2894
0.2674468184824453 0.262415812575176 2895
0.2674468184824453 0.3020368887583519 2896
0.2674468184824453 0.3476011263873659 2897
0.271901378442895 0.0002587046922715601 2898
0.271901378442895 0.0005562147793279843 2899
0.271901378442895 0.0008983513525472447 2900
0.2719013784428951 0.001291808491018707 2901
0.271901378442895 0.00174428421760788 2902
0.2719013784428951 0.002264631134963996 2903
0.2719013784428951 0.002863030288404054 2904
0.271901378442895 0.00355118964707433 2905
0.271901378442895 0.004342572902775151 2906
0.2719013784428949 0.005252663603698591 2907
0.2719013784428951 0.006299267847682847 2908
0.2719013784428951 0.007502862606973817 2909
0.271901378442895 0.008886996481218785 2910
0.2719013784428951 0.01047875049955483 2911
0.2719013784428951 0.01230926753813588 2912
0.271901378442895 0.01441436214990062 2913
0.271901378442895 0.0168352209630406 2914
0.271901378442895 0.01961920872805065 2915
0.271901378442895 0.02282079493911436 2916
0.2719013784428949 0.02650261881626115 2917
0.271901378442895 0.03073671591351133 2918
0.271901378442895 0.03560592747189661 2919
0.2719013784428949 0.04120552080724493 2920
0.271901378442895 0.04764505321545624 2921
0.2719013784428951 0.05505051580121204 2922
0.271901378442895 0.06356679797899849 2923
0.271901378442895 0.07336052216557952 2924
0.271901378442895 0.08462330477756784 2925
0.271901378442895 0.09757550479203397 2926
0.271901378442895 0.1124705347679271 2927
0.271901378442895 0.1295998194542934 2928
0.271901378442895 0.1492984967353079 2929
0.271901378442895 0.171951975476639 2930
0.271901378442895 0.1980034763038129 2931
0.271901378442895 0.2279627025385567 2932
0.2719013784428951 0.2624158125751761 2933
0.271901378442895 0.3020368887583519 2934
0.271901378442895 0.347601126387366 2935
0.2765786663849252 0.0002587046922715601 2936
0.2765786663849252 0.0005562147793279841 2937
0.2765786663849253 0.0008983513525472446 2938
0.2765786663849253 0.001291808491018707 2939
0.2765786663849252 0.00174428421760788 2940
0.2765786663849254 0.002264631134963997 2941
0.2765786663849253 0.002863030288404055 2942
0.2765786663849254 0.00355118964707433 2943
0.2765786663849252 0.004342572902775151 2944
0.2765786663849252 0.005252663603698592 2945
0.2765786663849252 0.006299267847682847 2946
0.2765786663849252 0.007502862606973818 2947
0.2765786663849253 0.008886996481218786 2948
0.2765786663849252 0.01047875049955483 2949
0.2765786663849252 0.01230926753813588 2950
0.2765786663849251 0.01441436214990062 2951
0.2765786663849252 0.0168352209630406 2952
0.2765786663849253 0.01961920872805065 2953
0.2765786663849252 0.02282079493911436 2954
0.2765786663849253 0.02650261881626116 2955
0.2765786663849253 0.03073671591351132 2956
0.2765786663849251 0.03560592747189661 2957
0.2765786663849253 0.04120552080724493 2958
0.2765786663849252 0.04764505321545624 2959
0.2765786663849252 0.05505051580121204 2960
0.2765786663849252 0.0635667979789985 2961
0.2765786663849252 0.07336052216557952 2962
0.2765786663849252 0.08462330477756784 2963
0.2765786663849252 0.09757550479203397 2964
0.2765786663849253 0.1124705347679271 2965
0.2765786663849252 0.1295998194542934 2966
0.2765786663849252 0.1492984967353079 2967
0.2765786663849252 0.171951975476639 2968
0.2765786663849252 0.1980034763038129 2969
0.2765786663849252 0.2279627025385566 2970
0.2765786663849252 0.2624158125751761 2971
0.2765786663849252 0.3020368887583519 2972
0.2765786663849252 0.347601126387366 2973
0.281489818470555 0.0002587046922715601 2974
0.281489818470555 0.0005562147793279842 2975
0.2814898184705549 0.0008983513525472446 2976
0.2814898184705551 0.001291808491018707 2977
0.281489818470555 0.00174428421760788 2978
0.281489818470555 0.002264631134963996 2979
0.281489818470555 0.002863030288404055 2980
0.281489818470555 0.00355118964707433 2981
0.281489818470555 0.004342572902775151 2982
0.281489818470555 0.005252663603698592 2983
0.281489818470555 0.006299267847682847 2984
0.2814898184705551 0.007502862606973817 2985
0.281489818470555 0.008886996481218786 2986
0.2814898184705551 0.01047875049955483 2987
0.281489818470555 0.01230926753813588 2988
0.281489818470555 0.01441436214990062 2989
0.281489818470555 0.0168352209630406 2990
0.281489818470555 0.01961920872805065 2991
0.281489818470555 0.02282079493911436 2992
0.2814898184705552 0.02650261881626116 2993
0.281489818470555 0.03073671591351132 2994
0.281489818470555 0.03560592747189661 2995
0.281489818470555 0.04120552080724493 2996
0.281489818470555 0.04764505321545624 2997
0.281489818470555 0.05505051580121204 2998
0.2814898184705551 0.0635667979789985 2999
0.281489818470555 0.07336052216557951 3000
0.281489818470555 0.08462330477756784 3001
0.281489818470555 0.09757550479203397 3002
0.281489818470555 0.1124705347679271 3003
0.281489818470555 0.1295998194542934 3004
0.281489818470555 0.1492984967353079 3005
0.281489818470555 0.171951975476639 3006
0.281489818470555 0.1980034763038129 3007
0.281489818470555 0.2279627025385567 3008
0.281489818470555 0.2624158125751761 3009
0.281489818470555 0.3020368887583519 3010
0.281489818470555 0.3476011263873659 3011
0.2866465280832796 0.0002587046922715601 3012
0.2866465280832797 0.0005562147793279842 3013
0.2866465280832796 0.0008983513525472446 3014
0.2866465280832797 0.001291808491018708 3015
0.2866465280832796 0.00174428421760788 3016
0.2866465280832796 0.002264631134963996 3017
0.2866465280832796 0.002863030288404054 3018
0.2866465280832796 0.00355118964707433 3019
0.2866465280832795 0.004342572902775151 3020
0.2866465280832796 0.005252663603698592 3021
0.2866465280832797 0.006299267847682846 3022
0.2866465280832796 0.007502862606973817 3023
0.2866465280832796 0.008886996481218785 3024
0.2866465280832796 0.01047875049955483 3025
0.2866465280832795 0.01230926753813588 3026
0.2866465280832797 0.01441436214990062 3027
0.2866465280832797 0.0168352209630406 3028
0.2866465280832795 0.01961920872805064 3029
0.2866465280832796 0.02282079493911436 3030
0.2866465280832796 0.02650261881626115 3031
0.2866465280832796 0.03073671591351133 3032
0.2866465280832796 0.03560592747189661 3033
0.2866465280832796 0.04120552080724493 3034
0.2866465280832796 0.04764505321545624 3035
0.2866465280832796 0.05505051580121204 3036
0.2866465280832796 0.06356679797899849 3037
0.2866465280832796 0.07336052216557951 3038
0.2866465280832796 0.08462330477756785 3039
0.2866465280832796 0.09757550479203396 3040
0.2866465280832796 0.1124705347679271 3041
0.2866465280832796 0.1295998194542934 3042
0.2866465280832796 0.149298496735308 3043
0.2866465280832796 0.171951975476639 3044
0.2866465280832796 0.1980034763038129 3045
0.2866465280832796 0.2279627025385566 3046
0.2866465280832796 0.2624158125751761 3047
0.2866465280832796 0.302036888758352 3048
0.2866465280832796 0.3476011263873659 3049
0.292061073151928 0.0002587046922715601 3050
0.2920610731519281 0.0005562147793279842 3051
0.2920610731519281 0.0008983513525472445 3052
0.292061073151928 0.001291808491018707 3053
0.292061073151928 0.00174428421760788 3054
0.2920610731519281 0.002264631134963996 3055
0.2920610731519281 0.002863030288404054 3056
0.2920610731519281 0.00355118964707433 3057
0.2920610731519281 0.004342572902775151 3058
0.2920610731519281 0.005252663603698592 3059
0.2920610731519279 0.006299267847682846 3060
0.2920610731519281 0.007502862606973817 3061
0.292061073151928 0.008886996481218785 3062
0.292061073151928 0.01047875049955483 3063
0.2920610731519281 0.01230926753813589 3064
0.2920610731519281 0.01441436214990062 3065
0.292061073151928 0.0168352209630406 3066
0.2920610731519282 0.01961920872805065 3067
0.2920610731519281 0.02282079493911436 3068
0.2920610731519281 0.02650261881626115 3069
0.2920610731519281 0.03073671591351133 3070
0.2920610731519281 0.03560592747189661 3071
0.2920610731519282 0.04120552080724493 3072
0.2920610731519281 0.04764505321545624 3073
0.2920610731519282 0.05505051580121204 3074
0.2920610731519281 0.06356679797899849 3075
0.2920610731519281 0.07336052216557951 3076
0.2920610731519281 0.08462330477756785 3077
0.2920610731519281 0.09757550479203396 3078
0.2920610731519281 0.1124705347679271 3079
0.2920610731519281 0.1295998194542934 3080
0.2920610731519281 0.1492984967353079 3081
0.2920610731519281 0.171951975476639 3082
0.2920610731519281 0.1980034763038129 3083
0.2920610731519281 0.2279627025385567 3084
0.2920610731519281 0.2624158125751761 3085
0.2920610731519281 0.3020368887583521 3086
0.2920610731519281 0.3476011263873659 3087
0.2977463455398301 0.0002587046922715602 3088
0.2977463455398302 0.0005562147793279842 3089
0.2977463455398301 0.0008983513525472445 3090
0.2977463455398302 0.001291808491018708 3091
0.2977463455398303 0.00174428421760788 3092
0.2977463455398303 0.002264631134963996 3093
0.2977463455398301 0.002863030288404054 3094
0.2977463455398304 0.00355118964707433 3095
0.2977463455398302 0.004342572902775151 3096
0.2977463455398303 0.005252663603698591 3097
0.2977463455398303 0.006299267847682846 3098
0.2977463455398303 0.007502862606973817 3099
0.2977463455398303 0.008886996481218785 3100
0.2977463455398304 0.01047875049955483 3101
0.2977463455398303 0.01230926753813589 3102
0.2977463455398303 0.01441436214990062 3103
0.2977463455398303 0.0168352209630406 3104
0.2977463455398303 0.01961920872805065 3105
0.2977463455398304 0.02282079493911436 3106
0.2977463455398301 0.02650261881626115 3107
0.2977463455398304 0.03073671591351132 3108
0.2977463455398302 0.03560592747189661 3109
0.2977463455398303 0.04120552080724493 3110
0.2977463455398303 0.04764505321545624 3111
0.2977463455398304 0.05505051580121204 3112
0.2977463455398303 0.06356679797899849 3113
0.2977463455398304 0.07336052216557951 3114
0.2977463455398303 0.08462330477756787 3115
0.2977463455398303 0.09757550479203396 3116
0.2977463455398303 0.1124705347679271 3117
0.2977463455398303 0.1295998194542934 3118
0.2977463455398303 0.1492984967353079 3119
0.2977463455398302 0.171951975476639 3120
0.2977463455398303 0.1980034763038129 3121
0.2977463455398303 0.2279627025385566 3122
0.2977463455398303 0.2624158125751761 3123
0.2977463455398303 0.302036888758352 3124
0.2977463455398303 0.3476011263873659 3125
0.3037158815509499 0.0002587046922715601 3126
0.30371588155095 0.0005562147793279843 3127
0.30371588155095 0.0008983513525472446 3128
0.3037158815509499 0.001291808491018708 3129
0.30371588155095 0.00174428421760788 3130
0.3037158815509499 0.002264631134963996 3131
0.30371588155095 0.002863030288404055 3132
0.3037158815509498 0.00355118964707433 3133
0.3037158815509499 0.004342572902775152 3134
0.3037158815509498 0.005252663603698591 3135
0.3037158815509499 0.006299267847682847 3136
0.3037158815509499 0.007502862606973817 3137
0.3037158815509499 0.008886996481218786 3138
0.3037158815509499 0.01047875049955483 3139
0.30371588155095 0.01230926753813588 3140
0.3037158815509499 0.01441436214990062 3141
0.30371588155095 0.0168352209630406 3142
0.3037158815509499 0.01961920872805065 3143
0.3037158815509499 0.02282079493911436 3144
0.3037158815509499 0.02650261881626115 3145
0.3037158815509498 0.03073671591351133 3146
0.3037158815509499 0.03560592747189661 3147
0.30371588155095 0.04120552080724493 3148
0.3037158815509499 0.04764505321545624 3149
0.3037158815509499 0.05505051580121204 3150
0.30371588155095 0.0635667979789985 3151
0.3037158815509499 0.07336052216557951 3152
0.3037158815509498 0.08462330477756784 3153
0.3037158815509499 0.09757550479203396 3154
0.3037158815509499 0.1124705347679272 3155
0.30371588155095 0.1295998194542934 3156
0.3037158815509499 0.1492984967353079 3157
0.3037158815509499 0.171951975476639 3158
0.3037158815509498 0.1980034763038129 3159
0.3037158815509499 0.2279627025385566 3160
0.30371588155095 0.2624158125751761 3161
0.30371588155095 0.302036888758352 3162
0.3037158815509499 0.3476011263873659 3163
0.3099838943658733 0.0002587046922715602 3164
0.3099838943658733 0.0005562147793279841 3165
0.3099838943658733 0.0008983513525472446 3166
0.3099838943658733 0.001291808491018708 3167
0.3099838943658733 0.00174428421760788 3168
0.3099838943658733 0.002264631134963996 3169
0.3099838943658733 0.002863030288404055 3170
0.3099838943658733 0.00355118964707433 3171
0.3099838943658733 0.004342572902775151 3172
0.3099838943658733 0.005252663603698593 3173
0.3099838943658733 0.006299267847682847 3174
0.3099838943658732 0.007502862606973817 3175
0.3099838943658733 0.008886996481218786 3176
0.3099838943658731 0.01047875049955483 3177
0.3099838943658734 0.01230926753813588 3178
0.3099838943658733 0.01441436214990062 3179
0.3099838943658733 0.0168352209630406 3180
0.3099838943658734 0.01961920872805065 3181
0.3099838943658733 0.02282079493911436 3182
0.3099838943658732 0.02650261881626115 3183
0.3099838943658733 0.03073671591351133 3184
0.3099838943658733 0.03560592747189661 3185
0.3099838943658733 0.04120552080724493 3186
0.3099838943658733 0.04764505321545624 3187
0.3099838943658733 0.05505051580121204 3188
0.3099838943658733 0.06356679797899849 3189
0.3099838943658733 0.07336052216557952 3190
0.3099838943658733 0.08462330477756784 3191
0.3099838943658733 0.09757550479203397 3192
0.3099838943658733 0.1124705347679271 3193
0.3099838943658733 0.1295998194542934 3194
0.3099838943658733 0.1492984967353079 3195
0.3099838943658733 0.171951975476639 3196
0.3099838943658733 0.1980034763038129 3197
0.3099838943658733 0.2279627025385567 3198
0.3099838943658733 0.2624158125751761 3199
0.3099838943658733 0.302036888758352 3200
0.3099838943658733 0.347601126387366 3201
0.3165653079905624 0.0002587046922715601 3202
0.3165653079905624 0.0005562147793279842 3203
0.3165653079905624 0.0008983513525472446 3204
0.3165653079905625 0.001291808491018708 3205
0.3165653079905624 0.00174428421760788 3206
0.3165653079905625 0.002264631134963996 3207
0.3165653079905625 0.002863030288404054 3208
0.3165653079905625 0.003551189647074331 3209
0.3165653079905625 0.004342572902775151 3210
0.3165653079905626 0.005252663603698592 3211
0.3165653079905625 0.006299267847682847 3212
0.3165653079905625 0.007502862606973817 3213
0.3165653079905624 0.008886996481218785 3214
0.3165653079905624 0.01047875049955483 3215
0.3165653079905624 0.01230926753813589 3216
0.3165653079905625 0.01441436214990062 3217
0.3165653079905626 0.0168352209630406 3218
0.3165653079905624 0.01961920872805065 3219
0.3165653079905625 0.02282079493911436 3220
0.3165653079905625 0.02650261881626115 3221
0.3165653079905625 0.03073671591351133 3222
0.3165653079905625 0.03560592747189661 3223
0.3165653079905624 0.04120552080724493 3224
0.3165653079905625 0.04764505321545624 3225
0.3165653079905625 0.05505051580121203 3226
0.3165653079905624 0.06356679797899849 3227
0.3165653079905625 0.07336052216557951 3228
0.3165653079905625 0.08462330477756787 3229
0.3165653079905624 0.09757550479203396 3230
0.3165653079905625 0.1124705347679271 3231
0.3165653079905624 0.1295998194542934 3232
0.3165653079905625 0.1492984967353079 3233
0.3165653079905625 0.171951975476639 3234
0.3165653079905625 0.1980034763038129 3235
0.3165653079905625 0.2279627025385566 3236
0.3165653079905625 0.262415812575176 3237
0.3165653079905625 0.3020368887583521 3238
0.3165653079905625 0.3476011263873659 3239
0.3234757922871767 0.0002587046922715601 3240
0.3234757922871768 0.0005562147793279842 3241
0.3234757922871767 0.0008983513525472446 3242
0.3234757922871766 0.001291808491018708 3243
0.3234757922871768 0.00174428421760788 3244
0.3234757922871767 0.002264631134963996 3245
0.3234757922871768 0.002863030288404055 3246
0.3234757922871767 0.00355118964707433 3247
0.3234757922871767 0.004342572902775151 3248
0.3234757922871769 0.005252663603698592 3249
0.3234757922871767 0.006299267847682847 3250
0.3234757922871768 0.007502862606973817 3251
0.3234757922871767 0.008886996481218785 3252
0.3234757922871766 0.01047875049955483 3253
0.3234757922871767 0.01230926753813588 3254
0.3234757922871768 0.01441436214990062 3255
0.3234757922871767 0.0168352209630406 3256
0.3234757922871767 0.01961920872805065 3257
0.3234757922871767 0.02282079493911436 3258
0.3234757922871767 0.02650261881626115 3259
0.3234757922871767 0.03073671591351133 3260
0.3234757922871767 0.03560592747189661 3261
0.3234757922871768 0.04120552080724493 3262
0.3234757922871769 0.04764505321545625 3263
0.3234757922871767 0.05505051580121204 3264
0.3234757922871769 0.06356679797899847 3265
0.3234757922871767 0.07336052216557952 3266
0.3234757922871767 0.08462330477756785 3267
0.3234757922871767 0.09757550479203397 3268
0.3234757922871768 0.1124705347679271 3269
0.3234757922871767 0.1295998194542934 3270
0.3234757922871768 0.1492984967353079 3271
0.3234757922871767 0.171951975476639 3272
0.3234757922871768 0.1980034763038129 3273
0.3234757922871767 0.2279627025385567 3274
0.3234757922871768 0.2624158125751762 3275
0.3234757922871767 0.3020368887583519 3276
0.3234757922871767 0.347601126387366 3277
0.3307318008897022 0.0002587046922715601 3278
0.3307318008897024 0.0005562147793279844 3279
0.3307318008897023 0.0008983513525472445 3280
0.3307318008897023 0.001291808491018707 3281
0.3307318008897022 0.00174428421760788 3282
0.3307318008897023 0.002264631134963996 3283
0.3307318008897025 0.002863030288404054 3284
0.3307318008897023 0.00355118964707433 3285
0.3307318008897024 0.004342572902775151 3286
0.3307318008897024 0.005252663603698591 3287
0.3307318008897022 0.006299267847682847 3288
0.3307318008897022 0.007502862606973816 3289
0.3307318008897024 0.008886996481218783 3290
0.3307318008897024 0.01047875049955483 3291
0.3307318008897022 0.01230926753813588 3292
0.3307318008897024 0.01441436214990062 3293
0.3307318008897023 0.0168352209630406 3294
0.3307318008897024 0.01961920872805065 3295
0.3307318008897023 0.02282079493911436 3296
0.3307318008897023 0.02650261881626115 3297
0.3307318008897023 0.03073671591351132 3298
0.3307318008897024 0.03560592747189661 3299
0.3307318008897022 0.04120552080724493 3300
0.3307318008897023 0.04764505321545624 3301
0.3307318008897023 0.05505051580121204 3302
0.3307318008897024 0.0635667979789985 3303
0.3307318008897023 0.07336052216557951 3304
0.3307318008897023 0.08462330477756784 3305
0.3307318008897023 0.09757550479203396 3306
0.3307318008897023 0.1124705347679271 3307
0.3307318008897023 0.1295998194542934 3308
0.3307318008897022 0.1492984967353079 3309
0.3307318008897023 0.171951975476639 3310
0.3307318008897023 0.1980034763038129 3311
0.3307318008897023 0.2279627025385566 3312
0.3307318008897023 0.2624158125751761 3313
0.3307318008897023 0.3020368887583519 3314
0.3307318008897023 0.347601126387366 3315
0.3383506099771016 0.0002587046922715601 3316
0.3383506099771014 0.0005562147793279841 3317
0.3383506099771015 0.0008983513525472446 3318
0.3383506099771014 0.001291808491018708 3319
0.3383506099771014 0.00174428421760788 3320
0.3383506099771014 0.002264631134963996 3321
0.3383506099771014 0.002863030288404055 3322
0.3383506099771015 0.00355118964707433 3323
0.3383506099771014 0.004342572902775151 3324
0.3383506099771015 0.005252663603698592 3325
0.3383506099771014 0.006299267847682847 3326
0.3383506099771015 0.007502862606973818 3327
0.3383506099771015 0.008886996481218785 3328
0.3383506099771015 0.01047875049955483 3329
0.3383506099771014 0.01230926753813588 3330
0.3383506099771015 0.01441436214990062 3331
0.3383506099771014 0.0168352209630406 3332
0.3383506099771014 0.01961920872805065 3333
0.3383506099771015 0.02282079493911436 3334
0.3383506099771014 0.02650261881626116 3335
0.3383506099771014 0.03073671591351133 3336
0.3383506099771015 0.03560592747189661 3337
0.3383506099771013 0.04120552080724493 3338
0.3383506099771014 0.04764505321545625 3339
0.3383506099771014 0.05505051580121204 3340
0.3383506099771014 0.06356679797899849 3341
0.3383506099771014 0.07336052216557951 3342
0.3383506099771015 0.08462330477756785 3343
0.3383506099771015 0.09757550479203397 3344
0.3383506099771014 0.1124705347679271 3345
0.3383506099771014 0.1295998194542934 3346
0.3383506099771014 0.1492984967353079 3347
0.3383506099771014 0.171951975476639 3348
0.3383506099771015 0.1980034763038129 3349
0.3383506099771014 0.2279627025385567 3350
0.3383506099771014 0.2624158125751761 3351
0.3383506099771014 0.3020368887583519 3352
0.3383506099771014 0.347601126387366 3353
0.3463503594146228 0.0002587046922715601 3354
0.3463503594146227 0.0005562147793279842 3355
0.3463503594146228 0.0008983513525472445 3356
0.3463503594146227 0.001291808491018707 3357
0.3463503594146228 0.00174428421760788 3358
0.3463503594146227 0.002264631134963996 3359
0.3463503594146228 0.002863030288404054 3360
0.3463503594146228 0.00355118964707433 3361
0.3463503594146227 0.004342572902775151 3362
0.3463503594146227 0.005252663603698591 3363
0.3463503594146228 0.006299267847682846 3364
0.3463503594146228 0.007502862606973816 3365
0.3463503594146228 0.008886996481218785 3366
0.3463503594146228 0.01047875049955483 3367
0.3463503594146227 0.01230926753813589 3368
0.3463503594146228 0.01441436214990062 3369
0.3463503594146227 0.0168352209630406 3370
0.3463503594146228 0.01961920872805064 3371
0.3463503594146228 0.02282079493911436 3372
0.3463503594146227 0.02650261881626115 3373
0.3463503594146228 0.03073671591351132 3374
0.3463503594146228 0.03560592747189662 3375
0.3463503594146228 0.04120552080724493 3376
0.3463503594146228 0.04764505321545624 3377
0.3463503594146228 0.05505051580121204 3378
0.3463503594146227 0.06356679797899849 3379
0.3463503594146228 0.07336052216557951 3380
0.3463503594146227 0.08462330477756787 3381
0.3463503594146229 0.09757550479203396 3382
0.3463503594146229 0.1124705347679271 3383
0.3463503594146227 0.1295998194542935 3384
0.3463503594146227 0.1492984967353079 3385
0.3463503594146229 0.171951975476639 3386
0.3463503594146228 0.1980034763038129 3387
0.3463503594146228 0.2279627025385566 3388
0.3463503594146228 0.2624158125751761 3389
0.3463503594146228 0.3020368887583521 3390
0.3463503594146228 0.347601126387366 3391
0.3547500962963352 0.0002587046922715602 3392
0.3547500962963351 0.0005562147793279843 3393
0.3547500962963351 0.0008983513525472447 3394
0.3547500962963351 0.001291808491018707 3395
0.3547500962963351 0.00174428421760788 3396
0.3547500962963351 0.002264631134963996 3397
0.354750096296335 0.002863030288404054 3398
0.354750096296335 0.00355118964707433 3399
0.3547500962963351 0.004342572902775151 3400
0.354750096296335 0.005252663603698592 3401
0.3547500962963351 0.006299267847682847 3402
0.3547500962963351 0.007502862606973817 3403
0.3547500962963351 0.008886996481218785 3404
0.354750096296335 0.01047875049955483 3405
0.3547500962963352 0.01230926753813588 3406
0.3547500962963351 0.01441436214990062 3407
0.3547500962963351 0.0168352209630406 3408
0.3547500962963351 0.01961920872805065 3409
0.354750096296335 0.02282079493911436 3410
0.354750096296335 0.02650261881626115 3411
0.3547500962963351 0.03073671591351133 3412
0.3547500962963351 0.03560592747189661 3413
0.3547500962963351 0.04120552080724493 3414
0.3547500962963351 0.04764505321545624 3415
0.354750096296335 0.05505051580121204 3416
0.354750096296335 0.06356679797899849 3417
0.3547500962963351 0.07336052216557951 3418
0.354750096296335 0.08462330477756784 3419
0.3547500962963352 0.09757550479203396 3420
0.3547500962963351 0.1124705347679271 3421
0.3547500962963351 0.1295998194542934 3422
0.3547500962963351 0.1492984967353079 3423
0.354750096296335 0.171951975476639 3424
0.3547500962963351 0.1980034763038129 3425
0.3547500962963351 0.2279627025385567 3426
0.3547500962963351 0.2624158125751761 3427
0.3547500962963351 0.3020368887583519 3428
0.3547500962963351 0.347601126387366 3429
0.3635698201875054 0.0002587046922715601 3430
0.3635698201875055 0.0005562147793279842 3431
0.3635698201875056 0.0008983513525472446 3432
0.3635698201875056 0.001291808491018707 3433
0.3635698201875056 0.00174428421760788 3434
0.3635698201875056 0.002264631134963996 3435
0.3635698201875055 0.002863030288404055 3436
0.3635698201875054 0.003551189647074329 3437
0.3635698201875056 0.004342572902775151 3438
0.3635698201875054 0.005252663603698592 3439
0.3635698201875054 0.006299267847682847 3440
0.3635698201875055 0.007502862606973817 3441
0.3635698201875057 0.008886996481218785 3442
0.3635698201875056 0.01047875049955483 3443
0.3635698201875056 0.01230926753813588 3444
0.3635698201875053 0.01441436214990062 3445
0.3635698201875054 0.0168352209630406 3446
0.3635698201875055 0.01961920872805065 3447
0.3635698201875055 0.02282079493911436 3448
0.3635698201875056 0.02650261881626115 3449
0.3635698201875055 0.03073671591351133 3450
0.3635698201875055 0.03560592747189661 3451
0.3635698201875056 0.04120552080724493 3452
0.3635698201875055 0.04764505321545625 3453
0.3635698201875055 0.05505051580121204 3454
0.3635698201875055 0.0635667979789985 3455
0.3635698201875056 0.07336052216557952 3456
0.3635698201875055 0.08462330477756783 3457
0.3635698201875056 0.09757550479203397 3458
0.3635698201875056 0.1124705347679271 3459
0.3635698201875055 0.1295998194542934 3460
0.3635698201875055 0.1492984967353079 3461
0.3635698201875055 0.171951975476639 3462
0.3635698201875055 0.1980034763038129 3463
0.3635698201875055 0.2279627025385567 3464
0.3635698201875055 0.2624158125751761 3465
0.3635698201875055 0.3020368887583519 3466
0.3635698201875055 0.347601126387366 3467
0.3728305304259774 0.0002587046922715601 3468
0.3728305304259774 0.0005562147793279842 3469
0.3728305304259773 0.0008983513525472445 3470
0.3728305304259775 0.001291808491018707 3471
0.3728305304259774 0.00174428421760788 3472
0.3728305304259775 0.002264631134963996 3473
0.3728305304259774 0.002863030288404054 3474
0.3728305304259775 0.00355118964707433 3475
0.3728305304259775 0.004342572902775151 3476
0.3728305304259775 0.005252663603698592 3477
0.3728305304259775 0.006299267847682847 3478
0.3728305304259775 0.007502862606973817 3479
0.3728305304259775 0.008886996481218785 3480
0.3728305304259775 0.01047875049955483 3481
0.3728305304259775 0.01230926753813588 3482
0.3728305304259776 0.01441436214990062 3483
0.3728305304259775 0.0168352209630406 3484
0.3728305304259774 0.01961920872805064 3485
0.3728305304259775 0.02282079493911436 3486
0.3728305304259776 0.02650261881626115 3487
0.3728305304259775 0.03073671591351132 3488
0.3728305304259775 0.03560592747189661 3489
0.3728305304259775 0.04120552080724493 3490
0.3728305304259775 0.04764505321545624 3491
0.3728305304259775 0.05505051580121204 3492
0.3728305304259774 0.06356679797899849 3493
0.3728305304259775 0.07336052216557951 3494
0.3728305304259774 0.08462330477756784 3495
0.3728305304259775 0.09757550479203396 3496
0.3728305304259775 0.1124705347679271 3497
0.3728305304259774 0.1295998194542934 3498
0.3728305304259775 0.1492984967353079 3499
0.3728305304259774 0.171951975476639 3500
0.3728305304259775 0.1980034763038129 3501
0.3728305304259775 0.2279627025385566 3502
0.3728305304259775 0.262415812575176 3503
0.3728305304259775 0.3020368887583519 3504
0.3728305304259775 0.3476011263873659 3505
0.3825542759015304 0.0002587046922715602 3506
0.3825542759015304 0.0005562147793279842 3507
0.3825542759015303 0.0008983513525472445 3508
0.3825542759015305 0.001291808491018707 3509
0.3825542759015304 0.00174428421760788 3510
0.3825542759015304 0.002264631134963996 3511
0.3825542759015305 0.002863030288404055 3512
0.3825542759015306 0.00355118964707433 3513
0.3825542759015305 0.004342572902775151 3514
0.3825542759015305 0.005252663603698591 3515
0.3825542759015306 0.006299267847682847 3516
0.3825542759015305 0.007502862606973817 3517
0.3825542759015305 0.008886996481218785 3518
0.3825542759015303 0.01047875049955483 3519
0.3825542759015305 0.01230926753813588 3520
0.3825542759015305 0.01441436214990062 3521
0.3825542759015305 0.0168352209630406 3522
0.3825542759015305 0.01961920872805064 3523
0.3825542759015306 0.02282079493911436 3524
0.3825542759015305 0.02650261881626115 3525
0.3825542759015305 0.03073671591351133 3526
0.3825542759015305 0.03560592747189661 3527
0.3825542759015305 0.04120552080724493 3528
0.3825542759015305 0.04764505321545624 3529
0.3825542759015305 0.05505051580121204 3530
0.3825542759015303 0.0635667979789985 3531
0.3825542759015304 0.07336052216557951 3532
0.3825542759015306 0.08462330477756787 3533
0.3825542759015306 0.09757550479203395 3534
0.3825542759015305 0.1124705347679271 3535
0.3825542759015305 0.1295998194542934 3536
0.3825542759015305 0.149298496735308 3537
0.3825542759015305 0.171951975476639 3538
0.3825542759015305 0.1980034763038129 3539
0.3825542759015305 0.2279627025385566 3540
0.3825542759015305 0.262415812575176 3541
0.3825542759015305 0.302036888758352 3542
0.3825542759015305 0.3476011263873659 3543
0.392764208467675 0.0002587046922715601 3544
0.392764208467675 0.0005562147793279842 3545
0.3927642084676748 0.0008983513525472446 3546
0.3927642084676747 0.001291808491018708 3547
0.3927642084676748 0.00174428421760788 3548
0.3927642084676748 0.002264631134963996 3549
0.3927642084676749 0.002863030288404055 3550
0.3927642084676747 0.003551189647074329 3551
0.3927642084676748 0.004342572902775151 3552
0.3927642084676748 0.005252663603698592 3553
0.3927642084676748 0.006299267847682847 3554
0.3927642084676748 0.007502862606973817 3555
0.392764208467675 0.008886996481218785 3556
0.3927642084676748 0.01047875049955483 3557
0.3927642084676748 0.01230926753813588 3558
0.3927642084676749 0.01441436214990062 3559
0.3927642084676748 0.0168352209630406 3560
0.3927642084676749 0.01961920872805065 3561
0.3927642084676748 0.02282079493911436 3562
0.392764208467675 0.02650261881626115 3563
0.3927642084676748 0.03073671591351133 3564
0.3927642084676748 0.03560592747189661 3565
0.3927642084676749 0.04120552080724493 3566
0.3927642084676749 0.04764505321545624 3567
0.392764208467675 0.05505051580121204 3568
0.392764208467675 0.06356679797899849 3569
0.3927642084676748 0.07336052216557951 3570
0.3927642084676749 0.08462330477756783 3571
0.3927642084676749 0.09757550479203397 3572
0.3927642084676749 0.1124705347679271 3573
0.3927642084676748 0.1295998194542934 3574
0.3927642084676749 0.1492984967353079 3575
0.3927642084676748 0.171951975476639 3576
0.3927642084676747 0.1980034763038129 3577
0.3927642084676747 0.2279627025385566 3578
0.392764208467675 0.2624158125751761 3579
0.3927642084676748 0.3020368887583519 3580
0.3927642084676749 0.347601126387366 3581
0.4034846376517703 0.0002587046922715602 3582
0.4034846376517702 0.0005562147793279843 3583
0.4034846376517703 0.0008983513525472446 3584
0.4034846376517702 0.001291808491018707 3585
0.4034846376517702 0.00174428421760788 3586
0.4034846376517703 0.002264631134963996 3587
0.4034846376517703 0.002863030288404055 3588
0.4034846376517703 0.00355118964707433 3589
0.4034846376517703 0.004342572902775151 3590
0.4034846376517702 0.005252663603698592 3591
0.4034846376517702 0.006299267847682847 3592
0.4034846376517703 0.007502862606973817 3593
0.4034846376517703 0.008886996481218785 3594
0.4034846376517701 0.01047875049955483 3595
0.4034846376517703 0.01230926753813588 3596
0.4034846376517703 0.01441436214990062 3597
0.4034846376517702 0.0168352209630406 3598
0.4034846376517702 0.01961920872805065 3599
0.4034846376517702 0.02282079493911436 3600
0.4034846376517702 0.02650261881626115 3601
0.4034846376517703 0.03073671591351133 3602
0.4034846376517702 0.03560592747189661 3603
0.4034846376517702 0.04120552080724493 3604
0.4034846376517702 0.04764505321545624 3605
0.4034846376517702 0.05505051580121204 3606
0.4034846376517702 0.0635667979789985 3607
0.4034846376517702 0.07336052216557951 3608
0.4034846376517702 0.08462330477756784 3609
0.4034846376517702 0.09757550479203397 3610
0.4034846376517702 0.1124705347679271 3611
0.4034846376517703 0.1295998194542934 3612
0.4034846376517703 0.1492984967353079 3613
0.4034846376517702 0.171951975476639 3614
0.4034846376517702 0.1980034763038129 3615
0.4034846376517702 0.2279627025385567 3616
0.4034846376517702 0.2624158125751761 3617
0.4034846376517702 0.302036888758352 3618
0.4034846376517702 0.347601126387366 3619
0.414741088376043 0.0002587046922715602 3620
0.4147410883760431 0.0005562147793279841 3621
0.4147410883760431 0.0008983513525472447 3622
0.414741088376043 0.001291808491018707 3623
0.414741088376043 0.00174428421760788 3624
0.414741088376043 0.002264631134963996 3625
0.414741088376043 0.002863030288404055 3626
0.414741088376043 0.00355118964707433 3627
0.414741088376043 0.004342572902775152 3628
0.414741088376043 0.005252663603698593 3629
0.4147410883760429 0.006299267847682847 3630
0.4147410883760431 0.007502862606973818 3631
0.414741088376043 0.008886996481218785 3632
0.4147410883760429 0.01047875049955483 3633
0.4147410883760431 0.01230926753813588 3634
0.414741088376043 0.01441436214990062 3635
0.414741088376043 0.0168352209630406 3636
0.414741088376043 0.01961920872805065 3637
0.4147410883760431 0.02282079493911436 3638
0.4147410883760431 0.02650261881626115 3639
0.414741088376043 0.03073671591351133 3640
0.414741088376043 0.03560592747189661 3641
0.414741088376043 0.04120552080724493 3642
0.414741088376043 0.04764505321545624 3643
0.4147410883760429 0.05505051580121204 3644
0.414741088376043 0.06356679797899849 3645
0.414741088376043 0.07336052216557951 3646
0.414741088376043 0.08462330477756785 3647
0.414741088376043 0.09757550479203397 3648
0.4147410883760429 0.1124705347679272 3649
0.414741088376043 0.1295998194542934 3650
0.414741088376043 0.1492984967353079 3651
0.414741088376043 0.171951975476639 3652
0.414741088376043 0.1980034763038129 3653
0.414741088376043 0.2279627025385567 3654
0.414741088376043 0.2624158125751761 3655
0.414741088376043 0.302036888758352 3656
0.414741088376043 0.347601126387366 3657
0.426560361936955 0.0002587046922715601 3658
0.426560361936955 0.0005562147793279842 3659
0.426560361936955 0.0008983513525472446 3660
0.426560361936955 0.001291808491018708 3661
0.426560361936955 0.00174428421760788 3662
0.426560361936955 0.002264631134963996 3663
0.426560361936955 0.002863030288404055 3664
0.4265603619369551 0.00355118964707433 3665
0.426560361936955 0.004342572902775151 3666
0.426560361936955 0.005252663603698591 3667
0.426560361936955 0.006299267847682846 3668
0.426560361936955 0.007502862606973817 3669
0.4265603619369551 0.008886996481218785 3670
0.426560361936955 0.01047875049955483 3671
0.4265603619369548 0.01230926753813589 3672
0.426560361936955 0.01441436214990062 3673
0.426560361936955 0.0168352209630406 3674
0.426560361936955 0.01961920872805064 3675
0.4265603619369551 0.02282079493911436 3676
0.426560361936955 0.02650261881626115 3677
0.426560361936955 0.03073671591351132 3678
0.426560361936955 0.03560592747189661 3679
0.426560361936955 0.04120552080724493 3680
0.426560361936955 0.04764505321545624 3681
0.426560361936955 0.05505051580121204 3682
0.4265603619369551 0.06356679797899849 3683
0.426560361936955 0.07336052216557951 3684
0.426560361936955 0.08462330477756784 3685
0.4265603619369551 0.09757550479203396 3686
0.426560361936955 0.1124705347679271 3687
0.4265603619369551 0.1295998194542934 3688
0.426560361936955 0.1492984967353079 3689
0.426560361936955 0.171951975476639 3690
0.426560361936955 0.1980034763038129 3691
0.426560361936955 0.2279627025385566 3692
0.426560361936955 0.262415812575176 3693
0.426560361936955 0.3020368887583519 3694
0.426560361936955 0.347601126387366 3695
0.4389705991565822 0.0002587046922715601 3696
0.438970599156582 0.0005562147793279842 3697
0.4389705991565823 0.0008983513525472446 3698
0.438970599156582 0.001291808491018707 3699
0.4389705991565821 0.00174428421760788 3700
0.4389705991565821 0.002264631134963996 3701
0.4389705991565822 0.002863030288404054 3702
0.4389705991565821 0.00355118964707433 3703
0.4389705991565821 0.004342572902775151 3704
0.4389705991565822 0.005252663603698592 3705
0.438970599156582 0.006299267847682847 3706
0.4389705991565821 0.007502862606973817 3707
0.4389705991565822 0.008886996481218785 3708
0.4389705991565822 0.01047875049955483 3709
0.4389705991565823 0.01230926753813588 3710
0.438970599156582 0.01441436214990062 3711
0.4389705991565821 0.0168352209630406 3712
0.4389705991565821 0.01961920872805064 3713
0.4389705991565821 0.02282079493911436 3714
0.4389705991565821 0.02650261881626115 3715
0.4389705991565822 0.03073671591351133 3716
0.4389705991565821 0.03560592747189662 3717
0.438970599156582 0.04120552080724493 3718
0.4389705991565823 0.04764505321545624 3719
0.4389705991565821 0.05505051580121203 3720
0.4389705991565822 0.06356679797899849 3721
0.4389705991565822 0.07336052216557951 3722
0.438970599156582 0.08462330477756785 3723
0.4389705991565821 0.09757550479203396 3724
0.4389705991565821 0.1124705347679271 3725
0.438970599156582 0.1295998194542934 3726
0.4389705991565821 0.1492984967353079 3727
0.4389705991565821 0.1719519754766391 3728
0.4389705991565822 0.1980034763038129 3729
0.4389705991565821 0.2279627025385566 3730
0.4389705991565821 0.262415812575176 3731
0.4389705991565821 0.3020368887583519 3732
0.4389705991565821 0.3476011263873659 3733
0.4520013481242158 0.0002587046922715602 3734
0.4520013481242158 0.0005562147793279843 3735
0.4520013481242157 0.0008983513525472445 3736
0.4520013481242158 0.001291808491018708 3737
0.4520013481242158 0.00174428421760788 3738
0.4520013481242158 0.002264631134963996 3739
0.4520013481242158 0.002863030288404054 3740
0.4520013481242157 0.00355118964707433 3741
0.4520013481242157 0.004342572902775151 3742
0.4520013481242159 0.005252663603698591 3743
0.4520013481242159 0.006299267847682847 3744
0.4520013481242158 0.007502862606973817 3745
0.4520013481242159 0.008886996481218785 3746
0.4520013481242158 0.01047875049955483 3747
0.4520013481242157 0.01230926753813588 3748
0.4520013481242159 0.01441436214990062 3749
0.4520013481242159 0.0168352209630406 3750
0.4520013481242159 0.01961920872805064 3751
0.4520013481242159 0.02282079493911436 3752
0.4520013481242158 0.02650261881626115 3753
0.4520013481242158 0.03073671591351133 3754
0.4520013481242158 0.03560592747189661 3755
0.4520013481242158 0.04120552080724493 3756
0.4520013481242159 0.04764505321545624 3757
0.4520013481242158 0.05505051580121204 3758
0.4520013481242159 0.0635667979789985 3759
0.4520013481242159 0.07336052216557951 3760
0.4520013481242158 0.08462330477756783 3761
0.4520013481242159 0.09757550479203397 3762
0.4520013481242159 0.1124705347679271 3763
0.4520013481242158 0.1295998194542934 3764
0.4520013481242158 0.1492984967353079 3765
0.4520013481242159 0.171951975476639 3766
0.4520013481242157 0.1980034763038129 3767
0.4520013481242159 0.2279627025385567 3768
0.4520013481242158 0.2624158125751761 3769
0.4520013481242157 0.302036888758352 3770
0.4520013481242159 0.347601126387366 3771
0.4656836343872196 0.0002587046922715601 3772
0.4656836343872195 0.0005562147793279842 3773
0.4656836343872196 0.0008983513525472446 3774
0.4656836343872197 0.001291808491018708 3775
0.4656836343872197 0.00174428421760788 3776
0.4656836343872197 0.002264631134963996 3777
0.4656836343872197 0.002863030288404055 3778
0.4656836343872196 0.00355118964707433 3779
0.4656836343872195 0.004342572902775151 3780
0.4656836343872197 0.005252663603698592 3781
0.4656836343872195 0.006299267847682847 3782
0.4656836343872195 0.007502862606973817 3783
0.4656836343872195 0.008886996481218785 3784
0.4656836343872196 0.01047875049955483 3785
0.4656836343872197 0.01230926753813588 3786
0.4656836343872195 0.01441436214990062 3787
0.4656836343872197 0.0168352209630406 3788
0.4656836343872197 0.01961920872805064 3789
0.4656836343872197 0.02282079493911436 3790
0.4656836343872197 0.02650261881626115 3791
0.4656836343872197 0.03073671591351133 3792
0.4656836343872197 0.03560592747189661 3793
0.4656836343872196 0.04120552080724493 3794
0.4656836343872198 0.04764505321545625 3795
0.4656836343872197 0.05505051580121204 3796
0.4656836343872196 0.0635667979789985 3797
0.4656836343872196 0.07336052216557951 3798
0.4656836343872197 0.08462330477756784 3799
0.4656836343872196 0.09757550479203397 3800
0.4656836343872197 0.1124705347679271 3801
0.4656836343872196 0.1295998194542934 3802
0.4656836343872195 0.1492984967353079 3803
0.4656836343872197 0.171951975476639 3804
0.4656836343872196 0.1980034763038129 3805
0.4656836343872196 0.2279627025385567 3806
0.4656836343872197 0.2624158125751761 3807
0.4656836343872195 0.302036888758352 3808
0.4656836343872195 0.3476011263873659 3809
0.4800500350744088 0.0002587046922715601 3810
0.4800500350744086 0.0005562147793279843 3811
0.4800500350744087 0.0008983513525472446 3812
0.4800500350744087 0.001291808491018707 3813
0.4800500350744087 0.00174428421760788 3814
0.4800500350744087 0.002264631134963996 3815
0.4800500350744089 0.002863030288404055 3816
0.4800500350744087 0.003551189647074331 3817
0.4800500350744087 0.004342572902775151 3818
0.4800500350744086 0.005252663603698592 3819
0.4800500350744086 0.006299267847682847 3820
0.4800500350744088 0.007502862606973817 3821
0.4800500350744086 0.008886996481218785 3822
0.4800500350744086 0.01047875049955483 3823
0.4800500350744086 0.01230926753813588 3824
0.4800500350744086 0.01441436214990062 3825
0.4800500350744087 0.0168352209630406 3826
0.4800500350744087 0.01961920872805065 3827
0.4800500350744087 0.02282079493911436 3828
0.4800500350744086 0.02650261881626115 3829
0.4800500350744086 0.03073671591351133 3830
0.4800500350744087 0.03560592747189661 3831
0.4800500350744086 0.04120552080724493 3832
0.4800500350744087 0.04764505321545624 3833
0.4800500350744087 0.05505051580121204 3834
0.4800500350744087 0.06356679797899849 3835
0.4800500350744088 0.07336052216557951 3836
0.4800500350744086 0.08462330477756785 3837
0.4800500350744086 0.09757550479203396 3838
0.4800500350744087 0.1124705347679271 3839
0.4800500350744087 0.1295998194542934 3840
0.4800500350744087 0.1492984967353079 3841
0.4800500350744086 0.171951975476639 3842
0.4800500350744087 0.1980034763038129 3843
0.4800500350744086 0.2279627025385567 3844
0.4800500350744087 0.2624158125751761 3845
0.4800500350744086 0.302036888758352 3846
0.4800500350744086 0.3476011263873659 3847
0.4951347559739678 0.0002587046922715602 3848
0.4951347559739678 0.0005562147793279843 3849
0.4951347559739679 0.0008983513525472446 3850
0.4951347559739679 0.001291808491018707 3851
0.4951347559739678 0.00174428421760788 3852
0.4951347559739678 0.002264631134963996 3853
0.4951347559739678 0.002863030288404055 3854
0.4951347559739678 0.00355118964707433 3855
0.4951347559739678 0.004342572902775151 3856
0.4951347559739679 0.005252663603698592 3857
0.4951347559739678 0.006299267847682847 3858
0.4951347559739679 0.007502862606973816 3859
0.4951347559739677 0.008886996481218785 3860
0.4951347559739679 0.01047875049955483 3861
0.4951347559739678 0.01230926753813588 3862
0.4951347559739678 0.01441436214990061 3863
0.4951347559739679 0.0168352209630406 3864
0.4951347559739679 0.01961920872805064 3865
0.4951347559739678 0.02282079493911436 3866
0.4951347559739678 0.02650261881626115 3867
0.4951347559739679 0.03073671591351133 3868
0.4951347559739679 0.03560592747189661 3869
0.495134755973968 0.04120552080724493 3870
0.4951347559739678 0.04764505321545624 3871
0.4951347559739678 0.05505051580121204 3872
0.4951347559739679 0.06356679797899849 3873
0.4951347559739679 0.07336052216557951 3874
0.4951347559739678 0.08462330477756784 3875
0.4951347559739679 0.09757550479203396 3876
0.4951347559739678 0.1124705347679271 3877
0.4951347559739678 0.1295998194542934 3878
0.4951347559739678 0.1492984967353079 3879
0.4951347559739678 0.171951975476639 3880
0.4951347559739678 0.1980034763038129 3881
0.4951347559739677 0.2279627025385567 3882
0.4951347559739678 0.2624158125751761 3883
0.4951347559739678 0.3020368887583519 3884
0.4951347559739678 0.347601126387366 3885
0.5109737128711936 0.0002587046922715602 3886
0.5109737128711938 0.0005562147793279842 3887
0.5109737128711936 0.0008983513525472446 3888
0.5109737128711939 0.001291808491018707 3889
0.5109737128711939 0.00174428421760788 3890
0.510973712871194 0.002264631134963996 3891
0.5109737128711935 0.002863030288404055 3892
0.5109737128711936 0.00355118964707433 3893
0.510973712871194 0.004342572902775151 3894
0.5109737128711938 0.005252663603698591 3895
0.5109737128711939 0.006299267847682846 3896
0.5109737128711939 0.007502862606973816 3897
0.510973712871194 0.008886996481218785 3898
0.5109737128711939 0.01047875049955483 3899
0.5109737128711939 0.01230926753813588 3900
0.5109737128711939 0.01441436214990062 3901
0.5109737128711939 0.0168352209630406 3902
0.5109737128711939 0.01961920872805064 3903
0.5109737128711939 0.02282079493911436 3904
0.5109737128711938 0.02650261881626115 3905
0.5109737128711939 0.03073671591351132 3906
0.5109737128711939 0.03560592747189661 3907
0.5109737128711939 0.04120552080724493 3908
0.5109737128711939 0.04764505321545624 3909
0.5109737128711939 0.05505051580121204 3910
0.5109737128711939 0.06356679797899852 3911
0.5109737128711939 0.07336052216557951 3912
0.5109737128711939 0.08462330477756787 3913
0.5109737128711939 0.09757550479203397 3914
0.5109737128711939 0.1124705347679271 3915
0.5109737128711939 0.1295998194542934 3916
0.5109737128711939 0.1492984967353079 3917
0.510973712871194 0.171951975476639 3918
0.510973712871194 0.1980034763038129 3919
0.5109737128711939 0.2279627025385566 3920
0.5109737128711939 0.262415812575176 3921
0.5109737128711939 0.3020368887583521 3922
0.5109737128711939 0.347601126387366 3923
0.5276046178171069 0.0002587046922715601 3924
0.527604617817107 0.0005562147793279842 3925
0.527604617817107 0.0008983513525472446 3926
0.5276046178171068 0.001291808491018708 3927
0.5276046178171068 0.00174428421760788 3928
0.5276046178171068 0.002264631134963996 3929
0.5276046178171069 0.002863030288404055 3930
0.5276046178171068 0.00355118964707433 3931
0.5276046178171068 0.004342572902775151 3932
0.5276046178171068 0.005252663603698592 3933
0.5276046178171069 0.006299267847682847 3934
0.5276046178171065 0.007502862606973817 3935
0.5276046178171065 0.008886996481218785 3936
0.5276046178171069 0.01047875049955483 3937
0.5276046178171069 0.01230926753813589 3938
0.5276046178171068 0.01441436214990062 3939
0.5276046178171071 0.0168352209630406 3940
0.5276046178171068 0.01961920872805065 3941
0.5276046178171069 0.02282079493911436 3942
0.527604617817107 0.02650261881626115 3943
0.5276046178171069 0.03073671591351133 3944
0.5276046178171068 0.0356059274718966 3945
0.5276046178171067 0.04120552080724493 3946
0.5276046178171068 0.04764505321545624 3947
0.5276046178171068 0.05505051580121205 3948
0.5276046178171068 0.0635667979789985 3949
0.5276046178171068 0.07336052216557951 3950
0.5276046178171068 0.08462330477756785 3951
0.5276046178171068 0.09757550479203397 3952
0.5276046178171069 0.1124705347679271 3953
0.5276046178171068 0.1295998194542934 3954
0.5276046178171068 0.1492984967353079 3955
0.5276046178171068 0.171951975476639 3956
0.5276046178171068 0.1980034763038129 3957
0.5276046178171068 0.2279627025385567 3958
0.5276046178171068 0.2624158125751761 3959
0.5276046178171068 0.3020368887583519 3960
0.5276046178171068 0.347601126387366 3961
0.54506706779243 0.0002587046922715602 3962
0.5450670677924301 0.0005562147793279844 3963
0.5450670677924297 0.0008983513525472446 3964
0.5450670677924299 0.001291808491018707 3965
0.54506706779243 0.00174428421760788 3966
0.5450670677924301 0.002264631134963996 3967
0.5450670677924301 0.002863030288404055 3968
0.54506706779243 0.00355118964707433 3969
0.54506706779243 0.004342572902775151 3970
0.54506706779243 0.005252663603698591 3971
0.54506706779243 0.006299267847682847 3972
0.54506706779243 0.007502862606973816 3973
0.54506706779243 0.008886996481218785 3974
0.5450670677924297 0.01047875049955483 3975
0.5450670677924299 0.01230926753813589 3976
0.54506706779243 0.01441436214990062 3977
0.54506706779243 0.0168352209630406 3978
0.54506706779243 0.01961920872805064 3979
0.5450670677924297 0.02282079493911436 3980
0.54506706779243 0.02650261881626115 3981
0.5450670677924299 0.03073671591351132 3982
0.54506706779243 0.03560592747189662 3983
0.54506706779243 0.04120552080724493 3984
0.5450670677924302 0.04764505321545624 3985
0.54506706779243 0.05505051580121204 3986
0.5450670677924301 0.06356679797899849 3987
0.54506706779243 0.07336052216557951 3988
0.54506706779243 0.08462330477756783 3989
0.54506706779243 0.09757550479203397 3990
0.54506706779243 0.1124705347679271 3991
0.5450670677924301 0.1295998194542934 3992
0.54506706779243 0.1492984967353079 3993
0.54506706779243 0.171951975476639 3994
0.54506706779243 0.1980034763038129 3995
0.54506706779243 0.2279627025385567 3996
0.54506706779243 0.2624158125751761 3997
0.54506706779243 0.3020368887583519 3998
0.54506706779243 0.3476011263873659 3999
0.5634026400613347 0.0002587046922715602 4000
0.5634026400613344 0.0005562147793279841 4001
0.5634026400613346 0.0008983513525472446 4002
0.5634026400613347 0.001291808491018708 4003
0.5634026400613343 0.00174428421760788 4004
0.5634026400613348 0.002264631134963996 4005
0.5634026400613346 0.002863030288404055 4006
0.5634026400613348 0.00355118964707433 4007
0.5634026400613346 0.004342572902775151 4008
0.5634026400613346 0.005252663603698592 4009
0.5634026400613346 0.006299267847682847 4010
0.5634026400613347 0.007502862606973817 4011
0.5634026400613344 0.008886996481218785 4012
0.5634026400613346 0.01047875049955483 4013
0.5634026400613346 0.01230926753813588 4014
0.5634026400613346 0.01441436214990062 4015
0.5634026400613347 0.0168352209630406 4016
0.5634026400613344 0.01961920872805065 4017
0.5634026400613344 0.02282079493911436 4018
0.5634026400613346 0.02650261881626115 4019
0.5634026400613342 0.03073671591351133 4020
0.5634026400613346 0.03560592747189661 4021
0.5634026400613347 0.04120552080724493 4022
0.5634026400613346 0.04764505321545625 4023
0.5634026400613347 0.05505051580121205 4024
0.5634026400613347 0.0635667979789985 4025
0.5634026400613346 0.07336052216557951 4026
0.5634026400613346 0.08462330477756784 4027
0.5634026400613346 0.09757550479203397 4028
0.5634026400613347 0.1124705347679271 4029
0.5634026400613347 0.1295998194542934 4030
0.5634026400613346 0.1492984967353079 4031
0.5634026400613346 0.171951975476639 4032
0.5634026400613347 0.198003476303813 4033
0.5634026400613346 0.2279627025385567 4034
0.5634026400613346 0.2624158125751761 4035
0.5634026400613346 0.302036888758352 4036
0.5634026400613346 0.347601126387366 4037
0.58265499129537 0.0002587046922715602 4038
0.58265499129537 0.0005562147793279843 4039
0.5826549912953699 0.0008983513525472446 4040
0.58265499129537 0.001291808491018707 4041
0.5826549912953704 0.00174428421760788 4042
0.58265499129537 0.002264631134963996 4043
0.58265499129537 0.002863030288404055 4044
0.5826549912953699 0.00355118964707433 4045
0.58265499129537 0.004342572902775151 4046
0.58265499129537 0.005252663603698592 4047
0.5826549912953704 0.006299267847682847 4048
0.58265499129537 0.007502862606973817 4049
0.5826549912953701 0.008886996481218785 4050
0.5826549912953701 0.01047875049955483 4051
0.5826549912953701 0.01230926753813588 4052
0.58265499129537 0.01441436214990062 4053
0.5826549912953702 0.0168352209630406 4054
0.5826549912953702 0.01961920872805065 4055
0.58265499129537 0.02282079493911436 4056
0.58265499129537 0.02650261881626116 4057
0.58265499129537 0.03073671591351133 4058
0.58265499129537 0.03560592747189661 4059
0.5826549912953699 0.04120552080724493 4060
0.58265499129537 0.04764505321545624 4061
0.58265499129537 0.05505051580121204 4062
0.58265499129537 0.06356679797899849 4063
0.58265499129537 0.07336052216557952 4064
0.5826549912953701 0.08462330477756783 4065
0.5826549912953701 0.09757550479203397 4066
0.58265499129537 0.1124705347679272 4067
0.58265499129537 0.1295998194542934 4068
0.58265499129537 0.1492984967353079 4069
0.58265499129537 0.171951975476639 4070
0.5826549912953701 0.1980034763038129 4071
0.58265499129537 0.2279627025385567 4072
0.58265499129537 0.2624158125751761 4073
0.58265499129537 0.302036888758352 4074
0.58265499129537 0.347601126387366 4075
0.6028699601016612 0.0002587046922715601 4076
0.6028699601016612 0.0005562147793279843 4077
0.6028699601016612 0.0008983513525472446 4078
0.6028699601016612 0.001291808491018707 4079
0.6028699601016612 0.00174428421760788 4080
0.6028699601016613 0.002264631134963996 4081
0.6028699601016613 0.002863030288404055 4082
0.6028699601016612 0.00355118964707433 4083
0.6028699601016615 0.004342572902775151 4084
0.6028699601016612 0.005252663603698592 4085
0.6028699601016612 0.006299267847682847 4086
0.6028699601016613 0.007502862606973817 4087
0.6028699601016612 0.008886996481218785 4088
0.6028699601016609 0.01047875049955483 4089
0.6028699601016615 0.01230926753813588 4090
0.6028699601016613 0.01441436214990062 4091
0.6028699601016611 0.0168352209630406 4092
0.6028699601016612 0.01961920872805065 4093
0.6028699601016609 0.02282079493911436 4094
0.6028699601016612 0.02650261881626116 4095
0.6028699601016612 0.03073671591351133 4096
0.6028699601016612 0.03560592747189661 4097
0.6028699601016612 0.04120552080724493 4098
0.6028699601016612 0.04764505321545624 4099
0.6028699601016612 0.05505051580121204 4100
0.6028699601016612 0.0635667979789985 4101
0.6028699601016614 0.07336052216557951 4102
0.6028699601016612 0.08462330477756785 4103
0.6028699601016612 0.09757550479203397 4104
0.6028699601016611 0.1124705347679271 4105
0.6028699601016612 0.1295998194542934 4106
0.6028699601016612 0.1492984967353079 4107
0.6028699601016612 0.171951975476639 4108
0.6028699601016613 0.1980034763038129 4109
0.6028699601016612 0.2279627025385567 4110
0.6028699601016613 0.2624158125751761 4111
0.6028699601016612 0.3020368887583519 4112
0.6028699601016612 0.347601126387366 4113
0.6240956771076646 0.0002587046922715602 4114
0.6240956771076644 0.0005562147793279844 4115
0.6240956771076648 0.0008983513525472446 4116
0.6240956771076647 0.001291808491018707 4117
0.6240956771076648 0.00174428421760788 4118
0.6240956771076646 0.002264631134963996 4119
0.6240956771076644 0.002863030288404054 4120
0.6240956771076644 0.00355118964707433 4121
0.6240956771076646 0.004342572902775151 4122
0.6240956771076646 0.005252663603698592 4123
0.6240956771076646 0.006299267847682847 4124
0.6240956771076646 0.007502862606973817 4125
0.6240956771076644 0.008886996481218785 4126
0.6240956771076643 0.01047875049955483 4127
0.6240956771076643 0.01230926753813589 4128
0.6240956771076644 0.01441436214990062 4129
0.6240956771076646 0.0168352209630406 4130
0.6240956771076646 0.01961920872805065 4131
0.6240956771076646 0.02282079493911435 4132
0.6240956771076648 0.02650261881626115 4133
0.6240956771076646 0.03073671591351133 4134
0.6240956771076646 0.03560592747189661 4135
0.6240956771076647 0.04120552080724493 4136
0.6240956771076649 0.04764505321545624 4137
0.6240956771076646 0.05505051580121203 4138
0.6240956771076643 0.06356679797899849 4139
0.6240956771076646 0.07336052216557951 4140
0.6240956771076647 0.08462330477756784 4141
0.6240956771076643 0.09757550479203397 4142
0.6240956771076646 0.1124705347679271 4143
0.6240956771076646 0.1295998194542935 4144
0.6240956771076646 0.1492984967353079 4145
0.6240956771076649 0.171951975476639 4146
0.6240956771076647 0.1980034763038129 4147
0.6240956771076647 0.2279627025385566 4148
0.6240956771076647 0.2624158125751761 4149
0.6240956771076646 0.3020368887583519 4150
0.6240956771076647 0.347601126387366 4151
0.6463826800420669 0.0002587046922715601 4152
0.646382680042067 0.0005562147793279841 4153
0.646382680042067 0.0008983513525472446 4154
0.6463826800420669 0.001291808491018707 4155
0.6463826800420668 0.00174428421760788 4156
0.6463826800420667 0.002264631134963996 4157
0.6463826800420672 0.002863030288404055 4158
0.6463826800420668 0.003551189647074329 4159
0.6463826800420672 0.004342572902775151 4160
0.6463826800420671 0.005252663603698592 4161
0.646382680042067 0.006299267847682847 4162
0.6463826800420669 0.007502862606973817 4163
0.6463826800420669 0.008886996481218785 4164
0.646382680042067 0.01047875049955483 4165
0.6463826800420667 0.01230926753813588 4166
0.646382680042067 0.01441436214990061 4167
0.6463826800420667 0.0168352209630406 4168
0.6463826800420669 0.01961920872805065 4169
0.6463826800420667 0.02282079493911436 4170
0.6463826800420668 0.02650261881626115 4171
0.6463826800420669 0.03073671591351133 4172
0.6463826800420669 0.0356059274718966 4173
0.646382680042067 0.04120552080724493 4174
0.6463826800420669 0.04764505321545624 4175
0.6463826800420669 0.05505051580121204 4176
0.646382680042067 0.06356679797899849 4177
0.6463826800420668 0.07336052216557951 4178
0.6463826800420669 0.08462330477756785 4179
0.6463826800420672 0.09757550479203397 4180
0.6463826800420669 0.1124705347679271 4181
0.6463826800420669 0.1295998194542934 4182
0.6463826800420669 0.1492984967353079 4183
0.6463826800420669 0.171951975476639 4184
0.6463826800420671 0.1980034763038129 4185
0.646382680042067 0.2279627025385567 4186
0.6463826800420669 0.2624158125751761 4187
0.6463826800420669 0.3020368887583519 4188
0.6463826800420669 0.347601126387366 4189
0.6697840333814649 0.0002587046922715602 4190
0.6697840333814649 0.0005562147793279841 4191
0.669784033381465 0.0008983513525472446 4192
0.6697840333814647 0.001291808491018708 4193
0.669784033381465 0.00174428421760788 4194
0.6697840333814645 0.002264631134963996 4195
0.6697840333814649 0.002863030288404055 4196
0.6697840333814646 0.00355118964707433 4197
0.6697840333814649 0.004342572902775151 4198
0.669784033381465 0.005252663603698592 4199
0.6697840333814651 0.006299267847682847 4200
0.669784033381465 0.007502862606973817 4201
0.6697840333814649 0.008886996481218785 4202
0.6697840333814646 0.01047875049955483 4203
0.669784033381465 0.01230926753813588 4204
0.6697840333814649 0.01441436214990062 4205
0.669784033381465 0.0168352209630406 4206
0.6697840333814649 0.01961920872805065 4207
0.6697840333814649 0.02282079493911436 4208
0.6697840333814649 0.02650261881626116 4209
0.6697840333814646 0.03073671591351133 4210
0.6697840333814647 0.03560592747189661 4211
0.669784033381465 0.04120552080724493 4212
0.669784033381465 0.04764505321545624 4213
0.6697840333814649 0.05505051580121204 4214
0.6697840333814649 0.0635667979789985 4215
0.6697840333814652 0.07336052216557951 4216
0.6697840333814652 0.08462330477756783 4217
0.6697840333814649 0.09757550479203397 4218
0.6697840333814647 0.1124705347679271 4219
0.6697840333814649 0.1295998194542934 4220
0.6697840333814649 0.1492984967353079 4221
0.6697840333814649 0.171951975476639 4222
0.669784033381465 0.1980034763038129 4223
0.6697840333814649 0.2279627025385567 4224
0.6697840333814649 0.2624158125751761 4225
0.6697840333814649 0.302036888758352 4226
0.6697840333814649 0.347601126387366 4227
0.6943554541847144 0.0002587046922715601 4228
0.6943554541847146 0.0005562147793279844 4229
0.6943554541847147 0.0008983513525472445 4230
0.6943554541847149 0.001291808491018708 4231
0.6943554541847147 0.00174428421760788 4232
0.6943554541847146 0.002264631134963996 4233
0.6943554541847148 0.002863030288404054 4234
0.6943554541847148 0.00355118964707433 4235
0.6943554541847144 0.004342572902775151 4236
0.6943554541847146 0.005252663603698592 4237
0.6943554541847147 0.006299267847682847 4238
0.6943554541847144 0.007502862606973817 4239
0.6943554541847146 0.008886996481218785 4240
0.6943554541847148 0.01047875049955483 4241
0.6943554541847146 0.01230926753813589 4242
0.6943554541847146 0.01441436214990062 4243
0.6943554541847147 0.0168352209630406 4244
0.6943554541847147 0.01961920872805064 4245
0.6943554541847146 0.02282079493911436 4246
0.6943554541847147 0.02650261881626115 4247
0.6943554541847148 0.03073671591351133 4248
0.6943554541847147 0.03560592747189662 4249
0.6943554541847144 0.04120552080724493 4250
0.6943554541847147 0.04764505321545624 4251
0.6943554541847143 0.05505051580121204 4252
0.6943554541847149 0.0635667979789985 4253
0.6943554541847148 0.07336052216557951 4254
0.694355454184715 0.08462330477756785 4255
0.6943554541847146 0.09757550479203396 4256
0.6943554541847148 0.1124705347679271 4257
0.6943554541847147 0.1295998194542934 4258
0.6943554541847149 0.1492984967353079 4259
0.6943554541847146 0.171951975476639 4260
0.6943554541847147 0.1980034763038129 4261
0.6943554541847147 0.2279627025385566 4262
0.6943554541847147 0.2624158125751761 4263
0.6943554541847147 0.3020368887583521 4264
0.6943554541847148 0.347601126387366 4265
0.7201554457120436 0.0002587046922715602 4266
0.7201554457120437 0.0005562147793279842 4267
0.7201554457120436 0.0008983513525472446 4268
0.7201554457120438 0.001291808491018707 4269
0.7201554457120435 0.00174428421760788 4270
0.7201554457120438 0.002264631134963996 4271
0.7201554457120436 0.002863030288404055 4272
0.7201554457120436 0.00355118964707433 4273
0.7201554457120436 0.004342572902775151 4274
0.7201554457120433 0.005252663603698592 4275
0.7201554457120436 0.006299267847682847 4276
0.7201554457120434 0.007502862606973817 4277
0.7201554457120435 0.008886996481218785 4278
0.7201554457120435 0.01047875049955483 4279
0.7201554457120434 0.01230926753813588 4280
0.7201554457120437 0.01441436214990062 4281
0.7201554457120436 0.0168352209630406 4282
0.7201554457120436 0.01961920872805065 4283
0.7201554457120436 0.02282079493911436 4284
0.7201554457120437 0.02650261881626115 4285
0.7201554457120436 0.03073671591351133 4286
0.7201554457120436 0.03560592747189661 4287
0.7201554457120434 0.04120552080724493 4288
0.7201554457120436 0.04764505321545624 4289
0.7201554457120435 0.05505051580121204 4290
0.7201554457120436 0.0635667979789985 4291
0.7201554457120435 0.07336052216557951 4292
0.7201554457120436 0.08462330477756784 4293
0.7201554457120435 0.09757550479203397 4294
0.7201554457120435 0.1124705347679271 4295
0.7201554457120436 0.1295998194542934 4296
0.7201554457120436 0.1492984967353079 4297
0.7201554457120436 0.171951975476639 4298
0.7201554457120436 0.1980034763038129 4299
0.7201554457120437 0.2279627025385567 4300
0.7201554457120435 0.2624158125751761 4301
0.7201554457120436 0.3020368887583519 4302
0.7201554457120436 0.347601126387366 4303
0.7472454370967679 0.0002587046922715602 4304
0.7472454370967679 0.0005562147793279843 4305
0.7472454370967679 0.0008983513525472446 4306
0.7472454370967679 0.001291808491018708 4307
0.7472454370967679 0.00174428421760788 4308
0.7472454370967679 0.002264631134963996 4309
0.7472454370967682 0.002863030288404055 4310
0.7472454370967681 0.00355118964707433 4311
0.7472454370967681 0.004342572902775151 4312
0.7472454370967681 0.005252663603698592 4313
0.7472454370967681 0.006299267847682847 4314
0.7472454370967678 0.007502862606973817 4315
0.7472454370967682 0.008886996481218785 4316
0.7472454370967681 0.01047875049955483 4317
0.7472454370967681 0.01230926753813588 4318
0.7472454370967684 0.01441436214990061 4319
0.7472454370967679 0.0168352209630406 4320
0.7472454370967679 0.01961920872805065 4321
0.7472454370967681 0.02282079493911436 4322
0.7472454370967681 0.02650261881626115 4323
0.7472454370967681 0.03073671591351133 4324
0.7472454370967679 0.03560592747189661 4325
0.7472454370967678 0.04120552080724493 4326
0.7472454370967681 0.04764505321545624 4327
0.7472454370967681 0.05505051580121204 4328
0.7472454370967684 0.06356679797899849 4329
0.7472454370967679 0.07336052216557951 4330
0.7472454370967681 0.08462330477756784 4331
0.7472454370967681 0.09757550479203397 4332
0.7472454370967681 0.1124705347679271 4333
0.7472454370967679 0.1295998194542934 4334
0.7472454370967681 0.1492984967353079 4335
0.7472454370967679 0.171951975476639 4336
0.7472454370967681 0.1980034763038129 4337
0.7472454370967681 0.2279627025385567 4338
0.7472454370967681 0.2624158125751761 4339
0.7472454370967679 0.3020368887583519 4340
0.7472454370967681 0.347601126387366 4341
0.775689928075588 0.0002587046922715602 4342
0.7756899280755879 0.0005562147793279842 4343
0.7756899280755878 0.0008983513525472446 4344
0.7756899280755879 0.001291808491018708 4345
0.775689928075588 0.00174428421760788 4346
0.7756899280755879 0.002264631134963996 4347
0.775689928075588 0.002863030288404055 4348
0.7756899280755881 0.00355118964707433 4349
0.775689928075588 0.004342572902775151 4350
0.775689928075588 0.005252663603698592 4351
0.7756899280755882 0.006299267847682847 4352
0.7756899280755878 0.007502862606973817 4353
0.775689928075588 0.008886996481218785 4354
0.775689928075588 0.01047875049955483 4355
0.7756899280755881 0.01230926753813588 4356
0.775689928075588 0.01441436214990062 4357
0.7756899280755877 0.0168352209630406 4358
0.7756899280755881 0.01961920872805065 4359
0.775689928075588 0.02282079493911436 4360
0.775689928075588 0.02650261881626115 4361
0.775689928075588 0.03073671591351133 4362
0.7756899280755877 0.03560592747189661 4363
0.7756899280755881 0.04120552080724493 4364
0.775689928075588 0.04764505321545624 4365
0.7756899280755879 0.05505051580121204 4366
0.7756899280755878 0.06356679797899849 4367
0.775689928075588 0.07336052216557951 4368
0.775689928075588 0.08462330477756784 4369
0.7756899280755879 0.09757550479203397 4370
0.775689928075588 0.1124705347679271 4371
0.775689928075588 0.1295998194542934 4372
0.775689928075588 0.1492984967353079 4373
0.7756899280755879 0.171951975476639 4374
0.775689928075588 0.1980034763038129 4375
0.7756899280755881 0.2279627025385567 4376
0.775689928075588 0.2624158125751761 4377
0.775689928075588 0.302036888758352 4378
0.775689928075588 0.347601126387366 4379
0.8055566435367737 0.0002587046922715601 4380
0.8055566435367735 0.0005562147793279842 4381
0.8055566435367736 0.0008983513525472446 4382
0.8055566435367735 0.001291808491018708 4383
0.8055566435367734 0.00174428421760788 4384
0.8055566435367737 0.002264631134963996 4385
0.8055566435367735 0.002863030288404055 4386
0.8055566435367735 0.00355118964707433 4387
0.8055566435367737 0.004342572902775151 4388
0.8055566435367735 0.005252663603698592 4389
0.8055566435367739 0.006299267847682847 4390
0.8055566435367737 0.007502862606973817 4391
0.8055566435367736 0.008886996481218785 4392
0.8055566435367737 0.01047875049955483 4393
0.8055566435367738 0.01230926753813588 4394
0.8055566435367737 0.01441436214990062 4395
0.8055566435367736 0.0168352209630406 4396
0.8055566435367739 0.01961920872805065 4397
0.8055566435367738 0.02282079493911436 4398
0.8055566435367736 0.02650261881626115 4399
0.8055566435367737 0.03073671591351133 4400
0.8055566435367737 0.03560592747189661 4401
0.8055566435367736 0.04120552080724493 4402
0.8055566435367737 0.04764505321545624 4403
0.8055566435367736 0.05505051580121204 4404
0.8055566435367738 0.06356679797899849 4405
0.8055566435367737 0.07336052216557951 4406
0.8055566435367735 0.08462330477756785 4407
0.8055566435367736 0.09757550479203397 4408
0.8055566435367736 0.1124705347679271 4409
0.8055566435367738 0.1295998194542934 4410
0.8055566435367737 0.1492984967353079 4411
0.8055566435367737 0.171951975476639 4412
0.8055566435367736 0.1980034763038129 4413
0.8055566435367738 0.2279627025385567 4414
0.8055566435367735 0.2624158125751761 4415
0.8055566435367736 0.302036888758352 4416
0.8055566435367736 0.347601126387366 4417
0.8369166947546781 0.0002587046922715601 4418
0.8369166947546778 0.0005562147793279842 4419
0.8369166947546778 0.0008983513525472446 4420
0.8369166947546779 0.001291808491018708 4421
0.8369166947546779 0.00174428421760788 4422
0.8369166947546781 0.002264631134963996 4423
0.836916694754678 0.002863030288404054 4424
0.836916694754678 0.00355118964707433 4425
0.836916694754678 0.004342572902775151 4426
0.836916694754678 0.005252663603698592 4427
0.836916694754678 0.006299267847682847 4428
0.836916694754678 0.007502862606973817 4429
0.836916694754678 0.008886996481218785 4430
0.836916694754678 0.01047875049955483 4431
0.836916694754678 0.01230926753813588 4432
0.836916694754678 0.01441436214990062 4433
0.8369166947546783 0.0168352209630406 4434
0.8369166947546779 0.01961920872805065 4435
0.836916694754678 0.02282079493911436 4436
0.8369166947546779 0.02650261881626115 4437
0.836916694754678 0.03073671591351133 4438
0.8369166947546779 0.03560592747189661 4439
0.836916694754678 0.04120552080724493 4440
0.836916694754678 0.04764505321545624 4441
0.8369166947546779 0.05505051580121204 4442
0.836916694754678 0.06356679797899849 4443
0.8369166947546779 0.07336052216557951 4444
0.836916694754678 0.08462330477756784 4445
0.836916694754678 0.09757550479203397 4446
0.8369166947546781 0.1124705347679271 4447
0.836916694754678 0.1295998194542934 4448
0.836916694754678 0.1492984967353079 4449
0.8369166947546778 0.171951975476639 4450
0.836916694754678 0.1980034763038129 4451
0.836916694754678 0.2279627025385567 4452
0.836916694754678 0.2624158125751761 4453
0.836916694754678 0.302036888758352 4454
0.836916694754678 0.347601126387366 4455
0.869844748309202 0.0002587046922715601 4456
0.869844748309202 0.0005562147793279842 4457
0.8698447483092018 0.0008983513525472445 4458
0.869844748309202 0.001291808491018707 4459
0.8698447483092019 0.00174428421760788 4460
0.8698447483092019 0.002264631134963996 4461
0.8698447483092018 0.002863030288404055 4462
0.869844748309202 0.00355118964707433 4463
0.8698447483092017 0.004342572902775151 4464
0.869844748309202 0.005252663603698592 4465
0.8698447483092019 0.006299267847682847 4466
0.8698447483092019 0.007502862606973817 4467
0.869844748309202 0.008886996481218785 4468
0.8698447483092019 0.01047875049955483 4469
0.8698447483092021 0.01230926753813588 4470
0.869844748309202 0.01441436214990062 4471
0.8698447483092019 0.0168352209630406 4472
0.869844748309202 0.01961920872805065 4473
0.869844748309202 0.02282079493911436 4474
0.8698447483092019 0.02650261881626115 4475
0.8698447483092019 0.03073671591351133 4476
0.8698447483092022 0.03560592747189661 4477
0.8698447483092021 0.04120552080724493 4478
0.8698447483092018 0.04764505321545624 4479
0.8698447483092019 0.05505051580121204 4480
0.8698447483092019 0.06356679797899849 4481
0.8698447483092019 0.07336052216557951 4482
0.8698447483092021 0.08462330477756785 4483
0.8698447483092019 0.09757550479203397 4484
0.8698447483092021 0.1124705347679271 4485
0.8698447483092019 0.1295998194542934 4486
0.869844748309202 0.1492984967353079 4487
0.8698447483092019 0.171951975476639 4488
0.8698447483092021 0.1980034763038129 4489
0.869844748309202 0.2279627025385566 4490
0.869844748309202 0.2624158125751761 4491
0.869844748309202 0.3020368887583519 4492
0.869844748309202 0.347601126387366 4493
0.9044192048994677 0.0002587046922715601 4494
0.9044192048994678 0.0005562147793279842 4495
0.9044192048994674 0.0008983513525472446 4496
0.9044192048994679 0.001291808491018708 4497
0.9044192048994677 0.00174428421760788 4498
0.9044192048994678 0.002264631134963996 4499
0.9044192048994676 0.002863030288404054 4500
0.9044192048994677 0.00355118964707433 4501
0.9044192048994677 0.004342572902775151 4502
0.9044192048994677 0.005252663603698592 4503
0.9044192048994678 0.006299267847682847 4504
0.9044192048994677 0.007502862606973817 4505
0.9044192048994679 0.008886996481218785 4506
0.9044192048994677 0.01047875049955483 4507
0.9044192048994677 0.01230926753813588 4508
0.9044192048994678 0.01441436214990062 4509
0.9044192048994678 0.0168352209630406 4510
0.9044192048994676 0.01961920872805065 4511
0.9044192048994677 0.02282079493911436 4512
0.9044192048994675 0.02650261881626115 4513
0.9044192048994677 0.03073671591351133 4514
0.9044192048994676 0.03560592747189661 4515
0.9044192048994678 0.04120552080724493 4516
0.9044192048994677 0.04764505321545624 4517
0.9044192048994676 0.05505051580121204 4518
0.9044192048994677 0.0635667979789985 4519
0.9044192048994677 0.07336052216557951 4520
0.9044192048994676 0.08462330477756784 4521
0.9044192048994677 0.09757550479203397 4522
0.9044192048994678 0.1124705347679271 4523
0.9044192048994676 0.1295998194542934 4524
0.9044192048994679 0.1492984967353079 4525
0.9044192048994678 0.171951975476639 4526
0.9044192048994677 0.1980034763038129 4527
0.9044192048994677 0.2279627025385567 4528
0.9044192048994677 0.2624158125751761 4529
0.9044192048994677 0.3020368887583519 4530
0.9044192048994676 0.347601126387366 4531
0.9407223845650436 0.0002587046922715601 4532
0.9407223845650435 0.0005562147793279843 4533
0.9407223845650434 0.0008983513525472446 4534
0.9407223845650438 0.001291808491018707 4535
0.9407223845650436 0.00174428421760788 4536
0.9407223845650435 0.002264631134963996 4537
0.9407223845650435 0.002863030288404055 4538
0.9407223845650436 0.00355118964707433 4539
0.9407223845650436 0.004342572902775151 4540
0.9407223845650436 0.005252663603698591 4541
0.9407223845650435 0.006299267847682847 4542
0.9407223845650438 0.007502862606973817 4543
0.9407223845650435 0.008886996481218785 4544
0.9407223845650436 0.01047875049955483 4545
0.9407223845650435 0.01230926753813588 4546
0.9407223845650436 0.01441436214990062 4547
0.9407223845650436 0.0168352209630406 4548
0.9407223845650435 0.01961920872805065 4549
0.9407223845650438 0.02282079493911436 4550
0.9407223845650436 0.02650261881626115 4551
0.9407223845650436 0.03073671591351133 4552
0.9407223845650435 0.03560592747189661 4553
0.9407223845650436 0.04120552080724493 4554
0.9407223845650436 0.04764505321545624 4555
0.9407223845650436 0.05505051580121204 4556
0.9407223845650436 0.06356679797899849 4557
0.9407223845650436 0.07336052216557951 4558
0.9407223845650436 0.08462330477756784 4559
0.9407223845650435 0.09757550479203396 4560
0.9407223845650436 0.1124705347679271 4561
0.9407223845650435 0.1295998194542934 4562
0.9407223845650436 0.1492984967353079 4563
0.9407223845650439 0.171951975476639 4564
0.9407223845650438 0.1980034763038129 4565
0.9407223845650436 0.2279627025385567 4566
0.9407223845650435 0.2624158125751761 4567
0.9407223845650435 0.302036888758352 4568
0.9407223845650436 0.347601126387366 4569
0.9788407230467628 0.0002587046922715602 4570
0.9788407230467628 0.0005562147793279843 4571
0.978840723046763 0.0008983513525472446 4572
0.9788407230467627 0.001291808491018708 4573
0.9788407230467627 0.00174428421760788 4574
0.9788407230467628 0.002264631134963996 4575
0.9788407230467628 0.002863030288404055 4576
0.9788407230467626 0.00355118964707433 4577
0.9788407230467626 0.004342572902775151 4578
0.978840723046763 0.005252663603698592 4579
0.9788407230467628 0.006299267847682847 4580
0.9788407230467628 0.007502862606973817 4581
0.9788407230467628 0.008886996481218785 4582
0.9788407230467628 0.01047875049955483 4583
0.9788407230467627 0.01230926753813588 4584
0.9788407230467627 0.01441436214990062 4585
0.9788407230467626 0.0168352209630406 4586
0.978840723046763 0.01961920872805065 4587
0.9788407230467628 0.02282079493911436 4588
0.9788407230467628 0.02650261881626115 4589
0.9788407230467628 0.03073671591351133 4590
0.9788407230467627 0.03560592747189661 4591
0.9788407230467626 0.04120552080724493 4592
0.9788407230467628 0.04764505321545624 4593
0.9788407230467628 0.05505051580121204 4594
0.9788407230467628 0.0635667979789985 4595
0.9788407230467627 0.07336052216557951 4596
0.9788407230467627 0.08462330477756785 4597
0.9788407230467628 0.09757550479203397 4598
0.9788407230467627 0.1124705347679271 4599
0.9788407230467627 0.1295998194542934 4600
0.9788407230467628 0.1492984967353079 4601
0.9788407230467628 0.171951975476639 4602
0.9788407230467627 0.1980034763038129 4603
0.9788407230467628 0.2279627025385566 4604
0.9788407230467628 0.2624158125751761 4605
0.9788407230467628 0.3020368887583519 4606
0.9788407230467628 0.347601126387366 4607
1.018864978336132 0.0002587046922715601 4608
1.018864978336131 0.0005562147793279842 4609
1.018864978336132 0.0008983513525472446 4610
1.018864978336131 0.001291808491018708 4611
1.018864978336132 0.00174428421760788 4612
1.018864978336132 0.002264631134963996 4613
1.018864978336132 0.002863030288404055 4614
1.018864978336131 0.00355118964707433 4615
1.018864978336132 0.004342572902775152 4616
1.018864978336132 0.005252663603698592 4617
1.018864978336132 0.006299267847682847 4618
1.018864978336131 0.007502862606973817 4619
1.018864978336132 0.008886996481218785 4620
1.018864978336132 0.01047875049955483 4621
1.018864978336132 0.01230926753813588 4622
1.018864978336132 0.01441436214990062 4623
1.018864978336132 0.0168352209630406 4624
1.018864978336132 0.01961920872805065 4625
1.018864978336132 0.02282079493911436 4626
1.018864978336132 0.02650261881626115 4627
1.018864978336132 0.03073671591351133 4628
1.018864978336132 0.03560592747189661 4629
1.018864978336132 0.04120552080724493 4630
1.018864978336132 0.04764505321545624 4631
1.018864978336132 0.05505051580121204 4632
1.018864978336132 0.06356679797899849 4633
1.018864978336132 0.07336052216557951 4634
1.018864978336132 0.08462330477756784 4635
1.018864978336132 0.09757550479203397 4636
1.018864978336132 0.1124705347679271 4637
1.018864978336132 0.1295998194542934 4638
1.018864978336132 0.1492984967353079 4639
1.018864978336132 0.171951975476639 4640
1.018864978336132 0.1980034763038129 4641
1.018864978336132 0.2279627025385566 4642
1.018864978336132 0.2624158125751761 4643
1.018864978336132 0.302036888758352 4644
1.018864978336132 0.347601126387366 4645
1.060890446666591 0.0002587046922715602 4646
1.060890446666591 0.0005562147793279842 4647
1.060890446666591 0.0008983513525472446 4648
1.060890446666592 0.001291808491018708 4649
1.060890446666591 0.00174428421760788 4650
1.060890446666592 0.002264631134963996 4651
1.060890446666591 0.002863030288404054 4652
1.060890446666591 0.00355118964707433 4653
1.060890446666591 0.004342572902775151 4654
1.060890446666591 0.005252663603698592 4655
1.060890446666591 0.006299267847682847 4656
1.060890446666591 0.007502862606973817 4657
1.060890446666591 0.008886996481218785 4658
1.060890446666591 0.01047875049955483 4659
1.060890446666591 0.01230926753813588 4660
1.060890446666591 0.01441436214990062 4661
1.060890446666591 0.0168352209630406 4662
1.060890446666591 0.01961920872805065 4663
1.060890446666591 0.02282079493911436 4664
1.060890446666591 0.02650261881626115 4665
1.060890446666592 0.03073671591351132 4666
1.060890446666592 0.03560592747189661 4667
1.060890446666591 0.04120552080724493 4668
1.060890446666591 0.04764505321545624 4669
1.060890446666591 0.05505051580121204 4670
1.060890446666591 0.06356679797899849 4671
1.060890446666591 0.07336052216557951 4672
1.060890446666591 0.08462330477756784 4673
1.060890446666591 0.09757550479203396 4674
1.060890446666591 0.1124705347679271 4675
1.060890446666591 0.1295998194542934 4676
1.060890446666591 0.1492984967353079 4677
1.060890446666591 0.171951975476639 4678
1.060890446666591 0.1980034763038129 4679
1.060890446666591 0.2279627025385566 4680
1.060890446666591 0.2624158125751761 4681
1.060890446666591 0.3020368887583519 4682
1.060890446666591 0.347601126387366 4683
1.105017188396918 0.0002587046922715602 4684
1.105017188396918 0.0005562147793279843 4685
1.105017188396918 0.0008983513525472445 4686
1.105017188396918 0.001291808491018707 4687
1.105017188396918 0.00174428421760788 4688
1.105017188396918 0.002264631134963996 4689
1.105017188396918 0.002863030288404055 4690
1.105017188396918 0.00355118964707433 4691
1.105017188396918 0.004342572902775152 4692
1.105017188396918 0.005252663603698591 4693
1.105017188396919 0.006299267847682847 4694
1.105017188396918 0.007502862606973817 4695
1.105017188396918 0.008886996481218785 4696
1.105017188396918 0.01047875049955483 4697
1.105017188396918 0.01230926753813588 4698
1.105017188396918 0.01441436214990062 4699
1.105017188396918 0.0168352209630406 4700
1.105017188396918 0.01961920872805065 4701
1.105017188396918 0.02282079493911436 4702
1.105017188396918 0.02650261881626115 4703
1.105017188396918 0.03073671591351133 4704
1.105017188396918 0.03560592747189661 4705
1.105017188396918 0.04120552080724493 4706
1.105017188396918 0.04764505321545624 4707
1.105017188396918 0.05505051580121204 4708
1.105017188396918 0.06356679797899849 4709
1.105017188396918 0.07336052216557951 4710
1.105017188396918 0.08462330477756784 4711
1.105017188396918 0.09757550479203397 4712
1.105017188396918 0.1124705347679271 4713
1.105017188396918 0.1295998194542934 4714
1.105017188396918 0.1492984967353079 4715
1.105017188396918 0.171951975476639 4716
1.105017188396918 0.1980034763038129 4717
1.105017188396918 0.2279627025385567 4718
1.105017188396918 0.2624158125751761 4719
1.105017188396918 0.3020368887583521 4720
1.105017188396918 0.347601126387366 4721
1.15135026712449 0.0002587046922715602 4722
1.15135026712449 0.0005562147793279843 4723
1.15135026712449 0.0008983513525472446 4724
1.15135026712449 0.001291808491018707 4725
1.151350267124491 0.00174428421760788 4726
1.15135026712449 0.002264631134963996 4727
1.15135026712449 0.002863030288404055 4728
1.151350267124491 0.00355118964707433 4729
1.15135026712449 0.004342572902775152 4730
1.15135026712449 0.005252663603698592 4731
1.151350267124491 0.006299267847682847 4732
1.151350267124491 0.007502862606973817 4733
1.15135026712449 0.008886996481218785 4734
1.15135026712449 0.01047875049955483 4735
1.151350267124491 0.01230926753813588 4736
1.151350267124491 0.01441436214990062 4737
1.15135026712449 0.0168352209630406 4738
1.151350267124491 0.01961920872805065 4739
1.15135026712449 0.02282079493911436 4740
1.15135026712449 0.02650261881626116 4741
1.15135026712449 0.03073671591351132 4742
1.15135026712449 0.03560592747189661 4743
1.151350267124491 0.04120552080724493 4744
1.15135026712449 0.04764505321545624 4745
1.15135026712449 0.05505051580121204 4746
1.15135026712449 0.0635667979789985 4747
1.15135026712449 0.07336052216557952 4748
1.15135026712449 0.08462330477756785 4749
1.15135026712449 0.09757550479203397 4750
1.15135026712449 0.1124705347679271 4751
1.15135026712449 0.1295998194542934 4752
1.15135026712449 0.1492984967353079 4753
1.15135026712449 0.171951975476639 4754
1.15135026712449 0.198003476303813 4755
1.15135026712449 0.2279627025385566 4756
1.15135026712449 0.2624158125751761 4757
1.15135026712449 0.3020368887583519 4758
1.15135026712449 0.3476011263873659 4759
NMARK= 5
MARKER_TAG= inlet
MARKER_ELEMS= 39
3 0 122 
3 122 123 
3 123 124 
3 124 125 
3 125 126 
3 126 127 
3 127 128 
3 128 129 
3 129 130 
3 130 131 
3 131 132 
3 132 133 
3 133 134 
3 134 135 
3 135 136 
3 136 137 
3 137 138 
3 138 139 
3 139 140 
3 140 141 
3 141 142 
3 142 143 
3 143 144 
3 144 145 
3 145 146 
3 146 147 
3 147 148 
3 148 149 
3 149 150 
3 150 151 
3 151 152 
3 152 153 
3 153 154 
3 154 155 
3 155 156 
3 156 157 
3 157 158 
3 158 159 
3 159 3 
MARKER_TAG= outlet
MARKER_ELEMS= 39
3 2 314 
3 314 315 
3 315 316 
3 316 317 
3 317 318 
3 318 319 
3 319 320 
3 320 321 
3 321 322 
3 322 323 
3 323 324 
3 324 325 
3 325 326 
3 326 327 
3 327 328 
3 328 329 
3 329 330 
3 330 331 
3 331 332 
3 332 333 
3 333 334 
3 334 335 
3 335 336 
3 336 337 
3 337 338 
3 338 339 
3 339 340 
3 340 341 
3 341 342 
3 342 343 
3 343 344 
3 344 345 
3 345 346 
3 346 347 
3 347 348 
3 348 349 
3 349 350 
3 350 351 
3 351 5 
MARKER_TAG= farfield
MARKER_ELEMS= 118
3 3 160 
3 160 161 
3 161 162 
3 162 163 
3 163 164 
3 164 165 
3 165 166 
3 166 167 
3 167 168 
3 168 169 
3 169 170 
3 170 171 
3 171 172 
3 172 173 
3 173 174 
3 174 175 
3 175 176 
3 176 177 
3 177 178 
3 178 179 
3 179 180 
3 180 181 
3 181 182 
3 182 183 
3 183 184 
3 184 185 
3 185 186 
3 186 187 
3 187 188 
3 188 189 
3 189 190 
3 190 191 
3 191 192 
3 192 193 
3 193 194 
3 194 195 
3 195 196 
3 196 197 
3 197 4 
3 4 198 
3 198 199 
3 199 200 
3 200 201 
3 201 202 
3 202 203 
3 203 204 
3 204 205 
3 205 206 
3 206 207 
3 207 208 
3 208 209 
3 209 210 
3 210 211 
3 211 212 
3 212 213 
3 213 214 
3 214 215 
3 215 216 
3 216 217 
3 217 218 
3 218 219 
3 219 220 
3 220 221 
3 221 222 
3 222 223 
3 223 224 
3 224 225 
3 225 226 
3 226 227 
3 227 228 
3 228 229 
3 229 230 
3 230 231 
3 231 232 
3 232 233 
3 233 234 
3 234 235 
3 235 236 
3 236 237 
3 237 238 
3 238 239 
3 239 240 
3 240 241 
3 241 242 
3 242 243 
3 243 244 
3 244 245 
3 245 246 
3 246 247 
3 247 248 
3 248 249 
3 249 250 
3 250 251 
3 251 252 
3 252 253 
3 253 254 
3 254 255 
3 255 256 
3 256 257 
3 257 258 
3 258 259 
3 259 260 
3 260 261 
3 261 262 
3 262 263 
3 263 264 
3 264 265 
3 265 266 
3 266 267 
3 267 268 
3 268 269 
3 269 270 
3 270 271 
3 271 272 
3 272 273 
3 273 274 
3 274 275 
3 275 5 
MARKER_TAG= symmetry
MARKER_ELEMS= 39
3 0 6 
3 6 7 
3 7 8 
3 8 9 
3 9 10 
3 10 11 
3 11 12 
3 12 13 
3 13 14 
3 14 15 
3 15 16 
3 16 17 
3 17 18 
3 18 19 
3 19 20 
3 20 21 
3 21 22 
3 22 23 
3 23 24 
3 24 25 
3 25 26 
3 26 27 
3 27 28 
3 28 29 
3 29 30 
3 30 31 
3 31 32 
3 32 33 
3 33 34 
3 34 35 
3 35 36 
3 36 37 
3 37 38 
3 38 39 
3 39 40 
3 40 41 
3 41 42 
3 42 43 
3 43 1 
MARKER_TAG= wall
MARKER_ELEMS= 79
3 1 44 
3 44 45 
3 45 46 
3 46 47 
3 47 48 
3 48 49 
3 49 50 
3 50 51 
3 51 52 
3 52 53 
3 53 54 
3 54 55 
3 55 56 
3 56 57 
3 57 58 
3 58 59 
3 59 60 
3 60 61 
3 61 62 
3 62 63 
3 63 64 
3 64 65 
3 65 66 
3 66 67 
3 67 68 
3 68 69 
3 69 70 
3 70 71 
3 71 72 
3 72 73 
3 73 74 
3 74 75 
3 75 76 
3 76 77 
3 77 78 
3 78 79 
3 79 80 
3 80 81 
3 81 82 
3 82 83 
3 83 84 
3 84 85 
3 85 86 
3 86 87 
3 87 88 
3 88 89 
3 89 90 
3 90 91 
3 91 92 
3 92 93 
3 93 94 
3 94 95 
3 95 96 
3 96 97 
3 97 98 
3 98 99 
3 99 100 
3 100 101 
3 101 102 
3 102 103 
3 103 104 
3 104 105 
3 105 106 
3 106 107 
3 107 108 
3 108 109 
3 109 110 
3 110 111 
3 111 112 
3 112 113 
3 113 114 
3 114 115 
3 115 116 
3 116 117 
3 117 118 
3 118 119 
3 119 120 
3 120 121 
3 121 2 
