NDIME= 2
NELEM= 9801
9 0 6 494 104 0
9 104 494 495 105 1
9 105 495 496 106 2
9 106 496 497 107 3
9 107 497 498 108 4
9 108 498 499 109 5
9 109 499 500 110 6
9 110 500 501 111 7
9 111 501 502 112 8
9 112 502 503 113 9
9 113 503 504 114 10
9 114 504 505 115 11
9 115 505 506 116 12
9 116 506 507 117 13
9 117 507 201 1 14
9 6 7 508 494 15
9 494 508 509 495 16
9 495 509 510 496 17
9 496 510 511 497 18
9 497 511 512 498 19
9 498 512 513 499 20
9 499 513 514 500 21
9 500 514 515 501 22
9 501 515 516 502 23
9 502 516 517 503 24
9 503 517 518 504 25
9 504 518 519 505 26
9 505 519 520 506 27
9 506 520 521 507 28
9 507 521 202 201 29
9 7 8 522 508 30
9 508 522 523 509 31
9 509 523 524 510 32
9 510 524 525 511 33
9 511 525 526 512 34
9 512 526 527 513 35
9 513 527 528 514 36
9 514 528 529 515 37
9 515 529 530 516 38
9 516 530 531 517 39
9 517 531 532 518 40
9 518 532 533 519 41
9 519 533 534 520 42
9 520 534 535 521 43
9 521 535 203 202 44
9 8 9 536 522 45
9 522 536 537 523 46
9 523 537 538 524 47
9 524 538 539 525 48
9 525 539 540 526 49
9 526 540 541 527 50
9 527 541 542 528 51
9 528 542 543 529 52
9 529 543 544 530 53
9 530 544 545 531 54
9 531 545 546 532 55
9 532 546 547 533 56
9 533 547 548 534 57
9 534 548 549 535 58
9 535 549 204 203 59
9 9 10 550 536 60
9 536 550 551 537 61
9 537 551 552 538 62
9 538 552 553 539 63
9 539 553 554 540 64
9 540 554 555 541 65
9 541 555 556 542 66
9 542 556 557 543 67
9 543 557 558 544 68
9 544 558 559 545 69
9 545 559 560 546 70
9 546 560 561 547 71
9 547 561 562 548 72
9 548 562 563 549 73
9 549 563 205 204 74
9 10 11 564 550 75
9 550 564 565 551 76
9 551 565 566 552 77
9 552 566 567 553 78
9 553 567 568 554 79
9 554 568 569 555 80
9 555 569 570 556 81
9 556 570 571 557 82
9 557 571 572 558 83
9 558 572 573 559 84
9 559 573 574 560 85
9 560 574 575 561 86
9 561 575 576 562 87
9 562 576 577 563 88
9 563 577 206 205 89
9 11 12 578 564 90
9 564 578 579 565 91
9 565 579 580 566 92
9 566 580 581 567 93
9 567 581 582 568 94
9 568 582 583 569 95
9 569 583 584 570 96
9 570 584 585 571 97
9 571 585 586 572 98
9 572 586 587 573 99
9 573 587 588 574 100
9 574 588 589 575 101
9 575 589 590 576 102
9 576 590 591 577 103
9 577 591 207 206 104
9 12 13 592 578 105
9 578 592 593 579 106
9 579 593 594 580 107
9 580 594 595 581 108
9 581 595 596 582 109
9 582 596 597 583 110
9 583 597 598 584 111
9 584 598 599 585 112
9 585 599 600 586 113
9 586 600 601 587 114
9 587 601 602 588 115
9 588 602 603 589 116
9 589 603 604 590 117
9 590 604 605 591 118
9 591 605 208 207 119
9 13 14 606 592 120
9 592 606 607 593 121
9 593 607 608 594 122
9 594 608 609 595 123
9 595 609 610 596 124
9 596 610 611 597 125
9 597 611 612 598 126
9 598 612 613 599 127
9 599 613 614 600 128
9 600 614 615 601 129
9 601 615 616 602 130
9 602 616 617 603 131
9 603 617 618 604 132
9 604 618 619 605 133
9 605 619 209 208 134
9 14 15 620 606 135
9 606 620 621 607 136
9 607 621 622 608 137
9 608 622 623 609 138
9 609 623 624 610 139
9 610 624 625 611 140
9 611 625 626 612 141
9 612 626 627 613 142
9 613 627 628 614 143
9 614 628 629 615 144
9 615 629 630 616 145
9 616 630 631 617 146
9 617 631 632 618 147
9 618 632 633 619 148
9 619 633 210 209 149
9 15 16 634 620 150
9 620 634 635 621 151
9 621 635 636 622 152
9 622 636 637 623 153
9 623 637 638 624 154
9 624 638 639 625 155
9 625 639 640 626 156
9 626 640 641 627 157
9 627 641 642 628 158
9 628 642 643 629 159
9 629 643 644 630 160
9 630 644 645 631 161
9 631 645 646 632 162
9 632 646 647 633 163
9 633 647 211 210 164
9 16 17 648 634 165
9 634 648 649 635 166
9 635 649 650 636 167
9 636 650 651 637 168
9 637 651 652 638 169
9 638 652 653 639 170
9 639 653 654 640 171
9 640 654 655 641 172
9 641 655 656 642 173
9 642 656 657 643 174
9 643 657 658 644 175
9 644 658 659 645 176
9 645 659 660 646 177
9 646 660 661 647 178
9 647 661 212 211 179
9 17 18 662 648 180
9 648 662 663 649 181
9 649 663 664 650 182
9 650 664 665 651 183
9 651 665 666 652 184
9 652 666 667 653 185
9 653 667 668 654 186
9 654 668 669 655 187
9 655 669 670 656 188
9 656 670 671 657 189
9 657 671 672 658 190
9 658 672 673 659 191
9 659 673 674 660 192
9 660 674 675 661 193
9 661 675 213 212 194
9 18 19 676 662 195
9 662 676 677 663 196
9 663 677 678 664 197
9 664 678 679 665 198
9 665 679 680 666 199
9 666 680 681 667 200
9 667 681 682 668 201
9 668 682 683 669 202
9 669 683 684 670 203
9 670 684 685 671 204
9 671 685 686 672 205
9 672 686 687 673 206
9 673 687 688 674 207
9 674 688 689 675 208
9 675 689 214 213 209
9 19 20 690 676 210
9 676 690 691 677 211
9 677 691 692 678 212
9 678 692 693 679 213
9 679 693 694 680 214
9 680 694 695 681 215
9 681 695 696 682 216
9 682 696 697 683 217
9 683 697 698 684 218
9 684 698 699 685 219
9 685 699 700 686 220
9 686 700 701 687 221
9 687 701 702 688 222
9 688 702 703 689 223
9 689 703 215 214 224
9 20 21 704 690 225
9 690 704 705 691 226
9 691 705 706 692 227
9 692 706 707 693 228
9 693 707 708 694 229
9 694 708 709 695 230
9 695 709 710 696 231
9 696 710 711 697 232
9 697 711 712 698 233
9 698 712 713 699 234
9 699 713 714 700 235
9 700 714 715 701 236
9 701 715 716 702 237
9 702 716 717 703 238
9 703 717 216 215 239
9 21 22 718 704 240
9 704 718 719 705 241
9 705 719 720 706 242
9 706 720 721 707 243
9 707 721 722 708 244
9 708 722 723 709 245
9 709 723 724 710 246
9 710 724 725 711 247
9 711 725 726 712 248
9 712 726 727 713 249
9 713 727 728 714 250
9 714 728 729 715 251
9 715 729 730 716 252
9 716 730 731 717 253
9 717 731 217 216 254
9 22 23 732 718 255
9 718 732 733 719 256
9 719 733 734 720 257
9 720 734 735 721 258
9 721 735 736 722 259
9 722 736 737 723 260
9 723 737 738 724 261
9 724 738 739 725 262
9 725 739 740 726 263
9 726 740 741 727 264
9 727 741 742 728 265
9 728 742 743 729 266
9 729 743 744 730 267
9 730 744 745 731 268
9 731 745 218 217 269
9 23 24 746 732 270
9 732 746 747 733 271
9 733 747 748 734 272
9 734 748 749 735 273
9 735 749 750 736 274
9 736 750 751 737 275
9 737 751 752 738 276
9 738 752 753 739 277
9 739 753 754 740 278
9 740 754 755 741 279
9 741 755 756 742 280
9 742 756 757 743 281
9 743 757 758 744 282
9 744 758 759 745 283
9 745 759 219 218 284
9 24 25 760 746 285
9 746 760 761 747 286
9 747 761 762 748 287
9 748 762 763 749 288
9 749 763 764 750 289
9 750 764 765 751 290
9 751 765 766 752 291
9 752 766 767 753 292
9 753 767 768 754 293
9 754 768 769 755 294
9 755 769 770 756 295
9 756 770 771 757 296
9 757 771 772 758 297
9 758 772 773 759 298
9 759 773 220 219 299
9 25 26 774 760 300
9 760 774 775 761 301
9 761 775 776 762 302
9 762 776 777 763 303
9 763 777 778 764 304
9 764 778 779 765 305
9 765 779 780 766 306
9 766 780 781 767 307
9 767 781 782 768 308
9 768 782 783 769 309
9 769 783 784 770 310
9 770 784 785 771 311
9 771 785 786 772 312
9 772 786 787 773 313
9 773 787 221 220 314
9 26 27 788 774 315
9 774 788 789 775 316
9 775 789 790 776 317
9 776 790 791 777 318
9 777 791 792 778 319
9 778 792 793 779 320
9 779 793 794 780 321
9 780 794 795 781 322
9 781 795 796 782 323
9 782 796 797 783 324
9 783 797 798 784 325
9 784 798 799 785 326
9 785 799 800 786 327
9 786 800 801 787 328
9 787 801 222 221 329
9 27 28 802 788 330
9 788 802 803 789 331
9 789 803 804 790 332
9 790 804 805 791 333
9 791 805 806 792 334
9 792 806 807 793 335
9 793 807 808 794 336
9 794 808 809 795 337
9 795 809 810 796 338
9 796 810 811 797 339
9 797 811 812 798 340
9 798 812 813 799 341
9 799 813 814 800 342
9 800 814 815 801 343
9 801 815 223 222 344
9 28 29 816 802 345
9 802 816 817 803 346
9 803 817 818 804 347
9 804 818 819 805 348
9 805 819 820 806 349
9 806 820 821 807 350
9 807 821 822 808 351
9 808 822 823 809 352
9 809 823 824 810 353
9 810 824 825 811 354
9 811 825 826 812 355
9 812 826 827 813 356
9 813 827 828 814 357
9 814 828 829 815 358
9 815 829 224 223 359
9 29 30 830 816 360
9 816 830 831 817 361
9 817 831 832 818 362
9 818 832 833 819 363
9 819 833 834 820 364
9 820 834 835 821 365
9 821 835 836 822 366
9 822 836 837 823 367
9 823 837 838 824 368
9 824 838 839 825 369
9 825 839 840 826 370
9 826 840 841 827 371
9 827 841 842 828 372
9 828 842 843 829 373
9 829 843 225 224 374
9 30 31 844 830 375
9 830 844 845 831 376
9 831 845 846 832 377
9 832 846 847 833 378
9 833 847 848 834 379
9 834 848 849 835 380
9 835 849 850 836 381
9 836 850 851 837 382
9 837 851 852 838 383
9 838 852 853 839 384
9 839 853 854 840 385
9 840 854 855 841 386
9 841 855 856 842 387
9 842 856 857 843 388
9 843 857 226 225 389
9 31 32 858 844 390
9 844 858 859 845 391
9 845 859 860 846 392
9 846 860 861 847 393
9 847 861 862 848 394
9 848 862 863 849 395
9 849 863 864 850 396
9 850 864 865 851 397
9 851 865 866 852 398
9 852 866 867 853 399
9 853 867 868 854 400
9 854 868 869 855 401
9 855 869 870 856 402
9 856 870 871 857 403
9 857 871 227 226 404
9 32 33 872 858 405
9 858 872 873 859 406
9 859 873 874 860 407
9 860 874 875 861 408
9 861 875 876 862 409
9 862 876 877 863 410
9 863 877 878 864 411
9 864 878 879 865 412
9 865 879 880 866 413
9 866 880 881 867 414
9 867 881 882 868 415
9 868 882 883 869 416
9 869 883 884 870 417
9 870 884 885 871 418
9 871 885 228 227 419
9 33 34 886 872 420
9 872 886 887 873 421
9 873 887 888 874 422
9 874 888 889 875 423
9 875 889 890 876 424
9 876 890 891 877 425
9 877 891 892 878 426
9 878 892 893 879 427
9 879 893 894 880 428
9 880 894 895 881 429
9 881 895 896 882 430
9 882 896 897 883 431
9 883 897 898 884 432
9 884 898 899 885 433
9 885 899 229 228 434
9 34 35 900 886 435
9 886 900 901 887 436
9 887 901 902 888 437
9 888 902 903 889 438
9 889 903 904 890 439
9 890 904 905 891 440
9 891 905 906 892 441
9 892 906 907 893 442
9 893 907 908 894 443
9 894 908 909 895 444
9 895 909 910 896 445
9 896 910 911 897 446
9 897 911 912 898 447
9 898 912 913 899 448
9 899 913 230 229 449
9 35 36 914 900 450
9 900 914 915 901 451
9 901 915 916 902 452
9 902 916 917 903 453
9 903 917 918 904 454
9 904 918 919 905 455
9 905 919 920 906 456
9 906 920 921 907 457
9 907 921 922 908 458
9 908 922 923 909 459
9 909 923 924 910 460
9 910 924 925 911 461
9 911 925 926 912 462
9 912 926 927 913 463
9 913 927 231 230 464
9 36 37 928 914 465
9 914 928 929 915 466
9 915 929 930 916 467
9 916 930 931 917 468
9 917 931 932 918 469
9 918 932 933 919 470
9 919 933 934 920 471
9 920 934 935 921 472
9 921 935 936 922 473
9 922 936 937 923 474
9 923 937 938 924 475
9 924 938 939 925 476
9 925 939 940 926 477
9 926 940 941 927 478
9 927 941 232 231 479
9 37 38 942 928 480
9 928 942 943 929 481
9 929 943 944 930 482
9 930 944 945 931 483
9 931 945 946 932 484
9 932 946 947 933 485
9 933 947 948 934 486
9 934 948 949 935 487
9 935 949 950 936 488
9 936 950 951 937 489
9 937 951 952 938 490
9 938 952 953 939 491
9 939 953 954 940 492
9 940 954 955 941 493
9 941 955 233 232 494
9 38 39 956 942 495
9 942 956 957 943 496
9 943 957 958 944 497
9 944 958 959 945 498
9 945 959 960 946 499
9 946 960 961 947 500
9 947 961 962 948 501
9 948 962 963 949 502
9 949 963 964 950 503
9 950 964 965 951 504
9 951 965 966 952 505
9 952 966 967 953 506
9 953 967 968 954 507
9 954 968 969 955 508
9 955 969 234 233 509
9 39 40 970 956 510
9 956 970 971 957 511
9 957 971 972 958 512
9 958 972 973 959 513
9 959 973 974 960 514
9 960 974 975 961 515
9 961 975 976 962 516
9 962 976 977 963 517
9 963 977 978 964 518
9 964 978 979 965 519
9 965 979 980 966 520
9 966 980 981 967 521
9 967 981 982 968 522
9 968 982 983 969 523
9 969 983 235 234 524
9 40 41 984 970 525
9 970 984 985 971 526
9 971 985 986 972 527
9 972 986 987 973 528
9 973 987 988 974 529
9 974 988 989 975 530
9 975 989 990 976 531
9 976 990 991 977 532
9 977 991 992 978 533
9 978 992 993 979 534
9 979 993 994 980 535
9 980 994 995 981 536
9 981 995 996 982 537
9 982 996 997 983 538
9 983 997 236 235 539
9 41 42 998 984 540
9 984 998 999 985 541
9 985 999 1000 986 542
9 986 1000 1001 987 543
9 987 1001 1002 988 544
9 988 1002 1003 989 545
9 989 1003 1004 990 546
9 990 1004 1005 991 547
9 991 1005 1006 992 548
9 992 1006 1007 993 549
9 993 1007 1008 994 550
9 994 1008 1009 995 551
9 995 1009 1010 996 552
9 996 1010 1011 997 553
9 997 1011 237 236 554
9 42 43 1012 998 555
9 998 1012 1013 999 556
9 999 1013 1014 1000 557
9 1000 1014 1015 1001 558
9 1001 1015 1016 1002 559
9 1002 1016 1017 1003 560
9 1003 1017 1018 1004 561
9 1004 1018 1019 1005 562
9 1005 1019 1020 1006 563
9 1006 1020 1021 1007 564
9 1007 1021 1022 1008 565
9 1008 1022 1023 1009 566
9 1009 1023 1024 1010 567
9 1010 1024 1025 1011 568
9 1011 1025 238 237 569
9 43 44 1026 1012 570
9 1012 1026 1027 1013 571
9 1013 1027 1028 1014 572
9 1014 1028 1029 1015 573
9 1015 1029 1030 1016 574
9 1016 1030 1031 1017 575
9 1017 1031 1032 1018 576
9 1018 1032 1033 1019 577
9 1019 1033 1034 1020 578
9 1020 1034 1035 1021 579
9 1021 1035 1036 1022 580
9 1022 1036 1037 1023 581
9 1023 1037 1038 1024 582
9 1024 1038 1039 1025 583
9 1025 1039 239 238 584
9 44 45 1040 1026 585
9 1026 1040 1041 1027 586
9 1027 1041 1042 1028 587
9 1028 1042 1043 1029 588
9 1029 1043 1044 1030 589
9 1030 1044 1045 1031 590
9 1031 1045 1046 1032 591
9 1032 1046 1047 1033 592
9 1033 1047 1048 1034 593
9 1034 1048 1049 1035 594
9 1035 1049 1050 1036 595
9 1036 1050 1051 1037 596
9 1037 1051 1052 1038 597
9 1038 1052 1053 1039 598
9 1039 1053 240 239 599
9 45 46 1054 1040 600
9 1040 1054 1055 1041 601
9 1041 1055 1056 1042 602
9 1042 1056 1057 1043 603
9 1043 1057 1058 1044 604
9 1044 1058 1059 1045 605
9 1045 1059 1060 1046 606
9 1046 1060 1061 1047 607
9 1047 1061 1062 1048 608
9 1048 1062 1063 1049 609
9 1049 1063 1064 1050 610
9 1050 1064 1065 1051 611
9 1051 1065 1066 1052 612
9 1052 1066 1067 1053 613
9 1053 1067 241 240 614
9 46 47 1068 1054 615
9 1054 1068 1069 1055 616
9 1055 1069 1070 1056 617
9 1056 1070 1071 1057 618
9 1057 1071 1072 1058 619
9 1058 1072 1073 1059 620
9 1059 1073 1074 1060 621
9 1060 1074 1075 1061 622
9 1061 1075 1076 1062 623
9 1062 1076 1077 1063 624
9 1063 1077 1078 1064 625
9 1064 1078 1079 1065 626
9 1065 1079 1080 1066 627
9 1066 1080 1081 1067 628
9 1067 1081 242 241 629
9 47 48 1082 1068 630
9 1068 1082 1083 1069 631
9 1069 1083 1084 1070 632
9 1070 1084 1085 1071 633
9 1071 1085 1086 1072 634
9 1072 1086 1087 1073 635
9 1073 1087 1088 1074 636
9 1074 1088 1089 1075 637
9 1075 1089 1090 1076 638
9 1076 1090 1091 1077 639
9 1077 1091 1092 1078 640
9 1078 1092 1093 1079 641
9 1079 1093 1094 1080 642
9 1080 1094 1095 1081 643
9 1081 1095 243 242 644
9 48 49 1096 1082 645
9 1082 1096 1097 1083 646
9 1083 1097 1098 1084 647
9 1084 1098 1099 1085 648
9 1085 1099 1100 1086 649
9 1086 1100 1101 1087 650
9 1087 1101 1102 1088 651
9 1088 1102 1103 1089 652
9 1089 1103 1104 1090 653
9 1090 1104 1105 1091 654
9 1091 1105 1106 1092 655
9 1092 1106 1107 1093 656
9 1093 1107 1108 1094 657
9 1094 1108 1109 1095 658
9 1095 1109 244 243 659
9 49 50 1110 1096 660
9 1096 1110 1111 1097 661
9 1097 1111 1112 1098 662
9 1098 1112 1113 1099 663
9 1099 1113 1114 1100 664
9 1100 1114 1115 1101 665
9 1101 1115 1116 1102 666
9 1102 1116 1117 1103 667
9 1103 1117 1118 1104 668
9 1104 1118 1119 1105 669
9 1105 1119 1120 1106 670
9 1106 1120 1121 1107 671
9 1107 1121 1122 1108 672
9 1108 1122 1123 1109 673
9 1109 1123 245 244 674
9 50 51 1124 1110 675
9 1110 1124 1125 1111 676
9 1111 1125 1126 1112 677
9 1112 1126 1127 1113 678
9 1113 1127 1128 1114 679
9 1114 1128 1129 1115 680
9 1115 1129 1130 1116 681
9 1116 1130 1131 1117 682
9 1117 1131 1132 1118 683
9 1118 1132 1133 1119 684
9 1119 1133 1134 1120 685
9 1120 1134 1135 1121 686
9 1121 1135 1136 1122 687
9 1122 1136 1137 1123 688
9 1123 1137 246 245 689
9 51 52 1138 1124 690
9 1124 1138 1139 1125 691
9 1125 1139 1140 1126 692
9 1126 1140 1141 1127 693
9 1127 1141 1142 1128 694
9 1128 1142 1143 1129 695
9 1129 1143 1144 1130 696
9 1130 1144 1145 1131 697
9 1131 1145 1146 1132 698
9 1132 1146 1147 1133 699
9 1133 1147 1148 1134 700
9 1134 1148 1149 1135 701
9 1135 1149 1150 1136 702
9 1136 1150 1151 1137 703
9 1137 1151 247 246 704
9 52 53 1152 1138 705
9 1138 1152 1153 1139 706
9 1139 1153 1154 1140 707
9 1140 1154 1155 1141 708
9 1141 1155 1156 1142 709
9 1142 1156 1157 1143 710
9 1143 1157 1158 1144 711
9 1144 1158 1159 1145 712
9 1145 1159 1160 1146 713
9 1146 1160 1161 1147 714
9 1147 1161 1162 1148 715
9 1148 1162 1163 1149 716
9 1149 1163 1164 1150 717
9 1150 1164 1165 1151 718
9 1151 1165 248 247 719
9 53 54 1166 1152 720
9 1152 1166 1167 1153 721
9 1153 1167 1168 1154 722
9 1154 1168 1169 1155 723
9 1155 1169 1170 1156 724
9 1156 1170 1171 1157 725
9 1157 1171 1172 1158 726
9 1158 1172 1173 1159 727
9 1159 1173 1174 1160 728
9 1160 1174 1175 1161 729
9 1161 1175 1176 1162 730
9 1162 1176 1177 1163 731
9 1163 1177 1178 1164 732
9 1164 1178 1179 1165 733
9 1165 1179 249 248 734
9 54 55 1180 1166 735
9 1166 1180 1181 1167 736
9 1167 1181 1182 1168 737
9 1168 1182 1183 1169 738
9 1169 1183 1184 1170 739
9 1170 1184 1185 1171 740
9 1171 1185 1186 1172 741
9 1172 1186 1187 1173 742
9 1173 1187 1188 1174 743
9 1174 1188 1189 1175 744
9 1175 1189 1190 1176 745
9 1176 1190 1191 1177 746
9 1177 1191 1192 1178 747
9 1178 1192 1193 1179 748
9 1179 1193 250 249 749
9 55 56 1194 1180 750
9 1180 1194 1195 1181 751
9 1181 1195 1196 1182 752
9 1182 1196 1197 1183 753
9 1183 1197 1198 1184 754
9 1184 1198 1199 1185 755
9 1185 1199 1200 1186 756
9 1186 1200 1201 1187 757
9 1187 1201 1202 1188 758
9 1188 1202 1203 1189 759
9 1189 1203 1204 1190 760
9 1190 1204 1205 1191 761
9 1191 1205 1206 1192 762
9 1192 1206 1207 1193 763
9 1193 1207 251 250 764
9 56 57 1208 1194 765
9 1194 1208 1209 1195 766
9 1195 1209 1210 1196 767
9 1196 1210 1211 1197 768
9 1197 1211 1212 1198 769
9 1198 1212 1213 1199 770
9 1199 1213 1214 1200 771
9 1200 1214 1215 1201 772
9 1201 1215 1216 1202 773
9 1202 1216 1217 1203 774
9 1203 1217 1218 1204 775
9 1204 1218 1219 1205 776
9 1205 1219 1220 1206 777
9 1206 1220 1221 1207 778
9 1207 1221 252 251 779
9 57 58 1222 1208 780
9 1208 1222 1223 1209 781
9 1209 1223 1224 1210 782
9 1210 1224 1225 1211 783
9 1211 1225 1226 1212 784
9 1212 1226 1227 1213 785
9 1213 1227 1228 1214 786
9 1214 1228 1229 1215 787
9 1215 1229 1230 1216 788
9 1216 1230 1231 1217 789
9 1217 1231 1232 1218 790
9 1218 1232 1233 1219 791
9 1219 1233 1234 1220 792
9 1220 1234 1235 1221 793
9 1221 1235 253 252 794
9 58 59 1236 1222 795
9 1222 1236 1237 1223 796
9 1223 1237 1238 1224 797
9 1224 1238 1239 1225 798
9 1225 1239 1240 1226 799
9 1226 1240 1241 1227 800
9 1227 1241 1242 1228 801
9 1228 1242 1243 1229 802
9 1229 1243 1244 1230 803
9 1230 1244 1245 1231 804
9 1231 1245 1246 1232 805
9 1232 1246 1247 1233 806
9 1233 1247 1248 1234 807
9 1234 1248 1249 1235 808
9 1235 1249 254 253 809
9 59 60 1250 1236 810
9 1236 1250 1251 1237 811
9 1237 1251 1252 1238 812
9 1238 1252 1253 1239 813
9 1239 1253 1254 1240 814
9 1240 1254 1255 1241 815
9 1241 1255 1256 1242 816
9 1242 1256 1257 1243 817
9 1243 1257 1258 1244 818
9 1244 1258 1259 1245 819
9 1245 1259 1260 1246 820
9 1246 1260 1261 1247 821
9 1247 1261 1262 1248 822
9 1248 1262 1263 1249 823
9 1249 1263 255 254 824
9 60 61 1264 1250 825
9 1250 1264 1265 1251 826
9 1251 1265 1266 1252 827
9 1252 1266 1267 1253 828
9 1253 1267 1268 1254 829
9 1254 1268 1269 1255 830
9 1255 1269 1270 1256 831
9 1256 1270 1271 1257 832
9 1257 1271 1272 1258 833
9 1258 1272 1273 1259 834
9 1259 1273 1274 1260 835
9 1260 1274 1275 1261 836
9 1261 1275 1276 1262 837
9 1262 1276 1277 1263 838
9 1263 1277 256 255 839
9 61 62 1278 1264 840
9 1264 1278 1279 1265 841
9 1265 1279 1280 1266 842
9 1266 1280 1281 1267 843
9 1267 1281 1282 1268 844
9 1268 1282 1283 1269 845
9 1269 1283 1284 1270 846
9 1270 1284 1285 1271 847
9 1271 1285 1286 1272 848
9 1272 1286 1287 1273 849
9 1273 1287 1288 1274 850
9 1274 1288 1289 1275 851
9 1275 1289 1290 1276 852
9 1276 1290 1291 1277 853
9 1277 1291 257 256 854
9 62 63 1292 1278 855
9 1278 1292 1293 1279 856
9 1279 1293 1294 1280 857
9 1280 1294 1295 1281 858
9 1281 1295 1296 1282 859
9 1282 1296 1297 1283 860
9 1283 1297 1298 1284 861
9 1284 1298 1299 1285 862
9 1285 1299 1300 1286 863
9 1286 1300 1301 1287 864
9 1287 1301 1302 1288 865
9 1288 1302 1303 1289 866
9 1289 1303 1304 1290 867
9 1290 1304 1305 1291 868
9 1291 1305 258 257 869
9 63 64 1306 1292 870
9 1292 1306 1307 1293 871
9 1293 1307 1308 1294 872
9 1294 1308 1309 1295 873
9 1295 1309 1310 1296 874
9 1296 1310 1311 1297 875
9 1297 1311 1312 1298 876
9 1298 1312 1313 1299 877
9 1299 1313 1314 1300 878
9 1300 1314 1315 1301 879
9 1301 1315 1316 1302 880
9 1302 1316 1317 1303 881
9 1303 1317 1318 1304 882
9 1304 1318 1319 1305 883
9 1305 1319 259 258 884
9 64 65 1320 1306 885
9 1306 1320 1321 1307 886
9 1307 1321 1322 1308 887
9 1308 1322 1323 1309 888
9 1309 1323 1324 1310 889
9 1310 1324 1325 1311 890
9 1311 1325 1326 1312 891
9 1312 1326 1327 1313 892
9 1313 1327 1328 1314 893
9 1314 1328 1329 1315 894
9 1315 1329 1330 1316 895
9 1316 1330 1331 1317 896
9 1317 1331 1332 1318 897
9 1318 1332 1333 1319 898
9 1319 1333 260 259 899
9 65 66 1334 1320 900
9 1320 1334 1335 1321 901
9 1321 1335 1336 1322 902
9 1322 1336 1337 1323 903
9 1323 1337 1338 1324 904
9 1324 1338 1339 1325 905
9 1325 1339 1340 1326 906
9 1326 1340 1341 1327 907
9 1327 1341 1342 1328 908
9 1328 1342 1343 1329 909
9 1329 1343 1344 1330 910
9 1330 1344 1345 1331 911
9 1331 1345 1346 1332 912
9 1332 1346 1347 1333 913
9 1333 1347 261 260 914
9 66 67 1348 1334 915
9 1334 1348 1349 1335 916
9 1335 1349 1350 1336 917
9 1336 1350 1351 1337 918
9 1337 1351 1352 1338 919
9 1338 1352 1353 1339 920
9 1339 1353 1354 1340 921
9 1340 1354 1355 1341 922
9 1341 1355 1356 1342 923
9 1342 1356 1357 1343 924
9 1343 1357 1358 1344 925
9 1344 1358 1359 1345 926
9 1345 1359 1360 1346 927
9 1346 1360 1361 1347 928
9 1347 1361 262 261 929
9 67 68 1362 1348 930
9 1348 1362 1363 1349 931
9 1349 1363 1364 1350 932
9 1350 1364 1365 1351 933
9 1351 1365 1366 1352 934
9 1352 1366 1367 1353 935
9 1353 1367 1368 1354 936
9 1354 1368 1369 1355 937
9 1355 1369 1370 1356 938
9 1356 1370 1371 1357 939
9 1357 1371 1372 1358 940
9 1358 1372 1373 1359 941
9 1359 1373 1374 1360 942
9 1360 1374 1375 1361 943
9 1361 1375 263 262 944
9 68 69 1376 1362 945
9 1362 1376 1377 1363 946
9 1363 1377 1378 1364 947
9 1364 1378 1379 1365 948
9 1365 1379 1380 1366 949
9 1366 1380 1381 1367 950
9 1367 1381 1382 1368 951
9 1368 1382 1383 1369 952
9 1369 1383 1384 1370 953
9 1370 1384 1385 1371 954
9 1371 1385 1386 1372 955
9 1372 1386 1387 1373 956
9 1373 1387 1388 1374 957
9 1374 1388 1389 1375 958
9 1375 1389 264 263 959
9 69 70 1390 1376 960
9 1376 1390 1391 1377 961
9 1377 1391 1392 1378 962
9 1378 1392 1393 1379 963
9 1379 1393 1394 1380 964
9 1380 1394 1395 1381 965
9 1381 1395 1396 1382 966
9 1382 1396 1397 1383 967
9 1383 1397 1398 1384 968
9 1384 1398 1399 1385 969
9 1385 1399 1400 1386 970
9 1386 1400 1401 1387 971
9 1387 1401 1402 1388 972
9 1388 1402 1403 1389 973
9 1389 1403 265 264 974
9 70 71 1404 1390 975
9 1390 1404 1405 1391 976
9 1391 1405 1406 1392 977
9 1392 1406 1407 1393 978
9 1393 1407 1408 1394 979
9 1394 1408 1409 1395 980
9 1395 1409 1410 1396 981
9 1396 1410 1411 1397 982
9 1397 1411 1412 1398 983
9 1398 1412 1413 1399 984
9 1399 1413 1414 1400 985
9 1400 1414 1415 1401 986
9 1401 1415 1416 1402 987
9 1402 1416 1417 1403 988
9 1403 1417 266 265 989
9 71 72 1418 1404 990
9 1404 1418 1419 1405 991
9 1405 1419 1420 1406 992
9 1406 1420 1421 1407 993
9 1407 1421 1422 1408 994
9 1408 1422 1423 1409 995
9 1409 1423 1424 1410 996
9 1410 1424 1425 1411 997
9 1411 1425 1426 1412 998
9 1412 1426 1427 1413 999
9 1413 1427 1428 1414 1000
9 1414 1428 1429 1415 1001
9 1415 1429 1430 1416 1002
9 1416 1430 1431 1417 1003
9 1417 1431 267 266 1004
9 72 73 1432 1418 1005
9 1418 1432 1433 1419 1006
9 1419 1433 1434 1420 1007
9 1420 1434 1435 1421 1008
9 1421 1435 1436 1422 1009
9 1422 1436 1437 1423 1010
9 1423 1437 1438 1424 1011
9 1424 1438 1439 1425 1012
9 1425 1439 1440 1426 1013
9 1426 1440 1441 1427 1014
9 1427 1441 1442 1428 1015
9 1428 1442 1443 1429 1016
9 1429 1443 1444 1430 1017
9 1430 1444 1445 1431 1018
9 1431 1445 268 267 1019
9 73 74 1446 1432 1020
9 1432 1446 1447 1433 1021
9 1433 1447 1448 1434 1022
9 1434 1448 1449 1435 1023
9 1435 1449 1450 1436 1024
9 1436 1450 1451 1437 1025
9 1437 1451 1452 1438 1026
9 1438 1452 1453 1439 1027
9 1439 1453 1454 1440 1028
9 1440 1454 1455 1441 1029
9 1441 1455 1456 1442 1030
9 1442 1456 1457 1443 1031
9 1443 1457 1458 1444 1032
9 1444 1458 1459 1445 1033
9 1445 1459 269 268 1034
9 74 75 1460 1446 1035
9 1446 1460 1461 1447 1036
9 1447 1461 1462 1448 1037
9 1448 1462 1463 1449 1038
9 1449 1463 1464 1450 1039
9 1450 1464 1465 1451 1040
9 1451 1465 1466 1452 1041
9 1452 1466 1467 1453 1042
9 1453 1467 1468 1454 1043
9 1454 1468 1469 1455 1044
9 1455 1469 1470 1456 1045
9 1456 1470 1471 1457 1046
9 1457 1471 1472 1458 1047
9 1458 1472 1473 1459 1048
9 1459 1473 270 269 1049
9 75 76 1474 1460 1050
9 1460 1474 1475 1461 1051
9 1461 1475 1476 1462 1052
9 1462 1476 1477 1463 1053
9 1463 1477 1478 1464 1054
9 1464 1478 1479 1465 1055
9 1465 1479 1480 1466 1056
9 1466 1480 1481 1467 1057
9 1467 1481 1482 1468 1058
9 1468 1482 1483 1469 1059
9 1469 1483 1484 1470 1060
9 1470 1484 1485 1471 1061
9 1471 1485 1486 1472 1062
9 1472 1486 1487 1473 1063
9 1473 1487 271 270 1064
9 76 77 1488 1474 1065
9 1474 1488 1489 1475 1066
9 1475 1489 1490 1476 1067
9 1476 1490 1491 1477 1068
9 1477 1491 1492 1478 1069
9 1478 1492 1493 1479 1070
9 1479 1493 1494 1480 1071
9 1480 1494 1495 1481 1072
9 1481 1495 1496 1482 1073
9 1482 1496 1497 1483 1074
9 1483 1497 1498 1484 1075
9 1484 1498 1499 1485 1076
9 1485 1499 1500 1486 1077
9 1486 1500 1501 1487 1078
9 1487 1501 272 271 1079
9 77 78 1502 1488 1080
9 1488 1502 1503 1489 1081
9 1489 1503 1504 1490 1082
9 1490 1504 1505 1491 1083
9 1491 1505 1506 1492 1084
9 1492 1506 1507 1493 1085
9 1493 1507 1508 1494 1086
9 1494 1508 1509 1495 1087
9 1495 1509 1510 1496 1088
9 1496 1510 1511 1497 1089
9 1497 1511 1512 1498 1090
9 1498 1512 1513 1499 1091
9 1499 1513 1514 1500 1092
9 1500 1514 1515 1501 1093
9 1501 1515 273 272 1094
9 78 79 1516 1502 1095
9 1502 1516 1517 1503 1096
9 1503 1517 1518 1504 1097
9 1504 1518 1519 1505 1098
9 1505 1519 1520 1506 1099
9 1506 1520 1521 1507 1100
9 1507 1521 1522 1508 1101
9 1508 1522 1523 1509 1102
9 1509 1523 1524 1510 1103
9 1510 1524 1525 1511 1104
9 1511 1525 1526 1512 1105
9 1512 1526 1527 1513 1106
9 1513 1527 1528 1514 1107
9 1514 1528 1529 1515 1108
9 1515 1529 274 273 1109
9 79 80 1530 1516 1110
9 1516 1530 1531 1517 1111
9 1517 1531 1532 1518 1112
9 1518 1532 1533 1519 1113
9 1519 1533 1534 1520 1114
9 1520 1534 1535 1521 1115
9 1521 1535 1536 1522 1116
9 1522 1536 1537 1523 1117
9 1523 1537 1538 1524 1118
9 1524 1538 1539 1525 1119
9 1525 1539 1540 1526 1120
9 1526 1540 1541 1527 1121
9 1527 1541 1542 1528 1122
9 1528 1542 1543 1529 1123
9 1529 1543 275 274 1124
9 80 81 1544 1530 1125
9 1530 1544 1545 1531 1126
9 1531 1545 1546 1532 1127
9 1532 1546 1547 1533 1128
9 1533 1547 1548 1534 1129
9 1534 1548 1549 1535 1130
9 1535 1549 1550 1536 1131
9 1536 1550 1551 1537 1132
9 1537 1551 1552 1538 1133
9 1538 1552 1553 1539 1134
9 1539 1553 1554 1540 1135
9 1540 1554 1555 1541 1136
9 1541 1555 1556 1542 1137
9 1542 1556 1557 1543 1138
9 1543 1557 276 275 1139
9 81 82 1558 1544 1140
9 1544 1558 1559 1545 1141
9 1545 1559 1560 1546 1142
9 1546 1560 1561 1547 1143
9 1547 1561 1562 1548 1144
9 1548 1562 1563 1549 1145
9 1549 1563 1564 1550 1146
9 1550 1564 1565 1551 1147
9 1551 1565 1566 1552 1148
9 1552 1566 1567 1553 1149
9 1553 1567 1568 1554 1150
9 1554 1568 1569 1555 1151
9 1555 1569 1570 1556 1152
9 1556 1570 1571 1557 1153
9 1557 1571 277 276 1154
9 82 83 1572 1558 1155
9 1558 1572 1573 1559 1156
9 1559 1573 1574 1560 1157
9 1560 1574 1575 1561 1158
9 1561 1575 1576 1562 1159
9 1562 1576 1577 1563 1160
9 1563 1577 1578 1564 1161
9 1564 1578 1579 1565 1162
9 1565 1579 1580 1566 1163
9 1566 1580 1581 1567 1164
9 1567 1581 1582 1568 1165
9 1568 1582 1583 1569 1166
9 1569 1583 1584 1570 1167
9 1570 1584 1585 1571 1168
9 1571 1585 278 277 1169
9 83 84 1586 1572 1170
9 1572 1586 1587 1573 1171
9 1573 1587 1588 1574 1172
9 1574 1588 1589 1575 1173
9 1575 1589 1590 1576 1174
9 1576 1590 1591 1577 1175
9 1577 1591 1592 1578 1176
9 1578 1592 1593 1579 1177
9 1579 1593 1594 1580 1178
9 1580 1594 1595 1581 1179
9 1581 1595 1596 1582 1180
9 1582 1596 1597 1583 1181
9 1583 1597 1598 1584 1182
9 1584 1598 1599 1585 1183
9 1585 1599 279 278 1184
9 84 85 1600 1586 1185
9 1586 1600 1601 1587 1186
9 1587 1601 1602 1588 1187
9 1588 1602 1603 1589 1188
9 1589 1603 1604 1590 1189
9 1590 1604 1605 1591 1190
9 1591 1605 1606 1592 1191
9 1592 1606 1607 1593 1192
9 1593 1607 1608 1594 1193
9 1594 1608 1609 1595 1194
9 1595 1609 1610 1596 1195
9 1596 1610 1611 1597 1196
9 1597 1611 1612 1598 1197
9 1598 1612 1613 1599 1198
9 1599 1613 280 279 1199
9 85 86 1614 1600 1200
9 1600 1614 1615 1601 1201
9 1601 1615 1616 1602 1202
9 1602 1616 1617 1603 1203
9 1603 1617 1618 1604 1204
9 1604 1618 1619 1605 1205
9 1605 1619 1620 1606 1206
9 1606 1620 1621 1607 1207
9 1607 1621 1622 1608 1208
9 1608 1622 1623 1609 1209
9 1609 1623 1624 1610 1210
9 1610 1624 1625 1611 1211
9 1611 1625 1626 1612 1212
9 1612 1626 1627 1613 1213
9 1613 1627 281 280 1214
9 86 87 1628 1614 1215
9 1614 1628 1629 1615 1216
9 1615 1629 1630 1616 1217
9 1616 1630 1631 1617 1218
9 1617 1631 1632 1618 1219
9 1618 1632 1633 1619 1220
9 1619 1633 1634 1620 1221
9 1620 1634 1635 1621 1222
9 1621 1635 1636 1622 1223
9 1622 1636 1637 1623 1224
9 1623 1637 1638 1624 1225
9 1624 1638 1639 1625 1226
9 1625 1639 1640 1626 1227
9 1626 1640 1641 1627 1228
9 1627 1641 282 281 1229
9 87 88 1642 1628 1230
9 1628 1642 1643 1629 1231
9 1629 1643 1644 1630 1232
9 1630 1644 1645 1631 1233
9 1631 1645 1646 1632 1234
9 1632 1646 1647 1633 1235
9 1633 1647 1648 1634 1236
9 1634 1648 1649 1635 1237
9 1635 1649 1650 1636 1238
9 1636 1650 1651 1637 1239
9 1637 1651 1652 1638 1240
9 1638 1652 1653 1639 1241
9 1639 1653 1654 1640 1242
9 1640 1654 1655 1641 1243
9 1641 1655 283 282 1244
9 88 89 1656 1642 1245
9 1642 1656 1657 1643 1246
9 1643 1657 1658 1644 1247
9 1644 1658 1659 1645 1248
9 1645 1659 1660 1646 1249
9 1646 1660 1661 1647 1250
9 1647 1661 1662 1648 1251
9 1648 1662 1663 1649 1252
9 1649 1663 1664 1650 1253
9 1650 1664 1665 1651 1254
9 1651 1665 1666 1652 1255
9 1652 1666 1667 1653 1256
9 1653 1667 1668 1654 1257
9 1654 1668 1669 1655 1258
9 1655 1669 284 283 1259
9 89 90 1670 1656 1260
9 1656 1670 1671 1657 1261
9 1657 1671 1672 1658 1262
9 1658 1672 1673 1659 1263
9 1659 1673 1674 1660 1264
9 1660 1674 1675 1661 1265
9 1661 1675 1676 1662 1266
9 1662 1676 1677 1663 1267
9 1663 1677 1678 1664 1268
9 1664 1678 1679 1665 1269
9 1665 1679 1680 1666 1270
9 1666 1680 1681 1667 1271
9 1667 1681 1682 1668 1272
9 1668 1682 1683 1669 1273
9 1669 1683 285 284 1274
9 90 91 1684 1670 1275
9 1670 1684 1685 1671 1276
9 1671 1685 1686 1672 1277
9 1672 1686 1687 1673 1278
9 1673 1687 1688 1674 1279
9 1674 1688 1689 1675 1280
9 1675 1689 1690 1676 1281
9 1676 1690 1691 1677 1282
9 1677 1691 1692 1678 1283
9 1678 1692 1693 1679 1284
9 1679 1693 1694 1680 1285
9 1680 1694 1695 1681 1286
9 1681 1695 1696 1682 1287
9 1682 1696 1697 1683 1288
9 1683 1697 286 285 1289
9 91 92 1698 1684 1290
9 1684 1698 1699 1685 1291
9 1685 1699 1700 1686 1292
9 1686 1700 1701 1687 1293
9 1687 1701 1702 1688 1294
9 1688 1702 1703 1689 1295
9 1689 1703 1704 1690 1296
9 1690 1704 1705 1691 1297
9 1691 1705 1706 1692 1298
9 1692 1706 1707 1693 1299
9 1693 1707 1708 1694 1300
9 1694 1708 1709 1695 1301
9 1695 1709 1710 1696 1302
9 1696 1710 1711 1697 1303
9 1697 1711 287 286 1304
9 92 93 1712 1698 1305
9 1698 1712 1713 1699 1306
9 1699 1713 1714 1700 1307
9 1700 1714 1715 1701 1308
9 1701 1715 1716 1702 1309
9 1702 1716 1717 1703 1310
9 1703 1717 1718 1704 1311
9 1704 1718 1719 1705 1312
9 1705 1719 1720 1706 1313
9 1706 1720 1721 1707 1314
9 1707 1721 1722 1708 1315
9 1708 1722 1723 1709 1316
9 1709 1723 1724 1710 1317
9 1710 1724 1725 1711 1318
9 1711 1725 288 287 1319
9 93 94 1726 1712 1320
9 1712 1726 1727 1713 1321
9 1713 1727 1728 1714 1322
9 1714 1728 1729 1715 1323
9 1715 1729 1730 1716 1324
9 1716 1730 1731 1717 1325
9 1717 1731 1732 1718 1326
9 1718 1732 1733 1719 1327
9 1719 1733 1734 1720 1328
9 1720 1734 1735 1721 1329
9 1721 1735 1736 1722 1330
9 1722 1736 1737 1723 1331
9 1723 1737 1738 1724 1332
9 1724 1738 1739 1725 1333
9 1725 1739 289 288 1334
9 94 95 1740 1726 1335
9 1726 1740 1741 1727 1336
9 1727 1741 1742 1728 1337
9 1728 1742 1743 1729 1338
9 1729 1743 1744 1730 1339
9 1730 1744 1745 1731 1340
9 1731 1745 1746 1732 1341
9 1732 1746 1747 1733 1342
9 1733 1747 1748 1734 1343
9 1734 1748 1749 1735 1344
9 1735 1749 1750 1736 1345
9 1736 1750 1751 1737 1346
9 1737 1751 1752 1738 1347
9 1738 1752 1753 1739 1348
9 1739 1753 290 289 1349
9 95 96 1754 1740 1350
9 1740 1754 1755 1741 1351
9 1741 1755 1756 1742 1352
9 1742 1756 1757 1743 1353
9 1743 1757 1758 1744 1354
9 1744 1758 1759 1745 1355
9 1745 1759 1760 1746 1356
9 1746 1760 1761 1747 1357
9 1747 1761 1762 1748 1358
9 1748 1762 1763 1749 1359
9 1749 1763 1764 1750 1360
9 1750 1764 1765 1751 1361
9 1751 1765 1766 1752 1362
9 1752 1766 1767 1753 1363
9 1753 1767 291 290 1364
9 96 97 1768 1754 1365
9 1754 1768 1769 1755 1366
9 1755 1769 1770 1756 1367
9 1756 1770 1771 1757 1368
9 1757 1771 1772 1758 1369
9 1758 1772 1773 1759 1370
9 1759 1773 1774 1760 1371
9 1760 1774 1775 1761 1372
9 1761 1775 1776 1762 1373
9 1762 1776 1777 1763 1374
9 1763 1777 1778 1764 1375
9 1764 1778 1779 1765 1376
9 1765 1779 1780 1766 1377
9 1766 1780 1781 1767 1378
9 1767 1781 292 291 1379
9 97 98 1782 1768 1380
9 1768 1782 1783 1769 1381
9 1769 1783 1784 1770 1382
9 1770 1784 1785 1771 1383
9 1771 1785 1786 1772 1384
9 1772 1786 1787 1773 1385
9 1773 1787 1788 1774 1386
9 1774 1788 1789 1775 1387
9 1775 1789 1790 1776 1388
9 1776 1790 1791 1777 1389
9 1777 1791 1792 1778 1390
9 1778 1792 1793 1779 1391
9 1779 1793 1794 1780 1392
9 1780 1794 1795 1781 1393
9 1781 1795 293 292 1394
9 98 99 1796 1782 1395
9 1782 1796 1797 1783 1396
9 1783 1797 1798 1784 1397
9 1784 1798 1799 1785 1398
9 1785 1799 1800 1786 1399
9 1786 1800 1801 1787 1400
9 1787 1801 1802 1788 1401
9 1788 1802 1803 1789 1402
9 1789 1803 1804 1790 1403
9 1790 1804 1805 1791 1404
9 1791 1805 1806 1792 1405
9 1792 1806 1807 1793 1406
9 1793 1807 1808 1794 1407
9 1794 1808 1809 1795 1408
9 1795 1809 294 293 1409
9 99 100 1810 1796 1410
9 1796 1810 1811 1797 1411
9 1797 1811 1812 1798 1412
9 1798 1812 1813 1799 1413
9 1799 1813 1814 1800 1414
9 1800 1814 1815 1801 1415
9 1801 1815 1816 1802 1416
9 1802 1816 1817 1803 1417
9 1803 1817 1818 1804 1418
9 1804 1818 1819 1805 1419
9 1805 1819 1820 1806 1420
9 1806 1820 1821 1807 1421
9 1807 1821 1822 1808 1422
9 1808 1822 1823 1809 1423
9 1809 1823 295 294 1424
9 100 101 1824 1810 1425
9 1810 1824 1825 1811 1426
9 1811 1825 1826 1812 1427
9 1812 1826 1827 1813 1428
9 1813 1827 1828 1814 1429
9 1814 1828 1829 1815 1430
9 1815 1829 1830 1816 1431
9 1816 1830 1831 1817 1432
9 1817 1831 1832 1818 1433
9 1818 1832 1833 1819 1434
9 1819 1833 1834 1820 1435
9 1820 1834 1835 1821 1436
9 1821 1835 1836 1822 1437
9 1822 1836 1837 1823 1438
9 1823 1837 296 295 1439
9 101 102 1838 1824 1440
9 1824 1838 1839 1825 1441
9 1825 1839 1840 1826 1442
9 1826 1840 1841 1827 1443
9 1827 1841 1842 1828 1444
9 1828 1842 1843 1829 1445
9 1829 1843 1844 1830 1446
9 1830 1844 1845 1831 1447
9 1831 1845 1846 1832 1448
9 1832 1846 1847 1833 1449
9 1833 1847 1848 1834 1450
9 1834 1848 1849 1835 1451
9 1835 1849 1850 1836 1452
9 1836 1850 1851 1837 1453
9 1837 1851 297 296 1454
9 102 103 1852 1838 1455
9 1838 1852 1853 1839 1456
9 1839 1853 1854 1840 1457
9 1840 1854 1855 1841 1458
9 1841 1855 1856 1842 1459
9 1842 1856 1857 1843 1460
9 1843 1857 1858 1844 1461
9 1844 1858 1859 1845 1462
9 1845 1859 1860 1846 1463
9 1846 1860 1861 1847 1464
9 1847 1861 1862 1848 1465
9 1848 1862 1863 1849 1466
9 1849 1863 1864 1850 1467
9 1850 1864 1865 1851 1468
9 1851 1865 298 297 1469
9 103 3 299 1852 1470
9 1852 299 300 1853 1471
9 1853 300 301 1854 1472
9 1854 301 302 1855 1473
9 1855 302 303 1856 1474
9 1856 303 304 1857 1475
9 1857 304 305 1858 1476
9 1858 305 306 1859 1477
9 1859 306 307 1860 1478
9 1860 307 308 1861 1479
9 1861 308 309 1862 1480
9 1862 309 310 1863 1481
9 1863 310 311 1864 1482
9 1864 311 312 1865 1483
9 1865 312 4 298 1484
9 1 201 1866 118 1485
9 118 1866 1867 119 1486
9 119 1867 1868 120 1487
9 120 1868 1869 121 1488
9 121 1869 1870 122 1489
9 122 1870 1871 123 1490
9 123 1871 1872 124 1491
9 124 1872 1873 125 1492
9 125 1873 1874 126 1493
9 126 1874 1875 127 1494
9 127 1875 1876 128 1495
9 128 1876 1877 129 1496
9 129 1877 1878 130 1497
9 130 1878 1879 131 1498
9 131 1879 1880 132 1499
9 132 1880 1881 133 1500
9 133 1881 1882 134 1501
9 134 1882 1883 135 1502
9 135 1883 1884 136 1503
9 136 1884 1885 137 1504
9 137 1885 1886 138 1505
9 138 1886 1887 139 1506
9 139 1887 1888 140 1507
9 140 1888 1889 141 1508
9 141 1889 1890 142 1509
9 142 1890 1891 143 1510
9 143 1891 1892 144 1511
9 144 1892 1893 145 1512
9 145 1893 1894 146 1513
9 146 1894 1895 147 1514
9 147 1895 1896 148 1515
9 148 1896 1897 149 1516
9 149 1897 1898 150 1517
9 150 1898 1899 151 1518
9 151 1899 1900 152 1519
9 152 1900 1901 153 1520
9 153 1901 1902 154 1521
9 154 1902 1903 155 1522
9 155 1903 1904 156 1523
9 156 1904 1905 157 1524
9 157 1905 1906 158 1525
9 158 1906 1907 159 1526
9 159 1907 1908 160 1527
9 160 1908 1909 161 1528
9 161 1909 1910 162 1529
9 162 1910 1911 163 1530
9 163 1911 1912 164 1531
9 164 1912 1913 165 1532
9 165 1913 1914 166 1533
9 166 1914 1915 167 1534
9 167 1915 1916 168 1535
9 168 1916 1917 169 1536
9 169 1917 1918 170 1537
9 170 1918 1919 171 1538
9 171 1919 1920 172 1539
9 172 1920 1921 173 1540
9 173 1921 1922 174 1541
9 174 1922 1923 175 1542
9 175 1923 1924 176 1543
9 176 1924 1925 177 1544
9 177 1925 1926 178 1545
9 178 1926 1927 179 1546
9 179 1927 1928 180 1547
9 180 1928 1929 181 1548
9 181 1929 1930 182 1549
9 182 1930 1931 183 1550
9 183 1931 1932 184 1551
9 184 1932 1933 185 1552
9 185 1933 1934 186 1553
9 186 1934 1935 187 1554
9 187 1935 1936 188 1555
9 188 1936 1937 189 1556
9 189 1937 1938 190 1557
9 190 1938 1939 191 1558
9 191 1939 1940 192 1559
9 192 1940 1941 193 1560
9 193 1941 1942 194 1561
9 194 1942 1943 195 1562
9 195 1943 1944 196 1563
9 196 1944 1945 197 1564
9 197 1945 1946 198 1565
9 198 1946 1947 199 1566
9 199 1947 1948 200 1567
9 200 1948 396 2 1568
9 201 202 1949 1866 1569
9 1866 1949 1950 1867 1570
9 1867 1950 1951 1868 1571
9 1868 1951 1952 1869 1572
9 1869 1952 1953 1870 1573
9 1870 1953 1954 1871 1574
9 1871 1954 1955 1872 1575
9 1872 1955 1956 1873 1576
9 1873 1956 1957 1874 1577
9 1874 1957 1958 1875 1578
9 1875 1958 1959 1876 1579
9 1876 1959 1960 1877 1580
9 1877 1960 1961 1878 1581
9 1878 1961 1962 1879 1582
9 1879 1962 1963 1880 1583
9 1880 1963 1964 1881 1584
9 1881 1964 1965 1882 1585
9 1882 1965 1966 1883 1586
9 1883 1966 1967 1884 1587
9 1884 1967 1968 1885 1588
9 1885 1968 1969 1886 1589
9 1886 1969 1970 1887 1590
9 1887 1970 1971 1888 1591
9 1888 1971 1972 1889 1592
9 1889 1972 1973 1890 1593
9 1890 1973 1974 1891 1594
9 1891 1974 1975 1892 1595
9 1892 1975 1976 1893 1596
9 1893 1976 1977 1894 1597
9 1894 1977 1978 1895 1598
9 1895 1978 1979 1896 1599
9 1896 1979 1980 1897 1600
9 1897 1980 1981 1898 1601
9 1898 1981 1982 1899 1602
9 1899 1982 1983 1900 1603
9 1900 1983 1984 1901 1604
9 1901 1984 1985 1902 1605
9 1902 1985 1986 1903 1606
9 1903 1986 1987 1904 1607
9 1904 1987 1988 1905 1608
9 1905 1988 1989 1906 1609
9 1906 1989 1990 1907 1610
9 1907 1990 1991 1908 1611
9 1908 1991 1992 1909 1612
9 1909 1992 1993 1910 1613
9 1910 1993 1994 1911 1614
9 1911 1994 1995 1912 1615
9 1912 1995 1996 1913 1616
9 1913 1996 1997 1914 1617
9 1914 1997 1998 1915 1618
9 1915 1998 1999 1916 1619
9 1916 1999 2000 1917 1620
9 1917 2000 2001 1918 1621
9 1918 2001 2002 1919 1622
9 1919 2002 2003 1920 1623
9 1920 2003 2004 1921 1624
9 1921 2004 2005 1922 1625
9 1922 2005 2006 1923 1626
9 1923 2006 2007 1924 1627
9 1924 2007 2008 1925 1628
9 1925 2008 2009 1926 1629
9 1926 2009 2010 1927 1630
9 1927 2010 2011 1928 1631
9 1928 2011 2012 1929 1632
9 1929 2012 2013 1930 1633
9 1930 2013 2014 1931 1634
9 1931 2014 2015 1932 1635
9 1932 2015 2016 1933 1636
9 1933 2016 2017 1934 1637
9 1934 2017 2018 1935 1638
9 1935 2018 2019 1936 1639
9 1936 2019 2020 1937 1640
9 1937 2020 2021 1938 1641
9 1938 2021 2022 1939 1642
9 1939 2022 2023 1940 1643
9 1940 2023 2024 1941 1644
9 1941 2024 2025 1942 1645
9 1942 2025 2026 1943 1646
9 1943 2026 2027 1944 1647
9 1944 2027 2028 1945 1648
9 1945 2028 2029 1946 1649
9 1946 2029 2030 1947 1650
9 1947 2030 2031 1948 1651
9 1948 2031 397 396 1652
9 202 203 2032 1949 1653
9 1949 2032 2033 1950 1654
9 1950 2033 2034 1951 1655
9 1951 2034 2035 1952 1656
9 1952 2035 2036 1953 1657
9 1953 2036 2037 1954 1658
9 1954 2037 2038 1955 1659
9 1955 2038 2039 1956 1660
9 1956 2039 2040 1957 1661
9 1957 2040 2041 1958 1662
9 1958 2041 2042 1959 1663
9 1959 2042 2043 1960 1664
9 1960 2043 2044 1961 1665
9 1961 2044 2045 1962 1666
9 1962 2045 2046 1963 1667
9 1963 2046 2047 1964 1668
9 1964 2047 2048 1965 1669
9 1965 2048 2049 1966 1670
9 1966 2049 2050 1967 1671
9 1967 2050 2051 1968 1672
9 1968 2051 2052 1969 1673
9 1969 2052 2053 1970 1674
9 1970 2053 2054 1971 1675
9 1971 2054 2055 1972 1676
9 1972 2055 2056 1973 1677
9 1973 2056 2057 1974 1678
9 1974 2057 2058 1975 1679
9 1975 2058 2059 1976 1680
9 1976 2059 2060 1977 1681
9 1977 2060 2061 1978 1682
9 1978 2061 2062 1979 1683
9 1979 2062 2063 1980 1684
9 1980 2063 2064 1981 1685
9 1981 2064 2065 1982 1686
9 1982 2065 2066 1983 1687
9 1983 2066 2067 1984 1688
9 1984 2067 2068 1985 1689
9 1985 2068 2069 1986 1690
9 1986 2069 2070 1987 1691
9 1987 2070 2071 1988 1692
9 1988 2071 2072 1989 1693
9 1989 2072 2073 1990 1694
9 1990 2073 2074 1991 1695
9 1991 2074 2075 1992 1696
9 1992 2075 2076 1993 1697
9 1993 2076 2077 1994 1698
9 1994 2077 2078 1995 1699
9 1995 2078 2079 1996 1700
9 1996 2079 2080 1997 1701
9 1997 2080 2081 1998 1702
9 1998 2081 2082 1999 1703
9 1999 2082 2083 2000 1704
9 2000 2083 2084 2001 1705
9 2001 2084 2085 2002 1706
9 2002 2085 2086 2003 1707
9 2003 2086 2087 2004 1708
9 2004 2087 2088 2005 1709
9 2005 2088 2089 2006 1710
9 2006 2089 2090 2007 1711
9 2007 2090 2091 2008 1712
9 2008 2091 2092 2009 1713
9 2009 2092 2093 2010 1714
9 2010 2093 2094 2011 1715
9 2011 2094 2095 2012 1716
9 2012 2095 2096 2013 1717
9 2013 2096 2097 2014 1718
9 2014 2097 2098 2015 1719
9 2015 2098 2099 2016 1720
9 2016 2099 2100 2017 1721
9 2017 2100 2101 2018 1722
9 2018 2101 2102 2019 1723
9 2019 2102 2103 2020 1724
9 2020 2103 2104 2021 1725
9 2021 2104 2105 2022 1726
9 2022 2105 2106 2023 1727
9 2023 2106 2107 2024 1728
9 2024 2107 2108 2025 1729
9 2025 2108 2109 2026 1730
9 2026 2109 2110 2027 1731
9 2027 2110 2111 2028 1732
9 2028 2111 2112 2029 1733
9 2029 2112 2113 2030 1734
9 2030 2113 2114 2031 1735
9 2031 2114 398 397 1736
9 203 204 2115 2032 1737
9 2032 2115 2116 2033 1738
9 2033 2116 2117 2034 1739
9 2034 2117 2118 2035 1740
9 2035 2118 2119 2036 1741
9 2036 2119 2120 2037 1742
9 2037 2120 2121 2038 1743
9 2038 2121 2122 2039 1744
9 2039 2122 2123 2040 1745
9 2040 2123 2124 2041 1746
9 2041 2124 2125 2042 1747
9 2042 2125 2126 2043 1748
9 2043 2126 2127 2044 1749
9 2044 2127 2128 2045 1750
9 2045 2128 2129 2046 1751
9 2046 2129 2130 2047 1752
9 2047 2130 2131 2048 1753
9 2048 2131 2132 2049 1754
9 2049 2132 2133 2050 1755
9 2050 2133 2134 2051 1756
9 2051 2134 2135 2052 1757
9 2052 2135 2136 2053 1758
9 2053 2136 2137 2054 1759
9 2054 2137 2138 2055 1760
9 2055 2138 2139 2056 1761
9 2056 2139 2140 2057 1762
9 2057 2140 2141 2058 1763
9 2058 2141 2142 2059 1764
9 2059 2142 2143 2060 1765
9 2060 2143 2144 2061 1766
9 2061 2144 2145 2062 1767
9 2062 2145 2146 2063 1768
9 2063 2146 2147 2064 1769
9 2064 2147 2148 2065 1770
9 2065 2148 2149 2066 1771
9 2066 2149 2150 2067 1772
9 2067 2150 2151 2068 1773
9 2068 2151 2152 2069 1774
9 2069 2152 2153 2070 1775
9 2070 2153 2154 2071 1776
9 2071 2154 2155 2072 1777
9 2072 2155 2156 2073 1778
9 2073 2156 2157 2074 1779
9 2074 2157 2158 2075 1780
9 2075 2158 2159 2076 1781
9 2076 2159 2160 2077 1782
9 2077 2160 2161 2078 1783
9 2078 2161 2162 2079 1784
9 2079 2162 2163 2080 1785
9 2080 2163 2164 2081 1786
9 2081 2164 2165 2082 1787
9 2082 2165 2166 2083 1788
9 2083 2166 2167 2084 1789
9 2084 2167 2168 2085 1790
9 2085 2168 2169 2086 1791
9 2086 2169 2170 2087 1792
9 2087 2170 2171 2088 1793
9 2088 2171 2172 2089 1794
9 2089 2172 2173 2090 1795
9 2090 2173 2174 2091 1796
9 2091 2174 2175 2092 1797
9 2092 2175 2176 2093 1798
9 2093 2176 2177 2094 1799
9 2094 2177 2178 2095 1800
9 2095 2178 2179 2096 1801
9 2096 2179 2180 2097 1802
9 2097 2180 2181 2098 1803
9 2098 2181 2182 2099 1804
9 2099 2182 2183 2100 1805
9 2100 2183 2184 2101 1806
9 2101 2184 2185 2102 1807
9 2102 2185 2186 2103 1808
9 2103 2186 2187 2104 1809
9 2104 2187 2188 2105 1810
9 2105 2188 2189 2106 1811
9 2106 2189 2190 2107 1812
9 2107 2190 2191 2108 1813
9 2108 2191 2192 2109 1814
9 2109 2192 2193 2110 1815
9 2110 2193 2194 2111 1816
9 2111 2194 2195 2112 1817
9 2112 2195 2196 2113 1818
9 2113 2196 2197 2114 1819
9 2114 2197 399 398 1820
9 204 205 2198 2115 1821
9 2115 2198 2199 2116 1822
9 2116 2199 2200 2117 1823
9 2117 2200 2201 2118 1824
9 2118 2201 2202 2119 1825
9 2119 2202 2203 2120 1826
9 2120 2203 2204 2121 1827
9 2121 2204 2205 2122 1828
9 2122 2205 2206 2123 1829
9 2123 2206 2207 2124 1830
9 2124 2207 2208 2125 1831
9 2125 2208 2209 2126 1832
9 2126 2209 2210 2127 1833
9 2127 2210 2211 2128 1834
9 2128 2211 2212 2129 1835
9 2129 2212 2213 2130 1836
9 2130 2213 2214 2131 1837
9 2131 2214 2215 2132 1838
9 2132 2215 2216 2133 1839
9 2133 2216 2217 2134 1840
9 2134 2217 2218 2135 1841
9 2135 2218 2219 2136 1842
9 2136 2219 2220 2137 1843
9 2137 2220 2221 2138 1844
9 2138 2221 2222 2139 1845
9 2139 2222 2223 2140 1846
9 2140 2223 2224 2141 1847
9 2141 2224 2225 2142 1848
9 2142 2225 2226 2143 1849
9 2143 2226 2227 2144 1850
9 2144 2227 2228 2145 1851
9 2145 2228 2229 2146 1852
9 2146 2229 2230 2147 1853
9 2147 2230 2231 2148 1854
9 2148 2231 2232 2149 1855
9 2149 2232 2233 2150 1856
9 2150 2233 2234 2151 1857
9 2151 2234 2235 2152 1858
9 2152 2235 2236 2153 1859
9 2153 2236 2237 2154 1860
9 2154 2237 2238 2155 1861
9 2155 2238 2239 2156 1862
9 2156 2239 2240 2157 1863
9 2157 2240 2241 2158 1864
9 2158 2241 2242 2159 1865
9 2159 2242 2243 2160 1866
9 2160 2243 2244 2161 1867
9 2161 2244 2245 2162 1868
9 2162 2245 2246 2163 1869
9 2163 2246 2247 2164 1870
9 2164 2247 2248 2165 1871
9 2165 2248 2249 2166 1872
9 2166 2249 2250 2167 1873
9 2167 2250 2251 2168 1874
9 2168 2251 2252 2169 1875
9 2169 2252 2253 2170 1876
9 2170 2253 2254 2171 1877
9 2171 2254 2255 2172 1878
9 2172 2255 2256 2173 1879
9 2173 2256 2257 2174 1880
9 2174 2257 2258 2175 1881
9 2175 2258 2259 2176 1882
9 2176 2259 2260 2177 1883
9 2177 2260 2261 2178 1884
9 2178 2261 2262 2179 1885
9 2179 2262 2263 2180 1886
9 2180 2263 2264 2181 1887
9 2181 2264 2265 2182 1888
9 2182 2265 2266 2183 1889
9 2183 2266 2267 2184 1890
9 2184 2267 2268 2185 1891
9 2185 2268 2269 2186 1892
9 2186 2269 2270 2187 1893
9 2187 2270 2271 2188 1894
9 2188 2271 2272 2189 1895
9 2189 2272 2273 2190 1896
9 2190 2273 2274 2191 1897
9 2191 2274 2275 2192 1898
9 2192 2275 2276 2193 1899
9 2193 2276 2277 2194 1900
9 2194 2277 2278 2195 1901
9 2195 2278 2279 2196 1902
9 2196 2279 2280 2197 1903
9 2197 2280 400 399 1904
9 205 206 2281 2198 1905
9 2198 2281 2282 2199 1906
9 2199 2282 2283 2200 1907
9 2200 2283 2284 2201 1908
9 2201 2284 2285 2202 1909
9 2202 2285 2286 2203 1910
9 2203 2286 2287 2204 1911
9 2204 2287 2288 2205 1912
9 2205 2288 2289 2206 1913
9 2206 2289 2290 2207 1914
9 2207 2290 2291 2208 1915
9 2208 2291 2292 2209 1916
9 2209 2292 2293 2210 1917
9 2210 2293 2294 2211 1918
9 2211 2294 2295 2212 1919
9 2212 2295 2296 2213 1920
9 2213 2296 2297 2214 1921
9 2214 2297 2298 2215 1922
9 2215 2298 2299 2216 1923
9 2216 2299 2300 2217 1924
9 2217 2300 2301 2218 1925
9 2218 2301 2302 2219 1926
9 2219 2302 2303 2220 1927
9 2220 2303 2304 2221 1928
9 2221 2304 2305 2222 1929
9 2222 2305 2306 2223 1930
9 2223 2306 2307 2224 1931
9 2224 2307 2308 2225 1932
9 2225 2308 2309 2226 1933
9 2226 2309 2310 2227 1934
9 2227 2310 2311 2228 1935
9 2228 2311 2312 2229 1936
9 2229 2312 2313 2230 1937
9 2230 2313 2314 2231 1938
9 2231 2314 2315 2232 1939
9 2232 2315 2316 2233 1940
9 2233 2316 2317 2234 1941
9 2234 2317 2318 2235 1942
9 2235 2318 2319 2236 1943
9 2236 2319 2320 2237 1944
9 2237 2320 2321 2238 1945
9 2238 2321 2322 2239 1946
9 2239 2322 2323 2240 1947
9 2240 2323 2324 2241 1948
9 2241 2324 2325 2242 1949
9 2242 2325 2326 2243 1950
9 2243 2326 2327 2244 1951
9 2244 2327 2328 2245 1952
9 2245 2328 2329 2246 1953
9 2246 2329 2330 2247 1954
9 2247 2330 2331 2248 1955
9 2248 2331 2332 2249 1956
9 2249 2332 2333 2250 1957
9 2250 2333 2334 2251 1958
9 2251 2334 2335 2252 1959
9 2252 2335 2336 2253 1960
9 2253 2336 2337 2254 1961
9 2254 2337 2338 2255 1962
9 2255 2338 2339 2256 1963
9 2256 2339 2340 2257 1964
9 2257 2340 2341 2258 1965
9 2258 2341 2342 2259 1966
9 2259 2342 2343 2260 1967
9 2260 2343 2344 2261 1968
9 2261 2344 2345 2262 1969
9 2262 2345 2346 2263 1970
9 2263 2346 2347 2264 1971
9 2264 2347 2348 2265 1972
9 2265 2348 2349 2266 1973
9 2266 2349 2350 2267 1974
9 2267 2350 2351 2268 1975
9 2268 2351 2352 2269 1976
9 2269 2352 2353 2270 1977
9 2270 2353 2354 2271 1978
9 2271 2354 2355 2272 1979
9 2272 2355 2356 2273 1980
9 2273 2356 2357 2274 1981
9 2274 2357 2358 2275 1982
9 2275 2358 2359 2276 1983
9 2276 2359 2360 2277 1984
9 2277 2360 2361 2278 1985
9 2278 2361 2362 2279 1986
9 2279 2362 2363 2280 1987
9 2280 2363 401 400 1988
9 206 207 2364 2281 1989
9 2281 2364 2365 2282 1990
9 2282 2365 2366 2283 1991
9 2283 2366 2367 2284 1992
9 2284 2367 2368 2285 1993
9 2285 2368 2369 2286 1994
9 2286 2369 2370 2287 1995
9 2287 2370 2371 2288 1996
9 2288 2371 2372 2289 1997
9 2289 2372 2373 2290 1998
9 2290 2373 2374 2291 1999
9 2291 2374 2375 2292 2000
9 2292 2375 2376 2293 2001
9 2293 2376 2377 2294 2002
9 2294 2377 2378 2295 2003
9 2295 2378 2379 2296 2004
9 2296 2379 2380 2297 2005
9 2297 2380 2381 2298 2006
9 2298 2381 2382 2299 2007
9 2299 2382 2383 2300 2008
9 2300 2383 2384 2301 2009
9 2301 2384 2385 2302 2010
9 2302 2385 2386 2303 2011
9 2303 2386 2387 2304 2012
9 2304 2387 2388 2305 2013
9 2305 2388 2389 2306 2014
9 2306 2389 2390 2307 2015
9 2307 2390 2391 2308 2016
9 2308 2391 2392 2309 2017
9 2309 2392 2393 2310 2018
9 2310 2393 2394 2311 2019
9 2311 2394 2395 2312 2020
9 2312 2395 2396 2313 2021
9 2313 2396 2397 2314 2022
9 2314 2397 2398 2315 2023
9 2315 2398 2399 2316 2024
9 2316 2399 2400 2317 2025
9 2317 2400 2401 2318 2026
9 2318 2401 2402 2319 2027
9 2319 2402 2403 2320 2028
9 2320 2403 2404 2321 2029
9 2321 2404 2405 2322 2030
9 2322 2405 2406 2323 2031
9 2323 2406 2407 2324 2032
9 2324 2407 2408 2325 2033
9 2325 2408 2409 2326 2034
9 2326 2409 2410 2327 2035
9 2327 2410 2411 2328 2036
9 2328 2411 2412 2329 2037
9 2329 2412 2413 2330 2038
9 2330 2413 2414 2331 2039
9 2331 2414 2415 2332 2040
9 2332 2415 2416 2333 2041
9 2333 2416 2417 2334 2042
9 2334 2417 2418 2335 2043
9 2335 2418 2419 2336 2044
9 2336 2419 2420 2337 2045
9 2337 2420 2421 2338 2046
9 2338 2421 2422 2339 2047
9 2339 2422 2423 2340 2048
9 2340 2423 2424 2341 2049
9 2341 2424 2425 2342 2050
9 2342 2425 2426 2343 2051
9 2343 2426 2427 2344 2052
9 2344 2427 2428 2345 2053
9 2345 2428 2429 2346 2054
9 2346 2429 2430 2347 2055
9 2347 2430 2431 2348 2056
9 2348 2431 2432 2349 2057
9 2349 2432 2433 2350 2058
9 2350 2433 2434 2351 2059
9 2351 2434 2435 2352 2060
9 2352 2435 2436 2353 2061
9 2353 2436 2437 2354 2062
9 2354 2437 2438 2355 2063
9 2355 2438 2439 2356 2064
9 2356 2439 2440 2357 2065
9 2357 2440 2441 2358 2066
9 2358 2441 2442 2359 2067
9 2359 2442 2443 2360 2068
9 2360 2443 2444 2361 2069
9 2361 2444 2445 2362 2070
9 2362 2445 2446 2363 2071
9 2363 2446 402 401 2072
9 207 208 2447 2364 2073
9 2364 2447 2448 2365 2074
9 2365 2448 2449 2366 2075
9 2366 2449 2450 2367 2076
9 2367 2450 2451 2368 2077
9 2368 2451 2452 2369 2078
9 2369 2452 2453 2370 2079
9 2370 2453 2454 2371 2080
9 2371 2454 2455 2372 2081
9 2372 2455 2456 2373 2082
9 2373 2456 2457 2374 2083
9 2374 2457 2458 2375 2084
9 2375 2458 2459 2376 2085
9 2376 2459 2460 2377 2086
9 2377 2460 2461 2378 2087
9 2378 2461 2462 2379 2088
9 2379 2462 2463 2380 2089
9 2380 2463 2464 2381 2090
9 2381 2464 2465 2382 2091
9 2382 2465 2466 2383 2092
9 2383 2466 2467 2384 2093
9 2384 2467 2468 2385 2094
9 2385 2468 2469 2386 2095
9 2386 2469 2470 2387 2096
9 2387 2470 2471 2388 2097
9 2388 2471 2472 2389 2098
9 2389 2472 2473 2390 2099
9 2390 2473 2474 2391 2100
9 2391 2474 2475 2392 2101
9 2392 2475 2476 2393 2102
9 2393 2476 2477 2394 2103
9 2394 2477 2478 2395 2104
9 2395 2478 2479 2396 2105
9 2396 2479 2480 2397 2106
9 2397 2480 2481 2398 2107
9 2398 2481 2482 2399 2108
9 2399 2482 2483 2400 2109
9 2400 2483 2484 2401 2110
9 2401 2484 2485 2402 2111
9 2402 2485 2486 2403 2112
9 2403 2486 2487 2404 2113
9 2404 2487 2488 2405 2114
9 2405 2488 2489 2406 2115
9 2406 2489 2490 2407 2116
9 2407 2490 2491 2408 2117
9 2408 2491 2492 2409 2118
9 2409 2492 2493 2410 2119
9 2410 2493 2494 2411 2120
9 2411 2494 2495 2412 2121
9 2412 2495 2496 2413 2122
9 2413 2496 2497 2414 2123
9 2414 2497 2498 2415 2124
9 2415 2498 2499 2416 2125
9 2416 2499 2500 2417 2126
9 2417 2500 2501 2418 2127
9 2418 2501 2502 2419 2128
9 2419 2502 2503 2420 2129
9 2420 2503 2504 2421 2130
9 2421 2504 2505 2422 2131
9 2422 2505 2506 2423 2132
9 2423 2506 2507 2424 2133
9 2424 2507 2508 2425 2134
9 2425 2508 2509 2426 2135
9 2426 2509 2510 2427 2136
9 2427 2510 2511 2428 2137
9 2428 2511 2512 2429 2138
9 2429 2512 2513 2430 2139
9 2430 2513 2514 2431 2140
9 2431 2514 2515 2432 2141
9 2432 2515 2516 2433 2142
9 2433 2516 2517 2434 2143
9 2434 2517 2518 2435 2144
9 2435 2518 2519 2436 2145
9 2436 2519 2520 2437 2146
9 2437 2520 2521 2438 2147
9 2438 2521 2522 2439 2148
9 2439 2522 2523 2440 2149
9 2440 2523 2524 2441 2150
9 2441 2524 2525 2442 2151
9 2442 2525 2526 2443 2152
9 2443 2526 2527 2444 2153
9 2444 2527 2528 2445 2154
9 2445 2528 2529 2446 2155
9 2446 2529 403 402 2156
9 208 209 2530 2447 2157
9 2447 2530 2531 2448 2158
9 2448 2531 2532 2449 2159
9 2449 2532 2533 2450 2160
9 2450 2533 2534 2451 2161
9 2451 2534 2535 2452 2162
9 2452 2535 2536 2453 2163
9 2453 2536 2537 2454 2164
9 2454 2537 2538 2455 2165
9 2455 2538 2539 2456 2166
9 2456 2539 2540 2457 2167
9 2457 2540 2541 2458 2168
9 2458 2541 2542 2459 2169
9 2459 2542 2543 2460 2170
9 2460 2543 2544 2461 2171
9 2461 2544 2545 2462 2172
9 2462 2545 2546 2463 2173
9 2463 2546 2547 2464 2174
9 2464 2547 2548 2465 2175
9 2465 2548 2549 2466 2176
9 2466 2549 2550 2467 2177
9 2467 2550 2551 2468 2178
9 2468 2551 2552 2469 2179
9 2469 2552 2553 2470 2180
9 2470 2553 2554 2471 2181
9 2471 2554 2555 2472 2182
9 2472 2555 2556 2473 2183
9 2473 2556 2557 2474 2184
9 2474 2557 2558 2475 2185
9 2475 2558 2559 2476 2186
9 2476 2559 2560 2477 2187
9 2477 2560 2561 2478 2188
9 2478 2561 2562 2479 2189
9 2479 2562 2563 2480 2190
9 2480 2563 2564 2481 2191
9 2481 2564 2565 2482 2192
9 2482 2565 2566 2483 2193
9 2483 2566 2567 2484 2194
9 2484 2567 2568 2485 2195
9 2485 2568 2569 2486 2196
9 2486 2569 2570 2487 2197
9 2487 2570 2571 2488 2198
9 2488 2571 2572 2489 2199
9 2489 2572 2573 2490 2200
9 2490 2573 2574 2491 2201
9 2491 2574 2575 2492 2202
9 2492 2575 2576 2493 2203
9 2493 2576 2577 2494 2204
9 2494 2577 2578 2495 2205
9 2495 2578 2579 2496 2206
9 2496 2579 2580 2497 2207
9 2497 2580 2581 2498 2208
9 2498 2581 2582 2499 2209
9 2499 2582 2583 2500 2210
9 2500 2583 2584 2501 2211
9 2501 2584 2585 2502 2212
9 2502 2585 2586 2503 2213
9 2503 2586 2587 2504 2214
9 2504 2587 2588 2505 2215
9 2505 2588 2589 2506 2216
9 2506 2589 2590 2507 2217
9 2507 2590 2591 2508 2218
9 2508 2591 2592 2509 2219
9 2509 2592 2593 2510 2220
9 2510 2593 2594 2511 2221
9 2511 2594 2595 2512 2222
9 2512 2595 2596 2513 2223
9 2513 2596 2597 2514 2224
9 2514 2597 2598 2515 2225
9 2515 2598 2599 2516 2226
9 2516 2599 2600 2517 2227
9 2517 2600 2601 2518 2228
9 2518 2601 2602 2519 2229
9 2519 2602 2603 2520 2230
9 2520 2603 2604 2521 2231
9 2521 2604 2605 2522 2232
9 2522 2605 2606 2523 2233
9 2523 2606 2607 2524 2234
9 2524 2607 2608 2525 2235
9 2525 2608 2609 2526 2236
9 2526 2609 2610 2527 2237
9 2527 2610 2611 2528 2238
9 2528 2611 2612 2529 2239
9 2529 2612 404 403 2240
9 209 210 2613 2530 2241
9 2530 2613 2614 2531 2242
9 2531 2614 2615 2532 2243
9 2532 2615 2616 2533 2244
9 2533 2616 2617 2534 2245
9 2534 2617 2618 2535 2246
9 2535 2618 2619 2536 2247
9 2536 2619 2620 2537 2248
9 2537 2620 2621 2538 2249
9 2538 2621 2622 2539 2250
9 2539 2622 2623 2540 2251
9 2540 2623 2624 2541 2252
9 2541 2624 2625 2542 2253
9 2542 2625 2626 2543 2254
9 2543 2626 2627 2544 2255
9 2544 2627 2628 2545 2256
9 2545 2628 2629 2546 2257
9 2546 2629 2630 2547 2258
9 2547 2630 2631 2548 2259
9 2548 2631 2632 2549 2260
9 2549 2632 2633 2550 2261
9 2550 2633 2634 2551 2262
9 2551 2634 2635 2552 2263
9 2552 2635 2636 2553 2264
9 2553 2636 2637 2554 2265
9 2554 2637 2638 2555 2266
9 2555 2638 2639 2556 2267
9 2556 2639 2640 2557 2268
9 2557 2640 2641 2558 2269
9 2558 2641 2642 2559 2270
9 2559 2642 2643 2560 2271
9 2560 2643 2644 2561 2272
9 2561 2644 2645 2562 2273
9 2562 2645 2646 2563 2274
9 2563 2646 2647 2564 2275
9 2564 2647 2648 2565 2276
9 2565 2648 2649 2566 2277
9 2566 2649 2650 2567 2278
9 2567 2650 2651 2568 2279
9 2568 2651 2652 2569 2280
9 2569 2652 2653 2570 2281
9 2570 2653 2654 2571 2282
9 2571 2654 2655 2572 2283
9 2572 2655 2656 2573 2284
9 2573 2656 2657 2574 2285
9 2574 2657 2658 2575 2286
9 2575 2658 2659 2576 2287
9 2576 2659 2660 2577 2288
9 2577 2660 2661 2578 2289
9 2578 2661 2662 2579 2290
9 2579 2662 2663 2580 2291
9 2580 2663 2664 2581 2292
9 2581 2664 2665 2582 2293
9 2582 2665 2666 2583 2294
9 2583 2666 2667 2584 2295
9 2584 2667 2668 2585 2296
9 2585 2668 2669 2586 2297
9 2586 2669 2670 2587 2298
9 2587 2670 2671 2588 2299
9 2588 2671 2672 2589 2300
9 2589 2672 2673 2590 2301
9 2590 2673 2674 2591 2302
9 2591 2674 2675 2592 2303
9 2592 2675 2676 2593 2304
9 2593 2676 2677 2594 2305
9 2594 2677 2678 2595 2306
9 2595 2678 2679 2596 2307
9 2596 2679 2680 2597 2308
9 2597 2680 2681 2598 2309
9 2598 2681 2682 2599 2310
9 2599 2682 2683 2600 2311
9 2600 2683 2684 2601 2312
9 2601 2684 2685 2602 2313
9 2602 2685 2686 2603 2314
9 2603 2686 2687 2604 2315
9 2604 2687 2688 2605 2316
9 2605 2688 2689 2606 2317
9 2606 2689 2690 2607 2318
9 2607 2690 2691 2608 2319
9 2608 2691 2692 2609 2320
9 2609 2692 2693 2610 2321
9 2610 2693 2694 2611 2322
9 2611 2694 2695 2612 2323
9 2612 2695 405 404 2324
9 210 211 2696 2613 2325
9 2613 2696 2697 2614 2326
9 2614 2697 2698 2615 2327
9 2615 2698 2699 2616 2328
9 2616 2699 2700 2617 2329
9 2617 2700 2701 2618 2330
9 2618 2701 2702 2619 2331
9 2619 2702 2703 2620 2332
9 2620 2703 2704 2621 2333
9 2621 2704 2705 2622 2334
9 2622 2705 2706 2623 2335
9 2623 2706 2707 2624 2336
9 2624 2707 2708 2625 2337
9 2625 2708 2709 2626 2338
9 2626 2709 2710 2627 2339
9 2627 2710 2711 2628 2340
9 2628 2711 2712 2629 2341
9 2629 2712 2713 2630 2342
9 2630 2713 2714 2631 2343
9 2631 2714 2715 2632 2344
9 2632 2715 2716 2633 2345
9 2633 2716 2717 2634 2346
9 2634 2717 2718 2635 2347
9 2635 2718 2719 2636 2348
9 2636 2719 2720 2637 2349
9 2637 2720 2721 2638 2350
9 2638 2721 2722 2639 2351
9 2639 2722 2723 2640 2352
9 2640 2723 2724 2641 2353
9 2641 2724 2725 2642 2354
9 2642 2725 2726 2643 2355
9 2643 2726 2727 2644 2356
9 2644 2727 2728 2645 2357
9 2645 2728 2729 2646 2358
9 2646 2729 2730 2647 2359
9 2647 2730 2731 2648 2360
9 2648 2731 2732 2649 2361
9 2649 2732 2733 2650 2362
9 2650 2733 2734 2651 2363
9 2651 2734 2735 2652 2364
9 2652 2735 2736 2653 2365
9 2653 2736 2737 2654 2366
9 2654 2737 2738 2655 2367
9 2655 2738 2739 2656 2368
9 2656 2739 2740 2657 2369
9 2657 2740 2741 2658 2370
9 2658 2741 2742 2659 2371
9 2659 2742 2743 2660 2372
9 2660 2743 2744 2661 2373
9 2661 2744 2745 2662 2374
9 2662 2745 2746 2663 2375
9 2663 2746 2747 2664 2376
9 2664 2747 2748 2665 2377
9 2665 2748 2749 2666 2378
9 2666 2749 2750 2667 2379
9 2667 2750 2751 2668 2380
9 2668 2751 2752 2669 2381
9 2669 2752 2753 2670 2382
9 2670 2753 2754 2671 2383
9 2671 2754 2755 2672 2384
9 2672 2755 2756 2673 2385
9 2673 2756 2757 2674 2386
9 2674 2757 2758 2675 2387
9 2675 2758 2759 2676 2388
9 2676 2759 2760 2677 2389
9 2677 2760 2761 2678 2390
9 2678 2761 2762 2679 2391
9 2679 2762 2763 2680 2392
9 2680 2763 2764 2681 2393
9 2681 2764 2765 2682 2394
9 2682 2765 2766 2683 2395
9 2683 2766 2767 2684 2396
9 2684 2767 2768 2685 2397
9 2685 2768 2769 2686 2398
9 2686 2769 2770 2687 2399
9 2687 2770 2771 2688 2400
9 2688 2771 2772 2689 2401
9 2689 2772 2773 2690 2402
9 2690 2773 2774 2691 2403
9 2691 2774 2775 2692 2404
9 2692 2775 2776 2693 2405
9 2693 2776 2777 2694 2406
9 2694 2777 2778 2695 2407
9 2695 2778 406 405 2408
9 211 212 2779 2696 2409
9 2696 2779 2780 2697 2410
9 2697 2780 2781 2698 2411
9 2698 2781 2782 2699 2412
9 2699 2782 2783 2700 2413
9 2700 2783 2784 2701 2414
9 2701 2784 2785 2702 2415
9 2702 2785 2786 2703 2416
9 2703 2786 2787 2704 2417
9 2704 2787 2788 2705 2418
9 2705 2788 2789 2706 2419
9 2706 2789 2790 2707 2420
9 2707 2790 2791 2708 2421
9 2708 2791 2792 2709 2422
9 2709 2792 2793 2710 2423
9 2710 2793 2794 2711 2424
9 2711 2794 2795 2712 2425
9 2712 2795 2796 2713 2426
9 2713 2796 2797 2714 2427
9 2714 2797 2798 2715 2428
9 2715 2798 2799 2716 2429
9 2716 2799 2800 2717 2430
9 2717 2800 2801 2718 2431
9 2718 2801 2802 2719 2432
9 2719 2802 2803 2720 2433
9 2720 2803 2804 2721 2434
9 2721 2804 2805 2722 2435
9 2722 2805 2806 2723 2436
9 2723 2806 2807 2724 2437
9 2724 2807 2808 2725 2438
9 2725 2808 2809 2726 2439
9 2726 2809 2810 2727 2440
9 2727 2810 2811 2728 2441
9 2728 2811 2812 2729 2442
9 2729 2812 2813 2730 2443
9 2730 2813 2814 2731 2444
9 2731 2814 2815 2732 2445
9 2732 2815 2816 2733 2446
9 2733 2816 2817 2734 2447
9 2734 2817 2818 2735 2448
9 2735 2818 2819 2736 2449
9 2736 2819 2820 2737 2450
9 2737 2820 2821 2738 2451
9 2738 2821 2822 2739 2452
9 2739 2822 2823 2740 2453
9 2740 2823 2824 2741 2454
9 2741 2824 2825 2742 2455
9 2742 2825 2826 2743 2456
9 2743 2826 2827 2744 2457
9 2744 2827 2828 2745 2458
9 2745 2828 2829 2746 2459
9 2746 2829 2830 2747 2460
9 2747 2830 2831 2748 2461
9 2748 2831 2832 2749 2462
9 2749 2832 2833 2750 2463
9 2750 2833 2834 2751 2464
9 2751 2834 2835 2752 2465
9 2752 2835 2836 2753 2466
9 2753 2836 2837 2754 2467
9 2754 2837 2838 2755 2468
9 2755 2838 2839 2756 2469
9 2756 2839 2840 2757 2470
9 2757 2840 2841 2758 2471
9 2758 2841 2842 2759 2472
9 2759 2842 2843 2760 2473
9 2760 2843 2844 2761 2474
9 2761 2844 2845 2762 2475
9 2762 2845 2846 2763 2476
9 2763 2846 2847 2764 2477
9 2764 2847 2848 2765 2478
9 2765 2848 2849 2766 2479
9 2766 2849 2850 2767 2480
9 2767 2850 2851 2768 2481
9 2768 2851 2852 2769 2482
9 2769 2852 2853 2770 2483
9 2770 2853 2854 2771 2484
9 2771 2854 2855 2772 2485
9 2772 2855 2856 2773 2486
9 2773 2856 2857 2774 2487
9 2774 2857 2858 2775 2488
9 2775 2858 2859 2776 2489
9 2776 2859 2860 2777 2490
9 2777 2860 2861 2778 2491
9 2778 2861 407 406 2492
9 212 213 2862 2779 2493
9 2779 2862 2863 2780 2494
9 2780 2863 2864 2781 2495
9 2781 2864 2865 2782 2496
9 2782 2865 2866 2783 2497
9 2783 2866 2867 2784 2498
9 2784 2867 2868 2785 2499
9 2785 2868 2869 2786 2500
9 2786 2869 2870 2787 2501
9 2787 2870 2871 2788 2502
9 2788 2871 2872 2789 2503
9 2789 2872 2873 2790 2504
9 2790 2873 2874 2791 2505
9 2791 2874 2875 2792 2506
9 2792 2875 2876 2793 2507
9 2793 2876 2877 2794 2508
9 2794 2877 2878 2795 2509
9 2795 2878 2879 2796 2510
9 2796 2879 2880 2797 2511
9 2797 2880 2881 2798 2512
9 2798 2881 2882 2799 2513
9 2799 2882 2883 2800 2514
9 2800 2883 2884 2801 2515
9 2801 2884 2885 2802 2516
9 2802 2885 2886 2803 2517
9 2803 2886 2887 2804 2518
9 2804 2887 2888 2805 2519
9 2805 2888 2889 2806 2520
9 2806 2889 2890 2807 2521
9 2807 2890 2891 2808 2522
9 2808 2891 2892 2809 2523
9 2809 2892 2893 2810 2524
9 2810 2893 2894 2811 2525
9 2811 2894 2895 2812 2526
9 2812 2895 2896 2813 2527
9 2813 2896 2897 2814 2528
9 2814 2897 2898 2815 2529
9 2815 2898 2899 2816 2530
9 2816 2899 2900 2817 2531
9 2817 2900 2901 2818 2532
9 2818 2901 2902 2819 2533
9 2819 2902 2903 2820 2534
9 2820 2903 2904 2821 2535
9 2821 2904 2905 2822 2536
9 2822 2905 2906 2823 2537
9 2823 2906 2907 2824 2538
9 2824 2907 2908 2825 2539
9 2825 2908 2909 2826 2540
9 2826 2909 2910 2827 2541
9 2827 2910 2911 2828 2542
9 2828 2911 2912 2829 2543
9 2829 2912 2913 2830 2544
9 2830 2913 2914 2831 2545
9 2831 2914 2915 2832 2546
9 2832 2915 2916 2833 2547
9 2833 2916 2917 2834 2548
9 2834 2917 2918 2835 2549
9 2835 2918 2919 2836 2550
9 2836 2919 2920 2837 2551
9 2837 2920 2921 2838 2552
9 2838 2921 2922 2839 2553
9 2839 2922 2923 2840 2554
9 2840 2923 2924 2841 2555
9 2841 2924 2925 2842 2556
9 2842 2925 2926 2843 2557
9 2843 2926 2927 2844 2558
9 2844 2927 2928 2845 2559
9 2845 2928 2929 2846 2560
9 2846 2929 2930 2847 2561
9 2847 2930 2931 2848 2562
9 2848 2931 2932 2849 2563
9 2849 2932 2933 2850 2564
9 2850 2933 2934 2851 2565
9 2851 2934 2935 2852 2566
9 2852 2935 2936 2853 2567
9 2853 2936 2937 2854 2568
9 2854 2937 2938 2855 2569
9 2855 2938 2939 2856 2570
9 2856 2939 2940 2857 2571
9 2857 2940 2941 2858 2572
9 2858 2941 2942 2859 2573
9 2859 2942 2943 2860 2574
9 2860 2943 2944 2861 2575
9 2861 2944 408 407 2576
9 213 214 2945 2862 2577
9 2862 2945 2946 2863 2578
9 2863 2946 2947 2864 2579
9 2864 2947 2948 2865 2580
9 2865 2948 2949 2866 2581
9 2866 2949 2950 2867 2582
9 2867 2950 2951 2868 2583
9 2868 2951 2952 2869 2584
9 2869 2952 2953 2870 2585
9 2870 2953 2954 2871 2586
9 2871 2954 2955 2872 2587
9 2872 2955 2956 2873 2588
9 2873 2956 2957 2874 2589
9 2874 2957 2958 2875 2590
9 2875 2958 2959 2876 2591
9 2876 2959 2960 2877 2592
9 2877 2960 2961 2878 2593
9 2878 2961 2962 2879 2594
9 2879 2962 2963 2880 2595
9 2880 2963 2964 2881 2596
9 2881 2964 2965 2882 2597
9 2882 2965 2966 2883 2598
9 2883 2966 2967 2884 2599
9 2884 2967 2968 2885 2600
9 2885 2968 2969 2886 2601
9 2886 2969 2970 2887 2602
9 2887 2970 2971 2888 2603
9 2888 2971 2972 2889 2604
9 2889 2972 2973 2890 2605
9 2890 2973 2974 2891 2606
9 2891 2974 2975 2892 2607
9 2892 2975 2976 2893 2608
9 2893 2976 2977 2894 2609
9 2894 2977 2978 2895 2610
9 2895 2978 2979 2896 2611
9 2896 2979 2980 2897 2612
9 2897 2980 2981 2898 2613
9 2898 2981 2982 2899 2614
9 2899 2982 2983 2900 2615
9 2900 2983 2984 2901 2616
9 2901 2984 2985 2902 2617
9 2902 2985 2986 2903 2618
9 2903 2986 2987 2904 2619
9 2904 2987 2988 2905 2620
9 2905 2988 2989 2906 2621
9 2906 2989 2990 2907 2622
9 2907 2990 2991 2908 2623
9 2908 2991 2992 2909 2624
9 2909 2992 2993 2910 2625
9 2910 2993 2994 2911 2626
9 2911 2994 2995 2912 2627
9 2912 2995 2996 2913 2628
9 2913 2996 2997 2914 2629
9 2914 2997 2998 2915 2630
9 2915 2998 2999 2916 2631
9 2916 2999 3000 2917 2632
9 2917 3000 3001 2918 2633
9 2918 3001 3002 2919 2634
9 2919 3002 3003 2920 2635
9 2920 3003 3004 2921 2636
9 2921 3004 3005 2922 2637
9 2922 3005 3006 2923 2638
9 2923 3006 3007 2924 2639
9 2924 3007 3008 2925 2640
9 2925 3008 3009 2926 2641
9 2926 3009 3010 2927 2642
9 2927 3010 3011 2928 2643
9 2928 3011 3012 2929 2644
9 2929 3012 3013 2930 2645
9 2930 3013 3014 2931 2646
9 2931 3014 3015 2932 2647
9 2932 3015 3016 2933 2648
9 2933 3016 3017 2934 2649
9 2934 3017 3018 2935 2650
9 2935 3018 3019 2936 2651
9 2936 3019 3020 2937 2652
9 2937 3020 3021 2938 2653
9 2938 3021 3022 2939 2654
9 2939 3022 3023 2940 2655
9 2940 3023 3024 2941 2656
9 2941 3024 3025 2942 2657
9 2942 3025 3026 2943 2658
9 2943 3026 3027 2944 2659
9 2944 3027 409 408 2660
9 214 215 3028 2945 2661
9 2945 3028 3029 2946 2662
9 2946 3029 3030 2947 2663
9 2947 3030 3031 2948 2664
9 2948 3031 3032 2949 2665
9 2949 3032 3033 2950 2666
9 2950 3033 3034 2951 2667
9 2951 3034 3035 2952 2668
9 2952 3035 3036 2953 2669
9 2953 3036 3037 2954 2670
9 2954 3037 3038 2955 2671
9 2955 3038 3039 2956 2672
9 2956 3039 3040 2957 2673
9 2957 3040 3041 2958 2674
9 2958 3041 3042 2959 2675
9 2959 3042 3043 2960 2676
9 2960 3043 3044 2961 2677
9 2961 3044 3045 2962 2678
9 2962 3045 3046 2963 2679
9 2963 3046 3047 2964 2680
9 2964 3047 3048 2965 2681
9 2965 3048 3049 2966 2682
9 2966 3049 3050 2967 2683
9 2967 3050 3051 2968 2684
9 2968 3051 3052 2969 2685
9 2969 3052 3053 2970 2686
9 2970 3053 3054 2971 2687
9 2971 3054 3055 2972 2688
9 2972 3055 3056 2973 2689
9 2973 3056 3057 2974 2690
9 2974 3057 3058 2975 2691
9 2975 3058 3059 2976 2692
9 2976 3059 3060 2977 2693
9 2977 3060 3061 2978 2694
9 2978 3061 3062 2979 2695
9 2979 3062 3063 2980 2696
9 2980 3063 3064 2981 2697
9 2981 3064 3065 2982 2698
9 2982 3065 3066 2983 2699
9 2983 3066 3067 2984 2700
9 2984 3067 3068 2985 2701
9 2985 3068 3069 2986 2702
9 2986 3069 3070 2987 2703
9 2987 3070 3071 2988 2704
9 2988 3071 3072 2989 2705
9 2989 3072 3073 2990 2706
9 2990 3073 3074 2991 2707
9 2991 3074 3075 2992 2708
9 2992 3075 3076 2993 2709
9 2993 3076 3077 2994 2710
9 2994 3077 3078 2995 2711
9 2995 3078 3079 2996 2712
9 2996 3079 3080 2997 2713
9 2997 3080 3081 2998 2714
9 2998 3081 3082 2999 2715
9 2999 3082 3083 3000 2716
9 3000 3083 3084 3001 2717
9 3001 3084 3085 3002 2718
9 3002 3085 3086 3003 2719
9 3003 3086 3087 3004 2720
9 3004 3087 3088 3005 2721
9 3005 3088 3089 3006 2722
9 3006 3089 3090 3007 2723
9 3007 3090 3091 3008 2724
9 3008 3091 3092 3009 2725
9 3009 3092 3093 3010 2726
9 3010 3093 3094 3011 2727
9 3011 3094 3095 3012 2728
9 3012 3095 3096 3013 2729
9 3013 3096 3097 3014 2730
9 3014 3097 3098 3015 2731
9 3015 3098 3099 3016 2732
9 3016 3099 3100 3017 2733
9 3017 3100 3101 3018 2734
9 3018 3101 3102 3019 2735
9 3019 3102 3103 3020 2736
9 3020 3103 3104 3021 2737
9 3021 3104 3105 3022 2738
9 3022 3105 3106 3023 2739
9 3023 3106 3107 3024 2740
9 3024 3107 3108 3025 2741
9 3025 3108 3109 3026 2742
9 3026 3109 3110 3027 2743
9 3027 3110 410 409 2744
9 215 216 3111 3028 2745
9 3028 3111 3112 3029 2746
9 3029 3112 3113 3030 2747
9 3030 3113 3114 3031 2748
9 3031 3114 3115 3032 2749
9 3032 3115 3116 3033 2750
9 3033 3116 3117 3034 2751
9 3034 3117 3118 3035 2752
9 3035 3118 3119 3036 2753
9 3036 3119 3120 3037 2754
9 3037 3120 3121 3038 2755
9 3038 3121 3122 3039 2756
9 3039 3122 3123 3040 2757
9 3040 3123 3124 3041 2758
9 3041 3124 3125 3042 2759
9 3042 3125 3126 3043 2760
9 3043 3126 3127 3044 2761
9 3044 3127 3128 3045 2762
9 3045 3128 3129 3046 2763
9 3046 3129 3130 3047 2764
9 3047 3130 3131 3048 2765
9 3048 3131 3132 3049 2766
9 3049 3132 3133 3050 2767
9 3050 3133 3134 3051 2768
9 3051 3134 3135 3052 2769
9 3052 3135 3136 3053 2770
9 3053 3136 3137 3054 2771
9 3054 3137 3138 3055 2772
9 3055 3138 3139 3056 2773
9 3056 3139 3140 3057 2774
9 3057 3140 3141 3058 2775
9 3058 3141 3142 3059 2776
9 3059 3142 3143 3060 2777
9 3060 3143 3144 3061 2778
9 3061 3144 3145 3062 2779
9 3062 3145 3146 3063 2780
9 3063 3146 3147 3064 2781
9 3064 3147 3148 3065 2782
9 3065 3148 3149 3066 2783
9 3066 3149 3150 3067 2784
9 3067 3150 3151 3068 2785
9 3068 3151 3152 3069 2786
9 3069 3152 3153 3070 2787
9 3070 3153 3154 3071 2788
9 3071 3154 3155 3072 2789
9 3072 3155 3156 3073 2790
9 3073 3156 3157 3074 2791
9 3074 3157 3158 3075 2792
9 3075 3158 3159 3076 2793
9 3076 3159 3160 3077 2794
9 3077 3160 3161 3078 2795
9 3078 3161 3162 3079 2796
9 3079 3162 3163 3080 2797
9 3080 3163 3164 3081 2798
9 3081 3164 3165 3082 2799
9 3082 3165 3166 3083 2800
9 3083 3166 3167 3084 2801
9 3084 3167 3168 3085 2802
9 3085 3168 3169 3086 2803
9 3086 3169 3170 3087 2804
9 3087 3170 3171 3088 2805
9 3088 3171 3172 3089 2806
9 3089 3172 3173 3090 2807
9 3090 3173 3174 3091 2808
9 3091 3174 3175 3092 2809
9 3092 3175 3176 3093 2810
9 3093 3176 3177 3094 2811
9 3094 3177 3178 3095 2812
9 3095 3178 3179 3096 2813
9 3096 3179 3180 3097 2814
9 3097 3180 3181 3098 2815
9 3098 3181 3182 3099 2816
9 3099 3182 3183 3100 2817
9 3100 3183 3184 3101 2818
9 3101 3184 3185 3102 2819
9 3102 3185 3186 3103 2820
9 3103 3186 3187 3104 2821
9 3104 3187 3188 3105 2822
9 3105 3188 3189 3106 2823
9 3106 3189 3190 3107 2824
9 3107 3190 3191 3108 2825
9 3108 3191 3192 3109 2826
9 3109 3192 3193 3110 2827
9 3110 3193 411 410 2828
9 216 217 3194 3111 2829
9 3111 3194 3195 3112 2830
9 3112 3195 3196 3113 2831
9 3113 3196 3197 3114 2832
9 3114 3197 3198 3115 2833
9 3115 3198 3199 3116 2834
9 3116 3199 3200 3117 2835
9 3117 3200 3201 3118 2836
9 3118 3201 3202 3119 2837
9 3119 3202 3203 3120 2838
9 3120 3203 3204 3121 2839
9 3121 3204 3205 3122 2840
9 3122 3205 3206 3123 2841
9 3123 3206 3207 3124 2842
9 3124 3207 3208 3125 2843
9 3125 3208 3209 3126 2844
9 3126 3209 3210 3127 2845
9 3127 3210 3211 3128 2846
9 3128 3211 3212 3129 2847
9 3129 3212 3213 3130 2848
9 3130 3213 3214 3131 2849
9 3131 3214 3215 3132 2850
9 3132 3215 3216 3133 2851
9 3133 3216 3217 3134 2852
9 3134 3217 3218 3135 2853
9 3135 3218 3219 3136 2854
9 3136 3219 3220 3137 2855
9 3137 3220 3221 3138 2856
9 3138 3221 3222 3139 2857
9 3139 3222 3223 3140 2858
9 3140 3223 3224 3141 2859
9 3141 3224 3225 3142 2860
9 3142 3225 3226 3143 2861
9 3143 3226 3227 3144 2862
9 3144 3227 3228 3145 2863
9 3145 3228 3229 3146 2864
9 3146 3229 3230 3147 2865
9 3147 3230 3231 3148 2866
9 3148 3231 3232 3149 2867
9 3149 3232 3233 3150 2868
9 3150 3233 3234 3151 2869
9 3151 3234 3235 3152 2870
9 3152 3235 3236 3153 2871
9 3153 3236 3237 3154 2872
9 3154 3237 3238 3155 2873
9 3155 3238 3239 3156 2874
9 3156 3239 3240 3157 2875
9 3157 3240 3241 3158 2876
9 3158 3241 3242 3159 2877
9 3159 3242 3243 3160 2878
9 3160 3243 3244 3161 2879
9 3161 3244 3245 3162 2880
9 3162 3245 3246 3163 2881
9 3163 3246 3247 3164 2882
9 3164 3247 3248 3165 2883
9 3165 3248 3249 3166 2884
9 3166 3249 3250 3167 2885
9 3167 3250 3251 3168 2886
9 3168 3251 3252 3169 2887
9 3169 3252 3253 3170 2888
9 3170 3253 3254 3171 2889
9 3171 3254 3255 3172 2890
9 3172 3255 3256 3173 2891
9 3173 3256 3257 3174 2892
9 3174 3257 3258 3175 2893
9 3175 3258 3259 3176 2894
9 3176 3259 3260 3177 2895
9 3177 3260 3261 3178 2896
9 3178 3261 3262 3179 2897
9 3179 3262 3263 3180 2898
9 3180 3263 3264 3181 2899
9 3181 3264 3265 3182 2900
9 3182 3265 3266 3183 2901
9 3183 3266 3267 3184 2902
9 3184 3267 3268 3185 2903
9 3185 3268 3269 3186 2904
9 3186 3269 3270 3187 2905
9 3187 3270 3271 3188 2906
9 3188 3271 3272 3189 2907
9 3189 3272 3273 3190 2908
9 3190 3273 3274 3191 2909
9 3191 3274 3275 3192 2910
9 3192 3275 3276 3193 2911
9 3193 3276 412 411 2912
9 217 218 3277 3194 2913
9 3194 3277 3278 3195 2914
9 3195 3278 3279 3196 2915
9 3196 3279 3280 3197 2916
9 3197 3280 3281 3198 2917
9 3198 3281 3282 3199 2918
9 3199 3282 3283 3200 2919
9 3200 3283 3284 3201 2920
9 3201 3284 3285 3202 2921
9 3202 3285 3286 3203 2922
9 3203 3286 3287 3204 2923
9 3204 3287 3288 3205 2924
9 3205 3288 3289 3206 2925
9 3206 3289 3290 3207 2926
9 3207 3290 3291 3208 2927
9 3208 3291 3292 3209 2928
9 3209 3292 3293 3210 2929
9 3210 3293 3294 3211 2930
9 3211 3294 3295 3212 2931
9 3212 3295 3296 3213 2932
9 3213 3296 3297 3214 2933
9 3214 3297 3298 3215 2934
9 3215 3298 3299 3216 2935
9 3216 3299 3300 3217 2936
9 3217 3300 3301 3218 2937
9 3218 3301 3302 3219 2938
9 3219 3302 3303 3220 2939
9 3220 3303 3304 3221 2940
9 3221 3304 3305 3222 2941
9 3222 3305 3306 3223 2942
9 3223 3306 3307 3224 2943
9 3224 3307 3308 3225 2944
9 3225 3308 3309 3226 2945
9 3226 3309 3310 3227 2946
9 3227 3310 3311 3228 2947
9 3228 3311 3312 3229 2948
9 3229 3312 3313 3230 2949
9 3230 3313 3314 3231 2950
9 3231 3314 3315 3232 2951
9 3232 3315 3316 3233 2952
9 3233 3316 3317 3234 2953
9 3234 3317 3318 3235 2954
9 3235 3318 3319 3236 2955
9 3236 3319 3320 3237 2956
9 3237 3320 3321 3238 2957
9 3238 3321 3322 3239 2958
9 3239 3322 3323 3240 2959
9 3240 3323 3324 3241 2960
9 3241 3324 3325 3242 2961
9 3242 3325 3326 3243 2962
9 3243 3326 3327 3244 2963
9 3244 3327 3328 3245 2964
9 3245 3328 3329 3246 2965
9 3246 3329 3330 3247 2966
9 3247 3330 3331 3248 2967
9 3248 3331 3332 3249 2968
9 3249 3332 3333 3250 2969
9 3250 3333 3334 3251 2970
9 3251 3334 3335 3252 2971
9 3252 3335 3336 3253 2972
9 3253 3336 3337 3254 2973
9 3254 3337 3338 3255 2974
9 3255 3338 3339 3256 2975
9 3256 3339 3340 3257 2976
9 3257 3340 3341 3258 2977
9 3258 3341 3342 3259 2978
9 3259 3342 3343 3260 2979
9 3260 3343 3344 3261 2980
9 3261 3344 3345 3262 2981
9 3262 3345 3346 3263 2982
9 3263 3346 3347 3264 2983
9 3264 3347 3348 3265 2984
9 3265 3348 3349 3266 2985
9 3266 3349 3350 3267 2986
9 3267 3350 3351 3268 2987
9 3268 3351 3352 3269 2988
9 3269 3352 3353 3270 2989
9 3270 3353 3354 3271 2990
9 3271 3354 3355 3272 2991
9 3272 3355 3356 3273 2992
9 3273 3356 3357 3274 2993
9 3274 3357 3358 3275 2994
9 3275 3358 3359 3276 2995
9 3276 3359 413 412 2996
9 218 219 3360 3277 2997
9 3277 3360 3361 3278 2998
9 3278 3361 3362 3279 2999
9 3279 3362 3363 3280 3000
9 3280 3363 3364 3281 3001
9 3281 3364 3365 3282 3002
9 3282 3365 3366 3283 3003
9 3283 3366 3367 3284 3004
9 3284 3367 3368 3285 3005
9 3285 3368 3369 3286 3006
9 3286 3369 3370 3287 3007
9 3287 3370 3371 3288 3008
9 3288 3371 3372 3289 3009
9 3289 3372 3373 3290 3010
9 3290 3373 3374 3291 3011
9 3291 3374 3375 3292 3012
9 3292 3375 3376 3293 3013
9 3293 3376 3377 3294 3014
9 3294 3377 3378 3295 3015
9 3295 3378 3379 3296 3016
9 3296 3379 3380 3297 3017
9 3297 3380 3381 3298 3018
9 3298 3381 3382 3299 3019
9 3299 3382 3383 3300 3020
9 3300 3383 3384 3301 3021
9 3301 3384 3385 3302 3022
9 3302 3385 3386 3303 3023
9 3303 3386 3387 3304 3024
9 3304 3387 3388 3305 3025
9 3305 3388 3389 3306 3026
9 3306 3389 3390 3307 3027
9 3307 3390 3391 3308 3028
9 3308 3391 3392 3309 3029
9 3309 3392 3393 3310 3030
9 3310 3393 3394 3311 3031
9 3311 3394 3395 3312 3032
9 3312 3395 3396 3313 3033
9 3313 3396 3397 3314 3034
9 3314 3397 3398 3315 3035
9 3315 3398 3399 3316 3036
9 3316 3399 3400 3317 3037
9 3317 3400 3401 3318 3038
9 3318 3401 3402 3319 3039
9 3319 3402 3403 3320 3040
9 3320 3403 3404 3321 3041
9 3321 3404 3405 3322 3042
9 3322 3405 3406 3323 3043
9 3323 3406 3407 3324 3044
9 3324 3407 3408 3325 3045
9 3325 3408 3409 3326 3046
9 3326 3409 3410 3327 3047
9 3327 3410 3411 3328 3048
9 3328 3411 3412 3329 3049
9 3329 3412 3413 3330 3050
9 3330 3413 3414 3331 3051
9 3331 3414 3415 3332 3052
9 3332 3415 3416 3333 3053
9 3333 3416 3417 3334 3054
9 3334 3417 3418 3335 3055
9 3335 3418 3419 3336 3056
9 3336 3419 3420 3337 3057
9 3337 3420 3421 3338 3058
9 3338 3421 3422 3339 3059
9 3339 3422 3423 3340 3060
9 3340 3423 3424 3341 3061
9 3341 3424 3425 3342 3062
9 3342 3425 3426 3343 3063
9 3343 3426 3427 3344 3064
9 3344 3427 3428 3345 3065
9 3345 3428 3429 3346 3066
9 3346 3429 3430 3347 3067
9 3347 3430 3431 3348 3068
9 3348 3431 3432 3349 3069
9 3349 3432 3433 3350 3070
9 3350 3433 3434 3351 3071
9 3351 3434 3435 3352 3072
9 3352 3435 3436 3353 3073
9 3353 3436 3437 3354 3074
9 3354 3437 3438 3355 3075
9 3355 3438 3439 3356 3076
9 3356 3439 3440 3357 3077
9 3357 3440 3441 3358 3078
9 3358 3441 3442 3359 3079
9 3359 3442 414 413 3080
9 219 220 3443 3360 3081
9 3360 3443 3444 3361 3082
9 3361 3444 3445 3362 3083
9 3362 3445 3446 3363 3084
9 3363 3446 3447 3364 3085
9 3364 3447 3448 3365 3086
9 3365 3448 3449 3366 3087
9 3366 3449 3450 3367 3088
9 3367 3450 3451 3368 3089
9 3368 3451 3452 3369 3090
9 3369 3452 3453 3370 3091
9 3370 3453 3454 3371 3092
9 3371 3454 3455 3372 3093
9 3372 3455 3456 3373 3094
9 3373 3456 3457 3374 3095
9 3374 3457 3458 3375 3096
9 3375 3458 3459 3376 3097
9 3376 3459 3460 3377 3098
9 3377 3460 3461 3378 3099
9 3378 3461 3462 3379 3100
9 3379 3462 3463 3380 3101
9 3380 3463 3464 3381 3102
9 3381 3464 3465 3382 3103
9 3382 3465 3466 3383 3104
9 3383 3466 3467 3384 3105
9 3384 3467 3468 3385 3106
9 3385 3468 3469 3386 3107
9 3386 3469 3470 3387 3108
9 3387 3470 3471 3388 3109
9 3388 3471 3472 3389 3110
9 3389 3472 3473 3390 3111
9 3390 3473 3474 3391 3112
9 3391 3474 3475 3392 3113
9 3392 3475 3476 3393 3114
9 3393 3476 3477 3394 3115
9 3394 3477 3478 3395 3116
9 3395 3478 3479 3396 3117
9 3396 3479 3480 3397 3118
9 3397 3480 3481 3398 3119
9 3398 3481 3482 3399 3120
9 3399 3482 3483 3400 3121
9 3400 3483 3484 3401 3122
9 3401 3484 3485 3402 3123
9 3402 3485 3486 3403 3124
9 3403 3486 3487 3404 3125
9 3404 3487 3488 3405 3126
9 3405 3488 3489 3406 3127
9 3406 3489 3490 3407 3128
9 3407 3490 3491 3408 3129
9 3408 3491 3492 3409 3130
9 3409 3492 3493 3410 3131
9 3410 3493 3494 3411 3132
9 3411 3494 3495 3412 3133
9 3412 3495 3496 3413 3134
9 3413 3496 3497 3414 3135
9 3414 3497 3498 3415 3136
9 3415 3498 3499 3416 3137
9 3416 3499 3500 3417 3138
9 3417 3500 3501 3418 3139
9 3418 3501 3502 3419 3140
9 3419 3502 3503 3420 3141
9 3420 3503 3504 3421 3142
9 3421 3504 3505 3422 3143
9 3422 3505 3506 3423 3144
9 3423 3506 3507 3424 3145
9 3424 3507 3508 3425 3146
9 3425 3508 3509 3426 3147
9 3426 3509 3510 3427 3148
9 3427 3510 3511 3428 3149
9 3428 3511 3512 3429 3150
9 3429 3512 3513 3430 3151
9 3430 3513 3514 3431 3152
9 3431 3514 3515 3432 3153
9 3432 3515 3516 3433 3154
9 3433 3516 3517 3434 3155
9 3434 3517 3518 3435 3156
9 3435 3518 3519 3436 3157
9 3436 3519 3520 3437 3158
9 3437 3520 3521 3438 3159
9 3438 3521 3522 3439 3160
9 3439 3522 3523 3440 3161
9 3440 3523 3524 3441 3162
9 3441 3524 3525 3442 3163
9 3442 3525 415 414 3164
9 220 221 3526 3443 3165
9 3443 3526 3527 3444 3166
9 3444 3527 3528 3445 3167
9 3445 3528 3529 3446 3168
9 3446 3529 3530 3447 3169
9 3447 3530 3531 3448 3170
9 3448 3531 3532 3449 3171
9 3449 3532 3533 3450 3172
9 3450 3533 3534 3451 3173
9 3451 3534 3535 3452 3174
9 3452 3535 3536 3453 3175
9 3453 3536 3537 3454 3176
9 3454 3537 3538 3455 3177
9 3455 3538 3539 3456 3178
9 3456 3539 3540 3457 3179
9 3457 3540 3541 3458 3180
9 3458 3541 3542 3459 3181
9 3459 3542 3543 3460 3182
9 3460 3543 3544 3461 3183
9 3461 3544 3545 3462 3184
9 3462 3545 3546 3463 3185
9 3463 3546 3547 3464 3186
9 3464 3547 3548 3465 3187
9 3465 3548 3549 3466 3188
9 3466 3549 3550 3467 3189
9 3467 3550 3551 3468 3190
9 3468 3551 3552 3469 3191
9 3469 3552 3553 3470 3192
9 3470 3553 3554 3471 3193
9 3471 3554 3555 3472 3194
9 3472 3555 3556 3473 3195
9 3473 3556 3557 3474 3196
9 3474 3557 3558 3475 3197
9 3475 3558 3559 3476 3198
9 3476 3559 3560 3477 3199
9 3477 3560 3561 3478 3200
9 3478 3561 3562 3479 3201
9 3479 3562 3563 3480 3202
9 3480 3563 3564 3481 3203
9 3481 3564 3565 3482 3204
9 3482 3565 3566 3483 3205
9 3483 3566 3567 3484 3206
9 3484 3567 3568 3485 3207
9 3485 3568 3569 3486 3208
9 3486 3569 3570 3487 3209
9 3487 3570 3571 3488 3210
9 3488 3571 3572 3489 3211
9 3489 3572 3573 3490 3212
9 3490 3573 3574 3491 3213
9 3491 3574 3575 3492 3214
9 3492 3575 3576 3493 3215
9 3493 3576 3577 3494 3216
9 3494 3577 3578 3495 3217
9 3495 3578 3579 3496 3218
9 3496 3579 3580 3497 3219
9 3497 3580 3581 3498 3220
9 3498 3581 3582 3499 3221
9 3499 3582 3583 3500 3222
9 3500 3583 3584 3501 3223
9 3501 3584 3585 3502 3224
9 3502 3585 3586 3503 3225
9 3503 3586 3587 3504 3226
9 3504 3587 3588 3505 3227
9 3505 3588 3589 3506 3228
9 3506 3589 3590 3507 3229
9 3507 3590 3591 3508 3230
9 3508 3591 3592 3509 3231
9 3509 3592 3593 3510 3232
9 3510 3593 3594 3511 3233
9 3511 3594 3595 3512 3234
9 3512 3595 3596 3513 3235
9 3513 3596 3597 3514 3236
9 3514 3597 3598 3515 3237
9 3515 3598 3599 3516 3238
9 3516 3599 3600 3517 3239
9 3517 3600 3601 3518 3240
9 3518 3601 3602 3519 3241
9 3519 3602 3603 3520 3242
9 3520 3603 3604 3521 3243
9 3521 3604 3605 3522 3244
9 3522 3605 3606 3523 3245
9 3523 3606 3607 3524 3246
9 3524 3607 3608 3525 3247
9 3525 3608 416 415 3248
9 221 222 3609 3526 3249
9 3526 3609 3610 3527 3250
9 3527 3610 3611 3528 3251
9 3528 3611 3612 3529 3252
9 3529 3612 3613 3530 3253
9 3530 3613 3614 3531 3254
9 3531 3614 3615 3532 3255
9 3532 3615 3616 3533 3256
9 3533 3616 3617 3534 3257
9 3534 3617 3618 3535 3258
9 3535 3618 3619 3536 3259
9 3536 3619 3620 3537 3260
9 3537 3620 3621 3538 3261
9 3538 3621 3622 3539 3262
9 3539 3622 3623 3540 3263
9 3540 3623 3624 3541 3264
9 3541 3624 3625 3542 3265
9 3542 3625 3626 3543 3266
9 3543 3626 3627 3544 3267
9 3544 3627 3628 3545 3268
9 3545 3628 3629 3546 3269
9 3546 3629 3630 3547 3270
9 3547 3630 3631 3548 3271
9 3548 3631 3632 3549 3272
9 3549 3632 3633 3550 3273
9 3550 3633 3634 3551 3274
9 3551 3634 3635 3552 3275
9 3552 3635 3636 3553 3276
9 3553 3636 3637 3554 3277
9 3554 3637 3638 3555 3278
9 3555 3638 3639 3556 3279
9 3556 3639 3640 3557 3280
9 3557 3640 3641 3558 3281
9 3558 3641 3642 3559 3282
9 3559 3642 3643 3560 3283
9 3560 3643 3644 3561 3284
9 3561 3644 3645 3562 3285
9 3562 3645 3646 3563 3286
9 3563 3646 3647 3564 3287
9 3564 3647 3648 3565 3288
9 3565 3648 3649 3566 3289
9 3566 3649 3650 3567 3290
9 3567 3650 3651 3568 3291
9 3568 3651 3652 3569 3292
9 3569 3652 3653 3570 3293
9 3570 3653 3654 3571 3294
9 3571 3654 3655 3572 3295
9 3572 3655 3656 3573 3296
9 3573 3656 3657 3574 3297
9 3574 3657 3658 3575 3298
9 3575 3658 3659 3576 3299
9 3576 3659 3660 3577 3300
9 3577 3660 3661 3578 3301
9 3578 3661 3662 3579 3302
9 3579 3662 3663 3580 3303
9 3580 3663 3664 3581 3304
9 3581 3664 3665 3582 3305
9 3582 3665 3666 3583 3306
9 3583 3666 3667 3584 3307
9 3584 3667 3668 3585 3308
9 3585 3668 3669 3586 3309
9 3586 3669 3670 3587 3310
9 3587 3670 3671 3588 3311
9 3588 3671 3672 3589 3312
9 3589 3672 3673 3590 3313
9 3590 3673 3674 3591 3314
9 3591 3674 3675 3592 3315
9 3592 3675 3676 3593 3316
9 3593 3676 3677 3594 3317
9 3594 3677 3678 3595 3318
9 3595 3678 3679 3596 3319
9 3596 3679 3680 3597 3320
9 3597 3680 3681 3598 3321
9 3598 3681 3682 3599 3322
9 3599 3682 3683 3600 3323
9 3600 3683 3684 3601 3324
9 3601 3684 3685 3602 3325
9 3602 3685 3686 3603 3326
9 3603 3686 3687 3604 3327
9 3604 3687 3688 3605 3328
9 3605 3688 3689 3606 3329
9 3606 3689 3690 3607 3330
9 3607 3690 3691 3608 3331
9 3608 3691 417 416 3332
9 222 223 3692 3609 3333
9 3609 3692 3693 3610 3334
9 3610 3693 3694 3611 3335
9 3611 3694 3695 3612 3336
9 3612 3695 3696 3613 3337
9 3613 3696 3697 3614 3338
9 3614 3697 3698 3615 3339
9 3615 3698 3699 3616 3340
9 3616 3699 3700 3617 3341
9 3617 3700 3701 3618 3342
9 3618 3701 3702 3619 3343
9 3619 3702 3703 3620 3344
9 3620 3703 3704 3621 3345
9 3621 3704 3705 3622 3346
9 3622 3705 3706 3623 3347
9 3623 3706 3707 3624 3348
9 3624 3707 3708 3625 3349
9 3625 3708 3709 3626 3350
9 3626 3709 3710 3627 3351
9 3627 3710 3711 3628 3352
9 3628 3711 3712 3629 3353
9 3629 3712 3713 3630 3354
9 3630 3713 3714 3631 3355
9 3631 3714 3715 3632 3356
9 3632 3715 3716 3633 3357
9 3633 3716 3717 3634 3358
9 3634 3717 3718 3635 3359
9 3635 3718 3719 3636 3360
9 3636 3719 3720 3637 3361
9 3637 3720 3721 3638 3362
9 3638 3721 3722 3639 3363
9 3639 3722 3723 3640 3364
9 3640 3723 3724 3641 3365
9 3641 3724 3725 3642 3366
9 3642 3725 3726 3643 3367
9 3643 3726 3727 3644 3368
9 3644 3727 3728 3645 3369
9 3645 3728 3729 3646 3370
9 3646 3729 3730 3647 3371
9 3647 3730 3731 3648 3372
9 3648 3731 3732 3649 3373
9 3649 3732 3733 3650 3374
9 3650 3733 3734 3651 3375
9 3651 3734 3735 3652 3376
9 3652 3735 3736 3653 3377
9 3653 3736 3737 3654 3378
9 3654 3737 3738 3655 3379
9 3655 3738 3739 3656 3380
9 3656 3739 3740 3657 3381
9 3657 3740 3741 3658 3382
9 3658 3741 3742 3659 3383
9 3659 3742 3743 3660 3384
9 3660 3743 3744 3661 3385
9 3661 3744 3745 3662 3386
9 3662 3745 3746 3663 3387
9 3663 3746 3747 3664 3388
9 3664 3747 3748 3665 3389
9 3665 3748 3749 3666 3390
9 3666 3749 3750 3667 3391
9 3667 3750 3751 3668 3392
9 3668 3751 3752 3669 3393
9 3669 3752 3753 3670 3394
9 3670 3753 3754 3671 3395
9 3671 3754 3755 3672 3396
9 3672 3755 3756 3673 3397
9 3673 3756 3757 3674 3398
9 3674 3757 3758 3675 3399
9 3675 3758 3759 3676 3400
9 3676 3759 3760 3677 3401
9 3677 3760 3761 3678 3402
9 3678 3761 3762 3679 3403
9 3679 3762 3763 3680 3404
9 3680 3763 3764 3681 3405
9 3681 3764 3765 3682 3406
9 3682 3765 3766 3683 3407
9 3683 3766 3767 3684 3408
9 3684 3767 3768 3685 3409
9 3685 3768 3769 3686 3410
9 3686 3769 3770 3687 3411
9 3687 3770 3771 3688 3412
9 3688 3771 3772 3689 3413
9 3689 3772 3773 3690 3414
9 3690 3773 3774 3691 3415
9 3691 3774 418 417 3416
9 223 224 3775 3692 3417
9 3692 3775 3776 3693 3418
9 3693 3776 3777 3694 3419
9 3694 3777 3778 3695 3420
9 3695 3778 3779 3696 3421
9 3696 3779 3780 3697 3422
9 3697 3780 3781 3698 3423
9 3698 3781 3782 3699 3424
9 3699 3782 3783 3700 3425
9 3700 3783 3784 3701 3426
9 3701 3784 3785 3702 3427
9 3702 3785 3786 3703 3428
9 3703 3786 3787 3704 3429
9 3704 3787 3788 3705 3430
9 3705 3788 3789 3706 3431
9 3706 3789 3790 3707 3432
9 3707 3790 3791 3708 3433
9 3708 3791 3792 3709 3434
9 3709 3792 3793 3710 3435
9 3710 3793 3794 3711 3436
9 3711 3794 3795 3712 3437
9 3712 3795 3796 3713 3438
9 3713 3796 3797 3714 3439
9 3714 3797 3798 3715 3440
9 3715 3798 3799 3716 3441
9 3716 3799 3800 3717 3442
9 3717 3800 3801 3718 3443
9 3718 3801 3802 3719 3444
9 3719 3802 3803 3720 3445
9 3720 3803 3804 3721 3446
9 3721 3804 3805 3722 3447
9 3722 3805 3806 3723 3448
9 3723 3806 3807 3724 3449
9 3724 3807 3808 3725 3450
9 3725 3808 3809 3726 3451
9 3726 3809 3810 3727 3452
9 3727 3810 3811 3728 3453
9 3728 3811 3812 3729 3454
9 3729 3812 3813 3730 3455
9 3730 3813 3814 3731 3456
9 3731 3814 3815 3732 3457
9 3732 3815 3816 3733 3458
9 3733 3816 3817 3734 3459
9 3734 3817 3818 3735 3460
9 3735 3818 3819 3736 3461
9 3736 3819 3820 3737 3462
9 3737 3820 3821 3738 3463
9 3738 3821 3822 3739 3464
9 3739 3822 3823 3740 3465
9 3740 3823 3824 3741 3466
9 3741 3824 3825 3742 3467
9 3742 3825 3826 3743 3468
9 3743 3826 3827 3744 3469
9 3744 3827 3828 3745 3470
9 3745 3828 3829 3746 3471
9 3746 3829 3830 3747 3472
9 3747 3830 3831 3748 3473
9 3748 3831 3832 3749 3474
9 3749 3832 3833 3750 3475
9 3750 3833 3834 3751 3476
9 3751 3834 3835 3752 3477
9 3752 3835 3836 3753 3478
9 3753 3836 3837 3754 3479
9 3754 3837 3838 3755 3480
9 3755 3838 3839 3756 3481
9 3756 3839 3840 3757 3482
9 3757 3840 3841 3758 3483
9 3758 3841 3842 3759 3484
9 3759 3842 3843 3760 3485
9 3760 3843 3844 3761 3486
9 3761 3844 3845 3762 3487
9 3762 3845 3846 3763 3488
9 3763 3846 3847 3764 3489
9 3764 3847 3848 3765 3490
9 3765 3848 3849 3766 3491
9 3766 3849 3850 3767 3492
9 3767 3850 3851 3768 3493
9 3768 3851 3852 3769 3494
9 3769 3852 3853 3770 3495
9 3770 3853 3854 3771 3496
9 3771 3854 3855 3772 3497
9 3772 3855 3856 3773 3498
9 3773 3856 3857 3774 3499
9 3774 3857 419 418 3500
9 224 225 3858 3775 3501
9 3775 3858 3859 3776 3502
9 3776 3859 3860 3777 3503
9 3777 3860 3861 3778 3504
9 3778 3861 3862 3779 3505
9 3779 3862 3863 3780 3506
9 3780 3863 3864 3781 3507
9 3781 3864 3865 3782 3508
9 3782 3865 3866 3783 3509
9 3783 3866 3867 3784 3510
9 3784 3867 3868 3785 3511
9 3785 3868 3869 3786 3512
9 3786 3869 3870 3787 3513
9 3787 3870 3871 3788 3514
9 3788 3871 3872 3789 3515
9 3789 3872 3873 3790 3516
9 3790 3873 3874 3791 3517
9 3791 3874 3875 3792 3518
9 3792 3875 3876 3793 3519
9 3793 3876 3877 3794 3520
9 3794 3877 3878 3795 3521
9 3795 3878 3879 3796 3522
9 3796 3879 3880 3797 3523
9 3797 3880 3881 3798 3524
9 3798 3881 3882 3799 3525
9 3799 3882 3883 3800 3526
9 3800 3883 3884 3801 3527
9 3801 3884 3885 3802 3528
9 3802 3885 3886 3803 3529
9 3803 3886 3887 3804 3530
9 3804 3887 3888 3805 3531
9 3805 3888 3889 3806 3532
9 3806 3889 3890 3807 3533
9 3807 3890 3891 3808 3534
9 3808 3891 3892 3809 3535
9 3809 3892 3893 3810 3536
9 3810 3893 3894 3811 3537
9 3811 3894 3895 3812 3538
9 3812 3895 3896 3813 3539
9 3813 3896 3897 3814 3540
9 3814 3897 3898 3815 3541
9 3815 3898 3899 3816 3542
9 3816 3899 3900 3817 3543
9 3817 3900 3901 3818 3544
9 3818 3901 3902 3819 3545
9 3819 3902 3903 3820 3546
9 3820 3903 3904 3821 3547
9 3821 3904 3905 3822 3548
9 3822 3905 3906 3823 3549
9 3823 3906 3907 3824 3550
9 3824 3907 3908 3825 3551
9 3825 3908 3909 3826 3552
9 3826 3909 3910 3827 3553
9 3827 3910 3911 3828 3554
9 3828 3911 3912 3829 3555
9 3829 3912 3913 3830 3556
9 3830 3913 3914 3831 3557
9 3831 3914 3915 3832 3558
9 3832 3915 3916 3833 3559
9 3833 3916 3917 3834 3560
9 3834 3917 3918 3835 3561
9 3835 3918 3919 3836 3562
9 3836 3919 3920 3837 3563
9 3837 3920 3921 3838 3564
9 3838 3921 3922 3839 3565
9 3839 3922 3923 3840 3566
9 3840 3923 3924 3841 3567
9 3841 3924 3925 3842 3568
9 3842 3925 3926 3843 3569
9 3843 3926 3927 3844 3570
9 3844 3927 3928 3845 3571
9 3845 3928 3929 3846 3572
9 3846 3929 3930 3847 3573
9 3847 3930 3931 3848 3574
9 3848 3931 3932 3849 3575
9 3849 3932 3933 3850 3576
9 3850 3933 3934 3851 3577
9 3851 3934 3935 3852 3578
9 3852 3935 3936 3853 3579
9 3853 3936 3937 3854 3580
9 3854 3937 3938 3855 3581
9 3855 3938 3939 3856 3582
9 3856 3939 3940 3857 3583
9 3857 3940 420 419 3584
9 225 226 3941 3858 3585
9 3858 3941 3942 3859 3586
9 3859 3942 3943 3860 3587
9 3860 3943 3944 3861 3588
9 3861 3944 3945 3862 3589
9 3862 3945 3946 3863 3590
9 3863 3946 3947 3864 3591
9 3864 3947 3948 3865 3592
9 3865 3948 3949 3866 3593
9 3866 3949 3950 3867 3594
9 3867 3950 3951 3868 3595
9 3868 3951 3952 3869 3596
9 3869 3952 3953 3870 3597
9 3870 3953 3954 3871 3598
9 3871 3954 3955 3872 3599
9 3872 3955 3956 3873 3600
9 3873 3956 3957 3874 3601
9 3874 3957 3958 3875 3602
9 3875 3958 3959 3876 3603
9 3876 3959 3960 3877 3604
9 3877 3960 3961 3878 3605
9 3878 3961 3962 3879 3606
9 3879 3962 3963 3880 3607
9 3880 3963 3964 3881 3608
9 3881 3964 3965 3882 3609
9 3882 3965 3966 3883 3610
9 3883 3966 3967 3884 3611
9 3884 3967 3968 3885 3612
9 3885 3968 3969 3886 3613
9 3886 3969 3970 3887 3614
9 3887 3970 3971 3888 3615
9 3888 3971 3972 3889 3616
9 3889 3972 3973 3890 3617
9 3890 3973 3974 3891 3618
9 3891 3974 3975 3892 3619
9 3892 3975 3976 3893 3620
9 3893 3976 3977 3894 3621
9 3894 3977 3978 3895 3622
9 3895 3978 3979 3896 3623
9 3896 3979 3980 3897 3624
9 3897 3980 3981 3898 3625
9 3898 3981 3982 3899 3626
9 3899 3982 3983 3900 3627
9 3900 3983 3984 3901 3628
9 3901 3984 3985 3902 3629
9 3902 3985 3986 3903 3630
9 3903 3986 3987 3904 3631
9 3904 3987 3988 3905 3632
9 3905 3988 3989 3906 3633
9 3906 3989 3990 3907 3634
9 3907 3990 3991 3908 3635
9 3908 3991 3992 3909 3636
9 3909 3992 3993 3910 3637
9 3910 3993 3994 3911 3638
9 3911 3994 3995 3912 3639
9 3912 3995 3996 3913 3640
9 3913 3996 3997 3914 3641
9 3914 3997 3998 3915 3642
9 3915 3998 3999 3916 3643
9 3916 3999 4000 3917 3644
9 3917 4000 4001 3918 3645
9 3918 4001 4002 3919 3646
9 3919 4002 4003 3920 3647
9 3920 4003 4004 3921 3648
9 3921 4004 4005 3922 3649
9 3922 4005 4006 3923 3650
9 3923 4006 4007 3924 3651
9 3924 4007 4008 3925 3652
9 3925 4008 4009 3926 3653
9 3926 4009 4010 3927 3654
9 3927 4010 4011 3928 3655
9 3928 4011 4012 3929 3656
9 3929 4012 4013 3930 3657
9 3930 4013 4014 3931 3658
9 3931 4014 4015 3932 3659
9 3932 4015 4016 3933 3660
9 3933 4016 4017 3934 3661
9 3934 4017 4018 3935 3662
9 3935 4018 4019 3936 3663
9 3936 4019 4020 3937 3664
9 3937 4020 4021 3938 3665
9 3938 4021 4022 3939 3666
9 3939 4022 4023 3940 3667
9 3940 4023 421 420 3668
9 226 227 4024 3941 3669
9 3941 4024 4025 3942 3670
9 3942 4025 4026 3943 3671
9 3943 4026 4027 3944 3672
9 3944 4027 4028 3945 3673
9 3945 4028 4029 3946 3674
9 3946 4029 4030 3947 3675
9 3947 4030 4031 3948 3676
9 3948 4031 4032 3949 3677
9 3949 4032 4033 3950 3678
9 3950 4033 4034 3951 3679
9 3951 4034 4035 3952 3680
9 3952 4035 4036 3953 3681
9 3953 4036 4037 3954 3682
9 3954 4037 4038 3955 3683
9 3955 4038 4039 3956 3684
9 3956 4039 4040 3957 3685
9 3957 4040 4041 3958 3686
9 3958 4041 4042 3959 3687
9 3959 4042 4043 3960 3688
9 3960 4043 4044 3961 3689
9 3961 4044 4045 3962 3690
9 3962 4045 4046 3963 3691
9 3963 4046 4047 3964 3692
9 3964 4047 4048 3965 3693
9 3965 4048 4049 3966 3694
9 3966 4049 4050 3967 3695
9 3967 4050 4051 3968 3696
9 3968 4051 4052 3969 3697
9 3969 4052 4053 3970 3698
9 3970 4053 4054 3971 3699
9 3971 4054 4055 3972 3700
9 3972 4055 4056 3973 3701
9 3973 4056 4057 3974 3702
9 3974 4057 4058 3975 3703
9 3975 4058 4059 3976 3704
9 3976 4059 4060 3977 3705
9 3977 4060 4061 3978 3706
9 3978 4061 4062 3979 3707
9 3979 4062 4063 3980 3708
9 3980 4063 4064 3981 3709
9 3981 4064 4065 3982 3710
9 3982 4065 4066 3983 3711
9 3983 4066 4067 3984 3712
9 3984 4067 4068 3985 3713
9 3985 4068 4069 3986 3714
9 3986 4069 4070 3987 3715
9 3987 4070 4071 3988 3716
9 3988 4071 4072 3989 3717
9 3989 4072 4073 3990 3718
9 3990 4073 4074 3991 3719
9 3991 4074 4075 3992 3720
9 3992 4075 4076 3993 3721
9 3993 4076 4077 3994 3722
9 3994 4077 4078 3995 3723
9 3995 4078 4079 3996 3724
9 3996 4079 4080 3997 3725
9 3997 4080 4081 3998 3726
9 3998 4081 4082 3999 3727
9 3999 4082 4083 4000 3728
9 4000 4083 4084 4001 3729
9 4001 4084 4085 4002 3730
9 4002 4085 4086 4003 3731
9 4003 4086 4087 4004 3732
9 4004 4087 4088 4005 3733
9 4005 4088 4089 4006 3734
9 4006 4089 4090 4007 3735
9 4007 4090 4091 4008 3736
9 4008 4091 4092 4009 3737
9 4009 4092 4093 4010 3738
9 4010 4093 4094 4011 3739
9 4011 4094 4095 4012 3740
9 4012 4095 4096 4013 3741
9 4013 4096 4097 4014 3742
9 4014 4097 4098 4015 3743
9 4015 4098 4099 4016 3744
9 4016 4099 4100 4017 3745
9 4017 4100 4101 4018 3746
9 4018 4101 4102 4019 3747
9 4019 4102 4103 4020 3748
9 4020 4103 4104 4021 3749
9 4021 4104 4105 4022 3750
9 4022 4105 4106 4023 3751
9 4023 4106 422 421 3752
9 227 228 4107 4024 3753
9 4024 4107 4108 4025 3754
9 4025 4108 4109 4026 3755
9 4026 4109 4110 4027 3756
9 4027 4110 4111 4028 3757
9 4028 4111 4112 4029 3758
9 4029 4112 4113 4030 3759
9 4030 4113 4114 4031 3760
9 4031 4114 4115 4032 3761
9 4032 4115 4116 4033 3762
9 4033 4116 4117 4034 3763
9 4034 4117 4118 4035 3764
9 4035 4118 4119 4036 3765
9 4036 4119 4120 4037 3766
9 4037 4120 4121 4038 3767
9 4038 4121 4122 4039 3768
9 4039 4122 4123 4040 3769
9 4040 4123 4124 4041 3770
9 4041 4124 4125 4042 3771
9 4042 4125 4126 4043 3772
9 4043 4126 4127 4044 3773
9 4044 4127 4128 4045 3774
9 4045 4128 4129 4046 3775
9 4046 4129 4130 4047 3776
9 4047 4130 4131 4048 3777
9 4048 4131 4132 4049 3778
9 4049 4132 4133 4050 3779
9 4050 4133 4134 4051 3780
9 4051 4134 4135 4052 3781
9 4052 4135 4136 4053 3782
9 4053 4136 4137 4054 3783
9 4054 4137 4138 4055 3784
9 4055 4138 4139 4056 3785
9 4056 4139 4140 4057 3786
9 4057 4140 4141 4058 3787
9 4058 4141 4142 4059 3788
9 4059 4142 4143 4060 3789
9 4060 4143 4144 4061 3790
9 4061 4144 4145 4062 3791
9 4062 4145 4146 4063 3792
9 4063 4146 4147 4064 3793
9 4064 4147 4148 4065 3794
9 4065 4148 4149 4066 3795
9 4066 4149 4150 4067 3796
9 4067 4150 4151 4068 3797
9 4068 4151 4152 4069 3798
9 4069 4152 4153 4070 3799
9 4070 4153 4154 4071 3800
9 4071 4154 4155 4072 3801
9 4072 4155 4156 4073 3802
9 4073 4156 4157 4074 3803
9 4074 4157 4158 4075 3804
9 4075 4158 4159 4076 3805
9 4076 4159 4160 4077 3806
9 4077 4160 4161 4078 3807
9 4078 4161 4162 4079 3808
9 4079 4162 4163 4080 3809
9 4080 4163 4164 4081 3810
9 4081 4164 4165 4082 3811
9 4082 4165 4166 4083 3812
9 4083 4166 4167 4084 3813
9 4084 4167 4168 4085 3814
9 4085 4168 4169 4086 3815
9 4086 4169 4170 4087 3816
9 4087 4170 4171 4088 3817
9 4088 4171 4172 4089 3818
9 4089 4172 4173 4090 3819
9 4090 4173 4174 4091 3820
9 4091 4174 4175 4092 3821
9 4092 4175 4176 4093 3822
9 4093 4176 4177 4094 3823
9 4094 4177 4178 4095 3824
9 4095 4178 4179 4096 3825
9 4096 4179 4180 4097 3826
9 4097 4180 4181 4098 3827
9 4098 4181 4182 4099 3828
9 4099 4182 4183 4100 3829
9 4100 4183 4184 4101 3830
9 4101 4184 4185 4102 3831
9 4102 4185 4186 4103 3832
9 4103 4186 4187 4104 3833
9 4104 4187 4188 4105 3834
9 4105 4188 4189 4106 3835
9 4106 4189 423 422 3836
9 228 229 4190 4107 3837
9 4107 4190 4191 4108 3838
9 4108 4191 4192 4109 3839
9 4109 4192 4193 4110 3840
9 4110 4193 4194 4111 3841
9 4111 4194 4195 4112 3842
9 4112 4195 4196 4113 3843
9 4113 4196 4197 4114 3844
9 4114 4197 4198 4115 3845
9 4115 4198 4199 4116 3846
9 4116 4199 4200 4117 3847
9 4117 4200 4201 4118 3848
9 4118 4201 4202 4119 3849
9 4119 4202 4203 4120 3850
9 4120 4203 4204 4121 3851
9 4121 4204 4205 4122 3852
9 4122 4205 4206 4123 3853
9 4123 4206 4207 4124 3854
9 4124 4207 4208 4125 3855
9 4125 4208 4209 4126 3856
9 4126 4209 4210 4127 3857
9 4127 4210 4211 4128 3858
9 4128 4211 4212 4129 3859
9 4129 4212 4213 4130 3860
9 4130 4213 4214 4131 3861
9 4131 4214 4215 4132 3862
9 4132 4215 4216 4133 3863
9 4133 4216 4217 4134 3864
9 4134 4217 4218 4135 3865
9 4135 4218 4219 4136 3866
9 4136 4219 4220 4137 3867
9 4137 4220 4221 4138 3868
9 4138 4221 4222 4139 3869
9 4139 4222 4223 4140 3870
9 4140 4223 4224 4141 3871
9 4141 4224 4225 4142 3872
9 4142 4225 4226 4143 3873
9 4143 4226 4227 4144 3874
9 4144 4227 4228 4145 3875
9 4145 4228 4229 4146 3876
9 4146 4229 4230 4147 3877
9 4147 4230 4231 4148 3878
9 4148 4231 4232 4149 3879
9 4149 4232 4233 4150 3880
9 4150 4233 4234 4151 3881
9 4151 4234 4235 4152 3882
9 4152 4235 4236 4153 3883
9 4153 4236 4237 4154 3884
9 4154 4237 4238 4155 3885
9 4155 4238 4239 4156 3886
9 4156 4239 4240 4157 3887
9 4157 4240 4241 4158 3888
9 4158 4241 4242 4159 3889
9 4159 4242 4243 4160 3890
9 4160 4243 4244 4161 3891
9 4161 4244 4245 4162 3892
9 4162 4245 4246 4163 3893
9 4163 4246 4247 4164 3894
9 4164 4247 4248 4165 3895
9 4165 4248 4249 4166 3896
9 4166 4249 4250 4167 3897
9 4167 4250 4251 4168 3898
9 4168 4251 4252 4169 3899
9 4169 4252 4253 4170 3900
9 4170 4253 4254 4171 3901
9 4171 4254 4255 4172 3902
9 4172 4255 4256 4173 3903
9 4173 4256 4257 4174 3904
9 4174 4257 4258 4175 3905
9 4175 4258 4259 4176 3906
9 4176 4259 4260 4177 3907
9 4177 4260 4261 4178 3908
9 4178 4261 4262 4179 3909
9 4179 4262 4263 4180 3910
9 4180 4263 4264 4181 3911
9 4181 4264 4265 4182 3912
9 4182 4265 4266 4183 3913
9 4183 4266 4267 4184 3914
9 4184 4267 4268 4185 3915
9 4185 4268 4269 4186 3916
9 4186 4269 4270 4187 3917
9 4187 4270 4271 4188 3918
9 4188 4271 4272 4189 3919
9 4189 4272 424 423 3920
9 229 230 4273 4190 3921
9 4190 4273 4274 4191 3922
9 4191 4274 4275 4192 3923
9 4192 4275 4276 4193 3924
9 4193 4276 4277 4194 3925
9 4194 4277 4278 4195 3926
9 4195 4278 4279 4196 3927
9 4196 4279 4280 4197 3928
9 4197 4280 4281 4198 3929
9 4198 4281 4282 4199 3930
9 4199 4282 4283 4200 3931
9 4200 4283 4284 4201 3932
9 4201 4284 4285 4202 3933
9 4202 4285 4286 4203 3934
9 4203 4286 4287 4204 3935
9 4204 4287 4288 4205 3936
9 4205 4288 4289 4206 3937
9 4206 4289 4290 4207 3938
9 4207 4290 4291 4208 3939
9 4208 4291 4292 4209 3940
9 4209 4292 4293 4210 3941
9 4210 4293 4294 4211 3942
9 4211 4294 4295 4212 3943
9 4212 4295 4296 4213 3944
9 4213 4296 4297 4214 3945
9 4214 4297 4298 4215 3946
9 4215 4298 4299 4216 3947
9 4216 4299 4300 4217 3948
9 4217 4300 4301 4218 3949
9 4218 4301 4302 4219 3950
9 4219 4302 4303 4220 3951
9 4220 4303 4304 4221 3952
9 4221 4304 4305 4222 3953
9 4222 4305 4306 4223 3954
9 4223 4306 4307 4224 3955
9 4224 4307 4308 4225 3956
9 4225 4308 4309 4226 3957
9 4226 4309 4310 4227 3958
9 4227 4310 4311 4228 3959
9 4228 4311 4312 4229 3960
9 4229 4312 4313 4230 3961
9 4230 4313 4314 4231 3962
9 4231 4314 4315 4232 3963
9 4232 4315 4316 4233 3964
9 4233 4316 4317 4234 3965
9 4234 4317 4318 4235 3966
9 4235 4318 4319 4236 3967
9 4236 4319 4320 4237 3968
9 4237 4320 4321 4238 3969
9 4238 4321 4322 4239 3970
9 4239 4322 4323 4240 3971
9 4240 4323 4324 4241 3972
9 4241 4324 4325 4242 3973
9 4242 4325 4326 4243 3974
9 4243 4326 4327 4244 3975
9 4244 4327 4328 4245 3976
9 4245 4328 4329 4246 3977
9 4246 4329 4330 4247 3978
9 4247 4330 4331 4248 3979
9 4248 4331 4332 4249 3980
9 4249 4332 4333 4250 3981
9 4250 4333 4334 4251 3982
9 4251 4334 4335 4252 3983
9 4252 4335 4336 4253 3984
9 4253 4336 4337 4254 3985
9 4254 4337 4338 4255 3986
9 4255 4338 4339 4256 3987
9 4256 4339 4340 4257 3988
9 4257 4340 4341 4258 3989
9 4258 4341 4342 4259 3990
9 4259 4342 4343 4260 3991
9 4260 4343 4344 4261 3992
9 4261 4344 4345 4262 3993
9 4262 4345 4346 4263 3994
9 4263 4346 4347 4264 3995
9 4264 4347 4348 4265 3996
9 4265 4348 4349 4266 3997
9 4266 4349 4350 4267 3998
9 4267 4350 4351 4268 3999
9 4268 4351 4352 4269 4000
9 4269 4352 4353 4270 4001
9 4270 4353 4354 4271 4002
9 4271 4354 4355 4272 4003
9 4272 4355 425 424 4004
9 230 231 4356 4273 4005
9 4273 4356 4357 4274 4006
9 4274 4357 4358 4275 4007
9 4275 4358 4359 4276 4008
9 4276 4359 4360 4277 4009
9 4277 4360 4361 4278 4010
9 4278 4361 4362 4279 4011
9 4279 4362 4363 4280 4012
9 4280 4363 4364 4281 4013
9 4281 4364 4365 4282 4014
9 4282 4365 4366 4283 4015
9 4283 4366 4367 4284 4016
9 4284 4367 4368 4285 4017
9 4285 4368 4369 4286 4018
9 4286 4369 4370 4287 4019
9 4287 4370 4371 4288 4020
9 4288 4371 4372 4289 4021
9 4289 4372 4373 4290 4022
9 4290 4373 4374 4291 4023
9 4291 4374 4375 4292 4024
9 4292 4375 4376 4293 4025
9 4293 4376 4377 4294 4026
9 4294 4377 4378 4295 4027
9 4295 4378 4379 4296 4028
9 4296 4379 4380 4297 4029
9 4297 4380 4381 4298 4030
9 4298 4381 4382 4299 4031
9 4299 4382 4383 4300 4032
9 4300 4383 4384 4301 4033
9 4301 4384 4385 4302 4034
9 4302 4385 4386 4303 4035
9 4303 4386 4387 4304 4036
9 4304 4387 4388 4305 4037
9 4305 4388 4389 4306 4038
9 4306 4389 4390 4307 4039
9 4307 4390 4391 4308 4040
9 4308 4391 4392 4309 4041
9 4309 4392 4393 4310 4042
9 4310 4393 4394 4311 4043
9 4311 4394 4395 4312 4044
9 4312 4395 4396 4313 4045
9 4313 4396 4397 4314 4046
9 4314 4397 4398 4315 4047
9 4315 4398 4399 4316 4048
9 4316 4399 4400 4317 4049
9 4317 4400 4401 4318 4050
9 4318 4401 4402 4319 4051
9 4319 4402 4403 4320 4052
9 4320 4403 4404 4321 4053
9 4321 4404 4405 4322 4054
9 4322 4405 4406 4323 4055
9 4323 4406 4407 4324 4056
9 4324 4407 4408 4325 4057
9 4325 4408 4409 4326 4058
9 4326 4409 4410 4327 4059
9 4327 4410 4411 4328 4060
9 4328 4411 4412 4329 4061
9 4329 4412 4413 4330 4062
9 4330 4413 4414 4331 4063
9 4331 4414 4415 4332 4064
9 4332 4415 4416 4333 4065
9 4333 4416 4417 4334 4066
9 4334 4417 4418 4335 4067
9 4335 4418 4419 4336 4068
9 4336 4419 4420 4337 4069
9 4337 4420 4421 4338 4070
9 4338 4421 4422 4339 4071
9 4339 4422 4423 4340 4072
9 4340 4423 4424 4341 4073
9 4341 4424 4425 4342 4074
9 4342 4425 4426 4343 4075
9 4343 4426 4427 4344 4076
9 4344 4427 4428 4345 4077
9 4345 4428 4429 4346 4078
9 4346 4429 4430 4347 4079
9 4347 4430 4431 4348 4080
9 4348 4431 4432 4349 4081
9 4349 4432 4433 4350 4082
9 4350 4433 4434 4351 4083
9 4351 4434 4435 4352 4084
9 4352 4435 4436 4353 4085
9 4353 4436 4437 4354 4086
9 4354 4437 4438 4355 4087
9 4355 4438 426 425 4088
9 231 232 4439 4356 4089
9 4356 4439 4440 4357 4090
9 4357 4440 4441 4358 4091
9 4358 4441 4442 4359 4092
9 4359 4442 4443 4360 4093
9 4360 4443 4444 4361 4094
9 4361 4444 4445 4362 4095
9 4362 4445 4446 4363 4096
9 4363 4446 4447 4364 4097
9 4364 4447 4448 4365 4098
9 4365 4448 4449 4366 4099
9 4366 4449 4450 4367 4100
9 4367 4450 4451 4368 4101
9 4368 4451 4452 4369 4102
9 4369 4452 4453 4370 4103
9 4370 4453 4454 4371 4104
9 4371 4454 4455 4372 4105
9 4372 4455 4456 4373 4106
9 4373 4456 4457 4374 4107
9 4374 4457 4458 4375 4108
9 4375 4458 4459 4376 4109
9 4376 4459 4460 4377 4110
9 4377 4460 4461 4378 4111
9 4378 4461 4462 4379 4112
9 4379 4462 4463 4380 4113
9 4380 4463 4464 4381 4114
9 4381 4464 4465 4382 4115
9 4382 4465 4466 4383 4116
9 4383 4466 4467 4384 4117
9 4384 4467 4468 4385 4118
9 4385 4468 4469 4386 4119
9 4386 4469 4470 4387 4120
9 4387 4470 4471 4388 4121
9 4388 4471 4472 4389 4122
9 4389 4472 4473 4390 4123
9 4390 4473 4474 4391 4124
9 4391 4474 4475 4392 4125
9 4392 4475 4476 4393 4126
9 4393 4476 4477 4394 4127
9 4394 4477 4478 4395 4128
9 4395 4478 4479 4396 4129
9 4396 4479 4480 4397 4130
9 4397 4480 4481 4398 4131
9 4398 4481 4482 4399 4132
9 4399 4482 4483 4400 4133
9 4400 4483 4484 4401 4134
9 4401 4484 4485 4402 4135
9 4402 4485 4486 4403 4136
9 4403 4486 4487 4404 4137
9 4404 4487 4488 4405 4138
9 4405 4488 4489 4406 4139
9 4406 4489 4490 4407 4140
9 4407 4490 4491 4408 4141
9 4408 4491 4492 4409 4142
9 4409 4492 4493 4410 4143
9 4410 4493 4494 4411 4144
9 4411 4494 4495 4412 4145
9 4412 4495 4496 4413 4146
9 4413 4496 4497 4414 4147
9 4414 4497 4498 4415 4148
9 4415 4498 4499 4416 4149
9 4416 4499 4500 4417 4150
9 4417 4500 4501 4418 4151
9 4418 4501 4502 4419 4152
9 4419 4502 4503 4420 4153
9 4420 4503 4504 4421 4154
9 4421 4504 4505 4422 4155
9 4422 4505 4506 4423 4156
9 4423 4506 4507 4424 4157
9 4424 4507 4508 4425 4158
9 4425 4508 4509 4426 4159
9 4426 4509 4510 4427 4160
9 4427 4510 4511 4428 4161
9 4428 4511 4512 4429 4162
9 4429 4512 4513 4430 4163
9 4430 4513 4514 4431 4164
9 4431 4514 4515 4432 4165
9 4432 4515 4516 4433 4166
9 4433 4516 4517 4434 4167
9 4434 4517 4518 4435 4168
9 4435 4518 4519 4436 4169
9 4436 4519 4520 4437 4170
9 4437 4520 4521 4438 4171
9 4438 4521 427 426 4172
9 232 233 4522 4439 4173
9 4439 4522 4523 4440 4174
9 4440 4523 4524 4441 4175
9 4441 4524 4525 4442 4176
9 4442 4525 4526 4443 4177
9 4443 4526 4527 4444 4178
9 4444 4527 4528 4445 4179
9 4445 4528 4529 4446 4180
9 4446 4529 4530 4447 4181
9 4447 4530 4531 4448 4182
9 4448 4531 4532 4449 4183
9 4449 4532 4533 4450 4184
9 4450 4533 4534 4451 4185
9 4451 4534 4535 4452 4186
9 4452 4535 4536 4453 4187
9 4453 4536 4537 4454 4188
9 4454 4537 4538 4455 4189
9 4455 4538 4539 4456 4190
9 4456 4539 4540 4457 4191
9 4457 4540 4541 4458 4192
9 4458 4541 4542 4459 4193
9 4459 4542 4543 4460 4194
9 4460 4543 4544 4461 4195
9 4461 4544 4545 4462 4196
9 4462 4545 4546 4463 4197
9 4463 4546 4547 4464 4198
9 4464 4547 4548 4465 4199
9 4465 4548 4549 4466 4200
9 4466 4549 4550 4467 4201
9 4467 4550 4551 4468 4202
9 4468 4551 4552 4469 4203
9 4469 4552 4553 4470 4204
9 4470 4553 4554 4471 4205
9 4471 4554 4555 4472 4206
9 4472 4555 4556 4473 4207
9 4473 4556 4557 4474 4208
9 4474 4557 4558 4475 4209
9 4475 4558 4559 4476 4210
9 4476 4559 4560 4477 4211
9 4477 4560 4561 4478 4212
9 4478 4561 4562 4479 4213
9 4479 4562 4563 4480 4214
9 4480 4563 4564 4481 4215
9 4481 4564 4565 4482 4216
9 4482 4565 4566 4483 4217
9 4483 4566 4567 4484 4218
9 4484 4567 4568 4485 4219
9 4485 4568 4569 4486 4220
9 4486 4569 4570 4487 4221
9 4487 4570 4571 4488 4222
9 4488 4571 4572 4489 4223
9 4489 4572 4573 4490 4224
9 4490 4573 4574 4491 4225
9 4491 4574 4575 4492 4226
9 4492 4575 4576 4493 4227
9 4493 4576 4577 4494 4228
9 4494 4577 4578 4495 4229
9 4495 4578 4579 4496 4230
9 4496 4579 4580 4497 4231
9 4497 4580 4581 4498 4232
9 4498 4581 4582 4499 4233
9 4499 4582 4583 4500 4234
9 4500 4583 4584 4501 4235
9 4501 4584 4585 4502 4236
9 4502 4585 4586 4503 4237
9 4503 4586 4587 4504 4238
9 4504 4587 4588 4505 4239
9 4505 4588 4589 4506 4240
9 4506 4589 4590 4507 4241
9 4507 4590 4591 4508 4242
9 4508 4591 4592 4509 4243
9 4509 4592 4593 4510 4244
9 4510 4593 4594 4511 4245
9 4511 4594 4595 4512 4246
9 4512 4595 4596 4513 4247
9 4513 4596 4597 4514 4248
9 4514 4597 4598 4515 4249
9 4515 4598 4599 4516 4250
9 4516 4599 4600 4517 4251
9 4517 4600 4601 4518 4252
9 4518 4601 4602 4519 4253
9 4519 4602 4603 4520 4254
9 4520 4603 4604 4521 4255
9 4521 4604 428 427 4256
9 233 234 4605 4522 4257
9 4522 4605 4606 4523 4258
9 4523 4606 4607 4524 4259
9 4524 4607 4608 4525 4260
9 4525 4608 4609 4526 4261
9 4526 4609 4610 4527 4262
9 4527 4610 4611 4528 4263
9 4528 4611 4612 4529 4264
9 4529 4612 4613 4530 4265
9 4530 4613 4614 4531 4266
9 4531 4614 4615 4532 4267
9 4532 4615 4616 4533 4268
9 4533 4616 4617 4534 4269
9 4534 4617 4618 4535 4270
9 4535 4618 4619 4536 4271
9 4536 4619 4620 4537 4272
9 4537 4620 4621 4538 4273
9 4538 4621 4622 4539 4274
9 4539 4622 4623 4540 4275
9 4540 4623 4624 4541 4276
9 4541 4624 4625 4542 4277
9 4542 4625 4626 4543 4278
9 4543 4626 4627 4544 4279
9 4544 4627 4628 4545 4280
9 4545 4628 4629 4546 4281
9 4546 4629 4630 4547 4282
9 4547 4630 4631 4548 4283
9 4548 4631 4632 4549 4284
9 4549 4632 4633 4550 4285
9 4550 4633 4634 4551 4286
9 4551 4634 4635 4552 4287
9 4552 4635 4636 4553 4288
9 4553 4636 4637 4554 4289
9 4554 4637 4638 4555 4290
9 4555 4638 4639 4556 4291
9 4556 4639 4640 4557 4292
9 4557 4640 4641 4558 4293
9 4558 4641 4642 4559 4294
9 4559 4642 4643 4560 4295
9 4560 4643 4644 4561 4296
9 4561 4644 4645 4562 4297
9 4562 4645 4646 4563 4298
9 4563 4646 4647 4564 4299
9 4564 4647 4648 4565 4300
9 4565 4648 4649 4566 4301
9 4566 4649 4650 4567 4302
9 4567 4650 4651 4568 4303
9 4568 4651 4652 4569 4304
9 4569 4652 4653 4570 4305
9 4570 4653 4654 4571 4306
9 4571 4654 4655 4572 4307
9 4572 4655 4656 4573 4308
9 4573 4656 4657 4574 4309
9 4574 4657 4658 4575 4310
9 4575 4658 4659 4576 4311
9 4576 4659 4660 4577 4312
9 4577 4660 4661 4578 4313
9 4578 4661 4662 4579 4314
9 4579 4662 4663 4580 4315
9 4580 4663 4664 4581 4316
9 4581 4664 4665 4582 4317
9 4582 4665 4666 4583 4318
9 4583 4666 4667 4584 4319
9 4584 4667 4668 4585 4320
9 4585 4668 4669 4586 4321
9 4586 4669 4670 4587 4322
9 4587 4670 4671 4588 4323
9 4588 4671 4672 4589 4324
9 4589 4672 4673 4590 4325
9 4590 4673 4674 4591 4326
9 4591 4674 4675 4592 4327
9 4592 4675 4676 4593 4328
9 4593 4676 4677 4594 4329
9 4594 4677 4678 4595 4330
9 4595 4678 4679 4596 4331
9 4596 4679 4680 4597 4332
9 4597 4680 4681 4598 4333
9 4598 4681 4682 4599 4334
9 4599 4682 4683 4600 4335
9 4600 4683 4684 4601 4336
9 4601 4684 4685 4602 4337
9 4602 4685 4686 4603 4338
9 4603 4686 4687 4604 4339
9 4604 4687 429 428 4340
9 234 235 4688 4605 4341
9 4605 4688 4689 4606 4342
9 4606 4689 4690 4607 4343
9 4607 4690 4691 4608 4344
9 4608 4691 4692 4609 4345
9 4609 4692 4693 4610 4346
9 4610 4693 4694 4611 4347
9 4611 4694 4695 4612 4348
9 4612 4695 4696 4613 4349
9 4613 4696 4697 4614 4350
9 4614 4697 4698 4615 4351
9 4615 4698 4699 4616 4352
9 4616 4699 4700 4617 4353
9 4617 4700 4701 4618 4354
9 4618 4701 4702 4619 4355
9 4619 4702 4703 4620 4356
9 4620 4703 4704 4621 4357
9 4621 4704 4705 4622 4358
9 4622 4705 4706 4623 4359
9 4623 4706 4707 4624 4360
9 4624 4707 4708 4625 4361
9 4625 4708 4709 4626 4362
9 4626 4709 4710 4627 4363
9 4627 4710 4711 4628 4364
9 4628 4711 4712 4629 4365
9 4629 4712 4713 4630 4366
9 4630 4713 4714 4631 4367
9 4631 4714 4715 4632 4368
9 4632 4715 4716 4633 4369
9 4633 4716 4717 4634 4370
9 4634 4717 4718 4635 4371
9 4635 4718 4719 4636 4372
9 4636 4719 4720 4637 4373
9 4637 4720 4721 4638 4374
9 4638 4721 4722 4639 4375
9 4639 4722 4723 4640 4376
9 4640 4723 4724 4641 4377
9 4641 4724 4725 4642 4378
9 4642 4725 4726 4643 4379
9 4643 4726 4727 4644 4380
9 4644 4727 4728 4645 4381
9 4645 4728 4729 4646 4382
9 4646 4729 4730 4647 4383
9 4647 4730 4731 4648 4384
9 4648 4731 4732 4649 4385
9 4649 4732 4733 4650 4386
9 4650 4733 4734 4651 4387
9 4651 4734 4735 4652 4388
9 4652 4735 4736 4653 4389
9 4653 4736 4737 4654 4390
9 4654 4737 4738 4655 4391
9 4655 4738 4739 4656 4392
9 4656 4739 4740 4657 4393
9 4657 4740 4741 4658 4394
9 4658 4741 4742 4659 4395
9 4659 4742 4743 4660 4396
9 4660 4743 4744 4661 4397
9 4661 4744 4745 4662 4398
9 4662 4745 4746 4663 4399
9 4663 4746 4747 4664 4400
9 4664 4747 4748 4665 4401
9 4665 4748 4749 4666 4402
9 4666 4749 4750 4667 4403
9 4667 4750 4751 4668 4404
9 4668 4751 4752 4669 4405
9 4669 4752 4753 4670 4406
9 4670 4753 4754 4671 4407
9 4671 4754 4755 4672 4408
9 4672 4755 4756 4673 4409
9 4673 4756 4757 4674 4410
9 4674 4757 4758 4675 4411
9 4675 4758 4759 4676 4412
9 4676 4759 4760 4677 4413
9 4677 4760 4761 4678 4414
9 4678 4761 4762 4679 4415
9 4679 4762 4763 4680 4416
9 4680 4763 4764 4681 4417
9 4681 4764 4765 4682 4418
9 4682 4765 4766 4683 4419
9 4683 4766 4767 4684 4420
9 4684 4767 4768 4685 4421
9 4685 4768 4769 4686 4422
9 4686 4769 4770 4687 4423
9 4687 4770 430 429 4424
9 235 236 4771 4688 4425
9 4688 4771 4772 4689 4426
9 4689 4772 4773 4690 4427
9 4690 4773 4774 4691 4428
9 4691 4774 4775 4692 4429
9 4692 4775 4776 4693 4430
9 4693 4776 4777 4694 4431
9 4694 4777 4778 4695 4432
9 4695 4778 4779 4696 4433
9 4696 4779 4780 4697 4434
9 4697 4780 4781 4698 4435
9 4698 4781 4782 4699 4436
9 4699 4782 4783 4700 4437
9 4700 4783 4784 4701 4438
9 4701 4784 4785 4702 4439
9 4702 4785 4786 4703 4440
9 4703 4786 4787 4704 4441
9 4704 4787 4788 4705 4442
9 4705 4788 4789 4706 4443
9 4706 4789 4790 4707 4444
9 4707 4790 4791 4708 4445
9 4708 4791 4792 4709 4446
9 4709 4792 4793 4710 4447
9 4710 4793 4794 4711 4448
9 4711 4794 4795 4712 4449
9 4712 4795 4796 4713 4450
9 4713 4796 4797 4714 4451
9 4714 4797 4798 4715 4452
9 4715 4798 4799 4716 4453
9 4716 4799 4800 4717 4454
9 4717 4800 4801 4718 4455
9 4718 4801 4802 4719 4456
9 4719 4802 4803 4720 4457
9 4720 4803 4804 4721 4458
9 4721 4804 4805 4722 4459
9 4722 4805 4806 4723 4460
9 4723 4806 4807 4724 4461
9 4724 4807 4808 4725 4462
9 4725 4808 4809 4726 4463
9 4726 4809 4810 4727 4464
9 4727 4810 4811 4728 4465
9 4728 4811 4812 4729 4466
9 4729 4812 4813 4730 4467
9 4730 4813 4814 4731 4468
9 4731 4814 4815 4732 4469
9 4732 4815 4816 4733 4470
9 4733 4816 4817 4734 4471
9 4734 4817 4818 4735 4472
9 4735 4818 4819 4736 4473
9 4736 4819 4820 4737 4474
9 4737 4820 4821 4738 4475
9 4738 4821 4822 4739 4476
9 4739 4822 4823 4740 4477
9 4740 4823 4824 4741 4478
9 4741 4824 4825 4742 4479
9 4742 4825 4826 4743 4480
9 4743 4826 4827 4744 4481
9 4744 4827 4828 4745 4482
9 4745 4828 4829 4746 4483
9 4746 4829 4830 4747 4484
9 4747 4830 4831 4748 4485
9 4748 4831 4832 4749 4486
9 4749 4832 4833 4750 4487
9 4750 4833 4834 4751 4488
9 4751 4834 4835 4752 4489
9 4752 4835 4836 4753 4490
9 4753 4836 4837 4754 4491
9 4754 4837 4838 4755 4492
9 4755 4838 4839 4756 4493
9 4756 4839 4840 4757 4494
9 4757 4840 4841 4758 4495
9 4758 4841 4842 4759 4496
9 4759 4842 4843 4760 4497
9 4760 4843 4844 4761 4498
9 4761 4844 4845 4762 4499
9 4762 4845 4846 4763 4500
9 4763 4846 4847 4764 4501
9 4764 4847 4848 4765 4502
9 4765 4848 4849 4766 4503
9 4766 4849 4850 4767 4504
9 4767 4850 4851 4768 4505
9 4768 4851 4852 4769 4506
9 4769 4852 4853 4770 4507
9 4770 4853 431 430 4508
9 236 237 4854 4771 4509
9 4771 4854 4855 4772 4510
9 4772 4855 4856 4773 4511
9 4773 4856 4857 4774 4512
9 4774 4857 4858 4775 4513
9 4775 4858 4859 4776 4514
9 4776 4859 4860 4777 4515
9 4777 4860 4861 4778 4516
9 4778 4861 4862 4779 4517
9 4779 4862 4863 4780 4518
9 4780 4863 4864 4781 4519
9 4781 4864 4865 4782 4520
9 4782 4865 4866 4783 4521
9 4783 4866 4867 4784 4522
9 4784 4867 4868 4785 4523
9 4785 4868 4869 4786 4524
9 4786 4869 4870 4787 4525
9 4787 4870 4871 4788 4526
9 4788 4871 4872 4789 4527
9 4789 4872 4873 4790 4528
9 4790 4873 4874 4791 4529
9 4791 4874 4875 4792 4530
9 4792 4875 4876 4793 4531
9 4793 4876 4877 4794 4532
9 4794 4877 4878 4795 4533
9 4795 4878 4879 4796 4534
9 4796 4879 4880 4797 4535
9 4797 4880 4881 4798 4536
9 4798 4881 4882 4799 4537
9 4799 4882 4883 4800 4538
9 4800 4883 4884 4801 4539
9 4801 4884 4885 4802 4540
9 4802 4885 4886 4803 4541
9 4803 4886 4887 4804 4542
9 4804 4887 4888 4805 4543
9 4805 4888 4889 4806 4544
9 4806 4889 4890 4807 4545
9 4807 4890 4891 4808 4546
9 4808 4891 4892 4809 4547
9 4809 4892 4893 4810 4548
9 4810 4893 4894 4811 4549
9 4811 4894 4895 4812 4550
9 4812 4895 4896 4813 4551
9 4813 4896 4897 4814 4552
9 4814 4897 4898 4815 4553
9 4815 4898 4899 4816 4554
9 4816 4899 4900 4817 4555
9 4817 4900 4901 4818 4556
9 4818 4901 4902 4819 4557
9 4819 4902 4903 4820 4558
9 4820 4903 4904 4821 4559
9 4821 4904 4905 4822 4560
9 4822 4905 4906 4823 4561
9 4823 4906 4907 4824 4562
9 4824 4907 4908 4825 4563
9 4825 4908 4909 4826 4564
9 4826 4909 4910 4827 4565
9 4827 4910 4911 4828 4566
9 4828 4911 4912 4829 4567
9 4829 4912 4913 4830 4568
9 4830 4913 4914 4831 4569
9 4831 4914 4915 4832 4570
9 4832 4915 4916 4833 4571
9 4833 4916 4917 4834 4572
9 4834 4917 4918 4835 4573
9 4835 4918 4919 4836 4574
9 4836 4919 4920 4837 4575
9 4837 4920 4921 4838 4576
9 4838 4921 4922 4839 4577
9 4839 4922 4923 4840 4578
9 4840 4923 4924 4841 4579
9 4841 4924 4925 4842 4580
9 4842 4925 4926 4843 4581
9 4843 4926 4927 4844 4582
9 4844 4927 4928 4845 4583
9 4845 4928 4929 4846 4584
9 4846 4929 4930 4847 4585
9 4847 4930 4931 4848 4586
9 4848 4931 4932 4849 4587
9 4849 4932 4933 4850 4588
9 4850 4933 4934 4851 4589
9 4851 4934 4935 4852 4590
9 4852 4935 4936 4853 4591
9 4853 4936 432 431 4592
9 237 238 4937 4854 4593
9 4854 4937 4938 4855 4594
9 4855 4938 4939 4856 4595
9 4856 4939 4940 4857 4596
9 4857 4940 4941 4858 4597
9 4858 4941 4942 4859 4598
9 4859 4942 4943 4860 4599
9 4860 4943 4944 4861 4600
9 4861 4944 4945 4862 4601
9 4862 4945 4946 4863 4602
9 4863 4946 4947 4864 4603
9 4864 4947 4948 4865 4604
9 4865 4948 4949 4866 4605
9 4866 4949 4950 4867 4606
9 4867 4950 4951 4868 4607
9 4868 4951 4952 4869 4608
9 4869 4952 4953 4870 4609
9 4870 4953 4954 4871 4610
9 4871 4954 4955 4872 4611
9 4872 4955 4956 4873 4612
9 4873 4956 4957 4874 4613
9 4874 4957 4958 4875 4614
9 4875 4958 4959 4876 4615
9 4876 4959 4960 4877 4616
9 4877 4960 4961 4878 4617
9 4878 4961 4962 4879 4618
9 4879 4962 4963 4880 4619
9 4880 4963 4964 4881 4620
9 4881 4964 4965 4882 4621
9 4882 4965 4966 4883 4622
9 4883 4966 4967 4884 4623
9 4884 4967 4968 4885 4624
9 4885 4968 4969 4886 4625
9 4886 4969 4970 4887 4626
9 4887 4970 4971 4888 4627
9 4888 4971 4972 4889 4628
9 4889 4972 4973 4890 4629
9 4890 4973 4974 4891 4630
9 4891 4974 4975 4892 4631
9 4892 4975 4976 4893 4632
9 4893 4976 4977 4894 4633
9 4894 4977 4978 4895 4634
9 4895 4978 4979 4896 4635
9 4896 4979 4980 4897 4636
9 4897 4980 4981 4898 4637
9 4898 4981 4982 4899 4638
9 4899 4982 4983 4900 4639
9 4900 4983 4984 4901 4640
9 4901 4984 4985 4902 4641
9 4902 4985 4986 4903 4642
9 4903 4986 4987 4904 4643
9 4904 4987 4988 4905 4644
9 4905 4988 4989 4906 4645
9 4906 4989 4990 4907 4646
9 4907 4990 4991 4908 4647
9 4908 4991 4992 4909 4648
9 4909 4992 4993 4910 4649
9 4910 4993 4994 4911 4650
9 4911 4994 4995 4912 4651
9 4912 4995 4996 4913 4652
9 4913 4996 4997 4914 4653
9 4914 4997 4998 4915 4654
9 4915 4998 4999 4916 4655
9 4916 4999 5000 4917 4656
9 4917 5000 5001 4918 4657
9 4918 5001 5002 4919 4658
9 4919 5002 5003 4920 4659
9 4920 5003 5004 4921 4660
9 4921 5004 5005 4922 4661
9 4922 5005 5006 4923 4662
9 4923 5006 5007 4924 4663
9 4924 5007 5008 4925 4664
9 4925 5008 5009 4926 4665
9 4926 5009 5010 4927 4666
9 4927 5010 5011 4928 4667
9 4928 5011 5012 4929 4668
9 4929 5012 5013 4930 4669
9 4930 5013 5014 4931 4670
9 4931 5014 5015 4932 4671
9 4932 5015 5016 4933 4672
9 4933 5016 5017 4934 4673
9 4934 5017 5018 4935 4674
9 4935 5018 5019 4936 4675
9 4936 5019 433 432 4676
9 238 239 5020 4937 4677
9 4937 5020 5021 4938 4678
9 4938 5021 5022 4939 4679
9 4939 5022 5023 4940 4680
9 4940 5023 5024 4941 4681
9 4941 5024 5025 4942 4682
9 4942 5025 5026 4943 4683
9 4943 5026 5027 4944 4684
9 4944 5027 5028 4945 4685
9 4945 5028 5029 4946 4686
9 4946 5029 5030 4947 4687
9 4947 5030 5031 4948 4688
9 4948 5031 5032 4949 4689
9 4949 5032 5033 4950 4690
9 4950 5033 5034 4951 4691
9 4951 5034 5035 4952 4692
9 4952 5035 5036 4953 4693
9 4953 5036 5037 4954 4694
9 4954 5037 5038 4955 4695
9 4955 5038 5039 4956 4696
9 4956 5039 5040 4957 4697
9 4957 5040 5041 4958 4698
9 4958 5041 5042 4959 4699
9 4959 5042 5043 4960 4700
9 4960 5043 5044 4961 4701
9 4961 5044 5045 4962 4702
9 4962 5045 5046 4963 4703
9 4963 5046 5047 4964 4704
9 4964 5047 5048 4965 4705
9 4965 5048 5049 4966 4706
9 4966 5049 5050 4967 4707
9 4967 5050 5051 4968 4708
9 4968 5051 5052 4969 4709
9 4969 5052 5053 4970 4710
9 4970 5053 5054 4971 4711
9 4971 5054 5055 4972 4712
9 4972 5055 5056 4973 4713
9 4973 5056 5057 4974 4714
9 4974 5057 5058 4975 4715
9 4975 5058 5059 4976 4716
9 4976 5059 5060 4977 4717
9 4977 5060 5061 4978 4718
9 4978 5061 5062 4979 4719
9 4979 5062 5063 4980 4720
9 4980 5063 5064 4981 4721
9 4981 5064 5065 4982 4722
9 4982 5065 5066 4983 4723
9 4983 5066 5067 4984 4724
9 4984 5067 5068 4985 4725
9 4985 5068 5069 4986 4726
9 4986 5069 5070 4987 4727
9 4987 5070 5071 4988 4728
9 4988 5071 5072 4989 4729
9 4989 5072 5073 4990 4730
9 4990 5073 5074 4991 4731
9 4991 5074 5075 4992 4732
9 4992 5075 5076 4993 4733
9 4993 5076 5077 4994 4734
9 4994 5077 5078 4995 4735
9 4995 5078 5079 4996 4736
9 4996 5079 5080 4997 4737
9 4997 5080 5081 4998 4738
9 4998 5081 5082 4999 4739
9 4999 5082 5083 5000 4740
9 5000 5083 5084 5001 4741
9 5001 5084 5085 5002 4742
9 5002 5085 5086 5003 4743
9 5003 5086 5087 5004 4744
9 5004 5087 5088 5005 4745
9 5005 5088 5089 5006 4746
9 5006 5089 5090 5007 4747
9 5007 5090 5091 5008 4748
9 5008 5091 5092 5009 4749
9 5009 5092 5093 5010 4750
9 5010 5093 5094 5011 4751
9 5011 5094 5095 5012 4752
9 5012 5095 5096 5013 4753
9 5013 5096 5097 5014 4754
9 5014 5097 5098 5015 4755
9 5015 5098 5099 5016 4756
9 5016 5099 5100 5017 4757
9 5017 5100 5101 5018 4758
9 5018 5101 5102 5019 4759
9 5019 5102 434 433 4760
9 239 240 5103 5020 4761
9 5020 5103 5104 5021 4762
9 5021 5104 5105 5022 4763
9 5022 5105 5106 5023 4764
9 5023 5106 5107 5024 4765
9 5024 5107 5108 5025 4766
9 5025 5108 5109 5026 4767
9 5026 5109 5110 5027 4768
9 5027 5110 5111 5028 4769
9 5028 5111 5112 5029 4770
9 5029 5112 5113 5030 4771
9 5030 5113 5114 5031 4772
9 5031 5114 5115 5032 4773
9 5032 5115 5116 5033 4774
9 5033 5116 5117 5034 4775
9 5034 5117 5118 5035 4776
9 5035 5118 5119 5036 4777
9 5036 5119 5120 5037 4778
9 5037 5120 5121 5038 4779
9 5038 5121 5122 5039 4780
9 5039 5122 5123 5040 4781
9 5040 5123 5124 5041 4782
9 5041 5124 5125 5042 4783
9 5042 5125 5126 5043 4784
9 5043 5126 5127 5044 4785
9 5044 5127 5128 5045 4786
9 5045 5128 5129 5046 4787
9 5046 5129 5130 5047 4788
9 5047 5130 5131 5048 4789
9 5048 5131 5132 5049 4790
9 5049 5132 5133 5050 4791
9 5050 5133 5134 5051 4792
9 5051 5134 5135 5052 4793
9 5052 5135 5136 5053 4794
9 5053 5136 5137 5054 4795
9 5054 5137 5138 5055 4796
9 5055 5138 5139 5056 4797
9 5056 5139 5140 5057 4798
9 5057 5140 5141 5058 4799
9 5058 5141 5142 5059 4800
9 5059 5142 5143 5060 4801
9 5060 5143 5144 5061 4802
9 5061 5144 5145 5062 4803
9 5062 5145 5146 5063 4804
9 5063 5146 5147 5064 4805
9 5064 5147 5148 5065 4806
9 5065 5148 5149 5066 4807
9 5066 5149 5150 5067 4808
9 5067 5150 5151 5068 4809
9 5068 5151 5152 5069 4810
9 5069 5152 5153 5070 4811
9 5070 5153 5154 5071 4812
9 5071 5154 5155 5072 4813
9 5072 5155 5156 5073 4814
9 5073 5156 5157 5074 4815
9 5074 5157 5158 5075 4816
9 5075 5158 5159 5076 4817
9 5076 5159 5160 5077 4818
9 5077 5160 5161 5078 4819
9 5078 5161 5162 5079 4820
9 5079 5162 5163 5080 4821
9 5080 5163 5164 5081 4822
9 5081 5164 5165 5082 4823
9 5082 5165 5166 5083 4824
9 5083 5166 5167 5084 4825
9 5084 5167 5168 5085 4826
9 5085 5168 5169 5086 4827
9 5086 5169 5170 5087 4828
9 5087 5170 5171 5088 4829
9 5088 5171 5172 5089 4830
9 5089 5172 5173 5090 4831
9 5090 5173 5174 5091 4832
9 5091 5174 5175 5092 4833
9 5092 5175 5176 5093 4834
9 5093 5176 5177 5094 4835
9 5094 5177 5178 5095 4836
9 5095 5178 5179 5096 4837
9 5096 5179 5180 5097 4838
9 5097 5180 5181 5098 4839
9 5098 5181 5182 5099 4840
9 5099 5182 5183 5100 4841
9 5100 5183 5184 5101 4842
9 5101 5184 5185 5102 4843
9 5102 5185 435 434 4844
9 240 241 5186 5103 4845
9 5103 5186 5187 5104 4846
9 5104 5187 5188 5105 4847
9 5105 5188 5189 5106 4848
9 5106 5189 5190 5107 4849
9 5107 5190 5191 5108 4850
9 5108 5191 5192 5109 4851
9 5109 5192 5193 5110 4852
9 5110 5193 5194 5111 4853
9 5111 5194 5195 5112 4854
9 5112 5195 5196 5113 4855
9 5113 5196 5197 5114 4856
9 5114 5197 5198 5115 4857
9 5115 5198 5199 5116 4858
9 5116 5199 5200 5117 4859
9 5117 5200 5201 5118 4860
9 5118 5201 5202 5119 4861
9 5119 5202 5203 5120 4862
9 5120 5203 5204 5121 4863
9 5121 5204 5205 5122 4864
9 5122 5205 5206 5123 4865
9 5123 5206 5207 5124 4866
9 5124 5207 5208 5125 4867
9 5125 5208 5209 5126 4868
9 5126 5209 5210 5127 4869
9 5127 5210 5211 5128 4870
9 5128 5211 5212 5129 4871
9 5129 5212 5213 5130 4872
9 5130 5213 5214 5131 4873
9 5131 5214 5215 5132 4874
9 5132 5215 5216 5133 4875
9 5133 5216 5217 5134 4876
9 5134 5217 5218 5135 4877
9 5135 5218 5219 5136 4878
9 5136 5219 5220 5137 4879
9 5137 5220 5221 5138 4880
9 5138 5221 5222 5139 4881
9 5139 5222 5223 5140 4882
9 5140 5223 5224 5141 4883
9 5141 5224 5225 5142 4884
9 5142 5225 5226 5143 4885
9 5143 5226 5227 5144 4886
9 5144 5227 5228 5145 4887
9 5145 5228 5229 5146 4888
9 5146 5229 5230 5147 4889
9 5147 5230 5231 5148 4890
9 5148 5231 5232 5149 4891
9 5149 5232 5233 5150 4892
9 5150 5233 5234 5151 4893
9 5151 5234 5235 5152 4894
9 5152 5235 5236 5153 4895
9 5153 5236 5237 5154 4896
9 5154 5237 5238 5155 4897
9 5155 5238 5239 5156 4898
9 5156 5239 5240 5157 4899
9 5157 5240 5241 5158 4900
9 5158 5241 5242 5159 4901
9 5159 5242 5243 5160 4902
9 5160 5243 5244 5161 4903
9 5161 5244 5245 5162 4904
9 5162 5245 5246 5163 4905
9 5163 5246 5247 5164 4906
9 5164 5247 5248 5165 4907
9 5165 5248 5249 5166 4908
9 5166 5249 5250 5167 4909
9 5167 5250 5251 5168 4910
9 5168 5251 5252 5169 4911
9 5169 5252 5253 5170 4912
9 5170 5253 5254 5171 4913
9 5171 5254 5255 5172 4914
9 5172 5255 5256 5173 4915
9 5173 5256 5257 5174 4916
9 5174 5257 5258 5175 4917
9 5175 5258 5259 5176 4918
9 5176 5259 5260 5177 4919
9 5177 5260 5261 5178 4920
9 5178 5261 5262 5179 4921
9 5179 5262 5263 5180 4922
9 5180 5263 5264 5181 4923
9 5181 5264 5265 5182 4924
9 5182 5265 5266 5183 4925
9 5183 5266 5267 5184 4926
9 5184 5267 5268 5185 4927
9 5185 5268 436 435 4928
9 241 242 5269 5186 4929
9 5186 5269 5270 5187 4930
9 5187 5270 5271 5188 4931
9 5188 5271 5272 5189 4932
9 5189 5272 5273 5190 4933
9 5190 5273 5274 5191 4934
9 5191 5274 5275 5192 4935
9 5192 5275 5276 5193 4936
9 5193 5276 5277 5194 4937
9 5194 5277 5278 5195 4938
9 5195 5278 5279 5196 4939
9 5196 5279 5280 5197 4940
9 5197 5280 5281 5198 4941
9 5198 5281 5282 5199 4942
9 5199 5282 5283 5200 4943
9 5200 5283 5284 5201 4944
9 5201 5284 5285 5202 4945
9 5202 5285 5286 5203 4946
9 5203 5286 5287 5204 4947
9 5204 5287 5288 5205 4948
9 5205 5288 5289 5206 4949
9 5206 5289 5290 5207 4950
9 5207 5290 5291 5208 4951
9 5208 5291 5292 5209 4952
9 5209 5292 5293 5210 4953
9 5210 5293 5294 5211 4954
9 5211 5294 5295 5212 4955
9 5212 5295 5296 5213 4956
9 5213 5296 5297 5214 4957
9 5214 5297 5298 5215 4958
9 5215 5298 5299 5216 4959
9 5216 5299 5300 5217 4960
9 5217 5300 5301 5218 4961
9 5218 5301 5302 5219 4962
9 5219 5302 5303 5220 4963
9 5220 5303 5304 5221 4964
9 5221 5304 5305 5222 4965
9 5222 5305 5306 5223 4966
9 5223 5306 5307 5224 4967
9 5224 5307 5308 5225 4968
9 5225 5308 5309 5226 4969
9 5226 5309 5310 5227 4970
9 5227 5310 5311 5228 4971
9 5228 5311 5312 5229 4972
9 5229 5312 5313 5230 4973
9 5230 5313 5314 5231 4974
9 5231 5314 5315 5232 4975
9 5232 5315 5316 5233 4976
9 5233 5316 5317 5234 4977
9 5234 5317 5318 5235 4978
9 5235 5318 5319 5236 4979
9 5236 5319 5320 5237 4980
9 5237 5320 5321 5238 4981
9 5238 5321 5322 5239 4982
9 5239 5322 5323 5240 4983
9 5240 5323 5324 5241 4984
9 5241 5324 5325 5242 4985
9 5242 5325 5326 5243 4986
9 5243 5326 5327 5244 4987
9 5244 5327 5328 5245 4988
9 5245 5328 5329 5246 4989
9 5246 5329 5330 5247 4990
9 5247 5330 5331 5248 4991
9 5248 5331 5332 5249 4992
9 5249 5332 5333 5250 4993
9 5250 5333 5334 5251 4994
9 5251 5334 5335 5252 4995
9 5252 5335 5336 5253 4996
9 5253 5336 5337 5254 4997
9 5254 5337 5338 5255 4998
9 5255 5338 5339 5256 4999
9 5256 5339 5340 5257 5000
9 5257 5340 5341 5258 5001
9 5258 5341 5342 5259 5002
9 5259 5342 5343 5260 5003
9 5260 5343 5344 5261 5004
9 5261 5344 5345 5262 5005
9 5262 5345 5346 5263 5006
9 5263 5346 5347 5264 5007
9 5264 5347 5348 5265 5008
9 5265 5348 5349 5266 5009
9 5266 5349 5350 5267 5010
9 5267 5350 5351 5268 5011
9 5268 5351 437 436 5012
9 242 243 5352 5269 5013
9 5269 5352 5353 5270 5014
9 5270 5353 5354 5271 5015
9 5271 5354 5355 5272 5016
9 5272 5355 5356 5273 5017
9 5273 5356 5357 5274 5018
9 5274 5357 5358 5275 5019
9 5275 5358 5359 5276 5020
9 5276 5359 5360 5277 5021
9 5277 5360 5361 5278 5022
9 5278 5361 5362 5279 5023
9 5279 5362 5363 5280 5024
9 5280 5363 5364 5281 5025
9 5281 5364 5365 5282 5026
9 5282 5365 5366 5283 5027
9 5283 5366 5367 5284 5028
9 5284 5367 5368 5285 5029
9 5285 5368 5369 5286 5030
9 5286 5369 5370 5287 5031
9 5287 5370 5371 5288 5032
9 5288 5371 5372 5289 5033
9 5289 5372 5373 5290 5034
9 5290 5373 5374 5291 5035
9 5291 5374 5375 5292 5036
9 5292 5375 5376 5293 5037
9 5293 5376 5377 5294 5038
9 5294 5377 5378 5295 5039
9 5295 5378 5379 5296 5040
9 5296 5379 5380 5297 5041
9 5297 5380 5381 5298 5042
9 5298 5381 5382 5299 5043
9 5299 5382 5383 5300 5044
9 5300 5383 5384 5301 5045
9 5301 5384 5385 5302 5046
9 5302 5385 5386 5303 5047
9 5303 5386 5387 5304 5048
9 5304 5387 5388 5305 5049
9 5305 5388 5389 5306 5050
9 5306 5389 5390 5307 5051
9 5307 5390 5391 5308 5052
9 5308 5391 5392 5309 5053
9 5309 5392 5393 5310 5054
9 5310 5393 5394 5311 5055
9 5311 5394 5395 5312 5056
9 5312 5395 5396 5313 5057
9 5313 5396 5397 5314 5058
9 5314 5397 5398 5315 5059
9 5315 5398 5399 5316 5060
9 5316 5399 5400 5317 5061
9 5317 5400 5401 5318 5062
9 5318 5401 5402 5319 5063
9 5319 5402 5403 5320 5064
9 5320 5403 5404 5321 5065
9 5321 5404 5405 5322 5066
9 5322 5405 5406 5323 5067
9 5323 5406 5407 5324 5068
9 5324 5407 5408 5325 5069
9 5325 5408 5409 5326 5070
9 5326 5409 5410 5327 5071
9 5327 5410 5411 5328 5072
9 5328 5411 5412 5329 5073
9 5329 5412 5413 5330 5074
9 5330 5413 5414 5331 5075
9 5331 5414 5415 5332 5076
9 5332 5415 5416 5333 5077
9 5333 5416 5417 5334 5078
9 5334 5417 5418 5335 5079
9 5335 5418 5419 5336 5080
9 5336 5419 5420 5337 5081
9 5337 5420 5421 5338 5082
9 5338 5421 5422 5339 5083
9 5339 5422 5423 5340 5084
9 5340 5423 5424 5341 5085
9 5341 5424 5425 5342 5086
9 5342 5425 5426 5343 5087
9 5343 5426 5427 5344 5088
9 5344 5427 5428 5345 5089
9 5345 5428 5429 5346 5090
9 5346 5429 5430 5347 5091
9 5347 5430 5431 5348 5092
9 5348 5431 5432 5349 5093
9 5349 5432 5433 5350 5094
9 5350 5433 5434 5351 5095
9 5351 5434 438 437 5096
9 243 244 5435 5352 5097
9 5352 5435 5436 5353 5098
9 5353 5436 5437 5354 5099
9 5354 5437 5438 5355 5100
9 5355 5438 5439 5356 5101
9 5356 5439 5440 5357 5102
9 5357 5440 5441 5358 5103
9 5358 5441 5442 5359 5104
9 5359 5442 5443 5360 5105
9 5360 5443 5444 5361 5106
9 5361 5444 5445 5362 5107
9 5362 5445 5446 5363 5108
9 5363 5446 5447 5364 5109
9 5364 5447 5448 5365 5110
9 5365 5448 5449 5366 5111
9 5366 5449 5450 5367 5112
9 5367 5450 5451 5368 5113
9 5368 5451 5452 5369 5114
9 5369 5452 5453 5370 5115
9 5370 5453 5454 5371 5116
9 5371 5454 5455 5372 5117
9 5372 5455 5456 5373 5118
9 5373 5456 5457 5374 5119
9 5374 5457 5458 5375 5120
9 5375 5458 5459 5376 5121
9 5376 5459 5460 5377 5122
9 5377 5460 5461 5378 5123
9 5378 5461 5462 5379 5124
9 5379 5462 5463 5380 5125
9 5380 5463 5464 5381 5126
9 5381 5464 5465 5382 5127
9 5382 5465 5466 5383 5128
9 5383 5466 5467 5384 5129
9 5384 5467 5468 5385 5130
9 5385 5468 5469 5386 5131
9 5386 5469 5470 5387 5132
9 5387 5470 5471 5388 5133
9 5388 5471 5472 5389 5134
9 5389 5472 5473 5390 5135
9 5390 5473 5474 5391 5136
9 5391 5474 5475 5392 5137
9 5392 5475 5476 5393 5138
9 5393 5476 5477 5394 5139
9 5394 5477 5478 5395 5140
9 5395 5478 5479 5396 5141
9 5396 5479 5480 5397 5142
9 5397 5480 5481 5398 5143
9 5398 5481 5482 5399 5144
9 5399 5482 5483 5400 5145
9 5400 5483 5484 5401 5146
9 5401 5484 5485 5402 5147
9 5402 5485 5486 5403 5148
9 5403 5486 5487 5404 5149
9 5404 5487 5488 5405 5150
9 5405 5488 5489 5406 5151
9 5406 5489 5490 5407 5152
9 5407 5490 5491 5408 5153
9 5408 5491 5492 5409 5154
9 5409 5492 5493 5410 5155
9 5410 5493 5494 5411 5156
9 5411 5494 5495 5412 5157
9 5412 5495 5496 5413 5158
9 5413 5496 5497 5414 5159
9 5414 5497 5498 5415 5160
9 5415 5498 5499 5416 5161
9 5416 5499 5500 5417 5162
9 5417 5500 5501 5418 5163
9 5418 5501 5502 5419 5164
9 5419 5502 5503 5420 5165
9 5420 5503 5504 5421 5166
9 5421 5504 5505 5422 5167
9 5422 5505 5506 5423 5168
9 5423 5506 5507 5424 5169
9 5424 5507 5508 5425 5170
9 5425 5508 5509 5426 5171
9 5426 5509 5510 5427 5172
9 5427 5510 5511 5428 5173
9 5428 5511 5512 5429 5174
9 5429 5512 5513 5430 5175
9 5430 5513 5514 5431 5176
9 5431 5514 5515 5432 5177
9 5432 5515 5516 5433 5178
9 5433 5516 5517 5434 5179
9 5434 5517 439 438 5180
9 244 245 5518 5435 5181
9 5435 5518 5519 5436 5182
9 5436 5519 5520 5437 5183
9 5437 5520 5521 5438 5184
9 5438 5521 5522 5439 5185
9 5439 5522 5523 5440 5186
9 5440 5523 5524 5441 5187
9 5441 5524 5525 5442 5188
9 5442 5525 5526 5443 5189
9 5443 5526 5527 5444 5190
9 5444 5527 5528 5445 5191
9 5445 5528 5529 5446 5192
9 5446 5529 5530 5447 5193
9 5447 5530 5531 5448 5194
9 5448 5531 5532 5449 5195
9 5449 5532 5533 5450 5196
9 5450 5533 5534 5451 5197
9 5451 5534 5535 5452 5198
9 5452 5535 5536 5453 5199
9 5453 5536 5537 5454 5200
9 5454 5537 5538 5455 5201
9 5455 5538 5539 5456 5202
9 5456 5539 5540 5457 5203
9 5457 5540 5541 5458 5204
9 5458 5541 5542 5459 5205
9 5459 5542 5543 5460 5206
9 5460 5543 5544 5461 5207
9 5461 5544 5545 5462 5208
9 5462 5545 5546 5463 5209
9 5463 5546 5547 5464 5210
9 5464 5547 5548 5465 5211
9 5465 5548 5549 5466 5212
9 5466 5549 5550 5467 5213
9 5467 5550 5551 5468 5214
9 5468 5551 5552 5469 5215
9 5469 5552 5553 5470 5216
9 5470 5553 5554 5471 5217
9 5471 5554 5555 5472 5218
9 5472 5555 5556 5473 5219
9 5473 5556 5557 5474 5220
9 5474 5557 5558 5475 5221
9 5475 5558 5559 5476 5222
9 5476 5559 5560 5477 5223
9 5477 5560 5561 5478 5224
9 5478 5561 5562 5479 5225
9 5479 5562 5563 5480 5226
9 5480 5563 5564 5481 5227
9 5481 5564 5565 5482 5228
9 5482 5565 5566 5483 5229
9 5483 5566 5567 5484 5230
9 5484 5567 5568 5485 5231
9 5485 5568 5569 5486 5232
9 5486 5569 5570 5487 5233
9 5487 5570 5571 5488 5234
9 5488 5571 5572 5489 5235
9 5489 5572 5573 5490 5236
9 5490 5573 5574 5491 5237
9 5491 5574 5575 5492 5238
9 5492 5575 5576 5493 5239
9 5493 5576 5577 5494 5240
9 5494 5577 5578 5495 5241
9 5495 5578 5579 5496 5242
9 5496 5579 5580 5497 5243
9 5497 5580 5581 5498 5244
9 5498 5581 5582 5499 5245
9 5499 5582 5583 5500 5246
9 5500 5583 5584 5501 5247
9 5501 5584 5585 5502 5248
9 5502 5585 5586 5503 5249
9 5503 5586 5587 5504 5250
9 5504 5587 5588 5505 5251
9 5505 5588 5589 5506 5252
9 5506 5589 5590 5507 5253
9 5507 5590 5591 5508 5254
9 5508 5591 5592 5509 5255
9 5509 5592 5593 5510 5256
9 5510 5593 5594 5511 5257
9 5511 5594 5595 5512 5258
9 5512 5595 5596 5513 5259
9 5513 5596 5597 5514 5260
9 5514 5597 5598 5515 5261
9 5515 5598 5599 5516 5262
9 5516 5599 5600 5517 5263
9 5517 5600 440 439 5264
9 245 246 5601 5518 5265
9 5518 5601 5602 5519 5266
9 5519 5602 5603 5520 5267
9 5520 5603 5604 5521 5268
9 5521 5604 5605 5522 5269
9 5522 5605 5606 5523 5270
9 5523 5606 5607 5524 5271
9 5524 5607 5608 5525 5272
9 5525 5608 5609 5526 5273
9 5526 5609 5610 5527 5274
9 5527 5610 5611 5528 5275
9 5528 5611 5612 5529 5276
9 5529 5612 5613 5530 5277
9 5530 5613 5614 5531 5278
9 5531 5614 5615 5532 5279
9 5532 5615 5616 5533 5280
9 5533 5616 5617 5534 5281
9 5534 5617 5618 5535 5282
9 5535 5618 5619 5536 5283
9 5536 5619 5620 5537 5284
9 5537 5620 5621 5538 5285
9 5538 5621 5622 5539 5286
9 5539 5622 5623 5540 5287
9 5540 5623 5624 5541 5288
9 5541 5624 5625 5542 5289
9 5542 5625 5626 5543 5290
9 5543 5626 5627 5544 5291
9 5544 5627 5628 5545 5292
9 5545 5628 5629 5546 5293
9 5546 5629 5630 5547 5294
9 5547 5630 5631 5548 5295
9 5548 5631 5632 5549 5296
9 5549 5632 5633 5550 5297
9 5550 5633 5634 5551 5298
9 5551 5634 5635 5552 5299
9 5552 5635 5636 5553 5300
9 5553 5636 5637 5554 5301
9 5554 5637 5638 5555 5302
9 5555 5638 5639 5556 5303
9 5556 5639 5640 5557 5304
9 5557 5640 5641 5558 5305
9 5558 5641 5642 5559 5306
9 5559 5642 5643 5560 5307
9 5560 5643 5644 5561 5308
9 5561 5644 5645 5562 5309
9 5562 5645 5646 5563 5310
9 5563 5646 5647 5564 5311
9 5564 5647 5648 5565 5312
9 5565 5648 5649 5566 5313
9 5566 5649 5650 5567 5314
9 5567 5650 5651 5568 5315
9 5568 5651 5652 5569 5316
9 5569 5652 5653 5570 5317
9 5570 5653 5654 5571 5318
9 5571 5654 5655 5572 5319
9 5572 5655 5656 5573 5320
9 5573 5656 5657 5574 5321
9 5574 5657 5658 5575 5322
9 5575 5658 5659 5576 5323
9 5576 5659 5660 5577 5324
9 5577 5660 5661 5578 5325
9 5578 5661 5662 5579 5326
9 5579 5662 5663 5580 5327
9 5580 5663 5664 5581 5328
9 5581 5664 5665 5582 5329
9 5582 5665 5666 5583 5330
9 5583 5666 5667 5584 5331
9 5584 5667 5668 5585 5332
9 5585 5668 5669 5586 5333
9 5586 5669 5670 5587 5334
9 5587 5670 5671 5588 5335
9 5588 5671 5672 5589 5336
9 5589 5672 5673 5590 5337
9 5590 5673 5674 5591 5338
9 5591 5674 5675 5592 5339
9 5592 5675 5676 5593 5340
9 5593 5676 5677 5594 5341
9 5594 5677 5678 5595 5342
9 5595 5678 5679 5596 5343
9 5596 5679 5680 5597 5344
9 5597 5680 5681 5598 5345
9 5598 5681 5682 5599 5346
9 5599 5682 5683 5600 5347
9 5600 5683 441 440 5348
9 246 247 5684 5601 5349
9 5601 5684 5685 5602 5350
9 5602 5685 5686 5603 5351
9 5603 5686 5687 5604 5352
9 5604 5687 5688 5605 5353
9 5605 5688 5689 5606 5354
9 5606 5689 5690 5607 5355
9 5607 5690 5691 5608 5356
9 5608 5691 5692 5609 5357
9 5609 5692 5693 5610 5358
9 5610 5693 5694 5611 5359
9 5611 5694 5695 5612 5360
9 5612 5695 5696 5613 5361
9 5613 5696 5697 5614 5362
9 5614 5697 5698 5615 5363
9 5615 5698 5699 5616 5364
9 5616 5699 5700 5617 5365
9 5617 5700 5701 5618 5366
9 5618 5701 5702 5619 5367
9 5619 5702 5703 5620 5368
9 5620 5703 5704 5621 5369
9 5621 5704 5705 5622 5370
9 5622 5705 5706 5623 5371
9 5623 5706 5707 5624 5372
9 5624 5707 5708 5625 5373
9 5625 5708 5709 5626 5374
9 5626 5709 5710 5627 5375
9 5627 5710 5711 5628 5376
9 5628 5711 5712 5629 5377
9 5629 5712 5713 5630 5378
9 5630 5713 5714 5631 5379
9 5631 5714 5715 5632 5380
9 5632 5715 5716 5633 5381
9 5633 5716 5717 5634 5382
9 5634 5717 5718 5635 5383
9 5635 5718 5719 5636 5384
9 5636 5719 5720 5637 5385
9 5637 5720 5721 5638 5386
9 5638 5721 5722 5639 5387
9 5639 5722 5723 5640 5388
9 5640 5723 5724 5641 5389
9 5641 5724 5725 5642 5390
9 5642 5725 5726 5643 5391
9 5643 5726 5727 5644 5392
9 5644 5727 5728 5645 5393
9 5645 5728 5729 5646 5394
9 5646 5729 5730 5647 5395
9 5647 5730 5731 5648 5396
9 5648 5731 5732 5649 5397
9 5649 5732 5733 5650 5398
9 5650 5733 5734 5651 5399
9 5651 5734 5735 5652 5400
9 5652 5735 5736 5653 5401
9 5653 5736 5737 5654 5402
9 5654 5737 5738 5655 5403
9 5655 5738 5739 5656 5404
9 5656 5739 5740 5657 5405
9 5657 5740 5741 5658 5406
9 5658 5741 5742 5659 5407
9 5659 5742 5743 5660 5408
9 5660 5743 5744 5661 5409
9 5661 5744 5745 5662 5410
9 5662 5745 5746 5663 5411
9 5663 5746 5747 5664 5412
9 5664 5747 5748 5665 5413
9 5665 5748 5749 5666 5414
9 5666 5749 5750 5667 5415
9 5667 5750 5751 5668 5416
9 5668 5751 5752 5669 5417
9 5669 5752 5753 5670 5418
9 5670 5753 5754 5671 5419
9 5671 5754 5755 5672 5420
9 5672 5755 5756 5673 5421
9 5673 5756 5757 5674 5422
9 5674 5757 5758 5675 5423
9 5675 5758 5759 5676 5424
9 5676 5759 5760 5677 5425
9 5677 5760 5761 5678 5426
9 5678 5761 5762 5679 5427
9 5679 5762 5763 5680 5428
9 5680 5763 5764 5681 5429
9 5681 5764 5765 5682 5430
9 5682 5765 5766 5683 5431
9 5683 5766 442 441 5432
9 247 248 5767 5684 5433
9 5684 5767 5768 5685 5434
9 5685 5768 5769 5686 5435
9 5686 5769 5770 5687 5436
9 5687 5770 5771 5688 5437
9 5688 5771 5772 5689 5438
9 5689 5772 5773 5690 5439
9 5690 5773 5774 5691 5440
9 5691 5774 5775 5692 5441
9 5692 5775 5776 5693 5442
9 5693 5776 5777 5694 5443
9 5694 5777 5778 5695 5444
9 5695 5778 5779 5696 5445
9 5696 5779 5780 5697 5446
9 5697 5780 5781 5698 5447
9 5698 5781 5782 5699 5448
9 5699 5782 5783 5700 5449
9 5700 5783 5784 5701 5450
9 5701 5784 5785 5702 5451
9 5702 5785 5786 5703 5452
9 5703 5786 5787 5704 5453
9 5704 5787 5788 5705 5454
9 5705 5788 5789 5706 5455
9 5706 5789 5790 5707 5456
9 5707 5790 5791 5708 5457
9 5708 5791 5792 5709 5458
9 5709 5792 5793 5710 5459
9 5710 5793 5794 5711 5460
9 5711 5794 5795 5712 5461
9 5712 5795 5796 5713 5462
9 5713 5796 5797 5714 5463
9 5714 5797 5798 5715 5464
9 5715 5798 5799 5716 5465
9 5716 5799 5800 5717 5466
9 5717 5800 5801 5718 5467
9 5718 5801 5802 5719 5468
9 5719 5802 5803 5720 5469
9 5720 5803 5804 5721 5470
9 5721 5804 5805 5722 5471
9 5722 5805 5806 5723 5472
9 5723 5806 5807 5724 5473
9 5724 5807 5808 5725 5474
9 5725 5808 5809 5726 5475
9 5726 5809 5810 5727 5476
9 5727 5810 5811 5728 5477
9 5728 5811 5812 5729 5478
9 5729 5812 5813 5730 5479
9 5730 5813 5814 5731 5480
9 5731 5814 5815 5732 5481
9 5732 5815 5816 5733 5482
9 5733 5816 5817 5734 5483
9 5734 5817 5818 5735 5484
9 5735 5818 5819 5736 5485
9 5736 5819 5820 5737 5486
9 5737 5820 5821 5738 5487
9 5738 5821 5822 5739 5488
9 5739 5822 5823 5740 5489
9 5740 5823 5824 5741 5490
9 5741 5824 5825 5742 5491
9 5742 5825 5826 5743 5492
9 5743 5826 5827 5744 5493
9 5744 5827 5828 5745 5494
9 5745 5828 5829 5746 5495
9 5746 5829 5830 5747 5496
9 5747 5830 5831 5748 5497
9 5748 5831 5832 5749 5498
9 5749 5832 5833 5750 5499
9 5750 5833 5834 5751 5500
9 5751 5834 5835 5752 5501
9 5752 5835 5836 5753 5502
9 5753 5836 5837 5754 5503
9 5754 5837 5838 5755 5504
9 5755 5838 5839 5756 5505
9 5756 5839 5840 5757 5506
9 5757 5840 5841 5758 5507
9 5758 5841 5842 5759 5508
9 5759 5842 5843 5760 5509
9 5760 5843 5844 5761 5510
9 5761 5844 5845 5762 5511
9 5762 5845 5846 5763 5512
9 5763 5846 5847 5764 5513
9 5764 5847 5848 5765 5514
9 5765 5848 5849 5766 5515
9 5766 5849 443 442 5516
9 248 249 5850 5767 5517
9 5767 5850 5851 5768 5518
9 5768 5851 5852 5769 5519
9 5769 5852 5853 5770 5520
9 5770 5853 5854 5771 5521
9 5771 5854 5855 5772 5522
9 5772 5855 5856 5773 5523
9 5773 5856 5857 5774 5524
9 5774 5857 5858 5775 5525
9 5775 5858 5859 5776 5526
9 5776 5859 5860 5777 5527
9 5777 5860 5861 5778 5528
9 5778 5861 5862 5779 5529
9 5779 5862 5863 5780 5530
9 5780 5863 5864 5781 5531
9 5781 5864 5865 5782 5532
9 5782 5865 5866 5783 5533
9 5783 5866 5867 5784 5534
9 5784 5867 5868 5785 5535
9 5785 5868 5869 5786 5536
9 5786 5869 5870 5787 5537
9 5787 5870 5871 5788 5538
9 5788 5871 5872 5789 5539
9 5789 5872 5873 5790 5540
9 5790 5873 5874 5791 5541
9 5791 5874 5875 5792 5542
9 5792 5875 5876 5793 5543
9 5793 5876 5877 5794 5544
9 5794 5877 5878 5795 5545
9 5795 5878 5879 5796 5546
9 5796 5879 5880 5797 5547
9 5797 5880 5881 5798 5548
9 5798 5881 5882 5799 5549
9 5799 5882 5883 5800 5550
9 5800 5883 5884 5801 5551
9 5801 5884 5885 5802 5552
9 5802 5885 5886 5803 5553
9 5803 5886 5887 5804 5554
9 5804 5887 5888 5805 5555
9 5805 5888 5889 5806 5556
9 5806 5889 5890 5807 5557
9 5807 5890 5891 5808 5558
9 5808 5891 5892 5809 5559
9 5809 5892 5893 5810 5560
9 5810 5893 5894 5811 5561
9 5811 5894 5895 5812 5562
9 5812 5895 5896 5813 5563
9 5813 5896 5897 5814 5564
9 5814 5897 5898 5815 5565
9 5815 5898 5899 5816 5566
9 5816 5899 5900 5817 5567
9 5817 5900 5901 5818 5568
9 5818 5901 5902 5819 5569
9 5819 5902 5903 5820 5570
9 5820 5903 5904 5821 5571
9 5821 5904 5905 5822 5572
9 5822 5905 5906 5823 5573
9 5823 5906 5907 5824 5574
9 5824 5907 5908 5825 5575
9 5825 5908 5909 5826 5576
9 5826 5909 5910 5827 5577
9 5827 5910 5911 5828 5578
9 5828 5911 5912 5829 5579
9 5829 5912 5913 5830 5580
9 5830 5913 5914 5831 5581
9 5831 5914 5915 5832 5582
9 5832 5915 5916 5833 5583
9 5833 5916 5917 5834 5584
9 5834 5917 5918 5835 5585
9 5835 5918 5919 5836 5586
9 5836 5919 5920 5837 5587
9 5837 5920 5921 5838 5588
9 5838 5921 5922 5839 5589
9 5839 5922 5923 5840 5590
9 5840 5923 5924 5841 5591
9 5841 5924 5925 5842 5592
9 5842 5925 5926 5843 5593
9 5843 5926 5927 5844 5594
9 5844 5927 5928 5845 5595
9 5845 5928 5929 5846 5596
9 5846 5929 5930 5847 5597
9 5847 5930 5931 5848 5598
9 5848 5931 5932 5849 5599
9 5849 5932 444 443 5600
9 249 250 5933 5850 5601
9 5850 5933 5934 5851 5602
9 5851 5934 5935 5852 5603
9 5852 5935 5936 5853 5604
9 5853 5936 5937 5854 5605
9 5854 5937 5938 5855 5606
9 5855 5938 5939 5856 5607
9 5856 5939 5940 5857 5608
9 5857 5940 5941 5858 5609
9 5858 5941 5942 5859 5610
9 5859 5942 5943 5860 5611
9 5860 5943 5944 5861 5612
9 5861 5944 5945 5862 5613
9 5862 5945 5946 5863 5614
9 5863 5946 5947 5864 5615
9 5864 5947 5948 5865 5616
9 5865 5948 5949 5866 5617
9 5866 5949 5950 5867 5618
9 5867 5950 5951 5868 5619
9 5868 5951 5952 5869 5620
9 5869 5952 5953 5870 5621
9 5870 5953 5954 5871 5622
9 5871 5954 5955 5872 5623
9 5872 5955 5956 5873 5624
9 5873 5956 5957 5874 5625
9 5874 5957 5958 5875 5626
9 5875 5958 5959 5876 5627
9 5876 5959 5960 5877 5628
9 5877 5960 5961 5878 5629
9 5878 5961 5962 5879 5630
9 5879 5962 5963 5880 5631
9 5880 5963 5964 5881 5632
9 5881 5964 5965 5882 5633
9 5882 5965 5966 5883 5634
9 5883 5966 5967 5884 5635
9 5884 5967 5968 5885 5636
9 5885 5968 5969 5886 5637
9 5886 5969 5970 5887 5638
9 5887 5970 5971 5888 5639
9 5888 5971 5972 5889 5640
9 5889 5972 5973 5890 5641
9 5890 5973 5974 5891 5642
9 5891 5974 5975 5892 5643
9 5892 5975 5976 5893 5644
9 5893 5976 5977 5894 5645
9 5894 5977 5978 5895 5646
9 5895 5978 5979 5896 5647
9 5896 5979 5980 5897 5648
9 5897 5980 5981 5898 5649
9 5898 5981 5982 5899 5650
9 5899 5982 5983 5900 5651
9 5900 5983 5984 5901 5652
9 5901 5984 5985 5902 5653
9 5902 5985 5986 5903 5654
9 5903 5986 5987 5904 5655
9 5904 5987 5988 5905 5656
9 5905 5988 5989 5906 5657
9 5906 5989 5990 5907 5658
9 5907 5990 5991 5908 5659
9 5908 5991 5992 5909 5660
9 5909 5992 5993 5910 5661
9 5910 5993 5994 5911 5662
9 5911 5994 5995 5912 5663
9 5912 5995 5996 5913 5664
9 5913 5996 5997 5914 5665
9 5914 5997 5998 5915 5666
9 5915 5998 5999 5916 5667
9 5916 5999 6000 5917 5668
9 5917 6000 6001 5918 5669
9 5918 6001 6002 5919 5670
9 5919 6002 6003 5920 5671
9 5920 6003 6004 5921 5672
9 5921 6004 6005 5922 5673
9 5922 6005 6006 5923 5674
9 5923 6006 6007 5924 5675
9 5924 6007 6008 5925 5676
9 5925 6008 6009 5926 5677
9 5926 6009 6010 5927 5678
9 5927 6010 6011 5928 5679
9 5928 6011 6012 5929 5680
9 5929 6012 6013 5930 5681
9 5930 6013 6014 5931 5682
9 5931 6014 6015 5932 5683
9 5932 6015 445 444 5684
9 250 251 6016 5933 5685
9 5933 6016 6017 5934 5686
9 5934 6017 6018 5935 5687
9 5935 6018 6019 5936 5688
9 5936 6019 6020 5937 5689
9 5937 6020 6021 5938 5690
9 5938 6021 6022 5939 5691
9 5939 6022 6023 5940 5692
9 5940 6023 6024 5941 5693
9 5941 6024 6025 5942 5694
9 5942 6025 6026 5943 5695
9 5943 6026 6027 5944 5696
9 5944 6027 6028 5945 5697
9 5945 6028 6029 5946 5698
9 5946 6029 6030 5947 5699
9 5947 6030 6031 5948 5700
9 5948 6031 6032 5949 5701
9 5949 6032 6033 5950 5702
9 5950 6033 6034 5951 5703
9 5951 6034 6035 5952 5704
9 5952 6035 6036 5953 5705
9 5953 6036 6037 5954 5706
9 5954 6037 6038 5955 5707
9 5955 6038 6039 5956 5708
9 5956 6039 6040 5957 5709
9 5957 6040 6041 5958 5710
9 5958 6041 6042 5959 5711
9 5959 6042 6043 5960 5712
9 5960 6043 6044 5961 5713
9 5961 6044 6045 5962 5714
9 5962 6045 6046 5963 5715
9 5963 6046 6047 5964 5716
9 5964 6047 6048 5965 5717
9 5965 6048 6049 5966 5718
9 5966 6049 6050 5967 5719
9 5967 6050 6051 5968 5720
9 5968 6051 6052 5969 5721
9 5969 6052 6053 5970 5722
9 5970 6053 6054 5971 5723
9 5971 6054 6055 5972 5724
9 5972 6055 6056 5973 5725
9 5973 6056 6057 5974 5726
9 5974 6057 6058 5975 5727
9 5975 6058 6059 5976 5728
9 5976 6059 6060 5977 5729
9 5977 6060 6061 5978 5730
9 5978 6061 6062 5979 5731
9 5979 6062 6063 5980 5732
9 5980 6063 6064 5981 5733
9 5981 6064 6065 5982 5734
9 5982 6065 6066 5983 5735
9 5983 6066 6067 5984 5736
9 5984 6067 6068 5985 5737
9 5985 6068 6069 5986 5738
9 5986 6069 6070 5987 5739
9 5987 6070 6071 5988 5740
9 5988 6071 6072 5989 5741
9 5989 6072 6073 5990 5742
9 5990 6073 6074 5991 5743
9 5991 6074 6075 5992 5744
9 5992 6075 6076 5993 5745
9 5993 6076 6077 5994 5746
9 5994 6077 6078 5995 5747
9 5995 6078 6079 5996 5748
9 5996 6079 6080 5997 5749
9 5997 6080 6081 5998 5750
9 5998 6081 6082 5999 5751
9 5999 6082 6083 6000 5752
9 6000 6083 6084 6001 5753
9 6001 6084 6085 6002 5754
9 6002 6085 6086 6003 5755
9 6003 6086 6087 6004 5756
9 6004 6087 6088 6005 5757
9 6005 6088 6089 6006 5758
9 6006 6089 6090 6007 5759
9 6007 6090 6091 6008 5760
9 6008 6091 6092 6009 5761
9 6009 6092 6093 6010 5762
9 6010 6093 6094 6011 5763
9 6011 6094 6095 6012 5764
9 6012 6095 6096 6013 5765
9 6013 6096 6097 6014 5766
9 6014 6097 6098 6015 5767
9 6015 6098 446 445 5768
9 251 252 6099 6016 5769
9 6016 6099 6100 6017 5770
9 6017 6100 6101 6018 5771
9 6018 6101 6102 6019 5772
9 6019 6102 6103 6020 5773
9 6020 6103 6104 6021 5774
9 6021 6104 6105 6022 5775
9 6022 6105 6106 6023 5776
9 6023 6106 6107 6024 5777
9 6024 6107 6108 6025 5778
9 6025 6108 6109 6026 5779
9 6026 6109 6110 6027 5780
9 6027 6110 6111 6028 5781
9 6028 6111 6112 6029 5782
9 6029 6112 6113 6030 5783
9 6030 6113 6114 6031 5784
9 6031 6114 6115 6032 5785
9 6032 6115 6116 6033 5786
9 6033 6116 6117 6034 5787
9 6034 6117 6118 6035 5788
9 6035 6118 6119 6036 5789
9 6036 6119 6120 6037 5790
9 6037 6120 6121 6038 5791
9 6038 6121 6122 6039 5792
9 6039 6122 6123 6040 5793
9 6040 6123 6124 6041 5794
9 6041 6124 6125 6042 5795
9 6042 6125 6126 6043 5796
9 6043 6126 6127 6044 5797
9 6044 6127 6128 6045 5798
9 6045 6128 6129 6046 5799
9 6046 6129 6130 6047 5800
9 6047 6130 6131 6048 5801
9 6048 6131 6132 6049 5802
9 6049 6132 6133 6050 5803
9 6050 6133 6134 6051 5804
9 6051 6134 6135 6052 5805
9 6052 6135 6136 6053 5806
9 6053 6136 6137 6054 5807
9 6054 6137 6138 6055 5808
9 6055 6138 6139 6056 5809
9 6056 6139 6140 6057 5810
9 6057 6140 6141 6058 5811
9 6058 6141 6142 6059 5812
9 6059 6142 6143 6060 5813
9 6060 6143 6144 6061 5814
9 6061 6144 6145 6062 5815
9 6062 6145 6146 6063 5816
9 6063 6146 6147 6064 5817
9 6064 6147 6148 6065 5818
9 6065 6148 6149 6066 5819
9 6066 6149 6150 6067 5820
9 6067 6150 6151 6068 5821
9 6068 6151 6152 6069 5822
9 6069 6152 6153 6070 5823
9 6070 6153 6154 6071 5824
9 6071 6154 6155 6072 5825
9 6072 6155 6156 6073 5826
9 6073 6156 6157 6074 5827
9 6074 6157 6158 6075 5828
9 6075 6158 6159 6076 5829
9 6076 6159 6160 6077 5830
9 6077 6160 6161 6078 5831
9 6078 6161 6162 6079 5832
9 6079 6162 6163 6080 5833
9 6080 6163 6164 6081 5834
9 6081 6164 6165 6082 5835
9 6082 6165 6166 6083 5836
9 6083 6166 6167 6084 5837
9 6084 6167 6168 6085 5838
9 6085 6168 6169 6086 5839
9 6086 6169 6170 6087 5840
9 6087 6170 6171 6088 5841
9 6088 6171 6172 6089 5842
9 6089 6172 6173 6090 5843
9 6090 6173 6174 6091 5844
9 6091 6174 6175 6092 5845
9 6092 6175 6176 6093 5846
9 6093 6176 6177 6094 5847
9 6094 6177 6178 6095 5848
9 6095 6178 6179 6096 5849
9 6096 6179 6180 6097 5850
9 6097 6180 6181 6098 5851
9 6098 6181 447 446 5852
9 252 253 6182 6099 5853
9 6099 6182 6183 6100 5854
9 6100 6183 6184 6101 5855
9 6101 6184 6185 6102 5856
9 6102 6185 6186 6103 5857
9 6103 6186 6187 6104 5858
9 6104 6187 6188 6105 5859
9 6105 6188 6189 6106 5860
9 6106 6189 6190 6107 5861
9 6107 6190 6191 6108 5862
9 6108 6191 6192 6109 5863
9 6109 6192 6193 6110 5864
9 6110 6193 6194 6111 5865
9 6111 6194 6195 6112 5866
9 6112 6195 6196 6113 5867
9 6113 6196 6197 6114 5868
9 6114 6197 6198 6115 5869
9 6115 6198 6199 6116 5870
9 6116 6199 6200 6117 5871
9 6117 6200 6201 6118 5872
9 6118 6201 6202 6119 5873
9 6119 6202 6203 6120 5874
9 6120 6203 6204 6121 5875
9 6121 6204 6205 6122 5876
9 6122 6205 6206 6123 5877
9 6123 6206 6207 6124 5878
9 6124 6207 6208 6125 5879
9 6125 6208 6209 6126 5880
9 6126 6209 6210 6127 5881
9 6127 6210 6211 6128 5882
9 6128 6211 6212 6129 5883
9 6129 6212 6213 6130 5884
9 6130 6213 6214 6131 5885
9 6131 6214 6215 6132 5886
9 6132 6215 6216 6133 5887
9 6133 6216 6217 6134 5888
9 6134 6217 6218 6135 5889
9 6135 6218 6219 6136 5890
9 6136 6219 6220 6137 5891
9 6137 6220 6221 6138 5892
9 6138 6221 6222 6139 5893
9 6139 6222 6223 6140 5894
9 6140 6223 6224 6141 5895
9 6141 6224 6225 6142 5896
9 6142 6225 6226 6143 5897
9 6143 6226 6227 6144 5898
9 6144 6227 6228 6145 5899
9 6145 6228 6229 6146 5900
9 6146 6229 6230 6147 5901
9 6147 6230 6231 6148 5902
9 6148 6231 6232 6149 5903
9 6149 6232 6233 6150 5904
9 6150 6233 6234 6151 5905
9 6151 6234 6235 6152 5906
9 6152 6235 6236 6153 5907
9 6153 6236 6237 6154 5908
9 6154 6237 6238 6155 5909
9 6155 6238 6239 6156 5910
9 6156 6239 6240 6157 5911
9 6157 6240 6241 6158 5912
9 6158 6241 6242 6159 5913
9 6159 6242 6243 6160 5914
9 6160 6243 6244 6161 5915
9 6161 6244 6245 6162 5916
9 6162 6245 6246 6163 5917
9 6163 6246 6247 6164 5918
9 6164 6247 6248 6165 5919
9 6165 6248 6249 6166 5920
9 6166 6249 6250 6167 5921
9 6167 6250 6251 6168 5922
9 6168 6251 6252 6169 5923
9 6169 6252 6253 6170 5924
9 6170 6253 6254 6171 5925
9 6171 6254 6255 6172 5926
9 6172 6255 6256 6173 5927
9 6173 6256 6257 6174 5928
9 6174 6257 6258 6175 5929
9 6175 6258 6259 6176 5930
9 6176 6259 6260 6177 5931
9 6177 6260 6261 6178 5932
9 6178 6261 6262 6179 5933
9 6179 6262 6263 6180 5934
9 6180 6263 6264 6181 5935
9 6181 6264 448 447 5936
9 253 254 6265 6182 5937
9 6182 6265 6266 6183 5938
9 6183 6266 6267 6184 5939
9 6184 6267 6268 6185 5940
9 6185 6268 6269 6186 5941
9 6186 6269 6270 6187 5942
9 6187 6270 6271 6188 5943
9 6188 6271 6272 6189 5944
9 6189 6272 6273 6190 5945
9 6190 6273 6274 6191 5946
9 6191 6274 6275 6192 5947
9 6192 6275 6276 6193 5948
9 6193 6276 6277 6194 5949
9 6194 6277 6278 6195 5950
9 6195 6278 6279 6196 5951
9 6196 6279 6280 6197 5952
9 6197 6280 6281 6198 5953
9 6198 6281 6282 6199 5954
9 6199 6282 6283 6200 5955
9 6200 6283 6284 6201 5956
9 6201 6284 6285 6202 5957
9 6202 6285 6286 6203 5958
9 6203 6286 6287 6204 5959
9 6204 6287 6288 6205 5960
9 6205 6288 6289 6206 5961
9 6206 6289 6290 6207 5962
9 6207 6290 6291 6208 5963
9 6208 6291 6292 6209 5964
9 6209 6292 6293 6210 5965
9 6210 6293 6294 6211 5966
9 6211 6294 6295 6212 5967
9 6212 6295 6296 6213 5968
9 6213 6296 6297 6214 5969
9 6214 6297 6298 6215 5970
9 6215 6298 6299 6216 5971
9 6216 6299 6300 6217 5972
9 6217 6300 6301 6218 5973
9 6218 6301 6302 6219 5974
9 6219 6302 6303 6220 5975
9 6220 6303 6304 6221 5976
9 6221 6304 6305 6222 5977
9 6222 6305 6306 6223 5978
9 6223 6306 6307 6224 5979
9 6224 6307 6308 6225 5980
9 6225 6308 6309 6226 5981
9 6226 6309 6310 6227 5982
9 6227 6310 6311 6228 5983
9 6228 6311 6312 6229 5984
9 6229 6312 6313 6230 5985
9 6230 6313 6314 6231 5986
9 6231 6314 6315 6232 5987
9 6232 6315 6316 6233 5988
9 6233 6316 6317 6234 5989
9 6234 6317 6318 6235 5990
9 6235 6318 6319 6236 5991
9 6236 6319 6320 6237 5992
9 6237 6320 6321 6238 5993
9 6238 6321 6322 6239 5994
9 6239 6322 6323 6240 5995
9 6240 6323 6324 6241 5996
9 6241 6324 6325 6242 5997
9 6242 6325 6326 6243 5998
9 6243 6326 6327 6244 5999
9 6244 6327 6328 6245 6000
9 6245 6328 6329 6246 6001
9 6246 6329 6330 6247 6002
9 6247 6330 6331 6248 6003
9 6248 6331 6332 6249 6004
9 6249 6332 6333 6250 6005
9 6250 6333 6334 6251 6006
9 6251 6334 6335 6252 6007
9 6252 6335 6336 6253 6008
9 6253 6336 6337 6254 6009
9 6254 6337 6338 6255 6010
9 6255 6338 6339 6256 6011
9 6256 6339 6340 6257 6012
9 6257 6340 6341 6258 6013
9 6258 6341 6342 6259 6014
9 6259 6342 6343 6260 6015
9 6260 6343 6344 6261 6016
9 6261 6344 6345 6262 6017
9 6262 6345 6346 6263 6018
9 6263 6346 6347 6264 6019
9 6264 6347 449 448 6020
9 254 255 6348 6265 6021
9 6265 6348 6349 6266 6022
9 6266 6349 6350 6267 6023
9 6267 6350 6351 6268 6024
9 6268 6351 6352 6269 6025
9 6269 6352 6353 6270 6026
9 6270 6353 6354 6271 6027
9 6271 6354 6355 6272 6028
9 6272 6355 6356 6273 6029
9 6273 6356 6357 6274 6030
9 6274 6357 6358 6275 6031
9 6275 6358 6359 6276 6032
9 6276 6359 6360 6277 6033
9 6277 6360 6361 6278 6034
9 6278 6361 6362 6279 6035
9 6279 6362 6363 6280 6036
9 6280 6363 6364 6281 6037
9 6281 6364 6365 6282 6038
9 6282 6365 6366 6283 6039
9 6283 6366 6367 6284 6040
9 6284 6367 6368 6285 6041
9 6285 6368 6369 6286 6042
9 6286 6369 6370 6287 6043
9 6287 6370 6371 6288 6044
9 6288 6371 6372 6289 6045
9 6289 6372 6373 6290 6046
9 6290 6373 6374 6291 6047
9 6291 6374 6375 6292 6048
9 6292 6375 6376 6293 6049
9 6293 6376 6377 6294 6050
9 6294 6377 6378 6295 6051
9 6295 6378 6379 6296 6052
9 6296 6379 6380 6297 6053
9 6297 6380 6381 6298 6054
9 6298 6381 6382 6299 6055
9 6299 6382 6383 6300 6056
9 6300 6383 6384 6301 6057
9 6301 6384 6385 6302 6058
9 6302 6385 6386 6303 6059
9 6303 6386 6387 6304 6060
9 6304 6387 6388 6305 6061
9 6305 6388 6389 6306 6062
9 6306 6389 6390 6307 6063
9 6307 6390 6391 6308 6064
9 6308 6391 6392 6309 6065
9 6309 6392 6393 6310 6066
9 6310 6393 6394 6311 6067
9 6311 6394 6395 6312 6068
9 6312 6395 6396 6313 6069
9 6313 6396 6397 6314 6070
9 6314 6397 6398 6315 6071
9 6315 6398 6399 6316 6072
9 6316 6399 6400 6317 6073
9 6317 6400 6401 6318 6074
9 6318 6401 6402 6319 6075
9 6319 6402 6403 6320 6076
9 6320 6403 6404 6321 6077
9 6321 6404 6405 6322 6078
9 6322 6405 6406 6323 6079
9 6323 6406 6407 6324 6080
9 6324 6407 6408 6325 6081
9 6325 6408 6409 6326 6082
9 6326 6409 6410 6327 6083
9 6327 6410 6411 6328 6084
9 6328 6411 6412 6329 6085
9 6329 6412 6413 6330 6086
9 6330 6413 6414 6331 6087
9 6331 6414 6415 6332 6088
9 6332 6415 6416 6333 6089
9 6333 6416 6417 6334 6090
9 6334 6417 6418 6335 6091
9 6335 6418 6419 6336 6092
9 6336 6419 6420 6337 6093
9 6337 6420 6421 6338 6094
9 6338 6421 6422 6339 6095
9 6339 6422 6423 6340 6096
9 6340 6423 6424 6341 6097
9 6341 6424 6425 6342 6098
9 6342 6425 6426 6343 6099
9 6343 6426 6427 6344 6100
9 6344 6427 6428 6345 6101
9 6345 6428 6429 6346 6102
9 6346 6429 6430 6347 6103
9 6347 6430 450 449 6104
9 255 256 6431 6348 6105
9 6348 6431 6432 6349 6106
9 6349 6432 6433 6350 6107
9 6350 6433 6434 6351 6108
9 6351 6434 6435 6352 6109
9 6352 6435 6436 6353 6110
9 6353 6436 6437 6354 6111
9 6354 6437 6438 6355 6112
9 6355 6438 6439 6356 6113
9 6356 6439 6440 6357 6114
9 6357 6440 6441 6358 6115
9 6358 6441 6442 6359 6116
9 6359 6442 6443 6360 6117
9 6360 6443 6444 6361 6118
9 6361 6444 6445 6362 6119
9 6362 6445 6446 6363 6120
9 6363 6446 6447 6364 6121
9 6364 6447 6448 6365 6122
9 6365 6448 6449 6366 6123
9 6366 6449 6450 6367 6124
9 6367 6450 6451 6368 6125
9 6368 6451 6452 6369 6126
9 6369 6452 6453 6370 6127
9 6370 6453 6454 6371 6128
9 6371 6454 6455 6372 6129
9 6372 6455 6456 6373 6130
9 6373 6456 6457 6374 6131
9 6374 6457 6458 6375 6132
9 6375 6458 6459 6376 6133
9 6376 6459 6460 6377 6134
9 6377 6460 6461 6378 6135
9 6378 6461 6462 6379 6136
9 6379 6462 6463 6380 6137
9 6380 6463 6464 6381 6138
9 6381 6464 6465 6382 6139
9 6382 6465 6466 6383 6140
9 6383 6466 6467 6384 6141
9 6384 6467 6468 6385 6142
9 6385 6468 6469 6386 6143
9 6386 6469 6470 6387 6144
9 6387 6470 6471 6388 6145
9 6388 6471 6472 6389 6146
9 6389 6472 6473 6390 6147
9 6390 6473 6474 6391 6148
9 6391 6474 6475 6392 6149
9 6392 6475 6476 6393 6150
9 6393 6476 6477 6394 6151
9 6394 6477 6478 6395 6152
9 6395 6478 6479 6396 6153
9 6396 6479 6480 6397 6154
9 6397 6480 6481 6398 6155
9 6398 6481 6482 6399 6156
9 6399 6482 6483 6400 6157
9 6400 6483 6484 6401 6158
9 6401 6484 6485 6402 6159
9 6402 6485 6486 6403 6160
9 6403 6486 6487 6404 6161
9 6404 6487 6488 6405 6162
9 6405 6488 6489 6406 6163
9 6406 6489 6490 6407 6164
9 6407 6490 6491 6408 6165
9 6408 6491 6492 6409 6166
9 6409 6492 6493 6410 6167
9 6410 6493 6494 6411 6168
9 6411 6494 6495 6412 6169
9 6412 6495 6496 6413 6170
9 6413 6496 6497 6414 6171
9 6414 6497 6498 6415 6172
9 6415 6498 6499 6416 6173
9 6416 6499 6500 6417 6174
9 6417 6500 6501 6418 6175
9 6418 6501 6502 6419 6176
9 6419 6502 6503 6420 6177
9 6420 6503 6504 6421 6178
9 6421 6504 6505 6422 6179
9 6422 6505 6506 6423 6180
9 6423 6506 6507 6424 6181
9 6424 6507 6508 6425 6182
9 6425 6508 6509 6426 6183
9 6426 6509 6510 6427 6184
9 6427 6510 6511 6428 6185
9 6428 6511 6512 6429 6186
9 6429 6512 6513 6430 6187
9 6430 6513 451 450 6188
9 256 257 6514 6431 6189
9 6431 6514 6515 6432 6190
9 6432 6515 6516 6433 6191
9 6433 6516 6517 6434 6192
9 6434 6517 6518 6435 6193
9 6435 6518 6519 6436 6194
9 6436 6519 6520 6437 6195
9 6437 6520 6521 6438 6196
9 6438 6521 6522 6439 6197
9 6439 6522 6523 6440 6198
9 6440 6523 6524 6441 6199
9 6441 6524 6525 6442 6200
9 6442 6525 6526 6443 6201
9 6443 6526 6527 6444 6202
9 6444 6527 6528 6445 6203
9 6445 6528 6529 6446 6204
9 6446 6529 6530 6447 6205
9 6447 6530 6531 6448 6206
9 6448 6531 6532 6449 6207
9 6449 6532 6533 6450 6208
9 6450 6533 6534 6451 6209
9 6451 6534 6535 6452 6210
9 6452 6535 6536 6453 6211
9 6453 6536 6537 6454 6212
9 6454 6537 6538 6455 6213
9 6455 6538 6539 6456 6214
9 6456 6539 6540 6457 6215
9 6457 6540 6541 6458 6216
9 6458 6541 6542 6459 6217
9 6459 6542 6543 6460 6218
9 6460 6543 6544 6461 6219
9 6461 6544 6545 6462 6220
9 6462 6545 6546 6463 6221
9 6463 6546 6547 6464 6222
9 6464 6547 6548 6465 6223
9 6465 6548 6549 6466 6224
9 6466 6549 6550 6467 6225
9 6467 6550 6551 6468 6226
9 6468 6551 6552 6469 6227
9 6469 6552 6553 6470 6228
9 6470 6553 6554 6471 6229
9 6471 6554 6555 6472 6230
9 6472 6555 6556 6473 6231
9 6473 6556 6557 6474 6232
9 6474 6557 6558 6475 6233
9 6475 6558 6559 6476 6234
9 6476 6559 6560 6477 6235
9 6477 6560 6561 6478 6236
9 6478 6561 6562 6479 6237
9 6479 6562 6563 6480 6238
9 6480 6563 6564 6481 6239
9 6481 6564 6565 6482 6240
9 6482 6565 6566 6483 6241
9 6483 6566 6567 6484 6242
9 6484 6567 6568 6485 6243
9 6485 6568 6569 6486 6244
9 6486 6569 6570 6487 6245
9 6487 6570 6571 6488 6246
9 6488 6571 6572 6489 6247
9 6489 6572 6573 6490 6248
9 6490 6573 6574 6491 6249
9 6491 6574 6575 6492 6250
9 6492 6575 6576 6493 6251
9 6493 6576 6577 6494 6252
9 6494 6577 6578 6495 6253
9 6495 6578 6579 6496 6254
9 6496 6579 6580 6497 6255
9 6497 6580 6581 6498 6256
9 6498 6581 6582 6499 6257
9 6499 6582 6583 6500 6258
9 6500 6583 6584 6501 6259
9 6501 6584 6585 6502 6260
9 6502 6585 6586 6503 6261
9 6503 6586 6587 6504 6262
9 6504 6587 6588 6505 6263
9 6505 6588 6589 6506 6264
9 6506 6589 6590 6507 6265
9 6507 6590 6591 6508 6266
9 6508 6591 6592 6509 6267
9 6509 6592 6593 6510 6268
9 6510 6593 6594 6511 6269
9 6511 6594 6595 6512 6270
9 6512 6595 6596 6513 6271
9 6513 6596 452 451 6272
9 257 258 6597 6514 6273
9 6514 6597 6598 6515 6274
9 6515 6598 6599 6516 6275
9 6516 6599 6600 6517 6276
9 6517 6600 6601 6518 6277
9 6518 6601 6602 6519 6278
9 6519 6602 6603 6520 6279
9 6520 6603 6604 6521 6280
9 6521 6604 6605 6522 6281
9 6522 6605 6606 6523 6282
9 6523 6606 6607 6524 6283
9 6524 6607 6608 6525 6284
9 6525 6608 6609 6526 6285
9 6526 6609 6610 6527 6286
9 6527 6610 6611 6528 6287
9 6528 6611 6612 6529 6288
9 6529 6612 6613 6530 6289
9 6530 6613 6614 6531 6290
9 6531 6614 6615 6532 6291
9 6532 6615 6616 6533 6292
9 6533 6616 6617 6534 6293
9 6534 6617 6618 6535 6294
9 6535 6618 6619 6536 6295
9 6536 6619 6620 6537 6296
9 6537 6620 6621 6538 6297
9 6538 6621 6622 6539 6298
9 6539 6622 6623 6540 6299
9 6540 6623 6624 6541 6300
9 6541 6624 6625 6542 6301
9 6542 6625 6626 6543 6302
9 6543 6626 6627 6544 6303
9 6544 6627 6628 6545 6304
9 6545 6628 6629 6546 6305
9 6546 6629 6630 6547 6306
9 6547 6630 6631 6548 6307
9 6548 6631 6632 6549 6308
9 6549 6632 6633 6550 6309
9 6550 6633 6634 6551 6310
9 6551 6634 6635 6552 6311
9 6552 6635 6636 6553 6312
9 6553 6636 6637 6554 6313
9 6554 6637 6638 6555 6314
9 6555 6638 6639 6556 6315
9 6556 6639 6640 6557 6316
9 6557 6640 6641 6558 6317
9 6558 6641 6642 6559 6318
9 6559 6642 6643 6560 6319
9 6560 6643 6644 6561 6320
9 6561 6644 6645 6562 6321
9 6562 6645 6646 6563 6322
9 6563 6646 6647 6564 6323
9 6564 6647 6648 6565 6324
9 6565 6648 6649 6566 6325
9 6566 6649 6650 6567 6326
9 6567 6650 6651 6568 6327
9 6568 6651 6652 6569 6328
9 6569 6652 6653 6570 6329
9 6570 6653 6654 6571 6330
9 6571 6654 6655 6572 6331
9 6572 6655 6656 6573 6332
9 6573 6656 6657 6574 6333
9 6574 6657 6658 6575 6334
9 6575 6658 6659 6576 6335
9 6576 6659 6660 6577 6336
9 6577 6660 6661 6578 6337
9 6578 6661 6662 6579 6338
9 6579 6662 6663 6580 6339
9 6580 6663 6664 6581 6340
9 6581 6664 6665 6582 6341
9 6582 6665 6666 6583 6342
9 6583 6666 6667 6584 6343
9 6584 6667 6668 6585 6344
9 6585 6668 6669 6586 6345
9 6586 6669 6670 6587 6346
9 6587 6670 6671 6588 6347
9 6588 6671 6672 6589 6348
9 6589 6672 6673 6590 6349
9 6590 6673 6674 6591 6350
9 6591 6674 6675 6592 6351
9 6592 6675 6676 6593 6352
9 6593 6676 6677 6594 6353
9 6594 6677 6678 6595 6354
9 6595 6678 6679 6596 6355
9 6596 6679 453 452 6356
9 258 259 6680 6597 6357
9 6597 6680 6681 6598 6358
9 6598 6681 6682 6599 6359
9 6599 6682 6683 6600 6360
9 6600 6683 6684 6601 6361
9 6601 6684 6685 6602 6362
9 6602 6685 6686 6603 6363
9 6603 6686 6687 6604 6364
9 6604 6687 6688 6605 6365
9 6605 6688 6689 6606 6366
9 6606 6689 6690 6607 6367
9 6607 6690 6691 6608 6368
9 6608 6691 6692 6609 6369
9 6609 6692 6693 6610 6370
9 6610 6693 6694 6611 6371
9 6611 6694 6695 6612 6372
9 6612 6695 6696 6613 6373
9 6613 6696 6697 6614 6374
9 6614 6697 6698 6615 6375
9 6615 6698 6699 6616 6376
9 6616 6699 6700 6617 6377
9 6617 6700 6701 6618 6378
9 6618 6701 6702 6619 6379
9 6619 6702 6703 6620 6380
9 6620 6703 6704 6621 6381
9 6621 6704 6705 6622 6382
9 6622 6705 6706 6623 6383
9 6623 6706 6707 6624 6384
9 6624 6707 6708 6625 6385
9 6625 6708 6709 6626 6386
9 6626 6709 6710 6627 6387
9 6627 6710 6711 6628 6388
9 6628 6711 6712 6629 6389
9 6629 6712 6713 6630 6390
9 6630 6713 6714 6631 6391
9 6631 6714 6715 6632 6392
9 6632 6715 6716 6633 6393
9 6633 6716 6717 6634 6394
9 6634 6717 6718 6635 6395
9 6635 6718 6719 6636 6396
9 6636 6719 6720 6637 6397
9 6637 6720 6721 6638 6398
9 6638 6721 6722 6639 6399
9 6639 6722 6723 6640 6400
9 6640 6723 6724 6641 6401
9 6641 6724 6725 6642 6402
9 6642 6725 6726 6643 6403
9 6643 6726 6727 6644 6404
9 6644 6727 6728 6645 6405
9 6645 6728 6729 6646 6406
9 6646 6729 6730 6647 6407
9 6647 6730 6731 6648 6408
9 6648 6731 6732 6649 6409
9 6649 6732 6733 6650 6410
9 6650 6733 6734 6651 6411
9 6651 6734 6735 6652 6412
9 6652 6735 6736 6653 6413
9 6653 6736 6737 6654 6414
9 6654 6737 6738 6655 6415
9 6655 6738 6739 6656 6416
9 6656 6739 6740 6657 6417
9 6657 6740 6741 6658 6418
9 6658 6741 6742 6659 6419
9 6659 6742 6743 6660 6420
9 6660 6743 6744 6661 6421
9 6661 6744 6745 6662 6422
9 6662 6745 6746 6663 6423
9 6663 6746 6747 6664 6424
9 6664 6747 6748 6665 6425
9 6665 6748 6749 6666 6426
9 6666 6749 6750 6667 6427
9 6667 6750 6751 6668 6428
9 6668 6751 6752 6669 6429
9 6669 6752 6753 6670 6430
9 6670 6753 6754 6671 6431
9 6671 6754 6755 6672 6432
9 6672 6755 6756 6673 6433
9 6673 6756 6757 6674 6434
9 6674 6757 6758 6675 6435
9 6675 6758 6759 6676 6436
9 6676 6759 6760 6677 6437
9 6677 6760 6761 6678 6438
9 6678 6761 6762 6679 6439
9 6679 6762 454 453 6440
9 259 260 6763 6680 6441
9 6680 6763 6764 6681 6442
9 6681 6764 6765 6682 6443
9 6682 6765 6766 6683 6444
9 6683 6766 6767 6684 6445
9 6684 6767 6768 6685 6446
9 6685 6768 6769 6686 6447
9 6686 6769 6770 6687 6448
9 6687 6770 6771 6688 6449
9 6688 6771 6772 6689 6450
9 6689 6772 6773 6690 6451
9 6690 6773 6774 6691 6452
9 6691 6774 6775 6692 6453
9 6692 6775 6776 6693 6454
9 6693 6776 6777 6694 6455
9 6694 6777 6778 6695 6456
9 6695 6778 6779 6696 6457
9 6696 6779 6780 6697 6458
9 6697 6780 6781 6698 6459
9 6698 6781 6782 6699 6460
9 6699 6782 6783 6700 6461
9 6700 6783 6784 6701 6462
9 6701 6784 6785 6702 6463
9 6702 6785 6786 6703 6464
9 6703 6786 6787 6704 6465
9 6704 6787 6788 6705 6466
9 6705 6788 6789 6706 6467
9 6706 6789 6790 6707 6468
9 6707 6790 6791 6708 6469
9 6708 6791 6792 6709 6470
9 6709 6792 6793 6710 6471
9 6710 6793 6794 6711 6472
9 6711 6794 6795 6712 6473
9 6712 6795 6796 6713 6474
9 6713 6796 6797 6714 6475
9 6714 6797 6798 6715 6476
9 6715 6798 6799 6716 6477
9 6716 6799 6800 6717 6478
9 6717 6800 6801 6718 6479
9 6718 6801 6802 6719 6480
9 6719 6802 6803 6720 6481
9 6720 6803 6804 6721 6482
9 6721 6804 6805 6722 6483
9 6722 6805 6806 6723 6484
9 6723 6806 6807 6724 6485
9 6724 6807 6808 6725 6486
9 6725 6808 6809 6726 6487
9 6726 6809 6810 6727 6488
9 6727 6810 6811 6728 6489
9 6728 6811 6812 6729 6490
9 6729 6812 6813 6730 6491
9 6730 6813 6814 6731 6492
9 6731 6814 6815 6732 6493
9 6732 6815 6816 6733 6494
9 6733 6816 6817 6734 6495
9 6734 6817 6818 6735 6496
9 6735 6818 6819 6736 6497
9 6736 6819 6820 6737 6498
9 6737 6820 6821 6738 6499
9 6738 6821 6822 6739 6500
9 6739 6822 6823 6740 6501
9 6740 6823 6824 6741 6502
9 6741 6824 6825 6742 6503
9 6742 6825 6826 6743 6504
9 6743 6826 6827 6744 6505
9 6744 6827 6828 6745 6506
9 6745 6828 6829 6746 6507
9 6746 6829 6830 6747 6508
9 6747 6830 6831 6748 6509
9 6748 6831 6832 6749 6510
9 6749 6832 6833 6750 6511
9 6750 6833 6834 6751 6512
9 6751 6834 6835 6752 6513
9 6752 6835 6836 6753 6514
9 6753 6836 6837 6754 6515
9 6754 6837 6838 6755 6516
9 6755 6838 6839 6756 6517
9 6756 6839 6840 6757 6518
9 6757 6840 6841 6758 6519
9 6758 6841 6842 6759 6520
9 6759 6842 6843 6760 6521
9 6760 6843 6844 6761 6522
9 6761 6844 6845 6762 6523
9 6762 6845 455 454 6524
9 260 261 6846 6763 6525
9 6763 6846 6847 6764 6526
9 6764 6847 6848 6765 6527
9 6765 6848 6849 6766 6528
9 6766 6849 6850 6767 6529
9 6767 6850 6851 6768 6530
9 6768 6851 6852 6769 6531
9 6769 6852 6853 6770 6532
9 6770 6853 6854 6771 6533
9 6771 6854 6855 6772 6534
9 6772 6855 6856 6773 6535
9 6773 6856 6857 6774 6536
9 6774 6857 6858 6775 6537
9 6775 6858 6859 6776 6538
9 6776 6859 6860 6777 6539
9 6777 6860 6861 6778 6540
9 6778 6861 6862 6779 6541
9 6779 6862 6863 6780 6542
9 6780 6863 6864 6781 6543
9 6781 6864 6865 6782 6544
9 6782 6865 6866 6783 6545
9 6783 6866 6867 6784 6546
9 6784 6867 6868 6785 6547
9 6785 6868 6869 6786 6548
9 6786 6869 6870 6787 6549
9 6787 6870 6871 6788 6550
9 6788 6871 6872 6789 6551
9 6789 6872 6873 6790 6552
9 6790 6873 6874 6791 6553
9 6791 6874 6875 6792 6554
9 6792 6875 6876 6793 6555
9 6793 6876 6877 6794 6556
9 6794 6877 6878 6795 6557
9 6795 6878 6879 6796 6558
9 6796 6879 6880 6797 6559
9 6797 6880 6881 6798 6560
9 6798 6881 6882 6799 6561
9 6799 6882 6883 6800 6562
9 6800 6883 6884 6801 6563
9 6801 6884 6885 6802 6564
9 6802 6885 6886 6803 6565
9 6803 6886 6887 6804 6566
9 6804 6887 6888 6805 6567
9 6805 6888 6889 6806 6568
9 6806 6889 6890 6807 6569
9 6807 6890 6891 6808 6570
9 6808 6891 6892 6809 6571
9 6809 6892 6893 6810 6572
9 6810 6893 6894 6811 6573
9 6811 6894 6895 6812 6574
9 6812 6895 6896 6813 6575
9 6813 6896 6897 6814 6576
9 6814 6897 6898 6815 6577
9 6815 6898 6899 6816 6578
9 6816 6899 6900 6817 6579
9 6817 6900 6901 6818 6580
9 6818 6901 6902 6819 6581
9 6819 6902 6903 6820 6582
9 6820 6903 6904 6821 6583
9 6821 6904 6905 6822 6584
9 6822 6905 6906 6823 6585
9 6823 6906 6907 6824 6586
9 6824 6907 6908 6825 6587
9 6825 6908 6909 6826 6588
9 6826 6909 6910 6827 6589
9 6827 6910 6911 6828 6590
9 6828 6911 6912 6829 6591
9 6829 6912 6913 6830 6592
9 6830 6913 6914 6831 6593
9 6831 6914 6915 6832 6594
9 6832 6915 6916 6833 6595
9 6833 6916 6917 6834 6596
9 6834 6917 6918 6835 6597
9 6835 6918 6919 6836 6598
9 6836 6919 6920 6837 6599
9 6837 6920 6921 6838 6600
9 6838 6921 6922 6839 6601
9 6839 6922 6923 6840 6602
9 6840 6923 6924 6841 6603
9 6841 6924 6925 6842 6604
9 6842 6925 6926 6843 6605
9 6843 6926 6927 6844 6606
9 6844 6927 6928 6845 6607
9 6845 6928 456 455 6608
9 261 262 6929 6846 6609
9 6846 6929 6930 6847 6610
9 6847 6930 6931 6848 6611
9 6848 6931 6932 6849 6612
9 6849 6932 6933 6850 6613
9 6850 6933 6934 6851 6614
9 6851 6934 6935 6852 6615
9 6852 6935 6936 6853 6616
9 6853 6936 6937 6854 6617
9 6854 6937 6938 6855 6618
9 6855 6938 6939 6856 6619
9 6856 6939 6940 6857 6620
9 6857 6940 6941 6858 6621
9 6858 6941 6942 6859 6622
9 6859 6942 6943 6860 6623
9 6860 6943 6944 6861 6624
9 6861 6944 6945 6862 6625
9 6862 6945 6946 6863 6626
9 6863 6946 6947 6864 6627
9 6864 6947 6948 6865 6628
9 6865 6948 6949 6866 6629
9 6866 6949 6950 6867 6630
9 6867 6950 6951 6868 6631
9 6868 6951 6952 6869 6632
9 6869 6952 6953 6870 6633
9 6870 6953 6954 6871 6634
9 6871 6954 6955 6872 6635
9 6872 6955 6956 6873 6636
9 6873 6956 6957 6874 6637
9 6874 6957 6958 6875 6638
9 6875 6958 6959 6876 6639
9 6876 6959 6960 6877 6640
9 6877 6960 6961 6878 6641
9 6878 6961 6962 6879 6642
9 6879 6962 6963 6880 6643
9 6880 6963 6964 6881 6644
9 6881 6964 6965 6882 6645
9 6882 6965 6966 6883 6646
9 6883 6966 6967 6884 6647
9 6884 6967 6968 6885 6648
9 6885 6968 6969 6886 6649
9 6886 6969 6970 6887 6650
9 6887 6970 6971 6888 6651
9 6888 6971 6972 6889 6652
9 6889 6972 6973 6890 6653
9 6890 6973 6974 6891 6654
9 6891 6974 6975 6892 6655
9 6892 6975 6976 6893 6656
9 6893 6976 6977 6894 6657
9 6894 6977 6978 6895 6658
9 6895 6978 6979 6896 6659
9 6896 6979 6980 6897 6660
9 6897 6980 6981 6898 6661
9 6898 6981 6982 6899 6662
9 6899 6982 6983 6900 6663
9 6900 6983 6984 6901 6664
9 6901 6984 6985 6902 6665
9 6902 6985 6986 6903 6666
9 6903 6986 6987 6904 6667
9 6904 6987 6988 6905 6668
9 6905 6988 6989 6906 6669
9 6906 6989 6990 6907 6670
9 6907 6990 6991 6908 6671
9 6908 6991 6992 6909 6672
9 6909 6992 6993 6910 6673
9 6910 6993 6994 6911 6674
9 6911 6994 6995 6912 6675
9 6912 6995 6996 6913 6676
9 6913 6996 6997 6914 6677
9 6914 6997 6998 6915 6678
9 6915 6998 6999 6916 6679
9 6916 6999 7000 6917 6680
9 6917 7000 7001 6918 6681
9 6918 7001 7002 6919 6682
9 6919 7002 7003 6920 6683
9 6920 7003 7004 6921 6684
9 6921 7004 7005 6922 6685
9 6922 7005 7006 6923 6686
9 6923 7006 7007 6924 6687
9 6924 7007 7008 6925 6688
9 6925 7008 7009 6926 6689
9 6926 7009 7010 6927 6690
9 6927 7010 7011 6928 6691
9 6928 7011 457 456 6692
9 262 263 7012 6929 6693
9 6929 7012 7013 6930 6694
9 6930 7013 7014 6931 6695
9 6931 7014 7015 6932 6696
9 6932 7015 7016 6933 6697
9 6933 7016 7017 6934 6698
9 6934 7017 7018 6935 6699
9 6935 7018 7019 6936 6700
9 6936 7019 7020 6937 6701
9 6937 7020 7021 6938 6702
9 6938 7021 7022 6939 6703
9 6939 7022 7023 6940 6704
9 6940 7023 7024 6941 6705
9 6941 7024 7025 6942 6706
9 6942 7025 7026 6943 6707
9 6943 7026 7027 6944 6708
9 6944 7027 7028 6945 6709
9 6945 7028 7029 6946 6710
9 6946 7029 7030 6947 6711
9 6947 7030 7031 6948 6712
9 6948 7031 7032 6949 6713
9 6949 7032 7033 6950 6714
9 6950 7033 7034 6951 6715
9 6951 7034 7035 6952 6716
9 6952 7035 7036 6953 6717
9 6953 7036 7037 6954 6718
9 6954 7037 7038 6955 6719
9 6955 7038 7039 6956 6720
9 6956 7039 7040 6957 6721
9 6957 7040 7041 6958 6722
9 6958 7041 7042 6959 6723
9 6959 7042 7043 6960 6724
9 6960 7043 7044 6961 6725
9 6961 7044 7045 6962 6726
9 6962 7045 7046 6963 6727
9 6963 7046 7047 6964 6728
9 6964 7047 7048 6965 6729
9 6965 7048 7049 6966 6730
9 6966 7049 7050 6967 6731
9 6967 7050 7051 6968 6732
9 6968 7051 7052 6969 6733
9 6969 7052 7053 6970 6734
9 6970 7053 7054 6971 6735
9 6971 7054 7055 6972 6736
9 6972 7055 7056 6973 6737
9 6973 7056 7057 6974 6738
9 6974 7057 7058 6975 6739
9 6975 7058 7059 6976 6740
9 6976 7059 7060 6977 6741
9 6977 7060 7061 6978 6742
9 6978 7061 7062 6979 6743
9 6979 7062 7063 6980 6744
9 6980 7063 7064 6981 6745
9 6981 7064 7065 6982 6746
9 6982 7065 7066 6983 6747
9 6983 7066 7067 6984 6748
9 6984 7067 7068 6985 6749
9 6985 7068 7069 6986 6750
9 6986 7069 7070 6987 6751
9 6987 7070 7071 6988 6752
9 6988 7071 7072 6989 6753
9 6989 7072 7073 6990 6754
9 6990 7073 7074 6991 6755
9 6991 7074 7075 6992 6756
9 6992 7075 7076 6993 6757
9 6993 7076 7077 6994 6758
9 6994 7077 7078 6995 6759
9 6995 7078 7079 6996 6760
9 6996 7079 7080 6997 6761
9 6997 7080 7081 6998 6762
9 6998 7081 7082 6999 6763
9 6999 7082 7083 7000 6764
9 7000 7083 7084 7001 6765
9 7001 7084 7085 7002 6766
9 7002 7085 7086 7003 6767
9 7003 7086 7087 7004 6768
9 7004 7087 7088 7005 6769
9 7005 7088 7089 7006 6770
9 7006 7089 7090 7007 6771
9 7007 7090 7091 7008 6772
9 7008 7091 7092 7009 6773
9 7009 7092 7093 7010 6774
9 7010 7093 7094 7011 6775
9 7011 7094 458 457 6776
9 263 264 7095 7012 6777
9 7012 7095 7096 7013 6778
9 7013 7096 7097 7014 6779
9 7014 7097 7098 7015 6780
9 7015 7098 7099 7016 6781
9 7016 7099 7100 7017 6782
9 7017 7100 7101 7018 6783
9 7018 7101 7102 7019 6784
9 7019 7102 7103 7020 6785
9 7020 7103 7104 7021 6786
9 7021 7104 7105 7022 6787
9 7022 7105 7106 7023 6788
9 7023 7106 7107 7024 6789
9 7024 7107 7108 7025 6790
9 7025 7108 7109 7026 6791
9 7026 7109 7110 7027 6792
9 7027 7110 7111 7028 6793
9 7028 7111 7112 7029 6794
9 7029 7112 7113 7030 6795
9 7030 7113 7114 7031 6796
9 7031 7114 7115 7032 6797
9 7032 7115 7116 7033 6798
9 7033 7116 7117 7034 6799
9 7034 7117 7118 7035 6800
9 7035 7118 7119 7036 6801
9 7036 7119 7120 7037 6802
9 7037 7120 7121 7038 6803
9 7038 7121 7122 7039 6804
9 7039 7122 7123 7040 6805
9 7040 7123 7124 7041 6806
9 7041 7124 7125 7042 6807
9 7042 7125 7126 7043 6808
9 7043 7126 7127 7044 6809
9 7044 7127 7128 7045 6810
9 7045 7128 7129 7046 6811
9 7046 7129 7130 7047 6812
9 7047 7130 7131 7048 6813
9 7048 7131 7132 7049 6814
9 7049 7132 7133 7050 6815
9 7050 7133 7134 7051 6816
9 7051 7134 7135 7052 6817
9 7052 7135 7136 7053 6818
9 7053 7136 7137 7054 6819
9 7054 7137 7138 7055 6820
9 7055 7138 7139 7056 6821
9 7056 7139 7140 7057 6822
9 7057 7140 7141 7058 6823
9 7058 7141 7142 7059 6824
9 7059 7142 7143 7060 6825
9 7060 7143 7144 7061 6826
9 7061 7144 7145 7062 6827
9 7062 7145 7146 7063 6828
9 7063 7146 7147 7064 6829
9 7064 7147 7148 7065 6830
9 7065 7148 7149 7066 6831
9 7066 7149 7150 7067 6832
9 7067 7150 7151 7068 6833
9 7068 7151 7152 7069 6834
9 7069 7152 7153 7070 6835
9 7070 7153 7154 7071 6836
9 7071 7154 7155 7072 6837
9 7072 7155 7156 7073 6838
9 7073 7156 7157 7074 6839
9 7074 7157 7158 7075 6840
9 7075 7158 7159 7076 6841
9 7076 7159 7160 7077 6842
9 7077 7160 7161 7078 6843
9 7078 7161 7162 7079 6844
9 7079 7162 7163 7080 6845
9 7080 7163 7164 7081 6846
9 7081 7164 7165 7082 6847
9 7082 7165 7166 7083 6848
9 7083 7166 7167 7084 6849
9 7084 7167 7168 7085 6850
9 7085 7168 7169 7086 6851
9 7086 7169 7170 7087 6852
9 7087 7170 7171 7088 6853
9 7088 7171 7172 7089 6854
9 7089 7172 7173 7090 6855
9 7090 7173 7174 7091 6856
9 7091 7174 7175 7092 6857
9 7092 7175 7176 7093 6858
9 7093 7176 7177 7094 6859
9 7094 7177 459 458 6860
9 264 265 7178 7095 6861
9 7095 7178 7179 7096 6862
9 7096 7179 7180 7097 6863
9 7097 7180 7181 7098 6864
9 7098 7181 7182 7099 6865
9 7099 7182 7183 7100 6866
9 7100 7183 7184 7101 6867
9 7101 7184 7185 7102 6868
9 7102 7185 7186 7103 6869
9 7103 7186 7187 7104 6870
9 7104 7187 7188 7105 6871
9 7105 7188 7189 7106 6872
9 7106 7189 7190 7107 6873
9 7107 7190 7191 7108 6874
9 7108 7191 7192 7109 6875
9 7109 7192 7193 7110 6876
9 7110 7193 7194 7111 6877
9 7111 7194 7195 7112 6878
9 7112 7195 7196 7113 6879
9 7113 7196 7197 7114 6880
9 7114 7197 7198 7115 6881
9 7115 7198 7199 7116 6882
9 7116 7199 7200 7117 6883
9 7117 7200 7201 7118 6884
9 7118 7201 7202 7119 6885
9 7119 7202 7203 7120 6886
9 7120 7203 7204 7121 6887
9 7121 7204 7205 7122 6888
9 7122 7205 7206 7123 6889
9 7123 7206 7207 7124 6890
9 7124 7207 7208 7125 6891
9 7125 7208 7209 7126 6892
9 7126 7209 7210 7127 6893
9 7127 7210 7211 7128 6894
9 7128 7211 7212 7129 6895
9 7129 7212 7213 7130 6896
9 7130 7213 7214 7131 6897
9 7131 7214 7215 7132 6898
9 7132 7215 7216 7133 6899
9 7133 7216 7217 7134 6900
9 7134 7217 7218 7135 6901
9 7135 7218 7219 7136 6902
9 7136 7219 7220 7137 6903
9 7137 7220 7221 7138 6904
9 7138 7221 7222 7139 6905
9 7139 7222 7223 7140 6906
9 7140 7223 7224 7141 6907
9 7141 7224 7225 7142 6908
9 7142 7225 7226 7143 6909
9 7143 7226 7227 7144 6910
9 7144 7227 7228 7145 6911
9 7145 7228 7229 7146 6912
9 7146 7229 7230 7147 6913
9 7147 7230 7231 7148 6914
9 7148 7231 7232 7149 6915
9 7149 7232 7233 7150 6916
9 7150 7233 7234 7151 6917
9 7151 7234 7235 7152 6918
9 7152 7235 7236 7153 6919
9 7153 7236 7237 7154 6920
9 7154 7237 7238 7155 6921
9 7155 7238 7239 7156 6922
9 7156 7239 7240 7157 6923
9 7157 7240 7241 7158 6924
9 7158 7241 7242 7159 6925
9 7159 7242 7243 7160 6926
9 7160 7243 7244 7161 6927
9 7161 7244 7245 7162 6928
9 7162 7245 7246 7163 6929
9 7163 7246 7247 7164 6930
9 7164 7247 7248 7165 6931
9 7165 7248 7249 7166 6932
9 7166 7249 7250 7167 6933
9 7167 7250 7251 7168 6934
9 7168 7251 7252 7169 6935
9 7169 7252 7253 7170 6936
9 7170 7253 7254 7171 6937
9 7171 7254 7255 7172 6938
9 7172 7255 7256 7173 6939
9 7173 7256 7257 7174 6940
9 7174 7257 7258 7175 6941
9 7175 7258 7259 7176 6942
9 7176 7259 7260 7177 6943
9 7177 7260 460 459 6944
9 265 266 7261 7178 6945
9 7178 7261 7262 7179 6946
9 7179 7262 7263 7180 6947
9 7180 7263 7264 7181 6948
9 7181 7264 7265 7182 6949
9 7182 7265 7266 7183 6950
9 7183 7266 7267 7184 6951
9 7184 7267 7268 7185 6952
9 7185 7268 7269 7186 6953
9 7186 7269 7270 7187 6954
9 7187 7270 7271 7188 6955
9 7188 7271 7272 7189 6956
9 7189 7272 7273 7190 6957
9 7190 7273 7274 7191 6958
9 7191 7274 7275 7192 6959
9 7192 7275 7276 7193 6960
9 7193 7276 7277 7194 6961
9 7194 7277 7278 7195 6962
9 7195 7278 7279 7196 6963
9 7196 7279 7280 7197 6964
9 7197 7280 7281 7198 6965
9 7198 7281 7282 7199 6966
9 7199 7282 7283 7200 6967
9 7200 7283 7284 7201 6968
9 7201 7284 7285 7202 6969
9 7202 7285 7286 7203 6970
9 7203 7286 7287 7204 6971
9 7204 7287 7288 7205 6972
9 7205 7288 7289 7206 6973
9 7206 7289 7290 7207 6974
9 7207 7290 7291 7208 6975
9 7208 7291 7292 7209 6976
9 7209 7292 7293 7210 6977
9 7210 7293 7294 7211 6978
9 7211 7294 7295 7212 6979
9 7212 7295 7296 7213 6980
9 7213 7296 7297 7214 6981
9 7214 7297 7298 7215 6982
9 7215 7298 7299 7216 6983
9 7216 7299 7300 7217 6984
9 7217 7300 7301 7218 6985
9 7218 7301 7302 7219 6986
9 7219 7302 7303 7220 6987
9 7220 7303 7304 7221 6988
9 7221 7304 7305 7222 6989
9 7222 7305 7306 7223 6990
9 7223 7306 7307 7224 6991
9 7224 7307 7308 7225 6992
9 7225 7308 7309 7226 6993
9 7226 7309 7310 7227 6994
9 7227 7310 7311 7228 6995
9 7228 7311 7312 7229 6996
9 7229 7312 7313 7230 6997
9 7230 7313 7314 7231 6998
9 7231 7314 7315 7232 6999
9 7232 7315 7316 7233 7000
9 7233 7316 7317 7234 7001
9 7234 7317 7318 7235 7002
9 7235 7318 7319 7236 7003
9 7236 7319 7320 7237 7004
9 7237 7320 7321 7238 7005
9 7238 7321 7322 7239 7006
9 7239 7322 7323 7240 7007
9 7240 7323 7324 7241 7008
9 7241 7324 7325 7242 7009
9 7242 7325 7326 7243 7010
9 7243 7326 7327 7244 7011
9 7244 7327 7328 7245 7012
9 7245 7328 7329 7246 7013
9 7246 7329 7330 7247 7014
9 7247 7330 7331 7248 7015
9 7248 7331 7332 7249 7016
9 7249 7332 7333 7250 7017
9 7250 7333 7334 7251 7018
9 7251 7334 7335 7252 7019
9 7252 7335 7336 7253 7020
9 7253 7336 7337 7254 7021
9 7254 7337 7338 7255 7022
9 7255 7338 7339 7256 7023
9 7256 7339 7340 7257 7024
9 7257 7340 7341 7258 7025
9 7258 7341 7342 7259 7026
9 7259 7342 7343 7260 7027
9 7260 7343 461 460 7028
9 266 267 7344 7261 7029
9 7261 7344 7345 7262 7030
9 7262 7345 7346 7263 7031
9 7263 7346 7347 7264 7032
9 7264 7347 7348 7265 7033
9 7265 7348 7349 7266 7034
9 7266 7349 7350 7267 7035
9 7267 7350 7351 7268 7036
9 7268 7351 7352 7269 7037
9 7269 7352 7353 7270 7038
9 7270 7353 7354 7271 7039
9 7271 7354 7355 7272 7040
9 7272 7355 7356 7273 7041
9 7273 7356 7357 7274 7042
9 7274 7357 7358 7275 7043
9 7275 7358 7359 7276 7044
9 7276 7359 7360 7277 7045
9 7277 7360 7361 7278 7046
9 7278 7361 7362 7279 7047
9 7279 7362 7363 7280 7048
9 7280 7363 7364 7281 7049
9 7281 7364 7365 7282 7050
9 7282 7365 7366 7283 7051
9 7283 7366 7367 7284 7052
9 7284 7367 7368 7285 7053
9 7285 7368 7369 7286 7054
9 7286 7369 7370 7287 7055
9 7287 7370 7371 7288 7056
9 7288 7371 7372 7289 7057
9 7289 7372 7373 7290 7058
9 7290 7373 7374 7291 7059
9 7291 7374 7375 7292 7060
9 7292 7375 7376 7293 7061
9 7293 7376 7377 7294 7062
9 7294 7377 7378 7295 7063
9 7295 7378 7379 7296 7064
9 7296 7379 7380 7297 7065
9 7297 7380 7381 7298 7066
9 7298 7381 7382 7299 7067
9 7299 7382 7383 7300 7068
9 7300 7383 7384 7301 7069
9 7301 7384 7385 7302 7070
9 7302 7385 7386 7303 7071
9 7303 7386 7387 7304 7072
9 7304 7387 7388 7305 7073
9 7305 7388 7389 7306 7074
9 7306 7389 7390 7307 7075
9 7307 7390 7391 7308 7076
9 7308 7391 7392 7309 7077
9 7309 7392 7393 7310 7078
9 7310 7393 7394 7311 7079
9 7311 7394 7395 7312 7080
9 7312 7395 7396 7313 7081
9 7313 7396 7397 7314 7082
9 7314 7397 7398 7315 7083
9 7315 7398 7399 7316 7084
9 7316 7399 7400 7317 7085
9 7317 7400 7401 7318 7086
9 7318 7401 7402 7319 7087
9 7319 7402 7403 7320 7088
9 7320 7403 7404 7321 7089
9 7321 7404 7405 7322 7090
9 7322 7405 7406 7323 7091
9 7323 7406 7407 7324 7092
9 7324 7407 7408 7325 7093
9 7325 7408 7409 7326 7094
9 7326 7409 7410 7327 7095
9 7327 7410 7411 7328 7096
9 7328 7411 7412 7329 7097
9 7329 7412 7413 7330 7098
9 7330 7413 7414 7331 7099
9 7331 7414 7415 7332 7100
9 7332 7415 7416 7333 7101
9 7333 7416 7417 7334 7102
9 7334 7417 7418 7335 7103
9 7335 7418 7419 7336 7104
9 7336 7419 7420 7337 7105
9 7337 7420 7421 7338 7106
9 7338 7421 7422 7339 7107
9 7339 7422 7423 7340 7108
9 7340 7423 7424 7341 7109
9 7341 7424 7425 7342 7110
9 7342 7425 7426 7343 7111
9 7343 7426 462 461 7112
9 267 268 7427 7344 7113
9 7344 7427 7428 7345 7114
9 7345 7428 7429 7346 7115
9 7346 7429 7430 7347 7116
9 7347 7430 7431 7348 7117
9 7348 7431 7432 7349 7118
9 7349 7432 7433 7350 7119
9 7350 7433 7434 7351 7120
9 7351 7434 7435 7352 7121
9 7352 7435 7436 7353 7122
9 7353 7436 7437 7354 7123
9 7354 7437 7438 7355 7124
9 7355 7438 7439 7356 7125
9 7356 7439 7440 7357 7126
9 7357 7440 7441 7358 7127
9 7358 7441 7442 7359 7128
9 7359 7442 7443 7360 7129
9 7360 7443 7444 7361 7130
9 7361 7444 7445 7362 7131
9 7362 7445 7446 7363 7132
9 7363 7446 7447 7364 7133
9 7364 7447 7448 7365 7134
9 7365 7448 7449 7366 7135
9 7366 7449 7450 7367 7136
9 7367 7450 7451 7368 7137
9 7368 7451 7452 7369 7138
9 7369 7452 7453 7370 7139
9 7370 7453 7454 7371 7140
9 7371 7454 7455 7372 7141
9 7372 7455 7456 7373 7142
9 7373 7456 7457 7374 7143
9 7374 7457 7458 7375 7144
9 7375 7458 7459 7376 7145
9 7376 7459 7460 7377 7146
9 7377 7460 7461 7378 7147
9 7378 7461 7462 7379 7148
9 7379 7462 7463 7380 7149
9 7380 7463 7464 7381 7150
9 7381 7464 7465 7382 7151
9 7382 7465 7466 7383 7152
9 7383 7466 7467 7384 7153
9 7384 7467 7468 7385 7154
9 7385 7468 7469 7386 7155
9 7386 7469 7470 7387 7156
9 7387 7470 7471 7388 7157
9 7388 7471 7472 7389 7158
9 7389 7472 7473 7390 7159
9 7390 7473 7474 7391 7160
9 7391 7474 7475 7392 7161
9 7392 7475 7476 7393 7162
9 7393 7476 7477 7394 7163
9 7394 7477 7478 7395 7164
9 7395 7478 7479 7396 7165
9 7396 7479 7480 7397 7166
9 7397 7480 7481 7398 7167
9 7398 7481 7482 7399 7168
9 7399 7482 7483 7400 7169
9 7400 7483 7484 7401 7170
9 7401 7484 7485 7402 7171
9 7402 7485 7486 7403 7172
9 7403 7486 7487 7404 7173
9 7404 7487 7488 7405 7174
9 7405 7488 7489 7406 7175
9 7406 7489 7490 7407 7176
9 7407 7490 7491 7408 7177
9 7408 7491 7492 7409 7178
9 7409 7492 7493 7410 7179
9 7410 7493 7494 7411 7180
9 7411 7494 7495 7412 7181
9 7412 7495 7496 7413 7182
9 7413 7496 7497 7414 7183
9 7414 7497 7498 7415 7184
9 7415 7498 7499 7416 7185
9 7416 7499 7500 7417 7186
9 7417 7500 7501 7418 7187
9 7418 7501 7502 7419 7188
9 7419 7502 7503 7420 7189
9 7420 7503 7504 7421 7190
9 7421 7504 7505 7422 7191
9 7422 7505 7506 7423 7192
9 7423 7506 7507 7424 7193
9 7424 7507 7508 7425 7194
9 7425 7508 7509 7426 7195
9 7426 7509 463 462 7196
9 268 269 7510 7427 7197
9 7427 7510 7511 7428 7198
9 7428 7511 7512 7429 7199
9 7429 7512 7513 7430 7200
9 7430 7513 7514 7431 7201
9 7431 7514 7515 7432 7202
9 7432 7515 7516 7433 7203
9 7433 7516 7517 7434 7204
9 7434 7517 7518 7435 7205
9 7435 7518 7519 7436 7206
9 7436 7519 7520 7437 7207
9 7437 7520 7521 7438 7208
9 7438 7521 7522 7439 7209
9 7439 7522 7523 7440 7210
9 7440 7523 7524 7441 7211
9 7441 7524 7525 7442 7212
9 7442 7525 7526 7443 7213
9 7443 7526 7527 7444 7214
9 7444 7527 7528 7445 7215
9 7445 7528 7529 7446 7216
9 7446 7529 7530 7447 7217
9 7447 7530 7531 7448 7218
9 7448 7531 7532 7449 7219
9 7449 7532 7533 7450 7220
9 7450 7533 7534 7451 7221
9 7451 7534 7535 7452 7222
9 7452 7535 7536 7453 7223
9 7453 7536 7537 7454 7224
9 7454 7537 7538 7455 7225
9 7455 7538 7539 7456 7226
9 7456 7539 7540 7457 7227
9 7457 7540 7541 7458 7228
9 7458 7541 7542 7459 7229
9 7459 7542 7543 7460 7230
9 7460 7543 7544 7461 7231
9 7461 7544 7545 7462 7232
9 7462 7545 7546 7463 7233
9 7463 7546 7547 7464 7234
9 7464 7547 7548 7465 7235
9 7465 7548 7549 7466 7236
9 7466 7549 7550 7467 7237
9 7467 7550 7551 7468 7238
9 7468 7551 7552 7469 7239
9 7469 7552 7553 7470 7240
9 7470 7553 7554 7471 7241
9 7471 7554 7555 7472 7242
9 7472 7555 7556 7473 7243
9 7473 7556 7557 7474 7244
9 7474 7557 7558 7475 7245
9 7475 7558 7559 7476 7246
9 7476 7559 7560 7477 7247
9 7477 7560 7561 7478 7248
9 7478 7561 7562 7479 7249
9 7479 7562 7563 7480 7250
9 7480 7563 7564 7481 7251
9 7481 7564 7565 7482 7252
9 7482 7565 7566 7483 7253
9 7483 7566 7567 7484 7254
9 7484 7567 7568 7485 7255
9 7485 7568 7569 7486 7256
9 7486 7569 7570 7487 7257
9 7487 7570 7571 7488 7258
9 7488 7571 7572 7489 7259
9 7489 7572 7573 7490 7260
9 7490 7573 7574 7491 7261
9 7491 7574 7575 7492 7262
9 7492 7575 7576 7493 7263
9 7493 7576 7577 7494 7264
9 7494 7577 7578 7495 7265
9 7495 7578 7579 7496 7266
9 7496 7579 7580 7497 7267
9 7497 7580 7581 7498 7268
9 7498 7581 7582 7499 7269
9 7499 7582 7583 7500 7270
9 7500 7583 7584 7501 7271
9 7501 7584 7585 7502 7272
9 7502 7585 7586 7503 7273
9 7503 7586 7587 7504 7274
9 7504 7587 7588 7505 7275
9 7505 7588 7589 7506 7276
9 7506 7589 7590 7507 7277
9 7507 7590 7591 7508 7278
9 7508 7591 7592 7509 7279
9 7509 7592 464 463 7280
9 269 270 7593 7510 7281
9 7510 7593 7594 7511 7282
9 7511 7594 7595 7512 7283
9 7512 7595 7596 7513 7284
9 7513 7596 7597 7514 7285
9 7514 7597 7598 7515 7286
9 7515 7598 7599 7516 7287
9 7516 7599 7600 7517 7288
9 7517 7600 7601 7518 7289
9 7518 7601 7602 7519 7290
9 7519 7602 7603 7520 7291
9 7520 7603 7604 7521 7292
9 7521 7604 7605 7522 7293
9 7522 7605 7606 7523 7294
9 7523 7606 7607 7524 7295
9 7524 7607 7608 7525 7296
9 7525 7608 7609 7526 7297
9 7526 7609 7610 7527 7298
9 7527 7610 7611 7528 7299
9 7528 7611 7612 7529 7300
9 7529 7612 7613 7530 7301
9 7530 7613 7614 7531 7302
9 7531 7614 7615 7532 7303
9 7532 7615 7616 7533 7304
9 7533 7616 7617 7534 7305
9 7534 7617 7618 7535 7306
9 7535 7618 7619 7536 7307
9 7536 7619 7620 7537 7308
9 7537 7620 7621 7538 7309
9 7538 7621 7622 7539 7310
9 7539 7622 7623 7540 7311
9 7540 7623 7624 7541 7312
9 7541 7624 7625 7542 7313
9 7542 7625 7626 7543 7314
9 7543 7626 7627 7544 7315
9 7544 7627 7628 7545 7316
9 7545 7628 7629 7546 7317
9 7546 7629 7630 7547 7318
9 7547 7630 7631 7548 7319
9 7548 7631 7632 7549 7320
9 7549 7632 7633 7550 7321
9 7550 7633 7634 7551 7322
9 7551 7634 7635 7552 7323
9 7552 7635 7636 7553 7324
9 7553 7636 7637 7554 7325
9 7554 7637 7638 7555 7326
9 7555 7638 7639 7556 7327
9 7556 7639 7640 7557 7328
9 7557 7640 7641 7558 7329
9 7558 7641 7642 7559 7330
9 7559 7642 7643 7560 7331
9 7560 7643 7644 7561 7332
9 7561 7644 7645 7562 7333
9 7562 7645 7646 7563 7334
9 7563 7646 7647 7564 7335
9 7564 7647 7648 7565 7336
9 7565 7648 7649 7566 7337
9 7566 7649 7650 7567 7338
9 7567 7650 7651 7568 7339
9 7568 7651 7652 7569 7340
9 7569 7652 7653 7570 7341
9 7570 7653 7654 7571 7342
9 7571 7654 7655 7572 7343
9 7572 7655 7656 7573 7344
9 7573 7656 7657 7574 7345
9 7574 7657 7658 7575 7346
9 7575 7658 7659 7576 7347
9 7576 7659 7660 7577 7348
9 7577 7660 7661 7578 7349
9 7578 7661 7662 7579 7350
9 7579 7662 7663 7580 7351
9 7580 7663 7664 7581 7352
9 7581 7664 7665 7582 7353
9 7582 7665 7666 7583 7354
9 7583 7666 7667 7584 7355
9 7584 7667 7668 7585 7356
9 7585 7668 7669 7586 7357
9 7586 7669 7670 7587 7358
9 7587 7670 7671 7588 7359
9 7588 7671 7672 7589 7360
9 7589 7672 7673 7590 7361
9 7590 7673 7674 7591 7362
9 7591 7674 7675 7592 7363
9 7592 7675 465 464 7364
9 270 271 7676 7593 7365
9 7593 7676 7677 7594 7366
9 7594 7677 7678 7595 7367
9 7595 7678 7679 7596 7368
9 7596 7679 7680 7597 7369
9 7597 7680 7681 7598 7370
9 7598 7681 7682 7599 7371
9 7599 7682 7683 7600 7372
9 7600 7683 7684 7601 7373
9 7601 7684 7685 7602 7374
9 7602 7685 7686 7603 7375
9 7603 7686 7687 7604 7376
9 7604 7687 7688 7605 7377
9 7605 7688 7689 7606 7378
9 7606 7689 7690 7607 7379
9 7607 7690 7691 7608 7380
9 7608 7691 7692 7609 7381
9 7609 7692 7693 7610 7382
9 7610 7693 7694 7611 7383
9 7611 7694 7695 7612 7384
9 7612 7695 7696 7613 7385
9 7613 7696 7697 7614 7386
9 7614 7697 7698 7615 7387
9 7615 7698 7699 7616 7388
9 7616 7699 7700 7617 7389
9 7617 7700 7701 7618 7390
9 7618 7701 7702 7619 7391
9 7619 7702 7703 7620 7392
9 7620 7703 7704 7621 7393
9 7621 7704 7705 7622 7394
9 7622 7705 7706 7623 7395
9 7623 7706 7707 7624 7396
9 7624 7707 7708 7625 7397
9 7625 7708 7709 7626 7398
9 7626 7709 7710 7627 7399
9 7627 7710 7711 7628 7400
9 7628 7711 7712 7629 7401
9 7629 7712 7713 7630 7402
9 7630 7713 7714 7631 7403
9 7631 7714 7715 7632 7404
9 7632 7715 7716 7633 7405
9 7633 7716 7717 7634 7406
9 7634 7717 7718 7635 7407
9 7635 7718 7719 7636 7408
9 7636 7719 7720 7637 7409
9 7637 7720 7721 7638 7410
9 7638 7721 7722 7639 7411
9 7639 7722 7723 7640 7412
9 7640 7723 7724 7641 7413
9 7641 7724 7725 7642 7414
9 7642 7725 7726 7643 7415
9 7643 7726 7727 7644 7416
9 7644 7727 7728 7645 7417
9 7645 7728 7729 7646 7418
9 7646 7729 7730 7647 7419
9 7647 7730 7731 7648 7420
9 7648 7731 7732 7649 7421
9 7649 7732 7733 7650 7422
9 7650 7733 7734 7651 7423
9 7651 7734 7735 7652 7424
9 7652 7735 7736 7653 7425
9 7653 7736 7737 7654 7426
9 7654 7737 7738 7655 7427
9 7655 7738 7739 7656 7428
9 7656 7739 7740 7657 7429
9 7657 7740 7741 7658 7430
9 7658 7741 7742 7659 7431
9 7659 7742 7743 7660 7432
9 7660 7743 7744 7661 7433
9 7661 7744 7745 7662 7434
9 7662 7745 7746 7663 7435
9 7663 7746 7747 7664 7436
9 7664 7747 7748 7665 7437
9 7665 7748 7749 7666 7438
9 7666 7749 7750 7667 7439
9 7667 7750 7751 7668 7440
9 7668 7751 7752 7669 7441
9 7669 7752 7753 7670 7442
9 7670 7753 7754 7671 7443
9 7671 7754 7755 7672 7444
9 7672 7755 7756 7673 7445
9 7673 7756 7757 7674 7446
9 7674 7757 7758 7675 7447
9 7675 7758 466 465 7448
9 271 272 7759 7676 7449
9 7676 7759 7760 7677 7450
9 7677 7760 7761 7678 7451
9 7678 7761 7762 7679 7452
9 7679 7762 7763 7680 7453
9 7680 7763 7764 7681 7454
9 7681 7764 7765 7682 7455
9 7682 7765 7766 7683 7456
9 7683 7766 7767 7684 7457
9 7684 7767 7768 7685 7458
9 7685 7768 7769 7686 7459
9 7686 7769 7770 7687 7460
9 7687 7770 7771 7688 7461
9 7688 7771 7772 7689 7462
9 7689 7772 7773 7690 7463
9 7690 7773 7774 7691 7464
9 7691 7774 7775 7692 7465
9 7692 7775 7776 7693 7466
9 7693 7776 7777 7694 7467
9 7694 7777 7778 7695 7468
9 7695 7778 7779 7696 7469
9 7696 7779 7780 7697 7470
9 7697 7780 7781 7698 7471
9 7698 7781 7782 7699 7472
9 7699 7782 7783 7700 7473
9 7700 7783 7784 7701 7474
9 7701 7784 7785 7702 7475
9 7702 7785 7786 7703 7476
9 7703 7786 7787 7704 7477
9 7704 7787 7788 7705 7478
9 7705 7788 7789 7706 7479
9 7706 7789 7790 7707 7480
9 7707 7790 7791 7708 7481
9 7708 7791 7792 7709 7482
9 7709 7792 7793 7710 7483
9 7710 7793 7794 7711 7484
9 7711 7794 7795 7712 7485
9 7712 7795 7796 7713 7486
9 7713 7796 7797 7714 7487
9 7714 7797 7798 7715 7488
9 7715 7798 7799 7716 7489
9 7716 7799 7800 7717 7490
9 7717 7800 7801 7718 7491
9 7718 7801 7802 7719 7492
9 7719 7802 7803 7720 7493
9 7720 7803 7804 7721 7494
9 7721 7804 7805 7722 7495
9 7722 7805 7806 7723 7496
9 7723 7806 7807 7724 7497
9 7724 7807 7808 7725 7498
9 7725 7808 7809 7726 7499
9 7726 7809 7810 7727 7500
9 7727 7810 7811 7728 7501
9 7728 7811 7812 7729 7502
9 7729 7812 7813 7730 7503
9 7730 7813 7814 7731 7504
9 7731 7814 7815 7732 7505
9 7732 7815 7816 7733 7506
9 7733 7816 7817 7734 7507
9 7734 7817 7818 7735 7508
9 7735 7818 7819 7736 7509
9 7736 7819 7820 7737 7510
9 7737 7820 7821 7738 7511
9 7738 7821 7822 7739 7512
9 7739 7822 7823 7740 7513
9 7740 7823 7824 7741 7514
9 7741 7824 7825 7742 7515
9 7742 7825 7826 7743 7516
9 7743 7826 7827 7744 7517
9 7744 7827 7828 7745 7518
9 7745 7828 7829 7746 7519
9 7746 7829 7830 7747 7520
9 7747 7830 7831 7748 7521
9 7748 7831 7832 7749 7522
9 7749 7832 7833 7750 7523
9 7750 7833 7834 7751 7524
9 7751 7834 7835 7752 7525
9 7752 7835 7836 7753 7526
9 7753 7836 7837 7754 7527
9 7754 7837 7838 7755 7528
9 7755 7838 7839 7756 7529
9 7756 7839 7840 7757 7530
9 7757 7840 7841 7758 7531
9 7758 7841 467 466 7532
9 272 273 7842 7759 7533
9 7759 7842 7843 7760 7534
9 7760 7843 7844 7761 7535
9 7761 7844 7845 7762 7536
9 7762 7845 7846 7763 7537
9 7763 7846 7847 7764 7538
9 7764 7847 7848 7765 7539
9 7765 7848 7849 7766 7540
9 7766 7849 7850 7767 7541
9 7767 7850 7851 7768 7542
9 7768 7851 7852 7769 7543
9 7769 7852 7853 7770 7544
9 7770 7853 7854 7771 7545
9 7771 7854 7855 7772 7546
9 7772 7855 7856 7773 7547
9 7773 7856 7857 7774 7548
9 7774 7857 7858 7775 7549
9 7775 7858 7859 7776 7550
9 7776 7859 7860 7777 7551
9 7777 7860 7861 7778 7552
9 7778 7861 7862 7779 7553
9 7779 7862 7863 7780 7554
9 7780 7863 7864 7781 7555
9 7781 7864 7865 7782 7556
9 7782 7865 7866 7783 7557
9 7783 7866 7867 7784 7558
9 7784 7867 7868 7785 7559
9 7785 7868 7869 7786 7560
9 7786 7869 7870 7787 7561
9 7787 7870 7871 7788 7562
9 7788 7871 7872 7789 7563
9 7789 7872 7873 7790 7564
9 7790 7873 7874 7791 7565
9 7791 7874 7875 7792 7566
9 7792 7875 7876 7793 7567
9 7793 7876 7877 7794 7568
9 7794 7877 7878 7795 7569
9 7795 7878 7879 7796 7570
9 7796 7879 7880 7797 7571
9 7797 7880 7881 7798 7572
9 7798 7881 7882 7799 7573
9 7799 7882 7883 7800 7574
9 7800 7883 7884 7801 7575
9 7801 7884 7885 7802 7576
9 7802 7885 7886 7803 7577
9 7803 7886 7887 7804 7578
9 7804 7887 7888 7805 7579
9 7805 7888 7889 7806 7580
9 7806 7889 7890 7807 7581
9 7807 7890 7891 7808 7582
9 7808 7891 7892 7809 7583
9 7809 7892 7893 7810 7584
9 7810 7893 7894 7811 7585
9 7811 7894 7895 7812 7586
9 7812 7895 7896 7813 7587
9 7813 7896 7897 7814 7588
9 7814 7897 7898 7815 7589
9 7815 7898 7899 7816 7590
9 7816 7899 7900 7817 7591
9 7817 7900 7901 7818 7592
9 7818 7901 7902 7819 7593
9 7819 7902 7903 7820 7594
9 7820 7903 7904 7821 7595
9 7821 7904 7905 7822 7596
9 7822 7905 7906 7823 7597
9 7823 7906 7907 7824 7598
9 7824 7907 7908 7825 7599
9 7825 7908 7909 7826 7600
9 7826 7909 7910 7827 7601
9 7827 7910 7911 7828 7602
9 7828 7911 7912 7829 7603
9 7829 7912 7913 7830 7604
9 7830 7913 7914 7831 7605
9 7831 7914 7915 7832 7606
9 7832 7915 7916 7833 7607
9 7833 7916 7917 7834 7608
9 7834 7917 7918 7835 7609
9 7835 7918 7919 7836 7610
9 7836 7919 7920 7837 7611
9 7837 7920 7921 7838 7612
9 7838 7921 7922 7839 7613
9 7839 7922 7923 7840 7614
9 7840 7923 7924 7841 7615
9 7841 7924 468 467 7616
9 273 274 7925 7842 7617
9 7842 7925 7926 7843 7618
9 7843 7926 7927 7844 7619
9 7844 7927 7928 7845 7620
9 7845 7928 7929 7846 7621
9 7846 7929 7930 7847 7622
9 7847 7930 7931 7848 7623
9 7848 7931 7932 7849 7624
9 7849 7932 7933 7850 7625
9 7850 7933 7934 7851 7626
9 7851 7934 7935 7852 7627
9 7852 7935 7936 7853 7628
9 7853 7936 7937 7854 7629
9 7854 7937 7938 7855 7630
9 7855 7938 7939 7856 7631
9 7856 7939 7940 7857 7632
9 7857 7940 7941 7858 7633
9 7858 7941 7942 7859 7634
9 7859 7942 7943 7860 7635
9 7860 7943 7944 7861 7636
9 7861 7944 7945 7862 7637
9 7862 7945 7946 7863 7638
9 7863 7946 7947 7864 7639
9 7864 7947 7948 7865 7640
9 7865 7948 7949 7866 7641
9 7866 7949 7950 7867 7642
9 7867 7950 7951 7868 7643
9 7868 7951 7952 7869 7644
9 7869 7952 7953 7870 7645
9 7870 7953 7954 7871 7646
9 7871 7954 7955 7872 7647
9 7872 7955 7956 7873 7648
9 7873 7956 7957 7874 7649
9 7874 7957 7958 7875 7650
9 7875 7958 7959 7876 7651
9 7876 7959 7960 7877 7652
9 7877 7960 7961 7878 7653
9 7878 7961 7962 7879 7654
9 7879 7962 7963 7880 7655
9 7880 7963 7964 7881 7656
9 7881 7964 7965 7882 7657
9 7882 7965 7966 7883 7658
9 7883 7966 7967 7884 7659
9 7884 7967 7968 7885 7660
9 7885 7968 7969 7886 7661
9 7886 7969 7970 7887 7662
9 7887 7970 7971 7888 7663
9 7888 7971 7972 7889 7664
9 7889 7972 7973 7890 7665
9 7890 7973 7974 7891 7666
9 7891 7974 7975 7892 7667
9 7892 7975 7976 7893 7668
9 7893 7976 7977 7894 7669
9 7894 7977 7978 7895 7670
9 7895 7978 7979 7896 7671
9 7896 7979 7980 7897 7672
9 7897 7980 7981 7898 7673
9 7898 7981 7982 7899 7674
9 7899 7982 7983 7900 7675
9 7900 7983 7984 7901 7676
9 7901 7984 7985 7902 7677
9 7902 7985 7986 7903 7678
9 7903 7986 7987 7904 7679
9 7904 7987 7988 7905 7680
9 7905 7988 7989 7906 7681
9 7906 7989 7990 7907 7682
9 7907 7990 7991 7908 7683
9 7908 7991 7992 7909 7684
9 7909 7992 7993 7910 7685
9 7910 7993 7994 7911 7686
9 7911 7994 7995 7912 7687
9 7912 7995 7996 7913 7688
9 7913 7996 7997 7914 7689
9 7914 7997 7998 7915 7690
9 7915 7998 7999 7916 7691
9 7916 7999 8000 7917 7692
9 7917 8000 8001 7918 7693
9 7918 8001 8002 7919 7694
9 7919 8002 8003 7920 7695
9 7920 8003 8004 7921 7696
9 7921 8004 8005 7922 7697
9 7922 8005 8006 7923 7698
9 7923 8006 8007 7924 7699
9 7924 8007 469 468 7700
9 274 275 8008 7925 7701
9 7925 8008 8009 7926 7702
9 7926 8009 8010 7927 7703
9 7927 8010 8011 7928 7704
9 7928 8011 8012 7929 7705
9 7929 8012 8013 7930 7706
9 7930 8013 8014 7931 7707
9 7931 8014 8015 7932 7708
9 7932 8015 8016 7933 7709
9 7933 8016 8017 7934 7710
9 7934 8017 8018 7935 7711
9 7935 8018 8019 7936 7712
9 7936 8019 8020 7937 7713
9 7937 8020 8021 7938 7714
9 7938 8021 8022 7939 7715
9 7939 8022 8023 7940 7716
9 7940 8023 8024 7941 7717
9 7941 8024 8025 7942 7718
9 7942 8025 8026 7943 7719
9 7943 8026 8027 7944 7720
9 7944 8027 8028 7945 7721
9 7945 8028 8029 7946 7722
9 7946 8029 8030 7947 7723
9 7947 8030 8031 7948 7724
9 7948 8031 8032 7949 7725
9 7949 8032 8033 7950 7726
9 7950 8033 8034 7951 7727
9 7951 8034 8035 7952 7728
9 7952 8035 8036 7953 7729
9 7953 8036 8037 7954 7730
9 7954 8037 8038 7955 7731
9 7955 8038 8039 7956 7732
9 7956 8039 8040 7957 7733
9 7957 8040 8041 7958 7734
9 7958 8041 8042 7959 7735
9 7959 8042 8043 7960 7736
9 7960 8043 8044 7961 7737
9 7961 8044 8045 7962 7738
9 7962 8045 8046 7963 7739
9 7963 8046 8047 7964 7740
9 7964 8047 8048 7965 7741
9 7965 8048 8049 7966 7742
9 7966 8049 8050 7967 7743
9 7967 8050 8051 7968 7744
9 7968 8051 8052 7969 7745
9 7969 8052 8053 7970 7746
9 7970 8053 8054 7971 7747
9 7971 8054 8055 7972 7748
9 7972 8055 8056 7973 7749
9 7973 8056 8057 7974 7750
9 7974 8057 8058 7975 7751
9 7975 8058 8059 7976 7752
9 7976 8059 8060 7977 7753
9 7977 8060 8061 7978 7754
9 7978 8061 8062 7979 7755
9 7979 8062 8063 7980 7756
9 7980 8063 8064 7981 7757
9 7981 8064 8065 7982 7758
9 7982 8065 8066 7983 7759
9 7983 8066 8067 7984 7760
9 7984 8067 8068 7985 7761
9 7985 8068 8069 7986 7762
9 7986 8069 8070 7987 7763
9 7987 8070 8071 7988 7764
9 7988 8071 8072 7989 7765
9 7989 8072 8073 7990 7766
9 7990 8073 8074 7991 7767
9 7991 8074 8075 7992 7768
9 7992 8075 8076 7993 7769
9 7993 8076 8077 7994 7770
9 7994 8077 8078 7995 7771
9 7995 8078 8079 7996 7772
9 7996 8079 8080 7997 7773
9 7997 8080 8081 7998 7774
9 7998 8081 8082 7999 7775
9 7999 8082 8083 8000 7776
9 8000 8083 8084 8001 7777
9 8001 8084 8085 8002 7778
9 8002 8085 8086 8003 7779
9 8003 8086 8087 8004 7780
9 8004 8087 8088 8005 7781
9 8005 8088 8089 8006 7782
9 8006 8089 8090 8007 7783
9 8007 8090 470 469 7784
9 275 276 8091 8008 7785
9 8008 8091 8092 8009 7786
9 8009 8092 8093 8010 7787
9 8010 8093 8094 8011 7788
9 8011 8094 8095 8012 7789
9 8012 8095 8096 8013 7790
9 8013 8096 8097 8014 7791
9 8014 8097 8098 8015 7792
9 8015 8098 8099 8016 7793
9 8016 8099 8100 8017 7794
9 8017 8100 8101 8018 7795
9 8018 8101 8102 8019 7796
9 8019 8102 8103 8020 7797
9 8020 8103 8104 8021 7798
9 8021 8104 8105 8022 7799
9 8022 8105 8106 8023 7800
9 8023 8106 8107 8024 7801
9 8024 8107 8108 8025 7802
9 8025 8108 8109 8026 7803
9 8026 8109 8110 8027 7804
9 8027 8110 8111 8028 7805
9 8028 8111 8112 8029 7806
9 8029 8112 8113 8030 7807
9 8030 8113 8114 8031 7808
9 8031 8114 8115 8032 7809
9 8032 8115 8116 8033 7810
9 8033 8116 8117 8034 7811
9 8034 8117 8118 8035 7812
9 8035 8118 8119 8036 7813
9 8036 8119 8120 8037 7814
9 8037 8120 8121 8038 7815
9 8038 8121 8122 8039 7816
9 8039 8122 8123 8040 7817
9 8040 8123 8124 8041 7818
9 8041 8124 8125 8042 7819
9 8042 8125 8126 8043 7820
9 8043 8126 8127 8044 7821
9 8044 8127 8128 8045 7822
9 8045 8128 8129 8046 7823
9 8046 8129 8130 8047 7824
9 8047 8130 8131 8048 7825
9 8048 8131 8132 8049 7826
9 8049 8132 8133 8050 7827
9 8050 8133 8134 8051 7828
9 8051 8134 8135 8052 7829
9 8052 8135 8136 8053 7830
9 8053 8136 8137 8054 7831
9 8054 8137 8138 8055 7832
9 8055 8138 8139 8056 7833
9 8056 8139 8140 8057 7834
9 8057 8140 8141 8058 7835
9 8058 8141 8142 8059 7836
9 8059 8142 8143 8060 7837
9 8060 8143 8144 8061 7838
9 8061 8144 8145 8062 7839
9 8062 8145 8146 8063 7840
9 8063 8146 8147 8064 7841
9 8064 8147 8148 8065 7842
9 8065 8148 8149 8066 7843
9 8066 8149 8150 8067 7844
9 8067 8150 8151 8068 7845
9 8068 8151 8152 8069 7846
9 8069 8152 8153 8070 7847
9 8070 8153 8154 8071 7848
9 8071 8154 8155 8072 7849
9 8072 8155 8156 8073 7850
9 8073 8156 8157 8074 7851
9 8074 8157 8158 8075 7852
9 8075 8158 8159 8076 7853
9 8076 8159 8160 8077 7854
9 8077 8160 8161 8078 7855
9 8078 8161 8162 8079 7856
9 8079 8162 8163 8080 7857
9 8080 8163 8164 8081 7858
9 8081 8164 8165 8082 7859
9 8082 8165 8166 8083 7860
9 8083 8166 8167 8084 7861
9 8084 8167 8168 8085 7862
9 8085 8168 8169 8086 7863
9 8086 8169 8170 8087 7864
9 8087 8170 8171 8088 7865
9 8088 8171 8172 8089 7866
9 8089 8172 8173 8090 7867
9 8090 8173 471 470 7868
9 276 277 8174 8091 7869
9 8091 8174 8175 8092 7870
9 8092 8175 8176 8093 7871
9 8093 8176 8177 8094 7872
9 8094 8177 8178 8095 7873
9 8095 8178 8179 8096 7874
9 8096 8179 8180 8097 7875
9 8097 8180 8181 8098 7876
9 8098 8181 8182 8099 7877
9 8099 8182 8183 8100 7878
9 8100 8183 8184 8101 7879
9 8101 8184 8185 8102 7880
9 8102 8185 8186 8103 7881
9 8103 8186 8187 8104 7882
9 8104 8187 8188 8105 7883
9 8105 8188 8189 8106 7884
9 8106 8189 8190 8107 7885
9 8107 8190 8191 8108 7886
9 8108 8191 8192 8109 7887
9 8109 8192 8193 8110 7888
9 8110 8193 8194 8111 7889
9 8111 8194 8195 8112 7890
9 8112 8195 8196 8113 7891
9 8113 8196 8197 8114 7892
9 8114 8197 8198 8115 7893
9 8115 8198 8199 8116 7894
9 8116 8199 8200 8117 7895
9 8117 8200 8201 8118 7896
9 8118 8201 8202 8119 7897
9 8119 8202 8203 8120 7898
9 8120 8203 8204 8121 7899
9 8121 8204 8205 8122 7900
9 8122 8205 8206 8123 7901
9 8123 8206 8207 8124 7902
9 8124 8207 8208 8125 7903
9 8125 8208 8209 8126 7904
9 8126 8209 8210 8127 7905
9 8127 8210 8211 8128 7906
9 8128 8211 8212 8129 7907
9 8129 8212 8213 8130 7908
9 8130 8213 8214 8131 7909
9 8131 8214 8215 8132 7910
9 8132 8215 8216 8133 7911
9 8133 8216 8217 8134 7912
9 8134 8217 8218 8135 7913
9 8135 8218 8219 8136 7914
9 8136 8219 8220 8137 7915
9 8137 8220 8221 8138 7916
9 8138 8221 8222 8139 7917
9 8139 8222 8223 8140 7918
9 8140 8223 8224 8141 7919
9 8141 8224 8225 8142 7920
9 8142 8225 8226 8143 7921
9 8143 8226 8227 8144 7922
9 8144 8227 8228 8145 7923
9 8145 8228 8229 8146 7924
9 8146 8229 8230 8147 7925
9 8147 8230 8231 8148 7926
9 8148 8231 8232 8149 7927
9 8149 8232 8233 8150 7928
9 8150 8233 8234 8151 7929
9 8151 8234 8235 8152 7930
9 8152 8235 8236 8153 7931
9 8153 8236 8237 8154 7932
9 8154 8237 8238 8155 7933
9 8155 8238 8239 8156 7934
9 8156 8239 8240 8157 7935
9 8157 8240 8241 8158 7936
9 8158 8241 8242 8159 7937
9 8159 8242 8243 8160 7938
9 8160 8243 8244 8161 7939
9 8161 8244 8245 8162 7940
9 8162 8245 8246 8163 7941
9 8163 8246 8247 8164 7942
9 8164 8247 8248 8165 7943
9 8165 8248 8249 8166 7944
9 8166 8249 8250 8167 7945
9 8167 8250 8251 8168 7946
9 8168 8251 8252 8169 7947
9 8169 8252 8253 8170 7948
9 8170 8253 8254 8171 7949
9 8171 8254 8255 8172 7950
9 8172 8255 8256 8173 7951
9 8173 8256 472 471 7952
9 277 278 8257 8174 7953
9 8174 8257 8258 8175 7954
9 8175 8258 8259 8176 7955
9 8176 8259 8260 8177 7956
9 8177 8260 8261 8178 7957
9 8178 8261 8262 8179 7958
9 8179 8262 8263 8180 7959
9 8180 8263 8264 8181 7960
9 8181 8264 8265 8182 7961
9 8182 8265 8266 8183 7962
9 8183 8266 8267 8184 7963
9 8184 8267 8268 8185 7964
9 8185 8268 8269 8186 7965
9 8186 8269 8270 8187 7966
9 8187 8270 8271 8188 7967
9 8188 8271 8272 8189 7968
9 8189 8272 8273 8190 7969
9 8190 8273 8274 8191 7970
9 8191 8274 8275 8192 7971
9 8192 8275 8276 8193 7972
9 8193 8276 8277 8194 7973
9 8194 8277 8278 8195 7974
9 8195 8278 8279 8196 7975
9 8196 8279 8280 8197 7976
9 8197 8280 8281 8198 7977
9 8198 8281 8282 8199 7978
9 8199 8282 8283 8200 7979
9 8200 8283 8284 8201 7980
9 8201 8284 8285 8202 7981
9 8202 8285 8286 8203 7982
9 8203 8286 8287 8204 7983
9 8204 8287 8288 8205 7984
9 8205 8288 8289 8206 7985
9 8206 8289 8290 8207 7986
9 8207 8290 8291 8208 7987
9 8208 8291 8292 8209 7988
9 8209 8292 8293 8210 7989
9 8210 8293 8294 8211 7990
9 8211 8294 8295 8212 7991
9 8212 8295 8296 8213 7992
9 8213 8296 8297 8214 7993
9 8214 8297 8298 8215 7994
9 8215 8298 8299 8216 7995
9 8216 8299 8300 8217 7996
9 8217 8300 8301 8218 7997
9 8218 8301 8302 8219 7998
9 8219 8302 8303 8220 7999
9 8220 8303 8304 8221 8000
9 8221 8304 8305 8222 8001
9 8222 8305 8306 8223 8002
9 8223 8306 8307 8224 8003
9 8224 8307 8308 8225 8004
9 8225 8308 8309 8226 8005
9 8226 8309 8310 8227 8006
9 8227 8310 8311 8228 8007
9 8228 8311 8312 8229 8008
9 8229 8312 8313 8230 8009
9 8230 8313 8314 8231 8010
9 8231 8314 8315 8232 8011
9 8232 8315 8316 8233 8012
9 8233 8316 8317 8234 8013
9 8234 8317 8318 8235 8014
9 8235 8318 8319 8236 8015
9 8236 8319 8320 8237 8016
9 8237 8320 8321 8238 8017
9 8238 8321 8322 8239 8018
9 8239 8322 8323 8240 8019
9 8240 8323 8324 8241 8020
9 8241 8324 8325 8242 8021
9 8242 8325 8326 8243 8022
9 8243 8326 8327 8244 8023
9 8244 8327 8328 8245 8024
9 8245 8328 8329 8246 8025
9 8246 8329 8330 8247 8026
9 8247 8330 8331 8248 8027
9 8248 8331 8332 8249 8028
9 8249 8332 8333 8250 8029
9 8250 8333 8334 8251 8030
9 8251 8334 8335 8252 8031
9 8252 8335 8336 8253 8032
9 8253 8336 8337 8254 8033
9 8254 8337 8338 8255 8034
9 8255 8338 8339 8256 8035
9 8256 8339 473 472 8036
9 278 279 8340 8257 8037
9 8257 8340 8341 8258 8038
9 8258 8341 8342 8259 8039
9 8259 8342 8343 8260 8040
9 8260 8343 8344 8261 8041
9 8261 8344 8345 8262 8042
9 8262 8345 8346 8263 8043
9 8263 8346 8347 8264 8044
9 8264 8347 8348 8265 8045
9 8265 8348 8349 8266 8046
9 8266 8349 8350 8267 8047
9 8267 8350 8351 8268 8048
9 8268 8351 8352 8269 8049
9 8269 8352 8353 8270 8050
9 8270 8353 8354 8271 8051
9 8271 8354 8355 8272 8052
9 8272 8355 8356 8273 8053
9 8273 8356 8357 8274 8054
9 8274 8357 8358 8275 8055
9 8275 8358 8359 8276 8056
9 8276 8359 8360 8277 8057
9 8277 8360 8361 8278 8058
9 8278 8361 8362 8279 8059
9 8279 8362 8363 8280 8060
9 8280 8363 8364 8281 8061
9 8281 8364 8365 8282 8062
9 8282 8365 8366 8283 8063
9 8283 8366 8367 8284 8064
9 8284 8367 8368 8285 8065
9 8285 8368 8369 8286 8066
9 8286 8369 8370 8287 8067
9 8287 8370 8371 8288 8068
9 8288 8371 8372 8289 8069
9 8289 8372 8373 8290 8070
9 8290 8373 8374 8291 8071
9 8291 8374 8375 8292 8072
9 8292 8375 8376 8293 8073
9 8293 8376 8377 8294 8074
9 8294 8377 8378 8295 8075
9 8295 8378 8379 8296 8076
9 8296 8379 8380 8297 8077
9 8297 8380 8381 8298 8078
9 8298 8381 8382 8299 8079
9 8299 8382 8383 8300 8080
9 8300 8383 8384 8301 8081
9 8301 8384 8385 8302 8082
9 8302 8385 8386 8303 8083
9 8303 8386 8387 8304 8084
9 8304 8387 8388 8305 8085
9 8305 8388 8389 8306 8086
9 8306 8389 8390 8307 8087
9 8307 8390 8391 8308 8088
9 8308 8391 8392 8309 8089
9 8309 8392 8393 8310 8090
9 8310 8393 8394 8311 8091
9 8311 8394 8395 8312 8092
9 8312 8395 8396 8313 8093
9 8313 8396 8397 8314 8094
9 8314 8397 8398 8315 8095
9 8315 8398 8399 8316 8096
9 8316 8399 8400 8317 8097
9 8317 8400 8401 8318 8098
9 8318 8401 8402 8319 8099
9 8319 8402 8403 8320 8100
9 8320 8403 8404 8321 8101
9 8321 8404 8405 8322 8102
9 8322 8405 8406 8323 8103
9 8323 8406 8407 8324 8104
9 8324 8407 8408 8325 8105
9 8325 8408 8409 8326 8106
9 8326 8409 8410 8327 8107
9 8327 8410 8411 8328 8108
9 8328 8411 8412 8329 8109
9 8329 8412 8413 8330 8110
9 8330 8413 8414 8331 8111
9 8331 8414 8415 8332 8112
9 8332 8415 8416 8333 8113
9 8333 8416 8417 8334 8114
9 8334 8417 8418 8335 8115
9 8335 8418 8419 8336 8116
9 8336 8419 8420 8337 8117
9 8337 8420 8421 8338 8118
9 8338 8421 8422 8339 8119
9 8339 8422 474 473 8120
9 279 280 8423 8340 8121
9 8340 8423 8424 8341 8122
9 8341 8424 8425 8342 8123
9 8342 8425 8426 8343 8124
9 8343 8426 8427 8344 8125
9 8344 8427 8428 8345 8126
9 8345 8428 8429 8346 8127
9 8346 8429 8430 8347 8128
9 8347 8430 8431 8348 8129
9 8348 8431 8432 8349 8130
9 8349 8432 8433 8350 8131
9 8350 8433 8434 8351 8132
9 8351 8434 8435 8352 8133
9 8352 8435 8436 8353 8134
9 8353 8436 8437 8354 8135
9 8354 8437 8438 8355 8136
9 8355 8438 8439 8356 8137
9 8356 8439 8440 8357 8138
9 8357 8440 8441 8358 8139
9 8358 8441 8442 8359 8140
9 8359 8442 8443 8360 8141
9 8360 8443 8444 8361 8142
9 8361 8444 8445 8362 8143
9 8362 8445 8446 8363 8144
9 8363 8446 8447 8364 8145
9 8364 8447 8448 8365 8146
9 8365 8448 8449 8366 8147
9 8366 8449 8450 8367 8148
9 8367 8450 8451 8368 8149
9 8368 8451 8452 8369 8150
9 8369 8452 8453 8370 8151
9 8370 8453 8454 8371 8152
9 8371 8454 8455 8372 8153
9 8372 8455 8456 8373 8154
9 8373 8456 8457 8374 8155
9 8374 8457 8458 8375 8156
9 8375 8458 8459 8376 8157
9 8376 8459 8460 8377 8158
9 8377 8460 8461 8378 8159
9 8378 8461 8462 8379 8160
9 8379 8462 8463 8380 8161
9 8380 8463 8464 8381 8162
9 8381 8464 8465 8382 8163
9 8382 8465 8466 8383 8164
9 8383 8466 8467 8384 8165
9 8384 8467 8468 8385 8166
9 8385 8468 8469 8386 8167
9 8386 8469 8470 8387 8168
9 8387 8470 8471 8388 8169
9 8388 8471 8472 8389 8170
9 8389 8472 8473 8390 8171
9 8390 8473 8474 8391 8172
9 8391 8474 8475 8392 8173
9 8392 8475 8476 8393 8174
9 8393 8476 8477 8394 8175
9 8394 8477 8478 8395 8176
9 8395 8478 8479 8396 8177
9 8396 8479 8480 8397 8178
9 8397 8480 8481 8398 8179
9 8398 8481 8482 8399 8180
9 8399 8482 8483 8400 8181
9 8400 8483 8484 8401 8182
9 8401 8484 8485 8402 8183
9 8402 8485 8486 8403 8184
9 8403 8486 8487 8404 8185
9 8404 8487 8488 8405 8186
9 8405 8488 8489 8406 8187
9 8406 8489 8490 8407 8188
9 8407 8490 8491 8408 8189
9 8408 8491 8492 8409 8190
9 8409 8492 8493 8410 8191
9 8410 8493 8494 8411 8192
9 8411 8494 8495 8412 8193
9 8412 8495 8496 8413 8194
9 8413 8496 8497 8414 8195
9 8414 8497 8498 8415 8196
9 8415 8498 8499 8416 8197
9 8416 8499 8500 8417 8198
9 8417 8500 8501 8418 8199
9 8418 8501 8502 8419 8200
9 8419 8502 8503 8420 8201
9 8420 8503 8504 8421 8202
9 8421 8504 8505 8422 8203
9 8422 8505 475 474 8204
9 280 281 8506 8423 8205
9 8423 8506 8507 8424 8206
9 8424 8507 8508 8425 8207
9 8425 8508 8509 8426 8208
9 8426 8509 8510 8427 8209
9 8427 8510 8511 8428 8210
9 8428 8511 8512 8429 8211
9 8429 8512 8513 8430 8212
9 8430 8513 8514 8431 8213
9 8431 8514 8515 8432 8214
9 8432 8515 8516 8433 8215
9 8433 8516 8517 8434 8216
9 8434 8517 8518 8435 8217
9 8435 8518 8519 8436 8218
9 8436 8519 8520 8437 8219
9 8437 8520 8521 8438 8220
9 8438 8521 8522 8439 8221
9 8439 8522 8523 8440 8222
9 8440 8523 8524 8441 8223
9 8441 8524 8525 8442 8224
9 8442 8525 8526 8443 8225
9 8443 8526 8527 8444 8226
9 8444 8527 8528 8445 8227
9 8445 8528 8529 8446 8228
9 8446 8529 8530 8447 8229
9 8447 8530 8531 8448 8230
9 8448 8531 8532 8449 8231
9 8449 8532 8533 8450 8232
9 8450 8533 8534 8451 8233
9 8451 8534 8535 8452 8234
9 8452 8535 8536 8453 8235
9 8453 8536 8537 8454 8236
9 8454 8537 8538 8455 8237
9 8455 8538 8539 8456 8238
9 8456 8539 8540 8457 8239
9 8457 8540 8541 8458 8240
9 8458 8541 8542 8459 8241
9 8459 8542 8543 8460 8242
9 8460 8543 8544 8461 8243
9 8461 8544 8545 8462 8244
9 8462 8545 8546 8463 8245
9 8463 8546 8547 8464 8246
9 8464 8547 8548 8465 8247
9 8465 8548 8549 8466 8248
9 8466 8549 8550 8467 8249
9 8467 8550 8551 8468 8250
9 8468 8551 8552 8469 8251
9 8469 8552 8553 8470 8252
9 8470 8553 8554 8471 8253
9 8471 8554 8555 8472 8254
9 8472 8555 8556 8473 8255
9 8473 8556 8557 8474 8256
9 8474 8557 8558 8475 8257
9 8475 8558 8559 8476 8258
9 8476 8559 8560 8477 8259
9 8477 8560 8561 8478 8260
9 8478 8561 8562 8479 8261
9 8479 8562 8563 8480 8262
9 8480 8563 8564 8481 8263
9 8481 8564 8565 8482 8264
9 8482 8565 8566 8483 8265
9 8483 8566 8567 8484 8266
9 8484 8567 8568 8485 8267
9 8485 8568 8569 8486 8268
9 8486 8569 8570 8487 8269
9 8487 8570 8571 8488 8270
9 8488 8571 8572 8489 8271
9 8489 8572 8573 8490 8272
9 8490 8573 8574 8491 8273
9 8491 8574 8575 8492 8274
9 8492 8575 8576 8493 8275
9 8493 8576 8577 8494 8276
9 8494 8577 8578 8495 8277
9 8495 8578 8579 8496 8278
9 8496 8579 8580 8497 8279
9 8497 8580 8581 8498 8280
9 8498 8581 8582 8499 8281
9 8499 8582 8583 8500 8282
9 8500 8583 8584 8501 8283
9 8501 8584 8585 8502 8284
9 8502 8585 8586 8503 8285
9 8503 8586 8587 8504 8286
9 8504 8587 8588 8505 8287
9 8505 8588 476 475 8288
9 281 282 8589 8506 8289
9 8506 8589 8590 8507 8290
9 8507 8590 8591 8508 8291
9 8508 8591 8592 8509 8292
9 8509 8592 8593 8510 8293
9 8510 8593 8594 8511 8294
9 8511 8594 8595 8512 8295
9 8512 8595 8596 8513 8296
9 8513 8596 8597 8514 8297
9 8514 8597 8598 8515 8298
9 8515 8598 8599 8516 8299
9 8516 8599 8600 8517 8300
9 8517 8600 8601 8518 8301
9 8518 8601 8602 8519 8302
9 8519 8602 8603 8520 8303
9 8520 8603 8604 8521 8304
9 8521 8604 8605 8522 8305
9 8522 8605 8606 8523 8306
9 8523 8606 8607 8524 8307
9 8524 8607 8608 8525 8308
9 8525 8608 8609 8526 8309
9 8526 8609 8610 8527 8310
9 8527 8610 8611 8528 8311
9 8528 8611 8612 8529 8312
9 8529 8612 8613 8530 8313
9 8530 8613 8614 8531 8314
9 8531 8614 8615 8532 8315
9 8532 8615 8616 8533 8316
9 8533 8616 8617 8534 8317
9 8534 8617 8618 8535 8318
9 8535 8618 8619 8536 8319
9 8536 8619 8620 8537 8320
9 8537 8620 8621 8538 8321
9 8538 8621 8622 8539 8322
9 8539 8622 8623 8540 8323
9 8540 8623 8624 8541 8324
9 8541 8624 8625 8542 8325
9 8542 8625 8626 8543 8326
9 8543 8626 8627 8544 8327
9 8544 8627 8628 8545 8328
9 8545 8628 8629 8546 8329
9 8546 8629 8630 8547 8330
9 8547 8630 8631 8548 8331
9 8548 8631 8632 8549 8332
9 8549 8632 8633 8550 8333
9 8550 8633 8634 8551 8334
9 8551 8634 8635 8552 8335
9 8552 8635 8636 8553 8336
9 8553 8636 8637 8554 8337
9 8554 8637 8638 8555 8338
9 8555 8638 8639 8556 8339
9 8556 8639 8640 8557 8340
9 8557 8640 8641 8558 8341
9 8558 8641 8642 8559 8342
9 8559 8642 8643 8560 8343
9 8560 8643 8644 8561 8344
9 8561 8644 8645 8562 8345
9 8562 8645 8646 8563 8346
9 8563 8646 8647 8564 8347
9 8564 8647 8648 8565 8348
9 8565 8648 8649 8566 8349
9 8566 8649 8650 8567 8350
9 8567 8650 8651 8568 8351
9 8568 8651 8652 8569 8352
9 8569 8652 8653 8570 8353
9 8570 8653 8654 8571 8354
9 8571 8654 8655 8572 8355
9 8572 8655 8656 8573 8356
9 8573 8656 8657 8574 8357
9 8574 8657 8658 8575 8358
9 8575 8658 8659 8576 8359
9 8576 8659 8660 8577 8360
9 8577 8660 8661 8578 8361
9 8578 8661 8662 8579 8362
9 8579 8662 8663 8580 8363
9 8580 8663 8664 8581 8364
9 8581 8664 8665 8582 8365
9 8582 8665 8666 8583 8366
9 8583 8666 8667 8584 8367
9 8584 8667 8668 8585 8368
9 8585 8668 8669 8586 8369
9 8586 8669 8670 8587 8370
9 8587 8670 8671 8588 8371
9 8588 8671 477 476 8372
9 282 283 8672 8589 8373
9 8589 8672 8673 8590 8374
9 8590 8673 8674 8591 8375
9 8591 8674 8675 8592 8376
9 8592 8675 8676 8593 8377
9 8593 8676 8677 8594 8378
9 8594 8677 8678 8595 8379
9 8595 8678 8679 8596 8380
9 8596 8679 8680 8597 8381
9 8597 8680 8681 8598 8382
9 8598 8681 8682 8599 8383
9 8599 8682 8683 8600 8384
9 8600 8683 8684 8601 8385
9 8601 8684 8685 8602 8386
9 8602 8685 8686 8603 8387
9 8603 8686 8687 8604 8388
9 8604 8687 8688 8605 8389
9 8605 8688 8689 8606 8390
9 8606 8689 8690 8607 8391
9 8607 8690 8691 8608 8392
9 8608 8691 8692 8609 8393
9 8609 8692 8693 8610 8394
9 8610 8693 8694 8611 8395
9 8611 8694 8695 8612 8396
9 8612 8695 8696 8613 8397
9 8613 8696 8697 8614 8398
9 8614 8697 8698 8615 8399
9 8615 8698 8699 8616 8400
9 8616 8699 8700 8617 8401
9 8617 8700 8701 8618 8402
9 8618 8701 8702 8619 8403
9 8619 8702 8703 8620 8404
9 8620 8703 8704 8621 8405
9 8621 8704 8705 8622 8406
9 8622 8705 8706 8623 8407
9 8623 8706 8707 8624 8408
9 8624 8707 8708 8625 8409
9 8625 8708 8709 8626 8410
9 8626 8709 8710 8627 8411
9 8627 8710 8711 8628 8412
9 8628 8711 8712 8629 8413
9 8629 8712 8713 8630 8414
9 8630 8713 8714 8631 8415
9 8631 8714 8715 8632 8416
9 8632 8715 8716 8633 8417
9 8633 8716 8717 8634 8418
9 8634 8717 8718 8635 8419
9 8635 8718 8719 8636 8420
9 8636 8719 8720 8637 8421
9 8637 8720 8721 8638 8422
9 8638 8721 8722 8639 8423
9 8639 8722 8723 8640 8424
9 8640 8723 8724 8641 8425
9 8641 8724 8725 8642 8426
9 8642 8725 8726 8643 8427
9 8643 8726 8727 8644 8428
9 8644 8727 8728 8645 8429
9 8645 8728 8729 8646 8430
9 8646 8729 8730 8647 8431
9 8647 8730 8731 8648 8432
9 8648 8731 8732 8649 8433
9 8649 8732 8733 8650 8434
9 8650 8733 8734 8651 8435
9 8651 8734 8735 8652 8436
9 8652 8735 8736 8653 8437
9 8653 8736 8737 8654 8438
9 8654 8737 8738 8655 8439
9 8655 8738 8739 8656 8440
9 8656 8739 8740 8657 8441
9 8657 8740 8741 8658 8442
9 8658 8741 8742 8659 8443
9 8659 8742 8743 8660 8444
9 8660 8743 8744 8661 8445
9 8661 8744 8745 8662 8446
9 8662 8745 8746 8663 8447
9 8663 8746 8747 8664 8448
9 8664 8747 8748 8665 8449
9 8665 8748 8749 8666 8450
9 8666 8749 8750 8667 8451
9 8667 8750 8751 8668 8452
9 8668 8751 8752 8669 8453
9 8669 8752 8753 8670 8454
9 8670 8753 8754 8671 8455
9 8671 8754 478 477 8456
9 283 284 8755 8672 8457
9 8672 8755 8756 8673 8458
9 8673 8756 8757 8674 8459
9 8674 8757 8758 8675 8460
9 8675 8758 8759 8676 8461
9 8676 8759 8760 8677 8462
9 8677 8760 8761 8678 8463
9 8678 8761 8762 8679 8464
9 8679 8762 8763 8680 8465
9 8680 8763 8764 8681 8466
9 8681 8764 8765 8682 8467
9 8682 8765 8766 8683 8468
9 8683 8766 8767 8684 8469
9 8684 8767 8768 8685 8470
9 8685 8768 8769 8686 8471
9 8686 8769 8770 8687 8472
9 8687 8770 8771 8688 8473
9 8688 8771 8772 8689 8474
9 8689 8772 8773 8690 8475
9 8690 8773 8774 8691 8476
9 8691 8774 8775 8692 8477
9 8692 8775 8776 8693 8478
9 8693 8776 8777 8694 8479
9 8694 8777 8778 8695 8480
9 8695 8778 8779 8696 8481
9 8696 8779 8780 8697 8482
9 8697 8780 8781 8698 8483
9 8698 8781 8782 8699 8484
9 8699 8782 8783 8700 8485
9 8700 8783 8784 8701 8486
9 8701 8784 8785 8702 8487
9 8702 8785 8786 8703 8488
9 8703 8786 8787 8704 8489
9 8704 8787 8788 8705 8490
9 8705 8788 8789 8706 8491
9 8706 8789 8790 8707 8492
9 8707 8790 8791 8708 8493
9 8708 8791 8792 8709 8494
9 8709 8792 8793 8710 8495
9 8710 8793 8794 8711 8496
9 8711 8794 8795 8712 8497
9 8712 8795 8796 8713 8498
9 8713 8796 8797 8714 8499
9 8714 8797 8798 8715 8500
9 8715 8798 8799 8716 8501
9 8716 8799 8800 8717 8502
9 8717 8800 8801 8718 8503
9 8718 8801 8802 8719 8504
9 8719 8802 8803 8720 8505
9 8720 8803 8804 8721 8506
9 8721 8804 8805 8722 8507
9 8722 8805 8806 8723 8508
9 8723 8806 8807 8724 8509
9 8724 8807 8808 8725 8510
9 8725 8808 8809 8726 8511
9 8726 8809 8810 8727 8512
9 8727 8810 8811 8728 8513
9 8728 8811 8812 8729 8514
9 8729 8812 8813 8730 8515
9 8730 8813 8814 8731 8516
9 8731 8814 8815 8732 8517
9 8732 8815 8816 8733 8518
9 8733 8816 8817 8734 8519
9 8734 8817 8818 8735 8520
9 8735 8818 8819 8736 8521
9 8736 8819 8820 8737 8522
9 8737 8820 8821 8738 8523
9 8738 8821 8822 8739 8524
9 8739 8822 8823 8740 8525
9 8740 8823 8824 8741 8526
9 8741 8824 8825 8742 8527
9 8742 8825 8826 8743 8528
9 8743 8826 8827 8744 8529
9 8744 8827 8828 8745 8530
9 8745 8828 8829 8746 8531
9 8746 8829 8830 8747 8532
9 8747 8830 8831 8748 8533
9 8748 8831 8832 8749 8534
9 8749 8832 8833 8750 8535
9 8750 8833 8834 8751 8536
9 8751 8834 8835 8752 8537
9 8752 8835 8836 8753 8538
9 8753 8836 8837 8754 8539
9 8754 8837 479 478 8540
9 284 285 8838 8755 8541
9 8755 8838 8839 8756 8542
9 8756 8839 8840 8757 8543
9 8757 8840 8841 8758 8544
9 8758 8841 8842 8759 8545
9 8759 8842 8843 8760 8546
9 8760 8843 8844 8761 8547
9 8761 8844 8845 8762 8548
9 8762 8845 8846 8763 8549
9 8763 8846 8847 8764 8550
9 8764 8847 8848 8765 8551
9 8765 8848 8849 8766 8552
9 8766 8849 8850 8767 8553
9 8767 8850 8851 8768 8554
9 8768 8851 8852 8769 8555
9 8769 8852 8853 8770 8556
9 8770 8853 8854 8771 8557
9 8771 8854 8855 8772 8558
9 8772 8855 8856 8773 8559
9 8773 8856 8857 8774 8560
9 8774 8857 8858 8775 8561
9 8775 8858 8859 8776 8562
9 8776 8859 8860 8777 8563
9 8777 8860 8861 8778 8564
9 8778 8861 8862 8779 8565
9 8779 8862 8863 8780 8566
9 8780 8863 8864 8781 8567
9 8781 8864 8865 8782 8568
9 8782 8865 8866 8783 8569
9 8783 8866 8867 8784 8570
9 8784 8867 8868 8785 8571
9 8785 8868 8869 8786 8572
9 8786 8869 8870 8787 8573
9 8787 8870 8871 8788 8574
9 8788 8871 8872 8789 8575
9 8789 8872 8873 8790 8576
9 8790 8873 8874 8791 8577
9 8791 8874 8875 8792 8578
9 8792 8875 8876 8793 8579
9 8793 8876 8877 8794 8580
9 8794 8877 8878 8795 8581
9 8795 8878 8879 8796 8582
9 8796 8879 8880 8797 8583
9 8797 8880 8881 8798 8584
9 8798 8881 8882 8799 8585
9 8799 8882 8883 8800 8586
9 8800 8883 8884 8801 8587
9 8801 8884 8885 8802 8588
9 8802 8885 8886 8803 8589
9 8803 8886 8887 8804 8590
9 8804 8887 8888 8805 8591
9 8805 8888 8889 8806 8592
9 8806 8889 8890 8807 8593
9 8807 8890 8891 8808 8594
9 8808 8891 8892 8809 8595
9 8809 8892 8893 8810 8596
9 8810 8893 8894 8811 8597
9 8811 8894 8895 8812 8598
9 8812 8895 8896 8813 8599
9 8813 8896 8897 8814 8600
9 8814 8897 8898 8815 8601
9 8815 8898 8899 8816 8602
9 8816 8899 8900 8817 8603
9 8817 8900 8901 8818 8604
9 8818 8901 8902 8819 8605
9 8819 8902 8903 8820 8606
9 8820 8903 8904 8821 8607
9 8821 8904 8905 8822 8608
9 8822 8905 8906 8823 8609
9 8823 8906 8907 8824 8610
9 8824 8907 8908 8825 8611
9 8825 8908 8909 8826 8612
9 8826 8909 8910 8827 8613
9 8827 8910 8911 8828 8614
9 8828 8911 8912 8829 8615
9 8829 8912 8913 8830 8616
9 8830 8913 8914 8831 8617
9 8831 8914 8915 8832 8618
9 8832 8915 8916 8833 8619
9 8833 8916 8917 8834 8620
9 8834 8917 8918 8835 8621
9 8835 8918 8919 8836 8622
9 8836 8919 8920 8837 8623
9 8837 8920 480 479 8624
9 285 286 8921 8838 8625
9 8838 8921 8922 8839 8626
9 8839 8922 8923 8840 8627
9 8840 8923 8924 8841 8628
9 8841 8924 8925 8842 8629
9 8842 8925 8926 8843 8630
9 8843 8926 8927 8844 8631
9 8844 8927 8928 8845 8632
9 8845 8928 8929 8846 8633
9 8846 8929 8930 8847 8634
9 8847 8930 8931 8848 8635
9 8848 8931 8932 8849 8636
9 8849 8932 8933 8850 8637
9 8850 8933 8934 8851 8638
9 8851 8934 8935 8852 8639
9 8852 8935 8936 8853 8640
9 8853 8936 8937 8854 8641
9 8854 8937 8938 8855 8642
9 8855 8938 8939 8856 8643
9 8856 8939 8940 8857 8644
9 8857 8940 8941 8858 8645
9 8858 8941 8942 8859 8646
9 8859 8942 8943 8860 8647
9 8860 8943 8944 8861 8648
9 8861 8944 8945 8862 8649
9 8862 8945 8946 8863 8650
9 8863 8946 8947 8864 8651
9 8864 8947 8948 8865 8652
9 8865 8948 8949 8866 8653
9 8866 8949 8950 8867 8654
9 8867 8950 8951 8868 8655
9 8868 8951 8952 8869 8656
9 8869 8952 8953 8870 8657
9 8870 8953 8954 8871 8658
9 8871 8954 8955 8872 8659
9 8872 8955 8956 8873 8660
9 8873 8956 8957 8874 8661
9 8874 8957 8958 8875 8662
9 8875 8958 8959 8876 8663
9 8876 8959 8960 8877 8664
9 8877 8960 8961 8878 8665
9 8878 8961 8962 8879 8666
9 8879 8962 8963 8880 8667
9 8880 8963 8964 8881 8668
9 8881 8964 8965 8882 8669
9 8882 8965 8966 8883 8670
9 8883 8966 8967 8884 8671
9 8884 8967 8968 8885 8672
9 8885 8968 8969 8886 8673
9 8886 8969 8970 8887 8674
9 8887 8970 8971 8888 8675
9 8888 8971 8972 8889 8676
9 8889 8972 8973 8890 8677
9 8890 8973 8974 8891 8678
9 8891 8974 8975 8892 8679
9 8892 8975 8976 8893 8680
9 8893 8976 8977 8894 8681
9 8894 8977 8978 8895 8682
9 8895 8978 8979 8896 8683
9 8896 8979 8980 8897 8684
9 8897 8980 8981 8898 8685
9 8898 8981 8982 8899 8686
9 8899 8982 8983 8900 8687
9 8900 8983 8984 8901 8688
9 8901 8984 8985 8902 8689
9 8902 8985 8986 8903 8690
9 8903 8986 8987 8904 8691
9 8904 8987 8988 8905 8692
9 8905 8988 8989 8906 8693
9 8906 8989 8990 8907 8694
9 8907 8990 8991 8908 8695
9 8908 8991 8992 8909 8696
9 8909 8992 8993 8910 8697
9 8910 8993 8994 8911 8698
9 8911 8994 8995 8912 8699
9 8912 8995 8996 8913 8700
9 8913 8996 8997 8914 8701
9 8914 8997 8998 8915 8702
9 8915 8998 8999 8916 8703
9 8916 8999 9000 8917 8704
9 8917 9000 9001 8918 8705
9 8918 9001 9002 8919 8706
9 8919 9002 9003 8920 8707
9 8920 9003 481 480 8708
9 286 287 9004 8921 8709
9 8921 9004 9005 8922 8710
9 8922 9005 9006 8923 8711
9 8923 9006 9007 8924 8712
9 8924 9007 9008 8925 8713
9 8925 9008 9009 8926 8714
9 8926 9009 9010 8927 8715
9 8927 9010 9011 8928 8716
9 8928 9011 9012 8929 8717
9 8929 9012 9013 8930 8718
9 8930 9013 9014 8931 8719
9 8931 9014 9015 8932 8720
9 8932 9015 9016 8933 8721
9 8933 9016 9017 8934 8722
9 8934 9017 9018 8935 8723
9 8935 9018 9019 8936 8724
9 8936 9019 9020 8937 8725
9 8937 9020 9021 8938 8726
9 8938 9021 9022 8939 8727
9 8939 9022 9023 8940 8728
9 8940 9023 9024 8941 8729
9 8941 9024 9025 8942 8730
9 8942 9025 9026 8943 8731
9 8943 9026 9027 8944 8732
9 8944 9027 9028 8945 8733
9 8945 9028 9029 8946 8734
9 8946 9029 9030 8947 8735
9 8947 9030 9031 8948 8736
9 8948 9031 9032 8949 8737
9 8949 9032 9033 8950 8738
9 8950 9033 9034 8951 8739
9 8951 9034 9035 8952 8740
9 8952 9035 9036 8953 8741
9 8953 9036 9037 8954 8742
9 8954 9037 9038 8955 8743
9 8955 9038 9039 8956 8744
9 8956 9039 9040 8957 8745
9 8957 9040 9041 8958 8746
9 8958 9041 9042 8959 8747
9 8959 9042 9043 8960 8748
9 8960 9043 9044 8961 8749
9 8961 9044 9045 8962 8750
9 8962 9045 9046 8963 8751
9 8963 9046 9047 8964 8752
9 8964 9047 9048 8965 8753
9 8965 9048 9049 8966 8754
9 8966 9049 9050 8967 8755
9 8967 9050 9051 8968 8756
9 8968 9051 9052 8969 8757
9 8969 9052 9053 8970 8758
9 8970 9053 9054 8971 8759
9 8971 9054 9055 8972 8760
9 8972 9055 9056 8973 8761
9 8973 9056 9057 8974 8762
9 8974 9057 9058 8975 8763
9 8975 9058 9059 8976 8764
9 8976 9059 9060 8977 8765
9 8977 9060 9061 8978 8766
9 8978 9061 9062 8979 8767
9 8979 9062 9063 8980 8768
9 8980 9063 9064 8981 8769
9 8981 9064 9065 8982 8770
9 8982 9065 9066 8983 8771
9 8983 9066 9067 8984 8772
9 8984 9067 9068 8985 8773
9 8985 9068 9069 8986 8774
9 8986 9069 9070 8987 8775
9 8987 9070 9071 8988 8776
9 8988 9071 9072 8989 8777
9 8989 9072 9073 8990 8778
9 8990 9073 9074 8991 8779
9 8991 9074 9075 8992 8780
9 8992 9075 9076 8993 8781
9 8993 9076 9077 8994 8782
9 8994 9077 9078 8995 8783
9 8995 9078 9079 8996 8784
9 8996 9079 9080 8997 8785
9 8997 9080 9081 8998 8786
9 8998 9081 9082 8999 8787
9 8999 9082 9083 9000 8788
9 9000 9083 9084 9001 8789
9 9001 9084 9085 9002 8790
9 9002 9085 9086 9003 8791
9 9003 9086 482 481 8792
9 287 288 9087 9004 8793
9 9004 9087 9088 9005 8794
9 9005 9088 9089 9006 8795
9 9006 9089 9090 9007 8796
9 9007 9090 9091 9008 8797
9 9008 9091 9092 9009 8798
9 9009 9092 9093 9010 8799
9 9010 9093 9094 9011 8800
9 9011 9094 9095 9012 8801
9 9012 9095 9096 9013 8802
9 9013 9096 9097 9014 8803
9 9014 9097 9098 9015 8804
9 9015 9098 9099 9016 8805
9 9016 9099 9100 9017 8806
9 9017 9100 9101 9018 8807
9 9018 9101 9102 9019 8808
9 9019 9102 9103 9020 8809
9 9020 9103 9104 9021 8810
9 9021 9104 9105 9022 8811
9 9022 9105 9106 9023 8812
9 9023 9106 9107 9024 8813
9 9024 9107 9108 9025 8814
9 9025 9108 9109 9026 8815
9 9026 9109 9110 9027 8816
9 9027 9110 9111 9028 8817
9 9028 9111 9112 9029 8818
9 9029 9112 9113 9030 8819
9 9030 9113 9114 9031 8820
9 9031 9114 9115 9032 8821
9 9032 9115 9116 9033 8822
9 9033 9116 9117 9034 8823
9 9034 9117 9118 9035 8824
9 9035 9118 9119 9036 8825
9 9036 9119 9120 9037 8826
9 9037 9120 9121 9038 8827
9 9038 9121 9122 9039 8828
9 9039 9122 9123 9040 8829
9 9040 9123 9124 9041 8830
9 9041 9124 9125 9042 8831
9 9042 9125 9126 9043 8832
9 9043 9126 9127 9044 8833
9 9044 9127 9128 9045 8834
9 9045 9128 9129 9046 8835
9 9046 9129 9130 9047 8836
9 9047 9130 9131 9048 8837
9 9048 9131 9132 9049 8838
9 9049 9132 9133 9050 8839
9 9050 9133 9134 9051 8840
9 9051 9134 9135 9052 8841
9 9052 9135 9136 9053 8842
9 9053 9136 9137 9054 8843
9 9054 9137 9138 9055 8844
9 9055 9138 9139 9056 8845
9 9056 9139 9140 9057 8846
9 9057 9140 9141 9058 8847
9 9058 9141 9142 9059 8848
9 9059 9142 9143 9060 8849
9 9060 9143 9144 9061 8850
9 9061 9144 9145 9062 8851
9 9062 9145 9146 9063 8852
9 9063 9146 9147 9064 8853
9 9064 9147 9148 9065 8854
9 9065 9148 9149 9066 8855
9 9066 9149 9150 9067 8856
9 9067 9150 9151 9068 8857
9 9068 9151 9152 9069 8858
9 9069 9152 9153 9070 8859
9 9070 9153 9154 9071 8860
9 9071 9154 9155 9072 8861
9 9072 9155 9156 9073 8862
9 9073 9156 9157 9074 8863
9 9074 9157 9158 9075 8864
9 9075 9158 9159 9076 8865
9 9076 9159 9160 9077 8866
9 9077 9160 9161 9078 8867
9 9078 9161 9162 9079 8868
9 9079 9162 9163 9080 8869
9 9080 9163 9164 9081 8870
9 9081 9164 9165 9082 8871
9 9082 9165 9166 9083 8872
9 9083 9166 9167 9084 8873
9 9084 9167 9168 9085 8874
9 9085 9168 9169 9086 8875
9 9086 9169 483 482 8876
9 288 289 9170 9087 8877
9 9087 9170 9171 9088 8878
9 9088 9171 9172 9089 8879
9 9089 9172 9173 9090 8880
9 9090 9173 9174 9091 8881
9 9091 9174 9175 9092 8882
9 9092 9175 9176 9093 8883
9 9093 9176 9177 9094 8884
9 9094 9177 9178 9095 8885
9 9095 9178 9179 9096 8886
9 9096 9179 9180 9097 8887
9 9097 9180 9181 9098 8888
9 9098 9181 9182 9099 8889
9 9099 9182 9183 9100 8890
9 9100 9183 9184 9101 8891
9 9101 9184 9185 9102 8892
9 9102 9185 9186 9103 8893
9 9103 9186 9187 9104 8894
9 9104 9187 9188 9105 8895
9 9105 9188 9189 9106 8896
9 9106 9189 9190 9107 8897
9 9107 9190 9191 9108 8898
9 9108 9191 9192 9109 8899
9 9109 9192 9193 9110 8900
9 9110 9193 9194 9111 8901
9 9111 9194 9195 9112 8902
9 9112 9195 9196 9113 8903
9 9113 9196 9197 9114 8904
9 9114 9197 9198 9115 8905
9 9115 9198 9199 9116 8906
9 9116 9199 9200 9117 8907
9 9117 9200 9201 9118 8908
9 9118 9201 9202 9119 8909
9 9119 9202 9203 9120 8910
9 9120 9203 9204 9121 8911
9 9121 9204 9205 9122 8912
9 9122 9205 9206 9123 8913
9 9123 9206 9207 9124 8914
9 9124 9207 9208 9125 8915
9 9125 9208 9209 9126 8916
9 9126 9209 9210 9127 8917
9 9127 9210 9211 9128 8918
9 9128 9211 9212 9129 8919
9 9129 9212 9213 9130 8920
9 9130 9213 9214 9131 8921
9 9131 9214 9215 9132 8922
9 9132 9215 9216 9133 8923
9 9133 9216 9217 9134 8924
9 9134 9217 9218 9135 8925
9 9135 9218 9219 9136 8926
9 9136 9219 9220 9137 8927
9 9137 9220 9221 9138 8928
9 9138 9221 9222 9139 8929
9 9139 9222 9223 9140 8930
9 9140 9223 9224 9141 8931
9 9141 9224 9225 9142 8932
9 9142 9225 9226 9143 8933
9 9143 9226 9227 9144 8934
9 9144 9227 9228 9145 8935
9 9145 9228 9229 9146 8936
9 9146 9229 9230 9147 8937
9 9147 9230 9231 9148 8938
9 9148 9231 9232 9149 8939
9 9149 9232 9233 9150 8940
9 9150 9233 9234 9151 8941
9 9151 9234 9235 9152 8942
9 9152 9235 9236 9153 8943
9 9153 9236 9237 9154 8944
9 9154 9237 9238 9155 8945
9 9155 9238 9239 9156 8946
9 9156 9239 9240 9157 8947
9 9157 9240 9241 9158 8948
9 9158 9241 9242 9159 8949
9 9159 9242 9243 9160 8950
9 9160 9243 9244 9161 8951
9 9161 9244 9245 9162 8952
9 9162 9245 9246 9163 8953
9 9163 9246 9247 9164 8954
9 9164 9247 9248 9165 8955
9 9165 9248 9249 9166 8956
9 9166 9249 9250 9167 8957
9 9167 9250 9251 9168 8958
9 9168 9251 9252 9169 8959
9 9169 9252 484 483 8960
9 289 290 9253 9170 8961
9 9170 9253 9254 9171 8962
9 9171 9254 9255 9172 8963
9 9172 9255 9256 9173 8964
9 9173 9256 9257 9174 8965
9 9174 9257 9258 9175 8966
9 9175 9258 9259 9176 8967
9 9176 9259 9260 9177 8968
9 9177 9260 9261 9178 8969
9 9178 9261 9262 9179 8970
9 9179 9262 9263 9180 8971
9 9180 9263 9264 9181 8972
9 9181 9264 9265 9182 8973
9 9182 9265 9266 9183 8974
9 9183 9266 9267 9184 8975
9 9184 9267 9268 9185 8976
9 9185 9268 9269 9186 8977
9 9186 9269 9270 9187 8978
9 9187 9270 9271 9188 8979
9 9188 9271 9272 9189 8980
9 9189 9272 9273 9190 8981
9 9190 9273 9274 9191 8982
9 9191 9274 9275 9192 8983
9 9192 9275 9276 9193 8984
9 9193 9276 9277 9194 8985
9 9194 9277 9278 9195 8986
9 9195 9278 9279 9196 8987
9 9196 9279 9280 9197 8988
9 9197 9280 9281 9198 8989
9 9198 9281 9282 9199 8990
9 9199 9282 9283 9200 8991
9 9200 9283 9284 9201 8992
9 9201 9284 9285 9202 8993
9 9202 9285 9286 9203 8994
9 9203 9286 9287 9204 8995
9 9204 9287 9288 9205 8996
9 9205 9288 9289 9206 8997
9 9206 9289 9290 9207 8998
9 9207 9290 9291 9208 8999
9 9208 9291 9292 9209 9000
9 9209 9292 9293 9210 9001
9 9210 9293 9294 9211 9002
9 9211 9294 9295 9212 9003
9 9212 9295 9296 9213 9004
9 9213 9296 9297 9214 9005
9 9214 9297 9298 9215 9006
9 9215 9298 9299 9216 9007
9 9216 9299 9300 9217 9008
9 9217 9300 9301 9218 9009
9 9218 9301 9302 9219 9010
9 9219 9302 9303 9220 9011
9 9220 9303 9304 9221 9012
9 9221 9304 9305 9222 9013
9 9222 9305 9306 9223 9014
9 9223 9306 9307 9224 9015
9 9224 9307 9308 9225 9016
9 9225 9308 9309 9226 9017
9 9226 9309 9310 9227 9018
9 9227 9310 9311 9228 9019
9 9228 9311 9312 9229 9020
9 9229 9312 9313 9230 9021
9 9230 9313 9314 9231 9022
9 9231 9314 9315 9232 9023
9 9232 9315 9316 9233 9024
9 9233 9316 9317 9234 9025
9 9234 9317 9318 9235 9026
9 9235 9318 9319 9236 9027
9 9236 9319 9320 9237 9028
9 9237 9320 9321 9238 9029
9 9238 9321 9322 9239 9030
9 9239 9322 9323 9240 9031
9 9240 9323 9324 9241 9032
9 9241 9324 9325 9242 9033
9 9242 9325 9326 9243 9034
9 9243 9326 9327 9244 9035
9 9244 9327 9328 9245 9036
9 9245 9328 9329 9246 9037
9 9246 9329 9330 9247 9038
9 9247 9330 9331 9248 9039
9 9248 9331 9332 9249 9040
9 9249 9332 9333 9250 9041
9 9250 9333 9334 9251 9042
9 9251 9334 9335 9252 9043
9 9252 9335 485 484 9044
9 290 291 9336 9253 9045
9 9253 9336 9337 9254 9046
9 9254 9337 9338 9255 9047
9 9255 9338 9339 9256 9048
9 9256 9339 9340 9257 9049
9 9257 9340 9341 9258 9050
9 9258 9341 9342 9259 9051
9 9259 9342 9343 9260 9052
9 9260 9343 9344 9261 9053
9 9261 9344 9345 9262 9054
9 9262 9345 9346 9263 9055
9 9263 9346 9347 9264 9056
9 9264 9347 9348 9265 9057
9 9265 9348 9349 9266 9058
9 9266 9349 9350 9267 9059
9 9267 9350 9351 9268 9060
9 9268 9351 9352 9269 9061
9 9269 9352 9353 9270 9062
9 9270 9353 9354 9271 9063
9 9271 9354 9355 9272 9064
9 9272 9355 9356 9273 9065
9 9273 9356 9357 9274 9066
9 9274 9357 9358 9275 9067
9 9275 9358 9359 9276 9068
9 9276 9359 9360 9277 9069
9 9277 9360 9361 9278 9070
9 9278 9361 9362 9279 9071
9 9279 9362 9363 9280 9072
9 9280 9363 9364 9281 9073
9 9281 9364 9365 9282 9074
9 9282 9365 9366 9283 9075
9 9283 9366 9367 9284 9076
9 9284 9367 9368 9285 9077
9 9285 9368 9369 9286 9078
9 9286 9369 9370 9287 9079
9 9287 9370 9371 9288 9080
9 9288 9371 9372 9289 9081
9 9289 9372 9373 9290 9082
9 9290 9373 9374 9291 9083
9 9291 9374 9375 9292 9084
9 9292 9375 9376 9293 9085
9 9293 9376 9377 9294 9086
9 9294 9377 9378 9295 9087
9 9295 9378 9379 9296 9088
9 9296 9379 9380 9297 9089
9 9297 9380 9381 9298 9090
9 9298 9381 9382 9299 9091
9 9299 9382 9383 9300 9092
9 9300 9383 9384 9301 9093
9 9301 9384 9385 9302 9094
9 9302 9385 9386 9303 9095
9 9303 9386 9387 9304 9096
9 9304 9387 9388 9305 9097
9 9305 9388 9389 9306 9098
9 9306 9389 9390 9307 9099
9 9307 9390 9391 9308 9100
9 9308 9391 9392 9309 9101
9 9309 9392 9393 9310 9102
9 9310 9393 9394 9311 9103
9 9311 9394 9395 9312 9104
9 9312 9395 9396 9313 9105
9 9313 9396 9397 9314 9106
9 9314 9397 9398 9315 9107
9 9315 9398 9399 9316 9108
9 9316 9399 9400 9317 9109
9 9317 9400 9401 9318 9110
9 9318 9401 9402 9319 9111
9 9319 9402 9403 9320 9112
9 9320 9403 9404 9321 9113
9 9321 9404 9405 9322 9114
9 9322 9405 9406 9323 9115
9 9323 9406 9407 9324 9116
9 9324 9407 9408 9325 9117
9 9325 9408 9409 9326 9118
9 9326 9409 9410 9327 9119
9 9327 9410 9411 9328 9120
9 9328 9411 9412 9329 9121
9 9329 9412 9413 9330 9122
9 9330 9413 9414 9331 9123
9 9331 9414 9415 9332 9124
9 9332 9415 9416 9333 9125
9 9333 9416 9417 9334 9126
9 9334 9417 9418 9335 9127
9 9335 9418 486 485 9128
9 291 292 9419 9336 9129
9 9336 9419 9420 9337 9130
9 9337 9420 9421 9338 9131
9 9338 9421 9422 9339 9132
9 9339 9422 9423 9340 9133
9 9340 9423 9424 9341 9134
9 9341 9424 9425 9342 9135
9 9342 9425 9426 9343 9136
9 9343 9426 9427 9344 9137
9 9344 9427 9428 9345 9138
9 9345 9428 9429 9346 9139
9 9346 9429 9430 9347 9140
9 9347 9430 9431 9348 9141
9 9348 9431 9432 9349 9142
9 9349 9432 9433 9350 9143
9 9350 9433 9434 9351 9144
9 9351 9434 9435 9352 9145
9 9352 9435 9436 9353 9146
9 9353 9436 9437 9354 9147
9 9354 9437 9438 9355 9148
9 9355 9438 9439 9356 9149
9 9356 9439 9440 9357 9150
9 9357 9440 9441 9358 9151
9 9358 9441 9442 9359 9152
9 9359 9442 9443 9360 9153
9 9360 9443 9444 9361 9154
9 9361 9444 9445 9362 9155
9 9362 9445 9446 9363 9156
9 9363 9446 9447 9364 9157
9 9364 9447 9448 9365 9158
9 9365 9448 9449 9366 9159
9 9366 9449 9450 9367 9160
9 9367 9450 9451 9368 9161
9 9368 9451 9452 9369 9162
9 9369 9452 9453 9370 9163
9 9370 9453 9454 9371 9164
9 9371 9454 9455 9372 9165
9 9372 9455 9456 9373 9166
9 9373 9456 9457 9374 9167
9 9374 9457 9458 9375 9168
9 9375 9458 9459 9376 9169
9 9376 9459 9460 9377 9170
9 9377 9460 9461 9378 9171
9 9378 9461 9462 9379 9172
9 9379 9462 9463 9380 9173
9 9380 9463 9464 9381 9174
9 9381 9464 9465 9382 9175
9 9382 9465 9466 9383 9176
9 9383 9466 9467 9384 9177
9 9384 9467 9468 9385 9178
9 9385 9468 9469 9386 9179
9 9386 9469 9470 9387 9180
9 9387 9470 9471 9388 9181
9 9388 9471 9472 9389 9182
9 9389 9472 9473 9390 9183
9 9390 9473 9474 9391 9184
9 9391 9474 9475 9392 9185
9 9392 9475 9476 9393 9186
9 9393 9476 9477 9394 9187
9 9394 9477 9478 9395 9188
9 9395 9478 9479 9396 9189
9 9396 9479 9480 9397 9190
9 9397 9480 9481 9398 9191
9 9398 9481 9482 9399 9192
9 9399 9482 9483 9400 9193
9 9400 9483 9484 9401 9194
9 9401 9484 9485 9402 9195
9 9402 9485 9486 9403 9196
9 9403 9486 9487 9404 9197
9 9404 9487 9488 9405 9198
9 9405 9488 9489 9406 9199
9 9406 9489 9490 9407 9200
9 9407 9490 9491 9408 9201
9 9408 9491 9492 9409 9202
9 9409 9492 9493 9410 9203
9 9410 9493 9494 9411 9204
9 9411 9494 9495 9412 9205
9 9412 9495 9496 9413 9206
9 9413 9496 9497 9414 9207
9 9414 9497 9498 9415 9208
9 9415 9498 9499 9416 9209
9 9416 9499 9500 9417 9210
9 9417 9500 9501 9418 9211
9 9418 9501 487 486 9212
9 292 293 9502 9419 9213
9 9419 9502 9503 9420 9214
9 9420 9503 9504 9421 9215
9 9421 9504 9505 9422 9216
9 9422 9505 9506 9423 9217
9 9423 9506 9507 9424 9218
9 9424 9507 9508 9425 9219
9 9425 9508 9509 9426 9220
9 9426 9509 9510 9427 9221
9 9427 9510 9511 9428 9222
9 9428 9511 9512 9429 9223
9 9429 9512 9513 9430 9224
9 9430 9513 9514 9431 9225
9 9431 9514 9515 9432 9226
9 9432 9515 9516 9433 9227
9 9433 9516 9517 9434 9228
9 9434 9517 9518 9435 9229
9 9435 9518 9519 9436 9230
9 9436 9519 9520 9437 9231
9 9437 9520 9521 9438 9232
9 9438 9521 9522 9439 9233
9 9439 9522 9523 9440 9234
9 9440 9523 9524 9441 9235
9 9441 9524 9525 9442 9236
9 9442 9525 9526 9443 9237
9 9443 9526 9527 9444 9238
9 9444 9527 9528 9445 9239
9 9445 9528 9529 9446 9240
9 9446 9529 9530 9447 9241
9 9447 9530 9531 9448 9242
9 9448 9531 9532 9449 9243
9 9449 9532 9533 9450 9244
9 9450 9533 9534 9451 9245
9 9451 9534 9535 9452 9246
9 9452 9535 9536 9453 9247
9 9453 9536 9537 9454 9248
9 9454 9537 9538 9455 9249
9 9455 9538 9539 9456 9250
9 9456 9539 9540 9457 9251
9 9457 9540 9541 9458 9252
9 9458 9541 9542 9459 9253
9 9459 9542 9543 9460 9254
9 9460 9543 9544 9461 9255
9 9461 9544 9545 9462 9256
9 9462 9545 9546 9463 9257
9 9463 9546 9547 9464 9258
9 9464 9547 9548 9465 9259
9 9465 9548 9549 9466 9260
9 9466 9549 9550 9467 9261
9 9467 9550 9551 9468 9262
9 9468 9551 9552 9469 9263
9 9469 9552 9553 9470 9264
9 9470 9553 9554 9471 9265
9 9471 9554 9555 9472 9266
9 9472 9555 9556 9473 9267
9 9473 9556 9557 9474 9268
9 9474 9557 9558 9475 9269
9 9475 9558 9559 9476 9270
9 9476 9559 9560 9477 9271
9 9477 9560 9561 9478 9272
9 9478 9561 9562 9479 9273
9 9479 9562 9563 9480 9274
9 9480 9563 9564 9481 9275
9 9481 9564 9565 9482 9276
9 9482 9565 9566 9483 9277
9 9483 9566 9567 9484 9278
9 9484 9567 9568 9485 9279
9 9485 9568 9569 9486 9280
9 9486 9569 9570 9487 9281
9 9487 9570 9571 9488 9282
9 9488 9571 9572 9489 9283
9 9489 9572 9573 9490 9284
9 9490 9573 9574 9491 9285
9 9491 9574 9575 9492 9286
9 9492 9575 9576 9493 9287
9 9493 9576 9577 9494 9288
9 9494 9577 9578 9495 9289
9 9495 9578 9579 9496 9290
9 9496 9579 9580 9497 9291
9 9497 9580 9581 9498 9292
9 9498 9581 9582 9499 9293
9 9499 9582 9583 9500 9294
9 9500 9583 9584 9501 9295
9 9501 9584 488 487 9296
9 293 294 9585 9502 9297
9 9502 9585 9586 9503 9298
9 9503 9586 9587 9504 9299
9 9504 9587 9588 9505 9300
9 9505 9588 9589 9506 9301
9 9506 9589 9590 9507 9302
9 9507 9590 9591 9508 9303
9 9508 9591 9592 9509 9304
9 9509 9592 9593 9510 9305
9 9510 9593 9594 9511 9306
9 9511 9594 9595 9512 9307
9 9512 9595 9596 9513 9308
9 9513 9596 9597 9514 9309
9 9514 9597 9598 9515 9310
9 9515 9598 9599 9516 9311
9 9516 9599 9600 9517 9312
9 9517 9600 9601 9518 9313
9 9518 9601 9602 9519 9314
9 9519 9602 9603 9520 9315
9 9520 9603 9604 9521 9316
9 9521 9604 9605 9522 9317
9 9522 9605 9606 9523 9318
9 9523 9606 9607 9524 9319
9 9524 9607 9608 9525 9320
9 9525 9608 9609 9526 9321
9 9526 9609 9610 9527 9322
9 9527 9610 9611 9528 9323
9 9528 9611 9612 9529 9324
9 9529 9612 9613 9530 9325
9 9530 9613 9614 9531 9326
9 9531 9614 9615 9532 9327
9 9532 9615 9616 9533 9328
9 9533 9616 9617 9534 9329
9 9534 9617 9618 9535 9330
9 9535 9618 9619 9536 9331
9 9536 9619 9620 9537 9332
9 9537 9620 9621 9538 9333
9 9538 9621 9622 9539 9334
9 9539 9622 9623 9540 9335
9 9540 9623 9624 9541 9336
9 9541 9624 9625 9542 9337
9 9542 9625 9626 9543 9338
9 9543 9626 9627 9544 9339
9 9544 9627 9628 9545 9340
9 9545 9628 9629 9546 9341
9 9546 9629 9630 9547 9342
9 9547 9630 9631 9548 9343
9 9548 9631 9632 9549 9344
9 9549 9632 9633 9550 9345
9 9550 9633 9634 9551 9346
9 9551 9634 9635 9552 9347
9 9552 9635 9636 9553 9348
9 9553 9636 9637 9554 9349
9 9554 9637 9638 9555 9350
9 9555 9638 9639 9556 9351
9 9556 9639 9640 9557 9352
9 9557 9640 9641 9558 9353
9 9558 9641 9642 9559 9354
9 9559 9642 9643 9560 9355
9 9560 9643 9644 9561 9356
9 9561 9644 9645 9562 9357
9 9562 9645 9646 9563 9358
9 9563 9646 9647 9564 9359
9 9564 9647 9648 9565 9360
9 9565 9648 9649 9566 9361
9 9566 9649 9650 9567 9362
9 9567 9650 9651 9568 9363
9 9568 9651 9652 9569 9364
9 9569 9652 9653 9570 9365
9 9570 9653 9654 9571 9366
9 9571 9654 9655 9572 9367
9 9572 9655 9656 9573 9368
9 9573 9656 9657 9574 9369
9 9574 9657 9658 9575 9370
9 9575 9658 9659 9576 9371
9 9576 9659 9660 9577 9372
9 9577 9660 9661 9578 9373
9 9578 9661 9662 9579 9374
9 9579 9662 9663 9580 9375
9 9580 9663 9664 9581 9376
9 9581 9664 9665 9582 9377
9 9582 9665 9666 9583 9378
9 9583 9666 9667 9584 9379
9 9584 9667 489 488 9380
9 294 295 9668 9585 9381
9 9585 9668 9669 9586 9382
9 9586 9669 9670 9587 9383
9 9587 9670 9671 9588 9384
9 9588 9671 9672 9589 9385
9 9589 9672 9673 9590 9386
9 9590 9673 9674 9591 9387
9 9591 9674 9675 9592 9388
9 9592 9675 9676 9593 9389
9 9593 9676 9677 9594 9390
9 9594 9677 9678 9595 9391
9 9595 9678 9679 9596 9392
9 9596 9679 9680 9597 9393
9 9597 9680 9681 9598 9394
9 9598 9681 9682 9599 9395
9 9599 9682 9683 9600 9396
9 9600 9683 9684 9601 9397
9 9601 9684 9685 9602 9398
9 9602 9685 9686 9603 9399
9 9603 9686 9687 9604 9400
9 9604 9687 9688 9605 9401
9 9605 9688 9689 9606 9402
9 9606 9689 9690 9607 9403
9 9607 9690 9691 9608 9404
9 9608 9691 9692 9609 9405
9 9609 9692 9693 9610 9406
9 9610 9693 9694 9611 9407
9 9611 9694 9695 9612 9408
9 9612 9695 9696 9613 9409
9 9613 9696 9697 9614 9410
9 9614 9697 9698 9615 9411
9 9615 9698 9699 9616 9412
9 9616 9699 9700 9617 9413
9 9617 9700 9701 9618 9414
9 9618 9701 9702 9619 9415
9 9619 9702 9703 9620 9416
9 9620 9703 9704 9621 9417
9 9621 9704 9705 9622 9418
9 9622 9705 9706 9623 9419
9 9623 9706 9707 9624 9420
9 9624 9707 9708 9625 9421
9 9625 9708 9709 9626 9422
9 9626 9709 9710 9627 9423
9 9627 9710 9711 9628 9424
9 9628 9711 9712 9629 9425
9 9629 9712 9713 9630 9426
9 9630 9713 9714 9631 9427
9 9631 9714 9715 9632 9428
9 9632 9715 9716 9633 9429
9 9633 9716 9717 9634 9430
9 9634 9717 9718 9635 9431
9 9635 9718 9719 9636 9432
9 9636 9719 9720 9637 9433
9 9637 9720 9721 9638 9434
9 9638 9721 9722 9639 9435
9 9639 9722 9723 9640 9436
9 9640 9723 9724 9641 9437
9 9641 9724 9725 9642 9438
9 9642 9725 9726 9643 9439
9 9643 9726 9727 9644 9440
9 9644 9727 9728 9645 9441
9 9645 9728 9729 9646 9442
9 9646 9729 9730 9647 9443
9 9647 9730 9731 9648 9444
9 9648 9731 9732 9649 9445
9 9649 9732 9733 9650 9446
9 9650 9733 9734 9651 9447
9 9651 9734 9735 9652 9448
9 9652 9735 9736 9653 9449
9 9653 9736 9737 9654 9450
9 9654 9737 9738 9655 9451
9 9655 9738 9739 9656 9452
9 9656 9739 9740 9657 9453
9 9657 9740 9741 9658 9454
9 9658 9741 9742 9659 9455
9 9659 9742 9743 9660 9456
9 9660 9743 9744 9661 9457
9 9661 9744 9745 9662 9458
9 9662 9745 9746 9663 9459
9 9663 9746 9747 9664 9460
9 9664 9747 9748 9665 9461
9 9665 9748 9749 9666 9462
9 9666 9749 9750 9667 9463
9 9667 9750 490 489 9464
9 295 296 9751 9668 9465
9 9668 9751 9752 9669 9466
9 9669 9752 9753 9670 9467
9 9670 9753 9754 9671 9468
9 9671 9754 9755 9672 9469
9 9672 9755 9756 9673 9470
9 9673 9756 9757 9674 9471
9 9674 9757 9758 9675 9472
9 9675 9758 9759 9676 9473
9 9676 9759 9760 9677 9474
9 9677 9760 9761 9678 9475
9 9678 9761 9762 9679 9476
9 9679 9762 9763 9680 9477
9 9680 9763 9764 9681 9478
9 9681 9764 9765 9682 9479
9 9682 9765 9766 9683 9480
9 9683 9766 9767 9684 9481
9 9684 9767 9768 9685 9482
9 9685 9768 9769 9686 9483
9 9686 9769 9770 9687 9484
9 9687 9770 9771 9688 9485
9 9688 9771 9772 9689 9486
9 9689 9772 9773 9690 9487
9 9690 9773 9774 9691 9488
9 9691 9774 9775 9692 9489
9 9692 9775 9776 9693 9490
9 9693 9776 9777 9694 9491
9 9694 9777 9778 9695 9492
9 9695 9778 9779 9696 9493
9 9696 9779 9780 9697 9494
9 9697 9780 9781 9698 9495
9 9698 9781 9782 9699 9496
9 9699 9782 9783 9700 9497
9 9700 9783 9784 9701 9498
9 9701 9784 9785 9702 9499
9 9702 9785 9786 9703 9500
9 9703 9786 9787 9704 9501
9 9704 9787 9788 9705 9502
9 9705 9788 9789 9706 9503
9 9706 9789 9790 9707 9504
9 9707 9790 9791 9708 9505
9 9708 9791 9792 9709 9506
9 9709 9792 9793 9710 9507
9 9710 9793 9794 9711 9508
9 9711 9794 9795 9712 9509
9 9712 9795 9796 9713 9510
9 9713 9796 9797 9714 9511
9 9714 9797 9798 9715 9512
9 9715 9798 9799 9716 9513
9 9716 9799 9800 9717 9514
9 9717 9800 9801 9718 9515
9 9718 9801 9802 9719 9516
9 9719 9802 9803 9720 9517
9 9720 9803 9804 9721 9518
9 9721 9804 9805 9722 9519
9 9722 9805 9806 9723 9520
9 9723 9806 9807 9724 9521
9 9724 9807 9808 9725 9522
9 9725 9808 9809 9726 9523
9 9726 9809 9810 9727 9524
9 9727 9810 9811 9728 9525
9 9728 9811 9812 9729 9526
9 9729 9812 9813 9730 9527
9 9730 9813 9814 9731 9528
9 9731 9814 9815 9732 9529
9 9732 9815 9816 9733 9530
9 9733 9816 9817 9734 9531
9 9734 9817 9818 9735 9532
9 9735 9818 9819 9736 9533
9 9736 9819 9820 9737 9534
9 9737 9820 9821 9738 9535
9 9738 9821 9822 9739 9536
9 9739 9822 9823 9740 9537
9 9740 9823 9824 9741 9538
9 9741 9824 9825 9742 9539
9 9742 9825 9826 9743 9540
9 9743 9826 9827 9744 9541
9 9744 9827 9828 9745 9542
9 9745 9828 9829 9746 9543
9 9746 9829 9830 9747 9544
9 9747 9830 9831 9748 9545
9 9748 9831 9832 9749 9546
9 9749 9832 9833 9750 9547
9 9750 9833 491 490 9548
9 296 297 9834 9751 9549
9 9751 9834 9835 9752 9550
9 9752 9835 9836 9753 9551
9 9753 9836 9837 9754 9552
9 9754 9837 9838 9755 9553
9 9755 9838 9839 9756 9554
9 9756 9839 9840 9757 9555
9 9757 9840 9841 9758 9556
9 9758 9841 9842 9759 9557
9 9759 9842 9843 9760 9558
9 9760 9843 9844 9761 9559
9 9761 9844 9845 9762 9560
9 9762 9845 9846 9763 9561
9 9763 9846 9847 9764 9562
9 9764 9847 9848 9765 9563
9 9765 9848 9849 9766 9564
9 9766 9849 9850 9767 9565
9 9767 9850 9851 9768 9566
9 9768 9851 9852 9769 9567
9 9769 9852 9853 9770 9568
9 9770 9853 9854 9771 9569
9 9771 9854 9855 9772 9570
9 9772 9855 9856 9773 9571
9 9773 9856 9857 9774 9572
9 9774 9857 9858 9775 9573
9 9775 9858 9859 9776 9574
9 9776 9859 9860 9777 9575
9 9777 9860 9861 9778 9576
9 9778 9861 9862 9779 9577
9 9779 9862 9863 9780 9578
9 9780 9863 9864 9781 9579
9 9781 9864 9865 9782 9580
9 9782 9865 9866 9783 9581
9 9783 9866 9867 9784 9582
9 9784 9867 9868 9785 9583
9 9785 9868 9869 9786 9584
9 9786 9869 9870 9787 9585
9 9787 9870 9871 9788 9586
9 9788 9871 9872 9789 9587
9 9789 9872 9873 9790 9588
9 9790 9873 9874 9791 9589
9 9791 9874 9875 9792 9590
9 9792 9875 9876 9793 9591
9 9793 9876 9877 9794 9592
9 9794 9877 9878 9795 9593
9 9795 9878 9879 9796 9594
9 9796 9879 9880 9797 9595
9 9797 9880 9881 9798 9596
9 9798 9881 9882 9799 9597
9 9799 9882 9883 9800 9598
9 9800 9883 9884 9801 9599
9 9801 9884 9885 9802 9600
9 9802 9885 9886 9803 9601
9 9803 9886 9887 9804 9602
9 9804 9887 9888 9805 9603
9 9805 9888 9889 9806 9604
9 9806 9889 9890 9807 9605
9 9807 9890 9891 9808 9606
9 9808 9891 9892 9809 9607
9 9809 9892 9893 9810 9608
9 9810 9893 9894 9811 9609
9 9811 9894 9895 9812 9610
9 9812 9895 9896 9813 9611
9 9813 9896 9897 9814 9612
9 9814 9897 9898 9815 9613
9 9815 9898 9899 9816 9614
9 9816 9899 9900 9817 9615
9 9817 9900 9901 9818 9616
9 9818 9901 9902 9819 9617
9 9819 9902 9903 9820 9618
9 9820 9903 9904 9821 9619
9 9821 9904 9905 9822 9620
9 9822 9905 9906 9823 9621
9 9823 9906 9907 9824 9622
9 9824 9907 9908 9825 9623
9 9825 9908 9909 9826 9624
9 9826 9909 9910 9827 9625
9 9827 9910 9911 9828 9626
9 9828 9911 9912 9829 9627
9 9829 9912 9913 9830 9628
9 9830 9913 9914 9831 9629
9 9831 9914 9915 9832 9630
9 9832 9915 9916 9833 9631
9 9833 9916 492 491 9632
9 297 298 9917 9834 9633
9 9834 9917 9918 9835 9634
9 9835 9918 9919 9836 9635
9 9836 9919 9920 9837 9636
9 9837 9920 9921 9838 9637
9 9838 9921 9922 9839 9638
9 9839 9922 9923 9840 9639
9 9840 9923 9924 9841 9640
9 9841 9924 9925 9842 9641
9 9842 9925 9926 9843 9642
9 9843 9926 9927 9844 9643
9 9844 9927 9928 9845 9644
9 9845 9928 9929 9846 9645
9 9846 9929 9930 9847 9646
9 9847 9930 9931 9848 9647
9 9848 9931 9932 9849 9648
9 9849 9932 9933 9850 9649
9 9850 9933 9934 9851 9650
9 9851 9934 9935 9852 9651
9 9852 9935 9936 9853 9652
9 9853 9936 9937 9854 9653
9 9854 9937 9938 9855 9654
9 9855 9938 9939 9856 9655
9 9856 9939 9940 9857 9656
9 9857 9940 9941 9858 9657
9 9858 9941 9942 9859 9658
9 9859 9942 9943 9860 9659
9 9860 9943 9944 9861 9660
9 9861 9944 9945 9862 9661
9 9862 9945 9946 9863 9662
9 9863 9946 9947 9864 9663
9 9864 9947 9948 9865 9664
9 9865 9948 9949 9866 9665
9 9866 9949 9950 9867 9666
9 9867 9950 9951 9868 9667
9 9868 9951 9952 9869 9668
9 9869 9952 9953 9870 9669
9 9870 9953 9954 9871 9670
9 9871 9954 9955 9872 9671
9 9872 9955 9956 9873 9672
9 9873 9956 9957 9874 9673
9 9874 9957 9958 9875 9674
9 9875 9958 9959 9876 9675
9 9876 9959 9960 9877 9676
9 9877 9960 9961 9878 9677
9 9878 9961 9962 9879 9678
9 9879 9962 9963 9880 9679
9 9880 9963 9964 9881 9680
9 9881 9964 9965 9882 9681
9 9882 9965 9966 9883 9682
9 9883 9966 9967 9884 9683
9 9884 9967 9968 9885 9684
9 9885 9968 9969 9886 9685
9 9886 9969 9970 9887 9686
9 9887 9970 9971 9888 9687
9 9888 9971 9972 9889 9688
9 9889 9972 9973 9890 9689
9 9890 9973 9974 9891 9690
9 9891 9974 9975 9892 9691
9 9892 9975 9976 9893 9692
9 9893 9976 9977 9894 9693
9 9894 9977 9978 9895 9694
9 9895 9978 9979 9896 9695
9 9896 9979 9980 9897 9696
9 9897 9980 9981 9898 9697
9 9898 9981 9982 9899 9698
9 9899 9982 9983 9900 9699
9 9900 9983 9984 9901 9700
9 9901 9984 9985 9902 9701
9 9902 9985 9986 9903 9702
9 9903 9986 9987 9904 9703
9 9904 9987 9988 9905 9704
9 9905 9988 9989 9906 9705
9 9906 9989 9990 9907 9706
9 9907 9990 9991 9908 9707
9 9908 9991 9992 9909 9708
9 9909 9992 9993 9910 9709
9 9910 9993 9994 9911 9710
9 9911 9994 9995 9912 9711
9 9912 9995 9996 9913 9712
9 9913 9996 9997 9914 9713
9 9914 9997 9998 9915 9714
9 9915 9998 9999 9916 9715
9 9916 9999 493 492 9716
9 298 4 313 9917 9717
9 9917 313 314 9918 9718
9 9918 314 315 9919 9719
9 9919 315 316 9920 9720
9 9920 316 317 9921 9721
9 9921 317 318 9922 9722
9 9922 318 319 9923 9723
9 9923 319 320 9924 9724
9 9924 320 321 9925 9725
9 9925 321 322 9926 9726
9 9926 322 323 9927 9727
9 9927 323 324 9928 9728
9 9928 324 325 9929 9729
9 9929 325 326 9930 9730
9 9930 326 327 9931 9731
9 9931 327 328 9932 9732
9 9932 328 329 9933 9733
9 9933 329 330 9934 9734
9 9934 330 331 9935 9735
9 9935 331 332 9936 9736
9 9936 332 333 9937 9737
9 9937 333 334 9938 9738
9 9938 334 335 9939 9739
9 9939 335 336 9940 9740
9 9940 336 337 9941 9741
9 9941 337 338 9942 9742
9 9942 338 339 9943 9743
9 9943 339 340 9944 9744
9 9944 340 341 9945 9745
9 9945 341 342 9946 9746
9 9946 342 343 9947 9747
9 9947 343 344 9948 9748
9 9948 344 345 9949 9749
9 9949 345 346 9950 9750
9 9950 346 347 9951 9751
9 9951 347 348 9952 9752
9 9952 348 349 9953 9753
9 9953 349 350 9954 9754
9 9954 350 351 9955 9755
9 9955 351 352 9956 9756
9 9956 352 353 9957 9757
9 9957 353 354 9958 9758
9 9958 354 355 9959 9759
9 9959 355 356 9960 9760
9 9960 356 357 9961 9761
9 9961 357 358 9962 9762
9 9962 358 359 9963 9763
9 9963 359 360 9964 9764
9 9964 360 361 9965 9765
9 9965 361 362 9966 9766
9 9966 362 363 9967 9767
9 9967 363 364 9968 9768
9 9968 364 365 9969 9769
9 9969 365 366 9970 9770
9 9970 366 367 9971 9771
9 9971 367 368 9972 9772
9 9972 368 369 9973 9773
9 9973 369 370 9974 9774
9 9974 370 371 9975 9775
9 9975 371 372 9976 9776
9 9976 372 373 9977 9777
9 9977 373 374 9978 9778
9 9978 374 375 9979 9779
9 9979 375 376 9980 9780
9 9980 376 377 9981 9781
9 9981 377 378 9982 9782
9 9982 378 379 9983 9783
9 9983 379 380 9984 9784
9 9984 380 381 9985 9785
9 9985 381 382 9986 9786
9 9986 382 383 9987 9787
9 9987 383 384 9988 9788
9 9988 384 385 9989 9789
9 9989 385 386 9990 9790
9 9990 386 387 9991 9791
9 9991 387 388 9992 9792
9 9992 388 389 9993 9793
9 9993 389 390 9994 9794
9 9994 390 391 9995 9795
9 9995 391 392 9996 9796
9 9996 392 393 9997 9797
9 9997 393 394 9998 9798
9 9998 394 395 9999 9799
9 9999 395 5 493 9800
NPOIN= 10000
0 0 0
0 0.0005 1
0 0.04 2
0.1 0 3
0.1 0.0005 4
0.1 0.04 5
0.001010101010099172 0 6
0.002020202020198376 0 7
0.003030303030297507 0 8
0.004040404040396474 0 9
0.00505050505049524 0 10
0.006060606060594264 0 11
0.007070707070693655 0 12
0.008080808080793356 0 13
0.009090909090893003 0 14
0.01010101010099243 0 15
0.01111111111109219 0 16
0.01212121212119144 0 17
0.01313131313129015 0 18
0.01414141414138833 0 19
0.01515151515148644 0 20
0.01616161616158455 0 21
0.01717171717168266 0 22
0.01818181818178059 0 23
0.01919191919187782 0 24
0.02020202020197564 0 25
0.02121212121207375 0 26
0.02222222222217186 0 27
0.02323232323226997 0 28
0.02424242424236808 0 29
0.02525252525246619 0 30
0.0262626262625643 0 31
0.02727272727266242 0 32
0.02828282828276052 0 33
0.02929292929285864 0 34
0.03030303030295675 0 35
0.03131313131305485 0 36
0.03232323232315297 0 37
0.03333333333325108 0 38
0.03434343434334919 0 39
0.0353535353534473 0 40
0.03636363636354541 0 41
0.03737373737364239 0 42
0.03838383838373893 0 43
0.03939393939383704 0 44
0.04040404040393514 0 45
0.04141414141403326 0 46
0.04242424242413137 0 47
0.04343434343422948 0 48
0.04444444444432759 0 49
0.0454545454544257 0 50
0.04646464646452381 0 51
0.04747474747462192 0 52
0.04848484848472004 0 53
0.04949494949481862 0 54
0.05050505050491936 0 55
0.05151515151502224 0 56
0.05252525252512696 0 57
0.05353535353523033 0 58
0.0545454545453337 0 59
0.05555555555543721 0 60
0.05656565656554177 0 61
0.05757575757564514 0 62
0.0585858585857485 0 63
0.05959595959585226 0 64
0.06060606060595658 0 65
0.06161616161605996 0 66
0.06262626262616332 0 67
0.0636363636362673 0 68
0.06464646464637241 0 69
0.06565656565647471 0 70
0.06666666666657722 0 71
0.06767676767668233 0 72
0.06868686868678746 0 73
0.06969696969688929 0 74
0.07070707070699227 0 75
0.07171717171709739 0 76
0.07272727272720227 0 77
0.07373737373730387 0 78
0.07474747474740732 0 79
0.07575757575751244 0 80
0.07676767676761413 0 81
0.07777777777771726 0 82
0.07878787878782237 0 83
0.0797979797979271 0 84
0.0808080808080287 0 85
0.08181818181813229 0 86
0.08282828282823741 0 87
0.08383838383834168 0 88
0.08484848484844329 0 89
0.08585858585854733 0 90
0.08686868686865246 0 91
0.08787878787875625 0 92
0.08888888888885788 0 93
0.08989898989896239 0 94
0.0909090909090675 0 95
0.09191919191917085 0 96
0.09292929292927245 0 97
0.09393939393937743 0 98
0.09494949494948254 0 99
0.09595959595958542 0 100
0.09696969696968737 0 101
0.09797979797979246 0 102
0.09898989898989759 0 103
0 3.333333333327718e-05 104
0 6.666666666655452e-05 105
0 9.999999999979487e-05 106
0 0.0001333333333330478 107
0 0.0001666666666662853 108
0 0.000199999999999523 109
0 0.0002333333333327606 110
0 0.0002666666666660861 111
0 0.0002999999999994569 112
0 0.0003333333333329302 113
0 0.0003666666666663047 114
0 0.0003999999999997624 115
0 0.0004333333333331524 116
0 0.0004666666666665875 117
0 0.000524469077178182 118
0 0.0005502839425664056 119
0 0.0005775186245474289 120
0 0.0006062512155539122 121
0 0.0006365640954159178 122
0 0.0006685441865684192 123
0 0.0007022831824442376 124
0 0.000737877822587533 125
0 0.0007754301627741597 126
0 0.0008150478773858252 127
0 0.0008568445617014506 128
0 0.0009009400682493469 129
0 0.0009474608327928967 130
0 0.0009965402350515275 131
0 0.001048319002333215 132
0 0.001102945607106628 133
0 0.001160576677719914 134
0 0.001221377454015973 135
0 0.001285522279348257 136
0 0.001353195065049187 137
0 0.001424589854199526 138
0 0.001499911371858581 139
0 0.001579375564656545 140
0 0.001663210273043904 141
0 0.00175165589280512 142
0 0.001844966030134214 143
0 0.001943408229263549 144
0 0.002047264751513933 145
0 0.002156833374036222 146
0 0.002272428262435021 147
0 0.002394380875726116 148
0 0.002523040890571719 149
0 0.002658777196777941 150
0 0.002801979004164433 151
0 0.002953056912514464 152
0 0.003112444094727602 153
0 0.003280597572935684 154
0 0.003457999497659122 155
0 0.003645158528389268 156
0 0.003842611298229041 157
0 0.004050923981905447 158
0 0.004270693872454154 159
0 0.004502551103055443 160
0 0.004747160481520353 161
0 0.005005223381597966 162
0 0.005277479732212417 163
0 0.005564710179816858 164
0 0.005867738300451534 165
0 0.006187432954952757 166
0 0.006524710817731458 167
0 0.00688053897013661 168
0 0.007255937673742897 169
0 0.00765198330578329 170
0 0.008069811445348447 171
0 0.008510620139155283 172
0 0.008975673309940093 173
0 0.009466304401344734 174
0 0.009983920216629371 175
0 0.01053000490270288 176
0 0.01110612424891558 177
0 0.01171393015807425 178
0 0.01235516537916829 179
0 0.01303166853448766 180
0 0.01374537938036723 181
0 0.0144983443130774 182
0 0.01529272230936847 183
0 0.01613079110341873 184
0 0.01701495367749814 185
0 0.017947745188805 186
0 0.01893184023151273 187
0 0.01997006050103631 188
0 0.02106538289552766 189
0 0.02222094801676216 190
0 0.02344006921465306 191
0 0.02472624209260174 192
0 0.02608315448511037 193
0 0.02751469705055613 194
0 0.02902497444525769 195
0 0.03061831709550227 196
0 0.03229929360185357 197
0 0.03407272381553741 198
0 0.03594369269223666 199
0 0.03791756486840222 200
0.001010101010099172 0.0005 201
0.002020202020198376 0.0005 202
0.003030303030297507 0.0005 203
0.004040404040396474 0.0005 204
0.00505050505049524 0.0005 205
0.006060606060594264 0.0005 206
0.007070707070693655 0.0005 207
0.008080808080793356 0.0005 208
0.009090909090893003 0.0005 209
0.01010101010099243 0.0005 210
0.01111111111109219 0.0005 211
0.01212121212119144 0.0005 212
0.01313131313129015 0.0005 213
0.01414141414138833 0.0005 214
0.01515151515148644 0.0005 215
0.01616161616158455 0.0005 216
0.01717171717168266 0.0005 217
0.01818181818178059 0.0005 218
0.01919191919187782 0.0005 219
0.02020202020197564 0.0005 220
0.02121212121207375 0.0005 221
0.02222222222217186 0.0005 222
0.02323232323226997 0.0005 223
0.02424242424236808 0.0005 224
0.02525252525246619 0.0005 225
0.0262626262625643 0.0005 226
0.02727272727266242 0.0005 227
0.02828282828276052 0.0005 228
0.02929292929285864 0.0005 229
0.03030303030295675 0.0005 230
0.03131313131305485 0.0005 231
0.03232323232315297 0.0005 232
0.03333333333325108 0.0005 233
0.03434343434334919 0.0005 234
0.0353535353534473 0.0005 235
0.03636363636354541 0.0005 236
0.03737373737364239 0.0005 237
0.03838383838373893 0.0005 238
0.03939393939383704 0.0005 239
0.04040404040393514 0.0005 240
0.04141414141403326 0.0005 241
0.04242424242413137 0.0005 242
0.04343434343422948 0.0005 243
0.04444444444432759 0.0005 244
0.0454545454544257 0.0005 245
0.04646464646452381 0.0005 246
0.04747474747462192 0.0005 247
0.04848484848472004 0.0005 248
0.04949494949481862 0.0005 249
0.05050505050491936 0.0005 250
0.05151515151502224 0.0005 251
0.05252525252512696 0.0005 252
0.05353535353523033 0.0005 253
0.0545454545453337 0.0005 254
0.05555555555543721 0.0005 255
0.05656565656554177 0.0005 256
0.05757575757564514 0.0005 257
0.0585858585857485 0.0005 258
0.05959595959585226 0.0005 259
0.06060606060595658 0.0005 260
0.06161616161605996 0.0005 261
0.06262626262616332 0.0005 262
0.0636363636362673 0.0005 263
0.06464646464637241 0.0005 264
0.06565656565647471 0.0005 265
0.06666666666657722 0.0005 266
0.06767676767668233 0.0005 267
0.06868686868678746 0.0005 268
0.06969696969688929 0.0005 269
0.07070707070699227 0.0005 270
0.07171717171709739 0.0005 271
0.07272727272720227 0.0005 272
0.07373737373730387 0.0005 273
0.07474747474740732 0.0005 274
0.07575757575751244 0.0005 275
0.07676767676761413 0.0005 276
0.07777777777771726 0.0005 277
0.07878787878782237 0.0005 278
0.0797979797979271 0.0005 279
0.0808080808080287 0.0005 280
0.08181818181813229 0.0005 281
0.08282828282823741 0.0005 282
0.08383838383834168 0.0005 283
0.08484848484844329 0.0005 284
0.08585858585854733 0.0005 285
0.08686868686865246 0.0005 286
0.08787878787875625 0.0005 287
0.08888888888885788 0.0005 288
0.08989898989896239 0.0005 289
0.0909090909090675 0.0005 290
0.09191919191917085 0.0005 291
0.09292929292927245 0.0005 292
0.09393939393937743 0.0005 293
0.09494949494948254 0.0005 294
0.09595959595958542 0.0005 295
0.09696969696968737 0.0005 296
0.09797979797979246 0.0005 297
0.09898989898989759 0.0005 298
0.1 3.333333333327718e-05 299
0.1 6.666666666655452e-05 300
0.1 9.999999999979487e-05 301
0.1 0.0001333333333330478 302
0.1 0.0001666666666662853 303
0.1 0.000199999999999523 304
0.1 0.0002333333333327606 305
0.1 0.0002666666666660861 306
0.1 0.0002999999999994569 307
0.1 0.0003333333333329302 308
0.1 0.0003666666666663047 309
0.1 0.0003999999999997624 310
0.1 0.0004333333333331524 311
0.1 0.0004666666666665875 312
0.1 0.000524469077178182 313
0.1 0.0005502839425664056 314
0.1 0.0005775186245474289 315
0.1 0.0006062512155539122 316
0.1 0.0006365640954159178 317
0.1 0.0006685441865684192 318
0.1 0.0007022831824442376 319
0.1 0.000737877822587533 320
0.1 0.0007754301627741597 321
0.1 0.0008150478773858252 322
0.1 0.0008568445617014506 323
0.1 0.0009009400682493469 324
0.1 0.0009474608327928967 325
0.1 0.0009965402350515275 326
0.1 0.001048319002333215 327
0.1 0.001102945607106628 328
0.1 0.001160576677719914 329
0.1 0.001221377454015973 330
0.1 0.001285522279348257 331
0.1 0.001353195065049187 332
0.1 0.001424589854199526 333
0.1 0.001499911371858581 334
0.1 0.001579375564656545 335
0.1 0.001663210273043904 336
0.1 0.00175165589280512 337
0.1 0.001844966030134214 338
0.1 0.001943408229263549 339
0.1 0.002047264751513933 340
0.1 0.002156833374036222 341
0.1 0.002272428262435021 342
0.1 0.002394380875726116 343
0.1 0.002523040890571719 344
0.1 0.002658777196777941 345
0.1 0.002801979004164433 346
0.1 0.002953056912514464 347
0.1 0.003112444094727602 348
0.1 0.003280597572935684 349
0.1 0.003457999497659122 350
0.1 0.003645158528389268 351
0.1 0.003842611298229041 352
0.1 0.004050923981905447 353
0.1 0.004270693872454154 354
0.1 0.004502551103055443 355
0.1 0.004747160481520353 356
0.1 0.005005223381597966 357
0.1 0.005277479732212417 358
0.1 0.005564710179816858 359
0.1 0.005867738300451534 360
0.1 0.006187432954952757 361
0.1 0.006524710817731458 362
0.1 0.00688053897013661 363
0.1 0.007255937673742897 364
0.1 0.00765198330578329 365
0.1 0.008069811445348447 366
0.1 0.008510620139155283 367
0.1 0.008975673309940093 368
0.1 0.009466304401344734 369
0.1 0.009983920216629371 370
0.1 0.01053000490270288 371
0.1 0.01110612424891558 372
0.1 0.01171393015807425 373
0.1 0.01235516537916829 374
0.1 0.01303166853448766 375
0.1 0.01374537938036723 376
0.1 0.0144983443130774 377
0.1 0.01529272230936847 378
0.1 0.01613079110341873 379
0.1 0.01701495367749814 380
0.1 0.017947745188805 381
0.1 0.01893184023151273 382
0.1 0.01997006050103631 383
0.1 0.02106538289552766 384
0.1 0.02222094801676216 385
0.1 0.02344006921465306 386
0.1 0.02472624209260174 387
0.1 0.02608315448511037 388
0.1 0.02751469705055613 389
0.1 0.02902497444525769 390
0.1 0.03061831709550227 391
0.1 0.03229929360185357 392
0.1 0.03407272381553741 393
0.1 0.03594369269223666 394
0.1 0.03791756486840222 395
0.001010101010099172 0.04 396
0.002020202020198376 0.04 397
0.003030303030297507 0.04 398
0.004040404040396474 0.04 399
0.00505050505049524 0.04 400
0.006060606060594264 0.04 401
0.007070707070693655 0.04 402
0.008080808080793356 0.04 403
0.009090909090893003 0.04 404
0.01010101010099243 0.04 405
0.01111111111109219 0.04 406
0.01212121212119144 0.04 407
0.01313131313129015 0.04 408
0.01414141414138833 0.04 409
0.01515151515148644 0.04 410
0.01616161616158455 0.04 411
0.01717171717168266 0.04 412
0.01818181818178059 0.04 413
0.01919191919187782 0.04 414
0.02020202020197564 0.04 415
0.02121212121207375 0.04 416
0.02222222222217186 0.04 417
0.02323232323226997 0.04 418
0.02424242424236808 0.04 419
0.02525252525246619 0.04 420
0.0262626262625643 0.04 421
0.02727272727266242 0.04 422
0.02828282828276052 0.04 423
0.02929292929285864 0.04 424
0.03030303030295675 0.04 425
0.03131313131305485 0.04 426
0.03232323232315297 0.04 427
0.03333333333325108 0.04 428
0.03434343434334919 0.04 429
0.0353535353534473 0.04 430
0.03636363636354541 0.04 431
0.03737373737364239 0.04 432
0.03838383838373893 0.04 433
0.03939393939383704 0.04 434
0.04040404040393514 0.04 435
0.04141414141403326 0.04 436
0.04242424242413137 0.04 437
0.04343434343422948 0.04 438
0.04444444444432759 0.04 439
0.0454545454544257 0.04 440
0.04646464646452381 0.04 441
0.04747474747462192 0.04 442
0.04848484848472004 0.04 443
0.04949494949481862 0.04 444
0.05050505050491936 0.04 445
0.05151515151502224 0.04 446
0.05252525252512696 0.04 447
0.05353535353523033 0.04 448
0.0545454545453337 0.04 449
0.05555555555543721 0.04 450
0.05656565656554177 0.04 451
0.05757575757564514 0.04 452
0.0585858585857485 0.04 453
0.05959595959585226 0.04 454
0.06060606060595658 0.04 455
0.06161616161605996 0.04 456
0.06262626262616332 0.04 457
0.0636363636362673 0.04 458
0.06464646464637241 0.04 459
0.06565656565647471 0.04 460
0.06666666666657722 0.04 461
0.06767676767668233 0.04 462
0.06868686868678746 0.04 463
0.06969696969688929 0.04 464
0.07070707070699227 0.04 465
0.07171717171709739 0.04 466
0.07272727272720227 0.04 467
0.07373737373730387 0.04 468
0.07474747474740732 0.04 469
0.07575757575751244 0.04 470
0.07676767676761413 0.04 471
0.07777777777771726 0.04 472
0.07878787878782237 0.04 473
0.0797979797979271 0.04 474
0.0808080808080287 0.04 475
0.08181818181813229 0.04 476
0.08282828282823741 0.04 477
0.08383838383834168 0.04 478
0.08484848484844329 0.04 479
0.08585858585854733 0.04 480
0.08686868686865246 0.04 481
0.08787878787875625 0.04 482
0.08888888888885788 0.04 483
0.08989898989896239 0.04 484
0.0909090909090675 0.04 485
0.09191919191917085 0.04 486
0.09292929292927245 0.04 487
0.09393939393937743 0.04 488
0.09494949494948254 0.04 489
0.09595959595958542 0.04 490
0.09696969696968737 0.04 491
0.09797979797979246 0.04 492
0.09898989898989759 0.04 493
0.001010101010099171 3.333333333327716e-05 494
0.001010101010099172 6.66666666665545e-05 495
0.001010101010099172 9.999999999979485e-05 496
0.001010101010099172 0.0001333333333330477 497
0.001010101010099171 0.0001666666666662853 498
0.001010101010099171 0.0001999999999995229 499
0.001010101010099171 0.0002333333333327605 500
0.001010101010099172 0.000266666666666086 501
0.001010101010099171 0.0002999999999994568 502
0.001010101010099172 0.0003333333333329302 503
0.001010101010099172 0.0003666666666663045 504
0.001010101010099172 0.0003999999999997623 505
0.001010101010099171 0.0004333333333331522 506
0.001010101010099172 0.0004666666666665874 507
0.002020202020198375 3.333333333327716e-05 508
0.002020202020198375 6.66666666665545e-05 509
0.002020202020198375 9.999999999979485e-05 510
0.002020202020198375 0.0001333333333330477 511
0.002020202020198375 0.0001666666666662853 512
0.002020202020198375 0.0001999999999995229 513
0.002020202020198375 0.0002333333333327605 514
0.002020202020198375 0.0002666666666660859 515
0.002020202020198375 0.0002999999999994568 516
0.002020202020198375 0.0003333333333329301 517
0.002020202020198375 0.0003666666666663046 518
0.002020202020198375 0.0003999999999997623 519
0.002020202020198375 0.0004333333333331522 520
0.002020202020198375 0.0004666666666665874 521
0.003030303030297506 3.333333333327717e-05 522
0.003030303030297506 6.666666666655451e-05 523
0.003030303030297505 9.999999999979485e-05 524
0.003030303030297506 0.0001333333333330477 525
0.003030303030297506 0.0001666666666662853 526
0.003030303030297505 0.0001999999999995229 527
0.003030303030297507 0.0002333333333327605 528
0.003030303030297506 0.0002666666666660859 529
0.003030303030297506 0.0002999999999994568 530
0.003030303030297506 0.0003333333333329301 531
0.003030303030297506 0.0003666666666663045 532
0.003030303030297506 0.0003999999999997623 533
0.003030303030297506 0.0004333333333331523 534
0.003030303030297506 0.0004666666666665874 535
0.004040404040396471 3.333333333327717e-05 536
0.004040404040396471 6.66666666665545e-05 537
0.004040404040396472 9.999999999979486e-05 538
0.004040404040396472 0.0001333333333330478 539
0.004040404040396472 0.0001666666666662853 540
0.004040404040396472 0.0001999999999995229 541
0.004040404040396472 0.0002333333333327605 542
0.004040404040396472 0.000266666666666086 543
0.004040404040396472 0.0002999999999994568 544
0.004040404040396472 0.0003333333333329301 545
0.004040404040396472 0.0003666666666663045 546
0.004040404040396472 0.0003999999999997623 547
0.004040404040396472 0.0004333333333331522 548
0.004040404040396472 0.0004666666666665875 549
0.005050505050495239 3.333333333327717e-05 550
0.005050505050495238 6.66666666665545e-05 551
0.005050505050495239 9.999999999979485e-05 552
0.005050505050495238 0.0001333333333330477 553
0.005050505050495238 0.0001666666666662853 554
0.00505050505049524 0.0001999999999995229 555
0.005050505050495238 0.0002333333333327606 556
0.005050505050495239 0.000266666666666086 557
0.005050505050495239 0.0002999999999994568 558
0.005050505050495239 0.0003333333333329302 559
0.00505050505049524 0.0003666666666663045 560
0.005050505050495239 0.0003999999999997623 561
0.005050505050495239 0.0004333333333331523 562
0.005050505050495239 0.0004666666666665873 563
0.006060606060594262 3.333333333327717e-05 564
0.006060606060594263 6.66666666665545e-05 565
0.006060606060594262 9.999999999979485e-05 566
0.006060606060594262 0.0001333333333330477 567
0.006060606060594262 0.0001666666666662853 568
0.00606060606059426 0.0001999999999995229 569
0.006060606060594262 0.0002333333333327605 570
0.006060606060594263 0.000266666666666086 571
0.006060606060594262 0.0002999999999994568 572
0.006060606060594262 0.0003333333333329301 573
0.006060606060594262 0.0003666666666663045 574
0.006060606060594262 0.0003999999999997623 575
0.006060606060594262 0.0004333333333331523 576
0.006060606060594262 0.0004666666666665874 577
0.007070707070693654 3.333333333327717e-05 578
0.00707070707069365 6.66666666665545e-05 579
0.007070707070693654 9.999999999979486e-05 580
0.007070707070693652 0.0001333333333330478 581
0.007070707070693651 0.0001666666666662853 582
0.007070707070693654 0.0001999999999995229 583
0.007070707070693652 0.0002333333333327605 584
0.007070707070693654 0.000266666666666086 585
0.007070707070693653 0.0002999999999994568 586
0.007070707070693651 0.0003333333333329302 587
0.007070707070693652 0.0003666666666663046 588
0.007070707070693651 0.0003999999999997623 589
0.007070707070693655 0.0004333333333331522 590
0.007070707070693652 0.0004666666666665874 591
0.008080808080793351 3.333333333327717e-05 592
0.008080808080793353 6.66666666665545e-05 593
0.008080808080793351 9.999999999979486e-05 594
0.008080808080793353 0.0001333333333330477 595
0.008080808080793353 0.0001666666666662853 596
0.008080808080793353 0.0001999999999995229 597
0.008080808080793353 0.0002333333333327605 598
0.008080808080793353 0.000266666666666086 599
0.008080808080793353 0.0002999999999994568 600
0.008080808080793353 0.0003333333333329302 601
0.008080808080793353 0.0003666666666663045 602
0.008080808080793353 0.0003999999999997623 603
0.008080808080793353 0.0004333333333331522 604
0.008080808080793353 0.0004666666666665874 605
0.009090909090892997 3.333333333327717e-05 606
0.009090909090893001 6.666666666655451e-05 607
0.009090909090893001 9.999999999979485e-05 608
0.009090909090892997 0.0001333333333330478 609
0.009090909090892999 0.0001666666666662853 610
0.009090909090892997 0.0001999999999995229 611
0.009090909090893003 0.0002333333333327605 612
0.009090909090893001 0.000266666666666086 613
0.009090909090893001 0.0002999999999994568 614
0.009090909090892997 0.0003333333333329301 615
0.009090909090893001 0.0003666666666663046 616
0.009090909090893001 0.0003999999999997623 617
0.009090909090893001 0.0004333333333331522 618
0.009090909090893001 0.0004666666666665874 619
0.01010101010099242 3.333333333327717e-05 620
0.01010101010099243 6.66666666665545e-05 621
0.01010101010099243 9.999999999979485e-05 622
0.01010101010099243 0.0001333333333330477 623
0.01010101010099243 0.0001666666666662853 624
0.01010101010099243 0.0001999999999995229 625
0.01010101010099243 0.0002333333333327606 626
0.01010101010099243 0.000266666666666086 627
0.01010101010099243 0.0002999999999994568 628
0.01010101010099243 0.0003333333333329301 629
0.01010101010099243 0.0003666666666663046 630
0.01010101010099243 0.0003999999999997622 631
0.01010101010099243 0.0004333333333331521 632
0.01010101010099242 0.0004666666666665875 633
0.01111111111109219 3.333333333327717e-05 634
0.01111111111109219 6.66666666665545e-05 635
0.01111111111109219 9.999999999979485e-05 636
0.01111111111109219 0.0001333333333330477 637
0.01111111111109219 0.0001666666666662853 638
0.01111111111109219 0.0001999999999995229 639
0.01111111111109218 0.0002333333333327605 640
0.01111111111109219 0.000266666666666086 641
0.01111111111109219 0.0002999999999994568 642
0.01111111111109219 0.0003333333333329302 643
0.01111111111109219 0.0003666666666663045 644
0.01111111111109219 0.0003999999999997623 645
0.01111111111109218 0.0004333333333331521 646
0.01111111111109219 0.0004666666666665874 647
0.01212121212119144 3.333333333327717e-05 648
0.01212121212119144 6.66666666665545e-05 649
0.01212121212119144 9.999999999979485e-05 650
0.01212121212119143 0.0001333333333330477 651
0.01212121212119144 0.0001666666666662853 652
0.01212121212119143 0.0001999999999995229 653
0.01212121212119144 0.0002333333333327605 654
0.01212121212119144 0.000266666666666086 655
0.01212121212119144 0.0002999999999994568 656
0.01212121212119144 0.0003333333333329302 657
0.01212121212119144 0.0003666666666663045 658
0.01212121212119144 0.0003999999999997623 659
0.01212121212119143 0.0004333333333331522 660
0.01212121212119144 0.0004666666666665875 661
0.01313131313129015 3.333333333327717e-05 662
0.01313131313129015 6.66666666665545e-05 663
0.01313131313129015 9.999999999979485e-05 664
0.01313131313129015 0.0001333333333330477 665
0.01313131313129015 0.0001666666666662853 666
0.01313131313129015 0.0001999999999995229 667
0.01313131313129015 0.0002333333333327605 668
0.01313131313129015 0.000266666666666086 669
0.01313131313129015 0.0002999999999994568 670
0.01313131313129015 0.0003333333333329301 671
0.01313131313129015 0.0003666666666663046 672
0.01313131313129015 0.0003999999999997623 673
0.01313131313129015 0.0004333333333331522 674
0.01313131313129015 0.0004666666666665874 675
0.01414141414138832 3.333333333327717e-05 676
0.01414141414138832 6.66666666665545e-05 677
0.01414141414138832 9.999999999979485e-05 678
0.01414141414138832 0.0001333333333330477 679
0.01414141414138832 0.0001666666666662853 680
0.01414141414138832 0.0001999999999995229 681
0.01414141414138832 0.0002333333333327605 682
0.01414141414138832 0.0002666666666660861 683
0.01414141414138832 0.0002999999999994568 684
0.01414141414138832 0.0003333333333329301 685
0.01414141414138832 0.0003666666666663045 686
0.01414141414138832 0.0003999999999997622 687
0.01414141414138832 0.0004333333333331523 688
0.01414141414138832 0.0004666666666665875 689
0.01515151515148644 3.333333333327717e-05 690
0.01515151515148644 6.66666666665545e-05 691
0.01515151515148644 9.999999999979486e-05 692
0.01515151515148644 0.0001333333333330477 693
0.01515151515148644 0.0001666666666662853 694
0.01515151515148643 0.0001999999999995229 695
0.01515151515148643 0.0002333333333327606 696
0.01515151515148643 0.000266666666666086 697
0.01515151515148644 0.0002999999999994568 698
0.01515151515148643 0.0003333333333329302 699
0.01515151515148644 0.0003666666666663046 700
0.01515151515148644 0.0003999999999997623 701
0.01515151515148643 0.0004333333333331524 702
0.01515151515148643 0.0004666666666665873 703
0.01616161616158454 3.333333333327717e-05 704
0.01616161616158454 6.66666666665545e-05 705
0.01616161616158454 9.999999999979485e-05 706
0.01616161616158454 0.0001333333333330477 707
0.01616161616158454 0.0001666666666662853 708
0.01616161616158454 0.0001999999999995229 709
0.01616161616158454 0.0002333333333327606 710
0.01616161616158454 0.000266666666666086 711
0.01616161616158454 0.0002999999999994568 712
0.01616161616158454 0.0003333333333329301 713
0.01616161616158454 0.0003666666666663045 714
0.01616161616158454 0.0003999999999997623 715
0.01616161616158454 0.0004333333333331522 716
0.01616161616158454 0.0004666666666665875 717
0.01717171717168266 3.333333333327717e-05 718
0.01717171717168265 6.666666666655451e-05 719
0.01717171717168265 9.999999999979486e-05 720
0.01717171717168265 0.0001333333333330477 721
0.01717171717168265 0.0001666666666662853 722
0.01717171717168265 0.0001999999999995229 723
0.01717171717168265 0.0002333333333327605 724
0.01717171717168265 0.000266666666666086 725
0.01717171717168265 0.0002999999999994567 726
0.01717171717168265 0.0003333333333329302 727
0.01717171717168265 0.0003666666666663045 728
0.01717171717168265 0.0003999999999997623 729
0.01717171717168265 0.0004333333333331522 730
0.01717171717168265 0.0004666666666665874 731
0.01818181818178058 3.333333333327717e-05 732
0.01818181818178058 6.66666666665545e-05 733
0.01818181818178058 9.999999999979485e-05 734
0.01818181818178058 0.0001333333333330477 735
0.01818181818178058 0.0001666666666662853 736
0.01818181818178058 0.000199999999999523 737
0.01818181818178058 0.0002333333333327605 738
0.01818181818178058 0.000266666666666086 739
0.01818181818178058 0.0002999999999994568 740
0.01818181818178058 0.0003333333333329301 741
0.01818181818178058 0.0003666666666663045 742
0.01818181818178058 0.0003999999999997623 743
0.01818181818178058 0.0004333333333331522 744
0.01818181818178058 0.0004666666666665875 745
0.01919191919187781 3.333333333327717e-05 746
0.01919191919187782 6.66666666665545e-05 747
0.01919191919187781 9.999999999979485e-05 748
0.01919191919187781 0.0001333333333330477 749
0.01919191919187782 0.0001666666666662853 750
0.01919191919187781 0.000199999999999523 751
0.01919191919187782 0.0002333333333327605 752
0.01919191919187782 0.000266666666666086 753
0.01919191919187781 0.0002999999999994568 754
0.01919191919187782 0.0003333333333329301 755
0.01919191919187782 0.0003666666666663045 756
0.01919191919187782 0.0003999999999997622 757
0.01919191919187782 0.0004333333333331523 758
0.01919191919187782 0.0004666666666665873 759
0.02020202020197563 3.333333333327717e-05 760
0.02020202020197563 6.66666666665545e-05 761
0.02020202020197563 9.999999999979485e-05 762
0.02020202020197563 0.0001333333333330477 763
0.02020202020197564 0.0001666666666662853 764
0.02020202020197563 0.000199999999999523 765
0.02020202020197563 0.0002333333333327605 766
0.02020202020197563 0.000266666666666086 767
0.02020202020197563 0.0002999999999994568 768
0.02020202020197563 0.0003333333333329301 769
0.02020202020197563 0.0003666666666663045 770
0.02020202020197563 0.0003999999999997623 771
0.02020202020197563 0.0004333333333331522 772
0.02020202020197563 0.0004666666666665875 773
0.02121212121207374 3.333333333327717e-05 774
0.02121212121207374 6.666666666655451e-05 775
0.02121212121207374 9.999999999979485e-05 776
0.02121212121207374 0.0001333333333330478 777
0.02121212121207374 0.0001666666666662853 778
0.02121212121207374 0.0001999999999995229 779
0.02121212121207374 0.0002333333333327605 780
0.02121212121207374 0.000266666666666086 781
0.02121212121207374 0.0002999999999994568 782
0.02121212121207374 0.0003333333333329302 783
0.02121212121207374 0.0003666666666663045 784
0.02121212121207374 0.0003999999999997623 785
0.02121212121207374 0.0004333333333331522 786
0.02121212121207374 0.0004666666666665874 787
0.02222222222217185 3.333333333327717e-05 788
0.02222222222217185 6.66666666665545e-05 789
0.02222222222217185 9.999999999979485e-05 790
0.02222222222217186 0.0001333333333330477 791
0.02222222222217185 0.0001666666666662853 792
0.02222222222217185 0.0001999999999995229 793
0.02222222222217185 0.0002333333333327605 794
0.02222222222217185 0.000266666666666086 795
0.02222222222217185 0.0002999999999994568 796
0.02222222222217185 0.0003333333333329301 797
0.02222222222217185 0.0003666666666663046 798
0.02222222222217186 0.0003999999999997623 799
0.02222222222217185 0.0004333333333331522 800
0.02222222222217185 0.0004666666666665874 801
0.02323232323226996 3.333333333327717e-05 802
0.02323232323226995 6.66666666665545e-05 803
0.02323232323226996 9.999999999979485e-05 804
0.02323232323226996 0.0001333333333330477 805
0.02323232323226996 0.0001666666666662853 806
0.02323232323226996 0.0001999999999995229 807
0.02323232323226996 0.0002333333333327606 808
0.02323232323226996 0.000266666666666086 809
0.02323232323226996 0.0002999999999994568 810
0.02323232323226996 0.0003333333333329301 811
0.02323232323226996 0.0003666666666663046 812
0.02323232323226996 0.0003999999999997623 813
0.02323232323226996 0.0004333333333331522 814
0.02323232323226996 0.0004666666666665874 815
0.02424242424236807 3.333333333327717e-05 816
0.02424242424236808 6.666666666655451e-05 817
0.02424242424236808 9.999999999979486e-05 818
0.02424242424236807 0.0001333333333330477 819
0.02424242424236807 0.0001666666666662853 820
0.02424242424236807 0.0001999999999995229 821
0.02424242424236807 0.0002333333333327605 822
0.02424242424236807 0.000266666666666086 823
0.02424242424236808 0.0002999999999994568 824
0.02424242424236808 0.0003333333333329302 825
0.02424242424236808 0.0003666666666663046 826
0.02424242424236808 0.0003999999999997623 827
0.02424242424236808 0.0004333333333331523 828
0.02424242424236808 0.0004666666666665874 829
0.02525252525246618 3.333333333327717e-05 830
0.02525252525246618 6.66666666665545e-05 831
0.02525252525246618 9.999999999979485e-05 832
0.02525252525246618 0.0001333333333330478 833
0.02525252525246619 0.0001666666666662853 834
0.02525252525246619 0.0001999999999995229 835
0.02525252525246619 0.0002333333333327605 836
0.02525252525246619 0.000266666666666086 837
0.02525252525246619 0.0002999999999994568 838
0.02525252525246618 0.0003333333333329301 839
0.02525252525246618 0.0003666666666663046 840
0.02525252525246618 0.0003999999999997623 841
0.02525252525246619 0.0004333333333331522 842
0.02525252525246618 0.0004666666666665874 843
0.02626262626256429 3.333333333327717e-05 844
0.0262626262625643 6.66666666665545e-05 845
0.0262626262625643 9.999999999979485e-05 846
0.0262626262625643 0.0001333333333330477 847
0.0262626262625643 0.0001666666666662853 848
0.0262626262625643 0.000199999999999523 849
0.0262626262625643 0.0002333333333327605 850
0.0262626262625643 0.000266666666666086 851
0.0262626262625643 0.0002999999999994568 852
0.0262626262625643 0.0003333333333329302 853
0.0262626262625643 0.0003666666666663045 854
0.0262626262625643 0.0003999999999997623 855
0.0262626262625643 0.0004333333333331522 856
0.0262626262625643 0.0004666666666665873 857
0.02727272727266242 3.333333333327717e-05 858
0.02727272727266241 6.66666666665545e-05 859
0.02727272727266241 9.999999999979485e-05 860
0.02727272727266241 0.0001333333333330477 861
0.0272727272726624 0.0001666666666662853 862
0.02727272727266241 0.0001999999999995229 863
0.02727272727266241 0.0002333333333327606 864
0.02727272727266241 0.000266666666666086 865
0.02727272727266241 0.0002999999999994568 866
0.0272727272726624 0.0003333333333329301 867
0.02727272727266241 0.0003666666666663045 868
0.02727272727266241 0.0003999999999997623 869
0.02727272727266241 0.0004333333333331522 870
0.02727272727266241 0.0004666666666665875 871
0.02828282828276051 3.333333333327717e-05 872
0.02828282828276051 6.66666666665545e-05 873
0.02828282828276051 9.999999999979485e-05 874
0.02828282828276052 0.0001333333333330477 875
0.02828282828276052 0.0001666666666662853 876
0.02828282828276051 0.0001999999999995229 877
0.02828282828276052 0.0002333333333327605 878
0.02828282828276051 0.000266666666666086 879
0.02828282828276051 0.0002999999999994568 880
0.02828282828276051 0.0003333333333329301 881
0.02828282828276051 0.0003666666666663046 882
0.02828282828276051 0.0003999999999997623 883
0.02828282828276052 0.0004333333333331523 884
0.02828282828276051 0.0004666666666665875 885
0.02929292929285862 3.333333333327717e-05 886
0.02929292929285862 6.66666666665545e-05 887
0.02929292929285862 9.999999999979485e-05 888
0.02929292929285863 0.0001333333333330477 889
0.02929292929285863 0.0001666666666662853 890
0.02929292929285863 0.0001999999999995229 891
0.02929292929285863 0.0002333333333327606 892
0.02929292929285863 0.000266666666666086 893
0.02929292929285862 0.0002999999999994568 894
0.02929292929285862 0.0003333333333329301 895
0.02929292929285863 0.0003666666666663045 896
0.02929292929285862 0.0003999999999997622 897
0.02929292929285863 0.0004333333333331523 898
0.02929292929285862 0.0004666666666665874 899
0.03030303030295675 3.333333333327717e-05 900
0.03030303030295673 6.66666666665545e-05 901
0.03030303030295675 9.999999999979485e-05 902
0.03030303030295674 0.0001333333333330477 903
0.03030303030295674 0.0001666666666662853 904
0.03030303030295675 0.0001999999999995229 905
0.03030303030295674 0.0002333333333327605 906
0.03030303030295674 0.000266666666666086 907
0.03030303030295674 0.0002999999999994568 908
0.03030303030295674 0.0003333333333329301 909
0.03030303030295674 0.0003666666666663045 910
0.03030303030295674 0.0003999999999997623 911
0.03030303030295674 0.0004333333333331524 912
0.03030303030295674 0.0004666666666665874 913
0.03131313131305485 3.333333333327717e-05 914
0.03131313131305485 6.66666666665545e-05 915
0.03131313131305484 9.999999999979485e-05 916
0.03131313131305485 0.0001333333333330477 917
0.03131313131305483 0.0001666666666662853 918
0.03131313131305485 0.000199999999999523 919
0.03131313131305485 0.0002333333333327605 920
0.03131313131305483 0.000266666666666086 921
0.03131313131305483 0.0002999999999994568 922
0.03131313131305485 0.0003333333333329302 923
0.03131313131305485 0.0003666666666663046 924
0.03131313131305485 0.0003999999999997623 925
0.03131313131305485 0.0004333333333331522 926
0.03131313131305483 0.0004666666666665875 927
0.03232323232315296 3.333333333327717e-05 928
0.03232323232315295 6.66666666665545e-05 929
0.03232323232315295 9.999999999979486e-05 930
0.03232323232315296 0.0001333333333330478 931
0.03232323232315296 0.0001666666666662853 932
0.03232323232315296 0.0001999999999995229 933
0.03232323232315296 0.0002333333333327605 934
0.03232323232315295 0.000266666666666086 935
0.03232323232315295 0.0002999999999994568 936
0.03232323232315296 0.0003333333333329302 937
0.03232323232315296 0.0003666666666663045 938
0.03232323232315296 0.0003999999999997624 939
0.03232323232315295 0.0004333333333331522 940
0.03232323232315296 0.0004666666666665874 941
0.03333333333325107 3.333333333327717e-05 942
0.03333333333325107 6.66666666665545e-05 943
0.03333333333325107 9.999999999979486e-05 944
0.03333333333325107 0.0001333333333330477 945
0.03333333333325107 0.0001666666666662853 946
0.03333333333325107 0.0001999999999995229 947
0.03333333333325107 0.0002333333333327605 948
0.03333333333325107 0.000266666666666086 949
0.03333333333325107 0.0002999999999994568 950
0.03333333333325107 0.0003333333333329302 951
0.03333333333325107 0.0003666666666663045 952
0.03333333333325107 0.0003999999999997623 953
0.03333333333325107 0.0004333333333331522 954
0.03333333333325107 0.0004666666666665874 955
0.03434343434334917 3.333333333327717e-05 956
0.03434343434334917 6.66666666665545e-05 957
0.03434343434334917 9.999999999979485e-05 958
0.03434343434334917 0.0001333333333330477 959
0.03434343434334919 0.0001666666666662853 960
0.03434343434334917 0.0001999999999995229 961
0.03434343434334918 0.0002333333333327605 962
0.03434343434334918 0.000266666666666086 963
0.03434343434334917 0.0002999999999994568 964
0.03434343434334917 0.0003333333333329302 965
0.03434343434334918 0.0003666666666663045 966
0.03434343434334918 0.0003999999999997623 967
0.03434343434334917 0.0004333333333331522 968
0.03434343434334918 0.0004666666666665874 969
0.03535353535344728 3.333333333327717e-05 970
0.03535353535344728 6.66666666665545e-05 971
0.03535353535344728 9.999999999979485e-05 972
0.03535353535344728 0.0001333333333330477 973
0.03535353535344729 0.0001666666666662853 974
0.03535353535344729 0.0001999999999995229 975
0.03535353535344729 0.0002333333333327606 976
0.03535353535344729 0.000266666666666086 977
0.03535353535344729 0.0002999999999994568 978
0.03535353535344729 0.0003333333333329301 979
0.03535353535344729 0.0003666666666663045 980
0.03535353535344729 0.0003999999999997623 981
0.03535353535344729 0.0004333333333331523 982
0.03535353535344729 0.0004666666666665875 983
0.0363636363635454 3.333333333327717e-05 984
0.0363636363635454 6.66666666665545e-05 985
0.0363636363635454 9.999999999979485e-05 986
0.0363636363635454 0.0001333333333330477 987
0.0363636363635454 0.0001666666666662853 988
0.0363636363635454 0.000199999999999523 989
0.0363636363635454 0.0002333333333327605 990
0.0363636363635454 0.000266666666666086 991
0.0363636363635454 0.0002999999999994568 992
0.0363636363635454 0.0003333333333329301 993
0.0363636363635454 0.0003666666666663045 994
0.0363636363635454 0.0003999999999997623 995
0.0363636363635454 0.0004333333333331521 996
0.0363636363635454 0.0004666666666665874 997
0.03737373737364236 3.333333333327717e-05 998
0.03737373737364239 6.66666666665545e-05 999
0.03737373737364238 9.999999999979485e-05 1000
0.03737373737364236 0.0001333333333330477 1001
0.03737373737364237 0.0001666666666662853 1002
0.03737373737364239 0.000199999999999523 1003
0.03737373737364237 0.0002333333333327606 1004
0.03737373737364238 0.000266666666666086 1005
0.03737373737364238 0.0002999999999994568 1006
0.03737373737364238 0.0003333333333329301 1007
0.03737373737364236 0.0003666666666663045 1008
0.03737373737364239 0.0003999999999997623 1009
0.03737373737364239 0.0004333333333331523 1010
0.03737373737364238 0.0004666666666665873 1011
0.03838383838373891 3.333333333327717e-05 1012
0.03838383838373891 6.66666666665545e-05 1013
0.03838383838373891 9.999999999979485e-05 1014
0.03838383838373891 0.0001333333333330477 1015
0.03838383838373892 0.0001666666666662853 1016
0.03838383838373891 0.000199999999999523 1017
0.03838383838373891 0.0002333333333327605 1018
0.03838383838373891 0.000266666666666086 1019
0.03838383838373891 0.0002999999999994568 1020
0.03838383838373891 0.0003333333333329301 1021
0.03838383838373891 0.0003666666666663045 1022
0.03838383838373891 0.0003999999999997623 1023
0.03838383838373892 0.0004333333333331523 1024
0.03838383838373891 0.0004666666666665874 1025
0.03939393939383703 3.333333333327717e-05 1026
0.03939393939383702 6.66666666665545e-05 1027
0.03939393939383703 9.999999999979485e-05 1028
0.03939393939383703 0.0001333333333330477 1029
0.03939393939383702 0.0001666666666662853 1030
0.03939393939383702 0.0001999999999995229 1031
0.03939393939383703 0.0002333333333327605 1032
0.03939393939383703 0.000266666666666086 1033
0.03939393939383703 0.0002999999999994568 1034
0.03939393939383704 0.0003333333333329301 1035
0.03939393939383704 0.0003666666666663046 1036
0.03939393939383704 0.0003999999999997623 1037
0.03939393939383704 0.0004333333333331523 1038
0.03939393939383703 0.0004666666666665874 1039
0.04040404040393512 3.333333333327717e-05 1040
0.04040404040393513 6.66666666665545e-05 1041
0.04040404040393514 9.999999999979486e-05 1042
0.04040404040393512 0.0001333333333330477 1043
0.04040404040393513 0.0001666666666662853 1044
0.04040404040393513 0.0001999999999995229 1045
0.04040404040393513 0.0002333333333327605 1046
0.04040404040393513 0.000266666666666086 1047
0.04040404040393513 0.0002999999999994568 1048
0.04040404040393513 0.0003333333333329302 1049
0.04040404040393513 0.0003666666666663046 1050
0.04040404040393512 0.0003999999999997623 1051
0.04040404040393512 0.0004333333333331522 1052
0.04040404040393512 0.0004666666666665874 1053
0.04141414141403326 3.333333333327717e-05 1054
0.04141414141403325 6.66666666665545e-05 1055
0.04141414141403325 9.999999999979485e-05 1056
0.04141414141403325 0.0001333333333330477 1057
0.04141414141403325 0.0001666666666662853 1058
0.04141414141403325 0.0001999999999995229 1059
0.04141414141403325 0.0002333333333327606 1060
0.04141414141403325 0.000266666666666086 1061
0.04141414141403325 0.0002999999999994568 1062
0.04141414141403325 0.0003333333333329301 1063
0.04141414141403325 0.0003666666666663045 1064
0.04141414141403325 0.0003999999999997623 1065
0.04141414141403325 0.0004333333333331522 1066
0.04141414141403325 0.0004666666666665874 1067
0.04242424242413136 3.333333333327717e-05 1068
0.04242424242413136 6.66666666665545e-05 1069
0.04242424242413136 9.999999999979485e-05 1070
0.04242424242413135 0.0001333333333330477 1071
0.04242424242413134 0.0001666666666662853 1072
0.04242424242413134 0.0001999999999995229 1073
0.04242424242413134 0.0002333333333327605 1074
0.04242424242413135 0.000266666666666086 1075
0.04242424242413136 0.0002999999999994568 1076
0.04242424242413135 0.0003333333333329301 1077
0.04242424242413135 0.0003666666666663045 1078
0.04242424242413135 0.0003999999999997623 1079
0.04242424242413136 0.0004333333333331522 1080
0.04242424242413136 0.0004666666666665875 1081
0.04343434343422946 3.333333333327717e-05 1082
0.04343434343422947 6.66666666665545e-05 1083
0.04343434343422947 9.999999999979485e-05 1084
0.04343434343422948 0.0001333333333330477 1085
0.04343434343422947 0.0001666666666662853 1086
0.04343434343422945 0.0001999999999995229 1087
0.04343434343422947 0.0002333333333327606 1088
0.04343434343422947 0.000266666666666086 1089
0.04343434343422947 0.0002999999999994568 1090
0.04343434343422947 0.0003333333333329302 1091
0.04343434343422947 0.0003666666666663045 1092
0.04343434343422947 0.0003999999999997623 1093
0.04343434343422947 0.0004333333333331523 1094
0.04343434343422947 0.0004666666666665874 1095
0.04444444444432757 3.333333333327717e-05 1096
0.04444444444432759 6.66666666665545e-05 1097
0.04444444444432757 9.999999999979485e-05 1098
0.04444444444432757 0.0001333333333330477 1099
0.04444444444432758 0.0001666666666662853 1100
0.04444444444432758 0.000199999999999523 1101
0.04444444444432757 0.0002333333333327606 1102
0.04444444444432756 0.0002666666666660861 1103
0.04444444444432757 0.0002999999999994568 1104
0.04444444444432757 0.0003333333333329301 1105
0.04444444444432757 0.0003666666666663045 1106
0.04444444444432757 0.0003999999999997623 1107
0.04444444444432757 0.0004333333333331523 1108
0.04444444444432757 0.0004666666666665872 1109
0.04545454545442568 3.333333333327717e-05 1110
0.04545454545442568 6.666666666655451e-05 1111
0.04545454545442568 9.999999999979485e-05 1112
0.04545454545442568 0.0001333333333330477 1113
0.04545454545442568 0.0001666666666662853 1114
0.04545454545442568 0.0001999999999995229 1115
0.04545454545442569 0.0002333333333327605 1116
0.04545454545442568 0.0002666666666660859 1117
0.04545454545442569 0.0002999999999994569 1118
0.04545454545442568 0.0003333333333329302 1119
0.04545454545442568 0.0003666666666663045 1120
0.04545454545442568 0.0003999999999997623 1121
0.04545454545442568 0.0004333333333331522 1122
0.04545454545442569 0.0004666666666665874 1123
0.04646464646452379 3.333333333327717e-05 1124
0.04646464646452377 6.66666666665545e-05 1125
0.04646464646452377 9.999999999979485e-05 1126
0.04646464646452379 0.0001333333333330477 1127
0.04646464646452379 0.0001666666666662853 1128
0.04646464646452378 0.0001999999999995229 1129
0.04646464646452379 0.0002333333333327605 1130
0.04646464646452379 0.000266666666666086 1131
0.04646464646452379 0.0002999999999994568 1132
0.04646464646452379 0.0003333333333329301 1133
0.04646464646452379 0.0003666666666663045 1134
0.04646464646452379 0.0003999999999997623 1135
0.04646464646452379 0.0004333333333331522 1136
0.04646464646452379 0.0004666666666665874 1137
0.04747474747462192 3.333333333327717e-05 1138
0.0474747474746219 6.666666666655451e-05 1139
0.04747474747462191 9.999999999979486e-05 1140
0.04747474747462192 0.0001333333333330477 1141
0.04747474747462192 0.0001666666666662853 1142
0.0474747474746219 0.0001999999999995229 1143
0.04747474747462191 0.0002333333333327605 1144
0.04747474747462191 0.000266666666666086 1145
0.04747474747462191 0.0002999999999994568 1146
0.04747474747462192 0.0003333333333329302 1147
0.04747474747462191 0.0003666666666663046 1148
0.04747474747462191 0.0003999999999997623 1149
0.04747474747462191 0.0004333333333331522 1150
0.04747474747462191 0.0004666666666665874 1151
0.04848484848472002 3.333333333327717e-05 1152
0.04848484848472002 6.66666666665545e-05 1153
0.04848484848472003 9.999999999979485e-05 1154
0.04848484848472 0.0001333333333330477 1155
0.04848484848472003 0.0001666666666662853 1156
0.04848484848472002 0.000199999999999523 1157
0.04848484848472002 0.0002333333333327605 1158
0.04848484848472 0.0002666666666660861 1159
0.04848484848472003 0.0002999999999994568 1160
0.04848484848472004 0.0003333333333329301 1161
0.04848484848472003 0.0003666666666663045 1162
0.04848484848472002 0.0003999999999997623 1163
0.04848484848472003 0.0004333333333331522 1164
0.04848484848472002 0.0004666666666665874 1165
0.04949494949481861 3.333333333327717e-05 1166
0.04949494949481861 6.66666666665545e-05 1167
0.04949494949481861 9.999999999979485e-05 1168
0.0494949494948186 0.0001333333333330477 1169
0.04949494949481861 0.0001666666666662853 1170
0.04949494949481861 0.0001999999999995229 1171
0.04949494949481861 0.0002333333333327605 1172
0.04949494949481861 0.000266666666666086 1173
0.04949494949481861 0.0002999999999994568 1174
0.04949494949481861 0.0003333333333329301 1175
0.04949494949481861 0.0003666666666663045 1176
0.04949494949481861 0.0003999999999997623 1177
0.04949494949481861 0.0004333333333331522 1178
0.04949494949481861 0.0004666666666665874 1179
0.05050505050491934 3.333333333327717e-05 1180
0.05050505050491935 6.66666666665545e-05 1181
0.05050505050491935 9.999999999979485e-05 1182
0.05050505050491934 0.0001333333333330477 1183
0.05050505050491935 0.0001666666666662853 1184
0.05050505050491935 0.0001999999999995229 1185
0.05050505050491935 0.0002333333333327605 1186
0.05050505050491935 0.000266666666666086 1187
0.05050505050491935 0.0002999999999994568 1188
0.05050505050491935 0.0003333333333329301 1189
0.05050505050491934 0.0003666666666663045 1190
0.05050505050491935 0.0003999999999997623 1191
0.05050505050491935 0.0004333333333331522 1192
0.05050505050491935 0.0004666666666665874 1193
0.05151515151502223 3.333333333327717e-05 1194
0.05151515151502223 6.66666666665545e-05 1195
0.05151515151502222 9.999999999979485e-05 1196
0.05151515151502224 0.0001333333333330477 1197
0.05151515151502224 0.0001666666666662853 1198
0.05151515151502224 0.0001999999999995229 1199
0.05151515151502222 0.0002333333333327605 1200
0.05151515151502221 0.000266666666666086 1201
0.05151515151502222 0.0002999999999994568 1202
0.05151515151502222 0.0003333333333329301 1203
0.05151515151502224 0.0003666666666663045 1204
0.05151515151502225 0.0003999999999997623 1205
0.05151515151502223 0.0004333333333331522 1206
0.05151515151502223 0.0004666666666665874 1207
0.05252525252512694 3.333333333327717e-05 1208
0.05252525252512695 6.66666666665545e-05 1209
0.05252525252512694 9.999999999979485e-05 1210
0.05252525252512693 0.0001333333333330477 1211
0.05252525252512694 0.0001666666666662853 1212
0.05252525252512694 0.0001999999999995229 1213
0.05252525252512694 0.0002333333333327605 1214
0.05252525252512695 0.000266666666666086 1215
0.05252525252512694 0.0002999999999994568 1216
0.05252525252512696 0.0003333333333329301 1217
0.05252525252512694 0.0003666666666663045 1218
0.05252525252512696 0.0003999999999997623 1219
0.05252525252512695 0.0004333333333331522 1220
0.05252525252512695 0.0004666666666665874 1221
0.05353535353523032 3.333333333327717e-05 1222
0.05353535353523031 6.66666666665545e-05 1223
0.05353535353523032 9.999999999979485e-05 1224
0.05353535353523031 0.0001333333333330477 1225
0.05353535353523031 0.0001666666666662853 1226
0.05353535353523031 0.0001999999999995229 1227
0.05353535353523032 0.0002333333333327605 1228
0.05353535353523031 0.000266666666666086 1229
0.05353535353523033 0.0002999999999994568 1230
0.0535353535352303 0.0003333333333329301 1231
0.05353535353523031 0.0003666666666663045 1232
0.05353535353523032 0.0003999999999997623 1233
0.05353535353523032 0.0004333333333331522 1234
0.05353535353523031 0.0004666666666665875 1235
0.05454545454533367 3.333333333327717e-05 1236
0.05454545454533368 6.666666666655451e-05 1237
0.05454545454533369 9.999999999979485e-05 1238
0.05454545454533367 0.0001333333333330477 1239
0.05454545454533367 0.0001666666666662853 1240
0.05454545454533368 0.0001999999999995229 1241
0.05454545454533369 0.0002333333333327605 1242
0.05454545454533368 0.000266666666666086 1243
0.05454545454533368 0.0002999999999994568 1244
0.05454545454533368 0.0003333333333329301 1245
0.05454545454533368 0.0003666666666663045 1246
0.05454545454533368 0.0003999999999997623 1247
0.05454545454533368 0.0004333333333331522 1248
0.05454545454533368 0.0004666666666665874 1249
0.0555555555554372 3.333333333327717e-05 1250
0.0555555555554372 6.66666666665545e-05 1251
0.05555555555543719 9.999999999979485e-05 1252
0.0555555555554372 0.0001333333333330477 1253
0.0555555555554372 0.0001666666666662853 1254
0.05555555555543718 0.0001999999999995229 1255
0.0555555555554372 0.0002333333333327606 1256
0.0555555555554372 0.000266666666666086 1257
0.0555555555554372 0.0002999999999994568 1258
0.0555555555554372 0.0003333333333329301 1259
0.0555555555554372 0.0003666666666663045 1260
0.0555555555554372 0.0003999999999997623 1261
0.0555555555554372 0.0004333333333331522 1262
0.05555555555543719 0.0004666666666665874 1263
0.05656565656554177 3.333333333327717e-05 1264
0.05656565656554177 6.66666666665545e-05 1265
0.05656565656554176 9.999999999979485e-05 1266
0.05656565656554177 0.0001333333333330477 1267
0.05656565656554177 0.0001666666666662853 1268
0.05656565656554177 0.0001999999999995229 1269
0.05656565656554177 0.0002333333333327605 1270
0.05656565656554175 0.000266666666666086 1271
0.05656565656554178 0.0002999999999994568 1272
0.05656565656554176 0.0003333333333329301 1273
0.05656565656554175 0.0003666666666663045 1274
0.05656565656554176 0.0003999999999997623 1275
0.05656565656554176 0.0004333333333331523 1276
0.05656565656554176 0.0004666666666665874 1277
0.05757575757564513 3.333333333327717e-05 1278
0.05757575757564513 6.66666666665545e-05 1279
0.05757575757564513 9.999999999979485e-05 1280
0.05757575757564514 0.0001333333333330477 1281
0.05757575757564514 0.0001666666666662853 1282
0.05757575757564513 0.0001999999999995229 1283
0.05757575757564513 0.0002333333333327605 1284
0.05757575757564513 0.000266666666666086 1285
0.05757575757564513 0.0002999999999994568 1286
0.05757575757564513 0.0003333333333329301 1287
0.05757575757564513 0.0003666666666663045 1288
0.05757575757564513 0.0003999999999997623 1289
0.05757575757564513 0.0004333333333331522 1290
0.05757575757564513 0.0004666666666665874 1291
0.05858585858574846 3.333333333327717e-05 1292
0.05858585858574846 6.66666666665545e-05 1293
0.05858585858574848 9.999999999979485e-05 1294
0.05858585858574849 0.0001333333333330477 1295
0.05858585858574848 0.0001666666666662853 1296
0.05858585858574848 0.0001999999999995229 1297
0.05858585858574848 0.0002333333333327605 1298
0.05858585858574848 0.000266666666666086 1299
0.05858585858574848 0.0002999999999994568 1300
0.05858585858574847 0.0003333333333329301 1301
0.05858585858574847 0.0003666666666663045 1302
0.05858585858574849 0.0003999999999997623 1303
0.05858585858574848 0.0004333333333331522 1304
0.05858585858574848 0.0004666666666665875 1305
0.05959595959585224 3.333333333327717e-05 1306
0.05959595959585225 6.666666666655451e-05 1307
0.05959595959585225 9.999999999979485e-05 1308
0.05959595959585223 0.0001333333333330477 1309
0.05959595959585225 0.0001666666666662853 1310
0.05959595959585224 0.0001999999999995229 1311
0.05959595959585224 0.0002333333333327605 1312
0.05959595959585225 0.000266666666666086 1313
0.05959595959585224 0.0002999999999994568 1314
0.05959595959585224 0.0003333333333329301 1315
0.05959595959585223 0.0003666666666663045 1316
0.05959595959585223 0.0003999999999997623 1317
0.05959595959585223 0.0004333333333331523 1318
0.05959595959585223 0.0004666666666665874 1319
0.06060606060595658 3.333333333327717e-05 1320
0.06060606060595657 6.66666666665545e-05 1321
0.06060606060595658 9.999999999979485e-05 1322
0.06060606060595657 0.0001333333333330477 1323
0.06060606060595657 0.0001666666666662853 1324
0.06060606060595656 0.0001999999999995229 1325
0.06060606060595656 0.0002333333333327605 1326
0.06060606060595656 0.000266666666666086 1327
0.06060606060595658 0.0002999999999994568 1328
0.06060606060595655 0.0003333333333329302 1329
0.06060606060595657 0.0003666666666663045 1330
0.06060606060595657 0.0003999999999997623 1331
0.06060606060595656 0.0004333333333331522 1332
0.06060606060595656 0.0004666666666665875 1333
0.06161616161605992 3.333333333327717e-05 1334
0.06161616161605993 6.66666666665545e-05 1335
0.06161616161605995 9.999999999979485e-05 1336
0.06161616161605993 0.0001333333333330477 1337
0.06161616161605993 0.0001666666666662853 1338
0.06161616161605993 0.0001999999999995229 1339
0.06161616161605993 0.0002333333333327605 1340
0.06161616161605993 0.000266666666666086 1341
0.06161616161605993 0.0002999999999994568 1342
0.06161616161605993 0.0003333333333329301 1343
0.06161616161605993 0.0003666666666663045 1344
0.06161616161605993 0.0003999999999997623 1345
0.06161616161605993 0.0004333333333331523 1346
0.06161616161605993 0.0004666666666665874 1347
0.06262626262616329 3.333333333327717e-05 1348
0.06262626262616329 6.66666666665545e-05 1349
0.06262626262616329 9.999999999979485e-05 1350
0.06262626262616329 0.0001333333333330477 1351
0.06262626262616329 0.0001666666666662853 1352
0.06262626262616329 0.0001999999999995229 1353
0.06262626262616329 0.0002333333333327605 1354
0.06262626262616329 0.000266666666666086 1355
0.06262626262616329 0.0002999999999994568 1356
0.06262626262616329 0.0003333333333329301 1357
0.06262626262616329 0.0003666666666663045 1358
0.06262626262616329 0.0003999999999997623 1359
0.06262626262616329 0.0004333333333331523 1360
0.06262626262616329 0.0004666666666665874 1361
0.06363636363626726 3.333333333327717e-05 1362
0.06363636363626728 6.66666666665545e-05 1363
0.06363636363626728 9.999999999979485e-05 1364
0.06363636363626728 0.0001333333333330477 1365
0.06363636363626728 0.0001666666666662853 1366
0.06363636363626728 0.000199999999999523 1367
0.06363636363626728 0.0002333333333327605 1368
0.06363636363626728 0.000266666666666086 1369
0.06363636363626728 0.0002999999999994568 1370
0.06363636363626728 0.0003333333333329302 1371
0.06363636363626728 0.0003666666666663045 1372
0.06363636363626728 0.0003999999999997623 1373
0.06363636363626728 0.0004333333333331523 1374
0.06363636363626726 0.0004666666666665874 1375
0.0646464646463724 3.333333333327717e-05 1376
0.06464646464637241 6.66666666665545e-05 1377
0.0646464646463724 9.999999999979485e-05 1378
0.0646464646463724 0.0001333333333330477 1379
0.06464646464637239 0.0001666666666662853 1380
0.06464646464637241 0.0001999999999995229 1381
0.06464646464637239 0.0002333333333327605 1382
0.06464646464637237 0.000266666666666086 1383
0.06464646464637237 0.0002999999999994568 1384
0.0646464646463724 0.0003333333333329301 1385
0.0646464646463724 0.0003666666666663045 1386
0.06464646464637237 0.0003999999999997623 1387
0.06464646464637241 0.0004333333333331523 1388
0.0646464646463724 0.0004666666666665874 1389
0.06565656565647469 3.333333333327717e-05 1390
0.06565656565647469 6.66666666665545e-05 1391
0.06565656565647469 9.999999999979485e-05 1392
0.06565656565647467 0.0001333333333330477 1393
0.06565656565647467 0.0001666666666662853 1394
0.06565656565647468 0.0001999999999995229 1395
0.06565656565647468 0.0002333333333327605 1396
0.06565656565647467 0.000266666666666086 1397
0.06565656565647469 0.0002999999999994568 1398
0.06565656565647469 0.0003333333333329302 1399
0.06565656565647469 0.0003666666666663045 1400
0.06565656565647467 0.0003999999999997623 1401
0.06565656565647469 0.0004333333333331522 1402
0.06565656565647469 0.0004666666666665874 1403
0.06666666666657718 3.333333333327717e-05 1404
0.06666666666657718 6.66666666665545e-05 1405
0.06666666666657721 9.999999999979485e-05 1406
0.06666666666657721 0.0001333333333330477 1407
0.06666666666657722 0.0001666666666662853 1408
0.0666666666665772 0.0001999999999995229 1409
0.0666666666665772 0.0002333333333327606 1410
0.06666666666657721 0.000266666666666086 1411
0.06666666666657721 0.0002999999999994568 1412
0.06666666666657721 0.0003333333333329301 1413
0.06666666666657721 0.0003666666666663045 1414
0.06666666666657722 0.0003999999999997623 1415
0.06666666666657721 0.0004333333333331522 1416
0.06666666666657721 0.0004666666666665874 1417
0.06767676767668233 3.333333333327717e-05 1418
0.06767676767668231 6.66666666665545e-05 1419
0.06767676767668231 9.999999999979485e-05 1420
0.06767676767668231 0.0001333333333330477 1421
0.06767676767668231 0.0001666666666662853 1422
0.06767676767668231 0.0001999999999995229 1423
0.06767676767668231 0.0002333333333327606 1424
0.06767676767668231 0.000266666666666086 1425
0.06767676767668231 0.0002999999999994568 1426
0.06767676767668231 0.0003333333333329302 1427
0.06767676767668231 0.0003666666666663045 1428
0.06767676767668231 0.0003999999999997623 1429
0.06767676767668231 0.0004333333333331522 1430
0.06767676767668232 0.0004666666666665875 1431
0.06868686868678743 3.333333333327717e-05 1432
0.06868686868678743 6.66666666665545e-05 1433
0.06868686868678743 9.999999999979485e-05 1434
0.06868686868678743 0.0001333333333330477 1435
0.06868686868678743 0.0001666666666662853 1436
0.06868686868678743 0.000199999999999523 1437
0.06868686868678743 0.0002333333333327605 1438
0.06868686868678743 0.000266666666666086 1439
0.06868686868678743 0.0002999999999994568 1440
0.06868686868678743 0.0003333333333329301 1441
0.06868686868678743 0.0003666666666663046 1442
0.06868686868678743 0.0003999999999997623 1443
0.06868686868678743 0.0004333333333331522 1444
0.06868686868678743 0.0004666666666665874 1445
0.06969696969688928 3.333333333327717e-05 1446
0.06969696969688927 6.66666666665545e-05 1447
0.06969696969688927 9.999999999979485e-05 1448
0.06969696969688925 0.0001333333333330477 1449
0.06969696969688927 0.0001666666666662853 1450
0.06969696969688927 0.0001999999999995229 1451
0.06969696969688927 0.0002333333333327605 1452
0.06969696969688927 0.000266666666666086 1453
0.06969696969688927 0.0002999999999994568 1454
0.06969696969688927 0.0003333333333329301 1455
0.06969696969688925 0.0003666666666663045 1456
0.06969696969688927 0.0003999999999997623 1457
0.06969696969688927 0.0004333333333331522 1458
0.06969696969688925 0.0004666666666665873 1459
0.07070707070699224 3.333333333327717e-05 1460
0.07070707070699224 6.66666666665545e-05 1461
0.07070707070699224 9.999999999979486e-05 1462
0.07070707070699224 0.0001333333333330477 1463
0.07070707070699224 0.0001666666666662853 1464
0.07070707070699224 0.000199999999999523 1465
0.07070707070699224 0.0002333333333327605 1466
0.07070707070699224 0.000266666666666086 1467
0.07070707070699224 0.0002999999999994568 1468
0.07070707070699224 0.0003333333333329302 1469
0.07070707070699224 0.0003666666666663045 1470
0.07070707070699224 0.0003999999999997623 1471
0.07070707070699224 0.0004333333333331522 1472
0.07070707070699224 0.0004666666666665874 1473
0.07171717171709732 3.333333333327717e-05 1474
0.07171717171709736 6.66666666665545e-05 1475
0.07171717171709736 9.999999999979485e-05 1476
0.07171717171709736 0.0001333333333330477 1477
0.07171717171709736 0.0001666666666662853 1478
0.07171717171709736 0.0001999999999995229 1479
0.07171717171709736 0.0002333333333327605 1480
0.07171717171709736 0.000266666666666086 1481
0.07171717171709736 0.0002999999999994568 1482
0.07171717171709736 0.0003333333333329302 1483
0.07171717171709736 0.0003666666666663046 1484
0.07171717171709738 0.0003999999999997623 1485
0.07171717171709736 0.0004333333333331522 1486
0.07171717171709738 0.0004666666666665874 1487
0.07272727272720222 3.333333333327717e-05 1488
0.07272727272720224 6.66666666665545e-05 1489
0.07272727272720224 9.999999999979485e-05 1490
0.07272727272720224 0.0001333333333330477 1491
0.07272727272720224 0.0001666666666662853 1492
0.07272727272720224 0.0001999999999995229 1493
0.07272727272720224 0.0002333333333327605 1494
0.07272727272720224 0.000266666666666086 1495
0.07272727272720224 0.0002999999999994568 1496
0.07272727272720224 0.0003333333333329302 1497
0.07272727272720222 0.0003666666666663045 1498
0.07272727272720222 0.0003999999999997623 1499
0.07272727272720224 0.0004333333333331522 1500
0.07272727272720222 0.0004666666666665874 1501
0.07373737373730382 3.333333333327717e-05 1502
0.07373737373730381 6.66666666665545e-05 1503
0.07373737373730384 9.999999999979485e-05 1504
0.07373737373730384 0.0001333333333330477 1505
0.07373737373730384 0.0001666666666662853 1506
0.07373737373730384 0.000199999999999523 1507
0.07373737373730384 0.0002333333333327605 1508
0.07373737373730384 0.000266666666666086 1509
0.07373737373730384 0.0002999999999994568 1510
0.07373737373730384 0.0003333333333329301 1511
0.07373737373730384 0.0003666666666663046 1512
0.07373737373730384 0.0003999999999997623 1513
0.07373737373730384 0.0004333333333331522 1514
0.07373737373730384 0.0004666666666665875 1515
0.0747474747474073 3.333333333327717e-05 1516
0.0747474747474073 6.66666666665545e-05 1517
0.0747474747474073 9.999999999979486e-05 1518
0.0747474747474073 0.0001333333333330477 1519
0.0747474747474073 0.0001666666666662853 1520
0.07474747474740731 0.0001999999999995229 1521
0.0747474747474073 0.0002333333333327605 1522
0.0747474747474073 0.000266666666666086 1523
0.0747474747474073 0.0002999999999994568 1524
0.0747474747474073 0.0003333333333329301 1525
0.0747474747474073 0.0003666666666663045 1526
0.0747474747474073 0.0003999999999997623 1527
0.07474747474740728 0.0004333333333331522 1528
0.0747474747474073 0.0004666666666665873 1529
0.07575757575751241 3.333333333327717e-05 1530
0.07575757575751239 6.66666666665545e-05 1531
0.07575757575751241 9.999999999979485e-05 1532
0.07575757575751239 0.0001333333333330477 1533
0.07575757575751241 0.0001666666666662853 1534
0.07575757575751241 0.0001999999999995229 1535
0.07575757575751241 0.0002333333333327605 1536
0.07575757575751241 0.000266666666666086 1537
0.07575757575751241 0.0002999999999994568 1538
0.07575757575751241 0.0003333333333329302 1539
0.07575757575751241 0.0003666666666663046 1540
0.07575757575751239 0.0003999999999997623 1541
0.07575757575751241 0.0004333333333331522 1542
0.07575757575751239 0.0004666666666665875 1543
0.0767676767676141 3.333333333327717e-05 1544
0.0767676767676141 6.66666666665545e-05 1545
0.0767676767676141 9.999999999979485e-05 1546
0.0767676767676141 0.0001333333333330477 1547
0.0767676767676141 0.0001666666666662853 1548
0.0767676767676141 0.0001999999999995229 1549
0.0767676767676141 0.0002333333333327605 1550
0.0767676767676141 0.000266666666666086 1551
0.0767676767676141 0.0002999999999994568 1552
0.0767676767676141 0.0003333333333329302 1553
0.0767676767676141 0.0003666666666663046 1554
0.0767676767676141 0.0003999999999997623 1555
0.0767676767676141 0.0004333333333331522 1556
0.0767676767676141 0.0004666666666665873 1557
0.07777777777771723 3.333333333327717e-05 1558
0.07777777777771723 6.66666666665545e-05 1559
0.07777777777771726 9.999999999979486e-05 1560
0.07777777777771726 0.0001333333333330477 1561
0.07777777777771723 0.0001666666666662853 1562
0.07777777777771724 0.0001999999999995229 1563
0.07777777777771723 0.0002333333333327605 1564
0.07777777777771723 0.000266666666666086 1565
0.07777777777771723 0.0002999999999994568 1566
0.07777777777771723 0.0003333333333329302 1567
0.07777777777771723 0.0003666666666663045 1568
0.07777777777771723 0.0003999999999997623 1569
0.07777777777771723 0.0004333333333331522 1570
0.07777777777771723 0.0004666666666665875 1571
0.07878787878782231 3.333333333327717e-05 1572
0.07878787878782235 6.66666666665545e-05 1573
0.07878787878782234 9.999999999979486e-05 1574
0.07878787878782233 0.0001333333333330477 1575
0.07878787878782234 0.0001666666666662853 1576
0.07878787878782234 0.0001999999999995229 1577
0.07878787878782235 0.0002333333333327605 1578
0.07878787878782233 0.000266666666666086 1579
0.07878787878782233 0.0002999999999994568 1580
0.07878787878782234 0.0003333333333329302 1581
0.07878787878782234 0.0003666666666663045 1582
0.07878787878782233 0.0003999999999997623 1583
0.07878787878782234 0.0004333333333331523 1584
0.07878787878782234 0.0004666666666665874 1585
0.07979797979792706 3.333333333327717e-05 1586
0.07979797979792706 6.66666666665545e-05 1587
0.07979797979792708 9.999999999979485e-05 1588
0.07979797979792706 0.0001333333333330477 1589
0.07979797979792709 0.0001666666666662853 1590
0.07979797979792709 0.0001999999999995229 1591
0.07979797979792705 0.0002333333333327605 1592
0.07979797979792708 0.000266666666666086 1593
0.07979797979792708 0.0002999999999994568 1594
0.07979797979792708 0.0003333333333329302 1595
0.07979797979792708 0.0003666666666663046 1596
0.07979797979792706 0.0003999999999997623 1597
0.07979797979792708 0.0004333333333331522 1598
0.07979797979792708 0.0004666666666665875 1599
0.08080808080802869 3.333333333327717e-05 1600
0.08080808080802866 6.66666666665545e-05 1601
0.08080808080802869 9.999999999979485e-05 1602
0.08080808080802869 0.0001333333333330477 1603
0.08080808080802866 0.0001666666666662853 1604
0.08080808080802869 0.0001999999999995229 1605
0.08080808080802868 0.0002333333333327605 1606
0.08080808080802869 0.000266666666666086 1607
0.08080808080802869 0.0002999999999994568 1608
0.0808080808080287 0.0003333333333329302 1609
0.08080808080802869 0.0003666666666663045 1610
0.08080808080802869 0.0003999999999997623 1611
0.08080808080802869 0.0004333333333331522 1612
0.08080808080802869 0.0004666666666665874 1613
0.08181818181813227 3.333333333327717e-05 1614
0.08181818181813225 6.66666666665545e-05 1615
0.08181818181813226 9.999999999979485e-05 1616
0.08181818181813225 0.0001333333333330477 1617
0.08181818181813226 0.0001666666666662853 1618
0.08181818181813226 0.000199999999999523 1619
0.08181818181813226 0.0002333333333327605 1620
0.08181818181813226 0.000266666666666086 1621
0.08181818181813226 0.0002999999999994568 1622
0.08181818181813226 0.0003333333333329302 1623
0.08181818181813226 0.0003666666666663045 1624
0.08181818181813226 0.0003999999999997623 1625
0.08181818181813226 0.0004333333333331522 1626
0.08181818181813225 0.0004666666666665874 1627
0.08282828282823737 3.333333333327717e-05 1628
0.08282828282823738 6.66666666665545e-05 1629
0.08282828282823737 9.999999999979486e-05 1630
0.0828282828282374 0.0001333333333330477 1631
0.08282828282823738 0.0001666666666662853 1632
0.08282828282823738 0.0001999999999995229 1633
0.08282828282823738 0.0002333333333327605 1634
0.08282828282823738 0.000266666666666086 1635
0.08282828282823738 0.0002999999999994568 1636
0.08282828282823738 0.0003333333333329302 1637
0.08282828282823738 0.0003666666666663046 1638
0.08282828282823738 0.0003999999999997623 1639
0.08282828282823737 0.0004333333333331523 1640
0.08282828282823738 0.0004666666666665874 1641
0.08383838383834161 3.333333333327717e-05 1642
0.08383838383834165 6.66666666665545e-05 1643
0.08383838383834165 9.999999999979485e-05 1644
0.08383838383834163 0.0001333333333330477 1645
0.08383838383834165 0.0001666666666662853 1646
0.08383838383834165 0.0001999999999995229 1647
0.08383838383834165 0.0002333333333327605 1648
0.08383838383834165 0.000266666666666086 1649
0.08383838383834165 0.0002999999999994568 1650
0.08383838383834165 0.0003333333333329301 1651
0.08383838383834165 0.0003666666666663045 1652
0.08383838383834165 0.0003999999999997622 1653
0.08383838383834165 0.0004333333333331522 1654
0.08383838383834165 0.0004666666666665873 1655
0.08484848484844328 3.333333333327717e-05 1656
0.08484848484844326 6.66666666665545e-05 1657
0.08484848484844323 9.999999999979485e-05 1658
0.08484848484844328 0.0001333333333330477 1659
0.08484848484844326 0.0001666666666662853 1660
0.08484848484844325 0.0001999999999995229 1661
0.08484848484844328 0.0002333333333327605 1662
0.08484848484844326 0.000266666666666086 1663
0.08484848484844326 0.0002999999999994568 1664
0.08484848484844326 0.0003333333333329302 1665
0.08484848484844326 0.0003666666666663045 1666
0.08484848484844325 0.0003999999999997623 1667
0.08484848484844326 0.0004333333333331522 1668
0.08484848484844322 0.0004666666666665875 1669
0.08585858585854729 3.333333333327717e-05 1670
0.08585858585854733 6.666666666655451e-05 1671
0.08585858585854729 9.999999999979485e-05 1672
0.08585858585854726 0.0001333333333330477 1673
0.0858585858585473 0.0001666666666662853 1674
0.08585858585854729 0.0001999999999995229 1675
0.0858585858585473 0.0002333333333327605 1676
0.08585858585854729 0.000266666666666086 1677
0.08585858585854729 0.0002999999999994568 1678
0.08585858585854729 0.0003333333333329301 1679
0.08585858585854726 0.0003666666666663045 1680
0.08585858585854729 0.0003999999999997623 1681
0.0858585858585473 0.0004333333333331522 1682
0.08585858585854729 0.0004666666666665874 1683
0.08686868686865244 3.333333333327717e-05 1684
0.08686868686865243 6.66666666665545e-05 1685
0.08686868686865241 9.999999999979486e-05 1686
0.08686868686865244 0.0001333333333330477 1687
0.08686868686865243 0.0001666666666662853 1688
0.08686868686865243 0.0001999999999995229 1689
0.08686868686865243 0.0002333333333327605 1690
0.08686868686865241 0.000266666666666086 1691
0.08686868686865241 0.0002999999999994568 1692
0.08686868686865241 0.0003333333333329302 1693
0.08686868686865244 0.0003666666666663045 1694
0.08686868686865243 0.0003999999999997623 1695
0.08686868686865243 0.0004333333333331522 1696
0.08686868686865239 0.0004666666666665873 1697
0.08787878787875621 3.333333333327717e-05 1698
0.08787878787875622 6.66666666665545e-05 1699
0.08787878787875622 9.999999999979485e-05 1700
0.08787878787875621 0.0001333333333330477 1701
0.08787878787875618 0.0001666666666662853 1702
0.08787878787875622 0.0001999999999995229 1703
0.08787878787875621 0.0002333333333327605 1704
0.08787878787875618 0.000266666666666086 1705
0.08787878787875621 0.0002999999999994568 1706
0.08787878787875621 0.0003333333333329301 1707
0.08787878787875622 0.0003666666666663046 1708
0.08787878787875622 0.0003999999999997623 1709
0.08787878787875622 0.0004333333333331523 1710
0.08787878787875621 0.0004666666666665874 1711
0.08888888888885783 3.333333333327717e-05 1712
0.08888888888885783 6.66666666665545e-05 1713
0.08888888888885781 9.999999999979485e-05 1714
0.08888888888885783 0.0001333333333330477 1715
0.08888888888885783 0.0001666666666662853 1716
0.08888888888885785 0.0001999999999995229 1717
0.08888888888885785 0.0002333333333327605 1718
0.08888888888885783 0.000266666666666086 1719
0.08888888888885783 0.0002999999999994568 1720
0.08888888888885783 0.0003333333333329301 1721
0.08888888888885781 0.0003666666666663046 1722
0.08888888888885783 0.0003999999999997623 1723
0.08888888888885783 0.0004333333333331522 1724
0.08888888888885783 0.0004666666666665873 1725
0.08989898989896236 3.333333333327717e-05 1726
0.08989898989896236 6.66666666665545e-05 1727
0.08989898989896235 9.999999999979485e-05 1728
0.08989898989896239 0.0001333333333330477 1729
0.08989898989896236 0.0001666666666662853 1730
0.08989898989896235 0.0001999999999995229 1731
0.08989898989896236 0.0002333333333327605 1732
0.08989898989896235 0.000266666666666086 1733
0.08989898989896235 0.0002999999999994568 1734
0.08989898989896235 0.0003333333333329301 1735
0.08989898989896235 0.0003666666666663045 1736
0.08989898989896232 0.0003999999999997622 1737
0.08989898989896235 0.0004333333333331522 1738
0.08989898989896236 0.0004666666666665874 1739
0.09090909090906747 3.333333333327717e-05 1740
0.09090909090906747 6.66666666665545e-05 1741
0.09090909090906747 9.999999999979486e-05 1742
0.0909090909090675 0.0001333333333330477 1743
0.09090909090906747 0.0001666666666662853 1744
0.09090909090906749 0.0001999999999995229 1745
0.09090909090906747 0.0002333333333327605 1746
0.09090909090906747 0.000266666666666086 1747
0.09090909090906747 0.0002999999999994568 1748
0.09090909090906747 0.0003333333333329301 1749
0.09090909090906747 0.0003666666666663045 1750
0.09090909090906747 0.0003999999999997623 1751
0.09090909090906747 0.0004333333333331522 1752
0.09090909090906747 0.0004666666666665874 1753
0.09191919191917085 3.333333333327717e-05 1754
0.09191919191917082 6.66666666665545e-05 1755
0.09191919191917082 9.999999999979485e-05 1756
0.09191919191917082 0.0001333333333330477 1757
0.09191919191917079 0.0001666666666662853 1758
0.09191919191917082 0.0001999999999995229 1759
0.09191919191917082 0.0002333333333327605 1760
0.09191919191917082 0.000266666666666086 1761
0.09191919191917082 0.0002999999999994568 1762
0.09191919191917082 0.0003333333333329301 1763
0.09191919191917083 0.0003666666666663046 1764
0.09191919191917082 0.0003999999999997623 1765
0.09191919191917082 0.0004333333333331522 1766
0.09191919191917082 0.0004666666666665874 1767
0.09292929292927245 3.333333333327717e-05 1768
0.09292929292927241 6.66666666665545e-05 1769
0.09292929292927241 9.999999999979485e-05 1770
0.09292929292927241 0.0001333333333330477 1771
0.09292929292927243 0.0001666666666662853 1772
0.09292929292927242 0.0001999999999995229 1773
0.09292929292927242 0.0002333333333327605 1774
0.09292929292927242 0.000266666666666086 1775
0.09292929292927242 0.0002999999999994568 1776
0.09292929292927242 0.0003333333333329302 1777
0.09292929292927241 0.0003666666666663045 1778
0.09292929292927242 0.0003999999999997623 1779
0.09292929292927242 0.0004333333333331524 1780
0.09292929292927242 0.0004666666666665874 1781
0.09393939393937743 3.333333333327717e-05 1782
0.09393939393937745 6.666666666655451e-05 1783
0.09393939393937741 9.999999999979485e-05 1784
0.09393939393937741 0.0001333333333330478 1785
0.09393939393937739 0.0001666666666662853 1786
0.09393939393937741 0.0001999999999995229 1787
0.09393939393937738 0.0002333333333327605 1788
0.09393939393937741 0.000266666666666086 1789
0.09393939393937741 0.0002999999999994568 1790
0.09393939393937741 0.0003333333333329301 1791
0.09393939393937741 0.0003666666666663045 1792
0.09393939393937741 0.0003999999999997623 1793
0.09393939393937741 0.0004333333333331522 1794
0.09393939393937742 0.0004666666666665874 1795
0.09494949494948252 3.333333333327717e-05 1796
0.09494949494948252 6.66666666665545e-05 1797
0.09494949494948252 9.999999999979486e-05 1798
0.09494949494948253 0.0001333333333330478 1799
0.09494949494948253 0.0001666666666662853 1800
0.0949494949494825 0.0001999999999995229 1801
0.09494949494948252 0.0002333333333327606 1802
0.09494949494948249 0.000266666666666086 1803
0.09494949494948252 0.0002999999999994568 1804
0.09494949494948254 0.0003333333333329302 1805
0.09494949494948252 0.0003666666666663046 1806
0.09494949494948252 0.0003999999999997623 1807
0.09494949494948252 0.0004333333333331522 1808
0.09494949494948252 0.0004666666666665873 1809
0.09595959595958539 3.333333333327717e-05 1810
0.09595959595958542 6.666666666655451e-05 1811
0.09595959595958538 9.999999999979485e-05 1812
0.09595959595958542 0.0001333333333330478 1813
0.09595959595958539 0.0001666666666662853 1814
0.09595959595958535 0.0001999999999995229 1815
0.09595959595958538 0.0002333333333327605 1816
0.09595959595958541 0.000266666666666086 1817
0.09595959595958538 0.0002999999999994568 1818
0.09595959595958542 0.0003333333333329302 1819
0.09595959595958541 0.0003666666666663045 1820
0.09595959595958539 0.0003999999999997623 1821
0.09595959595958539 0.0004333333333331522 1822
0.09595959595958539 0.0004666666666665874 1823
0.09696969696968734 3.333333333327717e-05 1824
0.09696969696968735 6.66666666665545e-05 1825
0.09696969696968734 9.999999999979483e-05 1826
0.09696969696968732 0.0001333333333330477 1827
0.09696969696968735 0.0001666666666662853 1828
0.09696969696968731 0.0001999999999995229 1829
0.09696969696968734 0.0002333333333327605 1830
0.09696969696968734 0.000266666666666086 1831
0.09696969696968734 0.0002999999999994568 1832
0.09696969696968734 0.0003333333333329302 1833
0.09696969696968734 0.0003666666666663045 1834
0.09696969696968734 0.0003999999999997623 1835
0.09696969696968734 0.0004333333333331522 1836
0.09696969696968734 0.0004666666666665873 1837
0.09797979797979242 3.333333333327717e-05 1838
0.09797979797979244 6.666666666655451e-05 1839
0.09797979797979239 9.999999999979485e-05 1840
0.09797979797979242 0.0001333333333330477 1841
0.09797979797979241 0.0001666666666662853 1842
0.09797979797979241 0.0001999999999995229 1843
0.09797979797979244 0.0002333333333327605 1844
0.09797979797979244 0.000266666666666086 1845
0.09797979797979244 0.0002999999999994568 1846
0.09797979797979244 0.0003333333333329301 1847
0.09797979797979244 0.0003666666666663046 1848
0.09797979797979244 0.0003999999999997623 1849
0.09797979797979244 0.0004333333333331522 1850
0.09797979797979244 0.0004666666666665874 1851
0.09898989898989755 3.333333333327717e-05 1852
0.09898989898989755 6.66666666665545e-05 1853
0.09898989898989756 9.999999999979486e-05 1854
0.09898989898989759 0.0001333333333330478 1855
0.09898989898989756 0.0001666666666662853 1856
0.09898989898989756 0.0001999999999995229 1857
0.09898989898989756 0.0002333333333327605 1858
0.09898989898989756 0.000266666666666086 1859
0.09898989898989756 0.0002999999999994568 1860
0.09898989898989756 0.0003333333333329301 1861
0.09898989898989756 0.0003666666666663046 1862
0.09898989898989756 0.0003999999999997623 1863
0.09898989898989756 0.0004333333333331522 1864
0.09898989898989756 0.0004666666666665874 1865
0.001010101010099172 0.000524469077178182 1866
0.001010101010099172 0.0005502839425664056 1867
0.001010101010099172 0.0005775186245474287 1868
0.001010101010099172 0.0006062512155539123 1869
0.001010101010099172 0.0006365640954159178 1870
0.001010101010099172 0.0006685441865684191 1871
0.001010101010099172 0.0007022831824442376 1872
0.001010101010099171 0.000737877822587533 1873
0.001010101010099172 0.0007754301627741595 1874
0.001010101010099172 0.0008150478773858252 1875
0.001010101010099172 0.0008568445617014506 1876
0.001010101010099172 0.0009009400682493469 1877
0.001010101010099172 0.0009474608327928967 1878
0.001010101010099172 0.0009965402350515275 1879
0.001010101010099172 0.001048319002333215 1880
0.001010101010099172 0.001102945607106628 1881
0.001010101010099172 0.001160576677719914 1882
0.001010101010099172 0.001221377454015973 1883
0.001010101010099172 0.001285522279348257 1884
0.001010101010099172 0.001353195065049187 1885
0.001010101010099172 0.001424589854199526 1886
0.001010101010099172 0.00149991137185858 1887
0.001010101010099172 0.001579375564656545 1888
0.001010101010099172 0.001663210273043904 1889
0.001010101010099172 0.00175165589280512 1890
0.001010101010099172 0.001844966030134214 1891
0.001010101010099172 0.001943408229263549 1892
0.001010101010099172 0.002047264751513933 1893
0.001010101010099172 0.002156833374036222 1894
0.001010101010099172 0.002272428262435021 1895
0.001010101010099172 0.002394380875726116 1896
0.001010101010099172 0.002523040890571719 1897
0.001010101010099171 0.002658777196777941 1898
0.001010101010099172 0.002801979004164433 1899
0.001010101010099172 0.002953056912514464 1900
0.001010101010099172 0.003112444094727603 1901
0.001010101010099172 0.003280597572935684 1902
0.001010101010099172 0.003457999497659123 1903
0.001010101010099172 0.003645158528389267 1904
0.001010101010099172 0.003842611298229041 1905
0.001010101010099172 0.004050923981905447 1906
0.001010101010099172 0.004270693872454154 1907
0.001010101010099172 0.004502551103055443 1908
0.001010101010099172 0.004747160481520353 1909
0.001010101010099172 0.005005223381597967 1910
0.001010101010099172 0.005277479732212418 1911
0.001010101010099172 0.005564710179816858 1912
0.001010101010099172 0.005867738300451535 1913
0.001010101010099172 0.006187432954952757 1914
0.001010101010099172 0.006524710817731458 1915
0.001010101010099172 0.00688053897013661 1916
0.001010101010099172 0.007255937673742898 1917
0.001010101010099172 0.007651983305783288 1918
0.001010101010099172 0.008069811445348447 1919
0.001010101010099172 0.008510620139155281 1920
0.001010101010099172 0.008975673309940093 1921
0.001010101010099172 0.009466304401344735 1922
0.001010101010099172 0.009983920216629373 1923
0.001010101010099172 0.01053000490270287 1924
0.001010101010099172 0.01110612424891558 1925
0.001010101010099172 0.01171393015807425 1926
0.001010101010099172 0.01235516537916829 1927
0.001010101010099172 0.01303166853448766 1928
0.001010101010099172 0.01374537938036723 1929
0.001010101010099172 0.0144983443130774 1930
0.001010101010099172 0.01529272230936846 1931
0.001010101010099172 0.01613079110341873 1932
0.001010101010099172 0.01701495367749814 1933
0.001010101010099172 0.017947745188805 1934
0.001010101010099172 0.01893184023151273 1935
0.001010101010099172 0.01997006050103631 1936
0.001010101010099172 0.02106538289552766 1937
0.001010101010099172 0.02222094801676216 1938
0.001010101010099172 0.02344006921465306 1939
0.001010101010099172 0.02472624209260174 1940
0.001010101010099172 0.02608315448511037 1941
0.001010101010099172 0.02751469705055613 1942
0.001010101010099172 0.02902497444525769 1943
0.001010101010099172 0.03061831709550227 1944
0.001010101010099172 0.03229929360185355 1945
0.001010101010099172 0.03407272381553741 1946
0.001010101010099172 0.03594369269223666 1947
0.001010101010099172 0.03791756486840222 1948
0.002020202020198377 0.000524469077178182 1949
0.002020202020198376 0.0005502839425664056 1950
0.002020202020198376 0.0005775186245474289 1951
0.002020202020198376 0.0006062512155539122 1952
0.002020202020198376 0.0006365640954159178 1953
0.002020202020198376 0.000668544186568419 1954
0.002020202020198376 0.0007022831824442376 1955
0.002020202020198377 0.000737877822587533 1956
0.002020202020198376 0.0007754301627741597 1957
0.002020202020198376 0.0008150478773858252 1958
0.002020202020198377 0.0008568445617014506 1959
0.002020202020198376 0.0009009400682493467 1960
0.002020202020198376 0.0009474608327928967 1961
0.002020202020198376 0.0009965402350515275 1962
0.002020202020198376 0.001048319002333215 1963
0.002020202020198375 0.001102945607106628 1964
0.002020202020198377 0.001160576677719914 1965
0.002020202020198376 0.001221377454015973 1966
0.002020202020198377 0.001285522279348257 1967
0.002020202020198376 0.001353195065049187 1968
0.002020202020198376 0.001424589854199526 1969
0.002020202020198376 0.00149991137185858 1970
0.002020202020198376 0.001579375564656545 1971
0.002020202020198377 0.001663210273043904 1972
0.002020202020198376 0.00175165589280512 1973
0.002020202020198375 0.001844966030134215 1974
0.002020202020198376 0.001943408229263549 1975
0.002020202020198376 0.002047264751513933 1976
0.002020202020198376 0.002156833374036222 1977
0.002020202020198376 0.002272428262435021 1978
0.002020202020198376 0.002394380875726115 1979
0.002020202020198376 0.002523040890571719 1980
0.002020202020198376 0.002658777196777941 1981
0.002020202020198377 0.002801979004164433 1982
0.002020202020198376 0.002953056912514463 1983
0.002020202020198376 0.003112444094727602 1984
0.002020202020198376 0.003280597572935684 1985
0.002020202020198376 0.003457999497659122 1986
0.002020202020198376 0.003645158528389267 1987
0.002020202020198376 0.003842611298229041 1988
0.002020202020198376 0.004050923981905447 1989
0.002020202020198376 0.004270693872454155 1990
0.002020202020198376 0.004502551103055443 1991
0.002020202020198376 0.004747160481520354 1992
0.002020202020198376 0.005005223381597967 1993
0.002020202020198376 0.005277479732212417 1994
0.002020202020198376 0.005564710179816859 1995
0.002020202020198376 0.005867738300451533 1996
0.002020202020198376 0.006187432954952758 1997
0.002020202020198376 0.006524710817731459 1998
0.002020202020198376 0.00688053897013661 1999
0.002020202020198376 0.007255937673742898 2000
0.002020202020198376 0.007651983305783292 2001
0.002020202020198376 0.008069811445348447 2002
0.002020202020198376 0.008510620139155279 2003
0.002020202020198376 0.008975673309940093 2004
0.002020202020198376 0.009466304401344734 2005
0.002020202020198376 0.009983920216629371 2006
0.002020202020198376 0.01053000490270287 2007
0.002020202020198376 0.01110612424891558 2008
0.002020202020198376 0.01171393015807425 2009
0.002020202020198376 0.01235516537916829 2010
0.002020202020198376 0.01303166853448766 2011
0.002020202020198376 0.01374537938036723 2012
0.002020202020198376 0.0144983443130774 2013
0.002020202020198376 0.01529272230936846 2014
0.002020202020198376 0.01613079110341873 2015
0.002020202020198376 0.01701495367749814 2016
0.002020202020198376 0.017947745188805 2017
0.002020202020198376 0.01893184023151273 2018
0.002020202020198376 0.01997006050103631 2019
0.002020202020198376 0.02106538289552766 2020
0.002020202020198376 0.02222094801676216 2021
0.002020202020198376 0.02344006921465306 2022
0.002020202020198376 0.02472624209260174 2023
0.002020202020198376 0.02608315448511037 2024
0.002020202020198376 0.02751469705055613 2025
0.002020202020198376 0.02902497444525769 2026
0.002020202020198376 0.03061831709550227 2027
0.002020202020198376 0.03229929360185355 2028
0.002020202020198376 0.03407272381553742 2029
0.002020202020198376 0.03594369269223665 2030
0.002020202020198376 0.03791756486840222 2031
0.003030303030297507 0.000524469077178182 2032
0.003030303030297507 0.0005502839425664056 2033
0.003030303030297507 0.0005775186245474289 2034
0.003030303030297507 0.0006062512155539122 2035
0.003030303030297507 0.0006365640954159178 2036
0.003030303030297507 0.0006685441865684191 2037
0.003030303030297507 0.0007022831824442376 2038
0.003030303030297507 0.000737877822587533 2039
0.003030303030297507 0.0007754301627741597 2040
0.003030303030297507 0.0008150478773858252 2041
0.003030303030297507 0.0008568445617014506 2042
0.003030303030297507 0.0009009400682493467 2043
0.003030303030297506 0.0009474608327928968 2044
0.003030303030297505 0.0009965402350515275 2045
0.003030303030297508 0.001048319002333214 2046
0.003030303030297507 0.001102945607106628 2047
0.003030303030297506 0.001160576677719914 2048
0.003030303030297507 0.001221377454015973 2049
0.003030303030297507 0.001285522279348257 2050
0.003030303030297507 0.001353195065049187 2051
0.003030303030297507 0.001424589854199526 2052
0.003030303030297507 0.00149991137185858 2053
0.003030303030297506 0.001579375564656545 2054
0.003030303030297507 0.001663210273043904 2055
0.003030303030297507 0.00175165589280512 2056
0.003030303030297507 0.001844966030134214 2057
0.003030303030297507 0.001943408229263549 2058
0.003030303030297507 0.002047264751513933 2059
0.003030303030297506 0.002156833374036221 2060
0.003030303030297507 0.002272428262435021 2061
0.003030303030297508 0.002394380875726116 2062
0.003030303030297507 0.002523040890571719 2063
0.003030303030297508 0.00265877719677794 2064
0.003030303030297507 0.002801979004164433 2065
0.003030303030297507 0.002953056912514463 2066
0.003030303030297507 0.003112444094727602 2067
0.003030303030297507 0.003280597572935684 2068
0.003030303030297507 0.003457999497659124 2069
0.003030303030297507 0.003645158528389267 2070
0.003030303030297507 0.003842611298229041 2071
0.003030303030297507 0.004050923981905447 2072
0.003030303030297507 0.004270693872454154 2073
0.003030303030297507 0.004502551103055443 2074
0.003030303030297507 0.004747160481520354 2075
0.003030303030297507 0.005005223381597967 2076
0.003030303030297507 0.005277479732212418 2077
0.003030303030297507 0.005564710179816859 2078
0.003030303030297507 0.005867738300451535 2079
0.003030303030297507 0.006187432954952757 2080
0.003030303030297506 0.00652471081773146 2081
0.003030303030297507 0.00688053897013661 2082
0.003030303030297506 0.007255937673742897 2083
0.003030303030297507 0.007651983305783287 2084
0.003030303030297507 0.008069811445348449 2085
0.003030303030297507 0.008510620139155281 2086
0.003030303030297507 0.008975673309940093 2087
0.003030303030297507 0.009466304401344734 2088
0.003030303030297506 0.009983920216629371 2089
0.003030303030297506 0.01053000490270287 2090
0.003030303030297507 0.01110612424891558 2091
0.003030303030297507 0.01171393015807425 2092
0.003030303030297506 0.01235516537916829 2093
0.003030303030297507 0.01303166853448766 2094
0.003030303030297507 0.01374537938036723 2095
0.003030303030297507 0.0144983443130774 2096
0.003030303030297507 0.01529272230936847 2097
0.003030303030297507 0.01613079110341873 2098
0.003030303030297507 0.01701495367749814 2099
0.003030303030297507 0.017947745188805 2100
0.003030303030297507 0.01893184023151273 2101
0.003030303030297507 0.01997006050103631 2102
0.003030303030297507 0.02106538289552765 2103
0.003030303030297507 0.02222094801676216 2104
0.003030303030297507 0.02344006921465306 2105
0.003030303030297507 0.02472624209260174 2106
0.003030303030297507 0.02608315448511037 2107
0.003030303030297507 0.02751469705055613 2108
0.003030303030297507 0.02902497444525769 2109
0.003030303030297507 0.03061831709550226 2110
0.003030303030297507 0.03229929360185355 2111
0.003030303030297507 0.03407272381553742 2112
0.003030303030297507 0.03594369269223666 2113
0.003030303030297507 0.03791756486840222 2114
0.004040404040396474 0.000524469077178182 2115
0.004040404040396475 0.0005502839425664057 2116
0.004040404040396472 0.0005775186245474289 2117
0.004040404040396474 0.0006062512155539122 2118
0.004040404040396474 0.0006365640954159178 2119
0.004040404040396472 0.000668544186568419 2120
0.004040404040396474 0.0007022831824442376 2121
0.004040404040396476 0.0007378778225875329 2122
0.004040404040396473 0.0007754301627741597 2123
0.004040404040396475 0.0008150478773858252 2124
0.004040404040396474 0.0008568445617014505 2125
0.004040404040396474 0.0009009400682493469 2126
0.004040404040396474 0.0009474608327928967 2127
0.004040404040396474 0.0009965402350515275 2128
0.004040404040396472 0.001048319002333215 2129
0.004040404040396474 0.001102945607106628 2130
0.004040404040396474 0.001160576677719914 2131
0.004040404040396474 0.001221377454015973 2132
0.004040404040396474 0.001285522279348257 2133
0.004040404040396472 0.001353195065049187 2134
0.004040404040396474 0.001424589854199526 2135
0.004040404040396474 0.00149991137185858 2136
0.004040404040396474 0.001579375564656545 2137
0.004040404040396474 0.001663210273043904 2138
0.004040404040396474 0.00175165589280512 2139
0.004040404040396474 0.001844966030134215 2140
0.004040404040396474 0.001943408229263549 2141
0.004040404040396474 0.002047264751513933 2142
0.004040404040396475 0.002156833374036222 2143
0.004040404040396474 0.002272428262435021 2144
0.004040404040396474 0.002394380875726116 2145
0.004040404040396474 0.002523040890571719 2146
0.004040404040396474 0.002658777196777941 2147
0.004040404040396474 0.002801979004164433 2148
0.004040404040396472 0.002953056912514464 2149
0.004040404040396474 0.003112444094727602 2150
0.004040404040396474 0.003280597572935684 2151
0.004040404040396474 0.003457999497659123 2152
0.004040404040396474 0.003645158528389266 2153
0.004040404040396474 0.003842611298229041 2154
0.004040404040396474 0.004050923981905447 2155
0.004040404040396474 0.004270693872454154 2156
0.004040404040396474 0.004502551103055443 2157
0.004040404040396474 0.004747160481520353 2158
0.004040404040396474 0.005005223381597966 2159
0.004040404040396474 0.005277479732212418 2160
0.004040404040396474 0.005564710179816859 2161
0.004040404040396474 0.005867738300451534 2162
0.004040404040396474 0.006187432954952757 2163
0.004040404040396474 0.006524710817731458 2164
0.004040404040396474 0.006880538970136611 2165
0.004040404040396474 0.007255937673742898 2166
0.004040404040396474 0.00765198330578329 2167
0.004040404040396474 0.008069811445348445 2168
0.004040404040396474 0.008510620139155279 2169
0.004040404040396474 0.008975673309940093 2170
0.004040404040396474 0.009466304401344734 2171
0.004040404040396474 0.009983920216629373 2172
0.004040404040396474 0.01053000490270287 2173
0.004040404040396474 0.01110612424891558 2174
0.004040404040396474 0.01171393015807425 2175
0.004040404040396474 0.01235516537916829 2176
0.004040404040396474 0.01303166853448766 2177
0.004040404040396474 0.01374537938036723 2178
0.004040404040396474 0.0144983443130774 2179
0.004040404040396474 0.01529272230936846 2180
0.004040404040396474 0.01613079110341873 2181
0.004040404040396474 0.01701495367749814 2182
0.004040404040396474 0.017947745188805 2183
0.004040404040396474 0.01893184023151273 2184
0.004040404040396474 0.01997006050103631 2185
0.004040404040396474 0.02106538289552766 2186
0.004040404040396474 0.02222094801676216 2187
0.004040404040396474 0.02344006921465306 2188
0.004040404040396474 0.02472624209260174 2189
0.004040404040396474 0.02608315448511037 2190
0.004040404040396474 0.02751469705055613 2191
0.004040404040396474 0.02902497444525769 2192
0.004040404040396474 0.03061831709550227 2193
0.004040404040396474 0.03229929360185355 2194
0.004040404040396474 0.03407272381553742 2195
0.004040404040396474 0.03594369269223666 2196
0.004040404040396474 0.03791756486840222 2197
0.005050505050495239 0.0005244690771781821 2198
0.00505050505049524 0.0005502839425664055 2199
0.005050505050495238 0.0005775186245474289 2200
0.005050505050495239 0.0006062512155539122 2201
0.005050505050495239 0.0006365640954159178 2202
0.00505050505049524 0.0006685441865684191 2203
0.005050505050495241 0.0007022831824442375 2204
0.00505050505049524 0.000737877822587533 2205
0.005050505050495239 0.0007754301627741599 2206
0.00505050505049524 0.0008150478773858254 2207
0.005050505050495239 0.0008568445617014504 2208
0.005050505050495239 0.0009009400682493471 2209
0.005050505050495241 0.0009474608327928965 2210
0.005050505050495239 0.0009965402350515275 2211
0.00505050505049524 0.001048319002333215 2212
0.00505050505049524 0.001102945607106628 2213
0.00505050505049524 0.001160576677719914 2214
0.00505050505049524 0.001221377454015974 2215
0.005050505050495239 0.001285522279348258 2216
0.005050505050495238 0.001353195065049187 2217
0.00505050505049524 0.001424589854199526 2218
0.00505050505049524 0.00149991137185858 2219
0.005050505050495242 0.001579375564656545 2220
0.00505050505049524 0.001663210273043904 2221
0.00505050505049524 0.00175165589280512 2222
0.00505050505049524 0.001844966030134214 2223
0.005050505050495241 0.001943408229263549 2224
0.00505050505049524 0.002047264751513933 2225
0.005050505050495241 0.002156833374036222 2226
0.005050505050495239 0.002272428262435021 2227
0.005050505050495241 0.002394380875726116 2228
0.00505050505049524 0.002523040890571719 2229
0.005050505050495239 0.002658777196777942 2230
0.005050505050495239 0.002801979004164433 2231
0.00505050505049524 0.002953056912514464 2232
0.005050505050495242 0.003112444094727602 2233
0.005050505050495241 0.003280597572935684 2234
0.00505050505049524 0.003457999497659123 2235
0.00505050505049524 0.003645158528389267 2236
0.00505050505049524 0.003842611298229041 2237
0.00505050505049524 0.004050923981905446 2238
0.00505050505049524 0.004270693872454156 2239
0.005050505050495238 0.004502551103055443 2240
0.00505050505049524 0.004747160481520353 2241
0.005050505050495238 0.005005223381597966 2242
0.005050505050495239 0.005277479732212417 2243
0.005050505050495239 0.005564710179816858 2244
0.005050505050495242 0.005867738300451534 2245
0.00505050505049524 0.006187432954952757 2246
0.00505050505049524 0.006524710817731458 2247
0.00505050505049524 0.00688053897013661 2248
0.005050505050495242 0.007255937673742897 2249
0.005050505050495239 0.00765198330578329 2250
0.00505050505049524 0.008069811445348447 2251
0.005050505050495239 0.008510620139155279 2252
0.00505050505049524 0.008975673309940093 2253
0.00505050505049524 0.009466304401344735 2254
0.00505050505049524 0.009983920216629373 2255
0.005050505050495238 0.01053000490270288 2256
0.00505050505049524 0.01110612424891558 2257
0.00505050505049524 0.01171393015807425 2258
0.00505050505049524 0.01235516537916829 2259
0.00505050505049524 0.01303166853448766 2260
0.00505050505049524 0.01374537938036723 2261
0.005050505050495239 0.0144983443130774 2262
0.00505050505049524 0.01529272230936846 2263
0.00505050505049524 0.01613079110341873 2264
0.00505050505049524 0.01701495367749814 2265
0.00505050505049524 0.017947745188805 2266
0.00505050505049524 0.01893184023151273 2267
0.00505050505049524 0.01997006050103631 2268
0.00505050505049524 0.02106538289552766 2269
0.00505050505049524 0.02222094801676215 2270
0.00505050505049524 0.02344006921465306 2271
0.00505050505049524 0.02472624209260175 2272
0.00505050505049524 0.02608315448511037 2273
0.00505050505049524 0.02751469705055612 2274
0.00505050505049524 0.02902497444525769 2275
0.00505050505049524 0.03061831709550227 2276
0.00505050505049524 0.03229929360185355 2277
0.00505050505049524 0.03407272381553741 2278
0.005050505050495239 0.03594369269223668 2279
0.00505050505049524 0.03791756486840221 2280
0.006060606060594264 0.000524469077178182 2281
0.006060606060594263 0.0005502839425664056 2282
0.006060606060594264 0.0005775186245474289 2283
0.006060606060594265 0.0006062512155539123 2284
0.006060606060594264 0.0006365640954159178 2285
0.006060606060594264 0.000668544186568419 2286
0.006060606060594261 0.0007022831824442376 2287
0.006060606060594265 0.000737877822587533 2288
0.006060606060594264 0.0007754301627741597 2289
0.006060606060594266 0.0008150478773858252 2290
0.006060606060594263 0.0008568445617014506 2291
0.006060606060594264 0.0009009400682493467 2292
0.006060606060594264 0.0009474608327928967 2293
0.006060606060594264 0.0009965402350515275 2294
0.006060606060594266 0.001048319002333215 2295
0.006060606060594264 0.001102945607106628 2296
0.006060606060594264 0.001160576677719914 2297
0.006060606060594266 0.001221377454015973 2298
0.006060606060594264 0.001285522279348257 2299
0.006060606060594264 0.001353195065049187 2300
0.006060606060594264 0.001424589854199526 2301
0.006060606060594264 0.00149991137185858 2302
0.006060606060594264 0.001579375564656545 2303
0.006060606060594264 0.001663210273043904 2304
0.006060606060594262 0.00175165589280512 2305
0.006060606060594264 0.001844966030134215 2306
0.006060606060594264 0.001943408229263549 2307
0.006060606060594264 0.002047264751513933 2308
0.006060606060594264 0.002156833374036221 2309
0.006060606060594264 0.002272428262435021 2310
0.006060606060594264 0.002394380875726116 2311
0.006060606060594264 0.002523040890571719 2312
0.006060606060594264 0.002658777196777941 2313
0.006060606060594262 0.002801979004164433 2314
0.006060606060594264 0.002953056912514464 2315
0.006060606060594262 0.003112444094727603 2316
0.006060606060594264 0.003280597572935684 2317
0.006060606060594264 0.003457999497659124 2318
0.006060606060594264 0.003645158528389267 2319
0.006060606060594264 0.003842611298229041 2320
0.006060606060594264 0.004050923981905447 2321
0.006060606060594264 0.004270693872454154 2322
0.006060606060594264 0.004502551103055443 2323
0.006060606060594264 0.004747160481520353 2324
0.006060606060594264 0.005005223381597967 2325
0.006060606060594263 0.005277479732212418 2326
0.006060606060594265 0.005564710179816859 2327
0.006060606060594264 0.005867738300451534 2328
0.006060606060594261 0.006187432954952757 2329
0.006060606060594261 0.006524710817731459 2330
0.006060606060594263 0.006880538970136611 2331
0.006060606060594264 0.007255937673742898 2332
0.006060606060594264 0.00765198330578329 2333
0.006060606060594264 0.008069811445348447 2334
0.006060606060594264 0.008510620139155279 2335
0.006060606060594264 0.008975673309940089 2336
0.006060606060594264 0.009466304401344735 2337
0.006060606060594264 0.009983920216629371 2338
0.006060606060594264 0.01053000490270287 2339
0.006060606060594264 0.01110612424891558 2340
0.006060606060594264 0.01171393015807425 2341
0.006060606060594264 0.01235516537916829 2342
0.006060606060594264 0.01303166853448766 2343
0.006060606060594264 0.01374537938036723 2344
0.006060606060594264 0.0144983443130774 2345
0.006060606060594264 0.01529272230936847 2346
0.006060606060594264 0.01613079110341873 2347
0.006060606060594263 0.01701495367749814 2348
0.006060606060594264 0.017947745188805 2349
0.006060606060594264 0.01893184023151273 2350
0.006060606060594264 0.01997006050103631 2351
0.006060606060594264 0.02106538289552766 2352
0.006060606060594264 0.02222094801676216 2353
0.006060606060594264 0.02344006921465306 2354
0.006060606060594264 0.02472624209260174 2355
0.006060606060594264 0.02608315448511036 2356
0.006060606060594264 0.02751469705055613 2357
0.006060606060594264 0.02902497444525769 2358
0.006060606060594263 0.03061831709550227 2359
0.006060606060594264 0.03229929360185355 2360
0.006060606060594264 0.03407272381553741 2361
0.006060606060594263 0.03594369269223666 2362
0.006060606060594264 0.03791756486840222 2363
0.007070707070693656 0.000524469077178182 2364
0.007070707070693654 0.0005502839425664057 2365
0.007070707070693654 0.000577518624547429 2366
0.007070707070693654 0.0006062512155539122 2367
0.007070707070693653 0.0006365640954159178 2368
0.007070707070693655 0.0006685441865684192 2369
0.007070707070693653 0.0007022831824442374 2370
0.007070707070693655 0.000737877822587533 2371
0.007070707070693655 0.0007754301627741597 2372
0.007070707070693654 0.0008150478773858252 2373
0.007070707070693654 0.0008568445617014506 2374
0.007070707070693656 0.0009009400682493469 2375
0.007070707070693654 0.0009474608327928967 2376
0.007070707070693655 0.0009965402350515275 2377
0.007070707070693653 0.001048319002333215 2378
0.007070707070693657 0.001102945607106628 2379
0.007070707070693652 0.001160576677719914 2380
0.007070707070693654 0.001221377454015973 2381
0.007070707070693655 0.001285522279348257 2382
0.007070707070693655 0.001353195065049187 2383
0.007070707070693654 0.001424589854199526 2384
0.007070707070693656 0.00149991137185858 2385
0.007070707070693655 0.001579375564656545 2386
0.007070707070693654 0.001663210273043904 2387
0.007070707070693655 0.00175165589280512 2388
0.007070707070693655 0.001844966030134214 2389
0.007070707070693654 0.001943408229263549 2390
0.007070707070693655 0.002047264751513933 2391
0.007070707070693654 0.002156833374036222 2392
0.007070707070693654 0.002272428262435021 2393
0.007070707070693655 0.002394380875726115 2394
0.007070707070693655 0.002523040890571719 2395
0.007070707070693655 0.00265877719677794 2396
0.007070707070693655 0.002801979004164433 2397
0.007070707070693654 0.002953056912514464 2398
0.007070707070693655 0.003112444094727602 2399
0.007070707070693654 0.003280597572935684 2400
0.007070707070693656 0.003457999497659122 2401
0.007070707070693655 0.003645158528389267 2402
0.007070707070693655 0.003842611298229041 2403
0.007070707070693656 0.004050923981905447 2404
0.007070707070693653 0.004270693872454153 2405
0.007070707070693655 0.004502551103055444 2406
0.007070707070693654 0.004747160481520354 2407
0.007070707070693654 0.005005223381597967 2408
0.007070707070693655 0.005277479732212418 2409
0.007070707070693654 0.005564710179816859 2410
0.007070707070693655 0.005867738300451535 2411
0.007070707070693653 0.006187432954952758 2412
0.007070707070693655 0.006524710817731459 2413
0.007070707070693656 0.00688053897013661 2414
0.007070707070693655 0.007255937673742897 2415
0.007070707070693656 0.007651983305783289 2416
0.007070707070693655 0.008069811445348447 2417
0.007070707070693655 0.008510620139155281 2418
0.007070707070693655 0.008975673309940094 2419
0.007070707070693655 0.009466304401344734 2420
0.007070707070693652 0.009983920216629373 2421
0.007070707070693655 0.01053000490270287 2422
0.007070707070693653 0.01110612424891558 2423
0.007070707070693655 0.01171393015807425 2424
0.007070707070693655 0.01235516537916828 2425
0.007070707070693655 0.01303166853448766 2426
0.007070707070693653 0.01374537938036723 2427
0.007070707070693653 0.0144983443130774 2428
0.007070707070693655 0.01529272230936847 2429
0.007070707070693655 0.01613079110341873 2430
0.007070707070693654 0.01701495367749814 2431
0.007070707070693653 0.017947745188805 2432
0.007070707070693655 0.01893184023151273 2433
0.007070707070693655 0.01997006050103631 2434
0.007070707070693655 0.02106538289552767 2435
0.007070707070693655 0.02222094801676216 2436
0.007070707070693654 0.02344006921465306 2437
0.007070707070693655 0.02472624209260174 2438
0.007070707070693655 0.02608315448511037 2439
0.007070707070693655 0.02751469705055613 2440
0.007070707070693654 0.02902497444525768 2441
0.007070707070693654 0.03061831709550227 2442
0.007070707070693655 0.03229929360185356 2443
0.007070707070693655 0.03407272381553742 2444
0.007070707070693654 0.03594369269223667 2445
0.007070707070693655 0.03791756486840222 2446
0.008080808080793356 0.0005244690771781821 2447
0.008080808080793356 0.0005502839425664056 2448
0.008080808080793356 0.0005775186245474289 2449
0.008080808080793356 0.0006062512155539122 2450
0.008080808080793356 0.0006365640954159178 2451
0.008080808080793356 0.0006685441865684191 2452
0.008080808080793358 0.0007022831824442376 2453
0.008080808080793353 0.0007378778225875329 2454
0.00808080808079336 0.0007754301627741597 2455
0.008080808080793353 0.0008150478773858252 2456
0.008080808080793358 0.0008568445617014506 2457
0.00808080808079336 0.0009009400682493467 2458
0.008080808080793356 0.0009474608327928967 2459
0.008080808080793358 0.0009965402350515275 2460
0.008080808080793358 0.001048319002333215 2461
0.008080808080793356 0.001102945607106628 2462
0.008080808080793356 0.001160576677719914 2463
0.008080808080793356 0.001221377454015973 2464
0.008080808080793362 0.001285522279348257 2465
0.008080808080793356 0.001353195065049187 2466
0.008080808080793356 0.001424589854199526 2467
0.008080808080793356 0.00149991137185858 2468
0.008080808080793356 0.001579375564656545 2469
0.008080808080793356 0.001663210273043904 2470
0.008080808080793356 0.00175165589280512 2471
0.008080808080793356 0.001844966030134214 2472
0.008080808080793358 0.001943408229263549 2473
0.008080808080793356 0.002047264751513933 2474
0.008080808080793356 0.002156833374036222 2475
0.008080808080793356 0.002272428262435021 2476
0.008080808080793356 0.002394380875726116 2477
0.008080808080793356 0.002523040890571719 2478
0.008080808080793356 0.002658777196777941 2479
0.008080808080793356 0.002801979004164433 2480
0.008080808080793356 0.002953056912514464 2481
0.008080808080793355 0.003112444094727602 2482
0.008080808080793356 0.003280597572935684 2483
0.008080808080793356 0.003457999497659123 2484
0.008080808080793356 0.003645158528389266 2485
0.008080808080793358 0.003842611298229041 2486
0.008080808080793358 0.004050923981905447 2487
0.008080808080793356 0.004270693872454154 2488
0.008080808080793358 0.004502551103055443 2489
0.008080808080793356 0.004747160481520353 2490
0.008080808080793356 0.005005223381597967 2491
0.008080808080793356 0.005277479732212418 2492
0.008080808080793356 0.005564710179816859 2493
0.008080808080793356 0.005867738300451534 2494
0.008080808080793356 0.006187432954952757 2495
0.008080808080793356 0.006524710817731459 2496
0.008080808080793356 0.006880538970136611 2497
0.008080808080793356 0.007255937673742899 2498
0.008080808080793356 0.00765198330578329 2499
0.008080808080793356 0.008069811445348447 2500
0.008080808080793356 0.008510620139155279 2501
0.008080808080793356 0.008975673309940091 2502
0.008080808080793356 0.009466304401344735 2503
0.008080808080793356 0.009983920216629371 2504
0.008080808080793356 0.01053000490270287 2505
0.008080808080793356 0.01110612424891558 2506
0.008080808080793356 0.01171393015807425 2507
0.008080808080793356 0.01235516537916828 2508
0.008080808080793356 0.01303166853448766 2509
0.008080808080793356 0.01374537938036723 2510
0.008080808080793356 0.0144983443130774 2511
0.008080808080793356 0.01529272230936846 2512
0.008080808080793356 0.01613079110341873 2513
0.008080808080793356 0.01701495367749814 2514
0.008080808080793356 0.017947745188805 2515
0.008080808080793356 0.01893184023151273 2516
0.008080808080793356 0.01997006050103631 2517
0.008080808080793356 0.02106538289552766 2518
0.008080808080793356 0.02222094801676216 2519
0.008080808080793356 0.02344006921465306 2520
0.008080808080793356 0.02472624209260174 2521
0.008080808080793356 0.02608315448511037 2522
0.008080808080793356 0.02751469705055613 2523
0.008080808080793356 0.02902497444525769 2524
0.008080808080793356 0.03061831709550227 2525
0.008080808080793356 0.03229929360185355 2526
0.008080808080793356 0.03407272381553742 2527
0.008080808080793356 0.03594369269223666 2528
0.008080808080793356 0.03791756486840222 2529
0.009090909090892999 0.000524469077178182 2530
0.009090909090893001 0.0005502839425664055 2531
0.009090909090893003 0.0005775186245474287 2532
0.009090909090892997 0.0006062512155539122 2533
0.009090909090893001 0.0006365640954159178 2534
0.009090909090893003 0.000668544186568419 2535
0.009090909090892997 0.0007022831824442376 2536
0.009090909090893003 0.0007378778225875331 2537
0.009090909090893003 0.0007754301627741595 2538
0.009090909090893004 0.0008150478773858252 2539
0.009090909090893001 0.0008568445617014506 2540
0.009090909090893003 0.0009009400682493467 2541
0.009090909090893001 0.0009474608327928968 2542
0.009090909090892999 0.0009965402350515275 2543
0.009090909090893003 0.001048319002333215 2544
0.009090909090893003 0.001102945607106628 2545
0.009090909090893004 0.001160576677719914 2546
0.009090909090893003 0.001221377454015973 2547
0.009090909090892999 0.001285522279348257 2548
0.009090909090892999 0.001353195065049187 2549
0.009090909090893006 0.001424589854199526 2550
0.009090909090893003 0.00149991137185858 2551
0.009090909090893003 0.001579375564656545 2552
0.009090909090893003 0.001663210273043904 2553
0.009090909090893004 0.00175165589280512 2554
0.009090909090893006 0.001844966030134214 2555
0.009090909090893001 0.001943408229263549 2556
0.009090909090892997 0.002047264751513933 2557
0.009090909090893003 0.002156833374036222 2558
0.009090909090893001 0.002272428262435021 2559
0.009090909090893003 0.002394380875726116 2560
0.009090909090893003 0.002523040890571719 2561
0.009090909090893003 0.002658777196777941 2562
0.009090909090893001 0.002801979004164433 2563
0.009090909090893001 0.002953056912514463 2564
0.009090909090893006 0.003112444094727603 2565
0.009090909090893003 0.003280597572935684 2566
0.009090909090893003 0.003457999497659122 2567
0.009090909090893003 0.003645158528389266 2568
0.009090909090893001 0.003842611298229041 2569
0.009090909090893006 0.004050923981905447 2570
0.009090909090892999 0.004270693872454155 2571
0.009090909090893004 0.004502551103055444 2572
0.009090909090893003 0.004747160481520354 2573
0.009090909090893003 0.005005223381597966 2574
0.009090909090893001 0.005277479732212418 2575
0.009090909090893003 0.005564710179816858 2576
0.009090909090892999 0.005867738300451535 2577
0.009090909090893003 0.006187432954952757 2578
0.009090909090893003 0.006524710817731459 2579
0.009090909090893003 0.006880538970136612 2580
0.009090909090893003 0.007255937673742896 2581
0.009090909090893001 0.007651983305783288 2582
0.009090909090893003 0.008069811445348447 2583
0.009090909090893001 0.008510620139155281 2584
0.009090909090893003 0.008975673309940089 2585
0.009090909090893003 0.009466304401344734 2586
0.009090909090893003 0.009983920216629373 2587
0.009090909090893003 0.01053000490270287 2588
0.009090909090893003 0.01110612424891558 2589
0.009090909090893003 0.01171393015807425 2590
0.009090909090893003 0.01235516537916829 2591
0.009090909090893003 0.01303166853448766 2592
0.009090909090893001 0.01374537938036723 2593
0.009090909090893003 0.0144983443130774 2594
0.009090909090893003 0.01529272230936847 2595
0.009090909090893003 0.01613079110341873 2596
0.009090909090893001 0.01701495367749814 2597
0.009090909090893003 0.017947745188805 2598
0.009090909090893003 0.01893184023151273 2599
0.009090909090893003 0.0199700605010363 2600
0.009090909090893003 0.02106538289552766 2601
0.009090909090893003 0.02222094801676216 2602
0.009090909090893003 0.02344006921465306 2603
0.009090909090893003 0.02472624209260174 2604
0.009090909090893003 0.02608315448511037 2605
0.009090909090893003 0.02751469705055613 2606
0.009090909090893003 0.02902497444525769 2607
0.009090909090893003 0.03061831709550226 2608
0.009090909090893003 0.03229929360185356 2609
0.009090909090893003 0.03407272381553741 2610
0.009090909090893003 0.03594369269223666 2611
0.009090909090893003 0.03791756486840222 2612
0.01010101010099243 0.0005244690771781819 2613
0.01010101010099243 0.0005502839425664055 2614
0.01010101010099243 0.0005775186245474288 2615
0.01010101010099243 0.0006062512155539122 2616
0.01010101010099243 0.0006365640954159178 2617
0.01010101010099243 0.0006685441865684192 2618
0.01010101010099243 0.0007022831824442376 2619
0.01010101010099243 0.000737877822587533 2620
0.01010101010099243 0.0007754301627741597 2621
0.01010101010099243 0.0008150478773858254 2622
0.01010101010099243 0.0008568445617014506 2623
0.01010101010099243 0.0009009400682493467 2624
0.01010101010099243 0.0009474608327928967 2625
0.01010101010099243 0.0009965402350515275 2626
0.01010101010099243 0.001048319002333215 2627
0.01010101010099243 0.001102945607106628 2628
0.01010101010099243 0.001160576677719914 2629
0.01010101010099243 0.001221377454015973 2630
0.01010101010099243 0.001285522279348257 2631
0.01010101010099243 0.001353195065049187 2632
0.01010101010099243 0.001424589854199526 2633
0.01010101010099243 0.00149991137185858 2634
0.01010101010099243 0.001579375564656545 2635
0.01010101010099243 0.001663210273043904 2636
0.01010101010099243 0.00175165589280512 2637
0.01010101010099243 0.001844966030134214 2638
0.01010101010099243 0.001943408229263549 2639
0.01010101010099243 0.002047264751513933 2640
0.01010101010099243 0.002156833374036222 2641
0.01010101010099243 0.002272428262435021 2642
0.01010101010099243 0.002394380875726116 2643
0.01010101010099243 0.002523040890571719 2644
0.01010101010099243 0.00265877719677794 2645
0.01010101010099243 0.002801979004164433 2646
0.01010101010099243 0.002953056912514465 2647
0.01010101010099243 0.003112444094727602 2648
0.01010101010099243 0.003280597572935684 2649
0.01010101010099243 0.003457999497659123 2650
0.01010101010099243 0.003645158528389267 2651
0.01010101010099243 0.003842611298229041 2652
0.01010101010099243 0.004050923981905447 2653
0.01010101010099243 0.004270693872454154 2654
0.01010101010099243 0.004502551103055443 2655
0.01010101010099243 0.004747160481520353 2656
0.01010101010099243 0.005005223381597966 2657
0.01010101010099243 0.005277479732212418 2658
0.01010101010099243 0.005564710179816858 2659
0.01010101010099243 0.005867738300451534 2660
0.01010101010099243 0.006187432954952757 2661
0.01010101010099243 0.006524710817731459 2662
0.01010101010099243 0.00688053897013661 2663
0.01010101010099243 0.007255937673742898 2664
0.01010101010099243 0.007651983305783291 2665
0.01010101010099243 0.008069811445348445 2666
0.01010101010099243 0.008510620139155279 2667
0.01010101010099243 0.008975673309940093 2668
0.01010101010099243 0.009466304401344735 2669
0.01010101010099243 0.009983920216629371 2670
0.01010101010099243 0.01053000490270287 2671
0.01010101010099243 0.01110612424891559 2672
0.01010101010099243 0.01171393015807425 2673
0.01010101010099243 0.01235516537916829 2674
0.01010101010099243 0.01303166853448766 2675
0.01010101010099243 0.01374537938036723 2676
0.01010101010099243 0.0144983443130774 2677
0.01010101010099243 0.01529272230936846 2678
0.01010101010099243 0.01613079110341873 2679
0.01010101010099243 0.01701495367749814 2680
0.01010101010099243 0.017947745188805 2681
0.01010101010099243 0.01893184023151273 2682
0.01010101010099243 0.01997006050103632 2683
0.01010101010099243 0.02106538289552767 2684
0.01010101010099243 0.02222094801676215 2685
0.01010101010099243 0.02344006921465306 2686
0.01010101010099243 0.02472624209260174 2687
0.01010101010099243 0.02608315448511038 2688
0.01010101010099243 0.02751469705055613 2689
0.01010101010099243 0.02902497444525769 2690
0.01010101010099243 0.03061831709550228 2691
0.01010101010099243 0.03229929360185355 2692
0.01010101010099243 0.03407272381553741 2693
0.01010101010099243 0.03594369269223666 2694
0.01010101010099243 0.03791756486840223 2695
0.01111111111109219 0.0005244690771781819 2696
0.01111111111109219 0.0005502839425664055 2697
0.01111111111109219 0.0005775186245474288 2698
0.01111111111109219 0.0006062512155539122 2699
0.01111111111109219 0.0006365640954159178 2700
0.01111111111109219 0.000668544186568419 2701
0.01111111111109219 0.0007022831824442376 2702
0.01111111111109219 0.000737877822587533 2703
0.01111111111109219 0.0007754301627741599 2704
0.01111111111109219 0.0008150478773858254 2705
0.01111111111109219 0.0008568445617014504 2706
0.01111111111109219 0.0009009400682493467 2707
0.01111111111109219 0.0009474608327928967 2708
0.01111111111109219 0.0009965402350515275 2709
0.01111111111109219 0.001048319002333215 2710
0.01111111111109219 0.001102945607106628 2711
0.01111111111109219 0.001160576677719914 2712
0.01111111111109219 0.001221377454015973 2713
0.01111111111109219 0.001285522279348257 2714
0.01111111111109219 0.001353195065049187 2715
0.01111111111109219 0.001424589854199526 2716
0.01111111111109219 0.00149991137185858 2717
0.01111111111109219 0.001579375564656545 2718
0.01111111111109219 0.001663210273043904 2719
0.01111111111109219 0.001751655892805121 2720
0.01111111111109219 0.001844966030134215 2721
0.01111111111109219 0.001943408229263549 2722
0.01111111111109219 0.002047264751513933 2723
0.01111111111109219 0.002156833374036222 2724
0.01111111111109219 0.002272428262435021 2725
0.01111111111109219 0.002394380875726116 2726
0.01111111111109219 0.002523040890571718 2727
0.01111111111109219 0.00265877719677794 2728
0.01111111111109219 0.002801979004164433 2729
0.01111111111109219 0.002953056912514464 2730
0.01111111111109219 0.003112444094727602 2731
0.01111111111109219 0.003280597572935684 2732
0.01111111111109219 0.003457999497659123 2733
0.01111111111109219 0.003645158528389268 2734
0.01111111111109219 0.00384261129822904 2735
0.01111111111109219 0.004050923981905446 2736
0.01111111111109219 0.004270693872454154 2737
0.01111111111109219 0.004502551103055443 2738
0.01111111111109219 0.004747160481520353 2739
0.01111111111109219 0.005005223381597966 2740
0.01111111111109219 0.005277479732212418 2741
0.01111111111109219 0.005564710179816858 2742
0.01111111111109219 0.005867738300451535 2743
0.01111111111109219 0.006187432954952757 2744
0.01111111111109219 0.006524710817731458 2745
0.01111111111109219 0.00688053897013661 2746
0.01111111111109219 0.007255937673742897 2747
0.01111111111109219 0.007651983305783291 2748
0.01111111111109219 0.008069811445348447 2749
0.01111111111109219 0.008510620139155279 2750
0.01111111111109219 0.008975673309940096 2751
0.01111111111109219 0.009466304401344734 2752
0.01111111111109219 0.009983920216629371 2753
0.01111111111109219 0.01053000490270287 2754
0.01111111111109219 0.01110612424891558 2755
0.01111111111109219 0.01171393015807425 2756
0.01111111111109219 0.01235516537916829 2757
0.01111111111109219 0.01303166853448767 2758
0.01111111111109219 0.01374537938036723 2759
0.01111111111109219 0.0144983443130774 2760
0.01111111111109219 0.01529272230936847 2761
0.01111111111109219 0.01613079110341873 2762
0.01111111111109219 0.01701495367749814 2763
0.01111111111109219 0.017947745188805 2764
0.01111111111109219 0.01893184023151273 2765
0.01111111111109219 0.01997006050103631 2766
0.01111111111109219 0.02106538289552766 2767
0.01111111111109219 0.02222094801676215 2768
0.01111111111109219 0.02344006921465306 2769
0.01111111111109219 0.02472624209260174 2770
0.01111111111109219 0.02608315448511037 2771
0.01111111111109219 0.02751469705055613 2772
0.01111111111109219 0.02902497444525769 2773
0.01111111111109219 0.03061831709550228 2774
0.01111111111109219 0.03229929360185355 2775
0.01111111111109219 0.03407272381553741 2776
0.01111111111109219 0.03594369269223667 2777
0.01111111111109219 0.03791756486840223 2778
0.01212121212119144 0.000524469077178182 2779
0.01212121212119144 0.0005502839425664055 2780
0.01212121212119144 0.0005775186245474289 2781
0.01212121212119144 0.0006062512155539122 2782
0.01212121212119144 0.0006365640954159178 2783
0.01212121212119144 0.000668544186568419 2784
0.01212121212119144 0.0007022831824442376 2785
0.01212121212119144 0.000737877822587533 2786
0.01212121212119144 0.0007754301627741597 2787
0.01212121212119144 0.0008150478773858252 2788
0.01212121212119144 0.0008568445617014505 2789
0.01212121212119144 0.0009009400682493469 2790
0.01212121212119144 0.0009474608327928966 2791
0.01212121212119144 0.0009965402350515275 2792
0.01212121212119144 0.001048319002333215 2793
0.01212121212119144 0.001102945607106628 2794
0.01212121212119144 0.001160576677719914 2795
0.01212121212119144 0.001221377454015973 2796
0.01212121212119144 0.001285522279348257 2797
0.01212121212119144 0.001353195065049187 2798
0.01212121212119144 0.001424589854199526 2799
0.01212121212119144 0.00149991137185858 2800
0.01212121212119144 0.001579375564656545 2801
0.01212121212119144 0.001663210273043904 2802
0.01212121212119144 0.00175165589280512 2803
0.01212121212119144 0.001844966030134214 2804
0.01212121212119144 0.001943408229263549 2805
0.01212121212119144 0.002047264751513933 2806
0.01212121212119144 0.002156833374036222 2807
0.01212121212119144 0.002272428262435021 2808
0.01212121212119144 0.002394380875726116 2809
0.01212121212119144 0.002523040890571719 2810
0.01212121212119144 0.00265877719677794 2811
0.01212121212119144 0.002801979004164433 2812
0.01212121212119144 0.002953056912514464 2813
0.01212121212119144 0.003112444094727602 2814
0.01212121212119144 0.003280597572935684 2815
0.01212121212119144 0.003457999497659123 2816
0.01212121212119144 0.003645158528389267 2817
0.01212121212119144 0.003842611298229041 2818
0.01212121212119144 0.004050923981905447 2819
0.01212121212119144 0.004270693872454154 2820
0.01212121212119144 0.004502551103055443 2821
0.01212121212119144 0.004747160481520353 2822
0.01212121212119144 0.005005223381597966 2823
0.01212121212119144 0.005277479732212417 2824
0.01212121212119144 0.005564710179816859 2825
0.01212121212119144 0.005867738300451534 2826
0.01212121212119144 0.006187432954952757 2827
0.01212121212119144 0.006524710817731459 2828
0.01212121212119144 0.00688053897013661 2829
0.01212121212119144 0.007255937673742898 2830
0.01212121212119144 0.00765198330578329 2831
0.01212121212119144 0.008069811445348447 2832
0.01212121212119144 0.008510620139155279 2833
0.01212121212119144 0.008975673309940093 2834
0.01212121212119144 0.009466304401344734 2835
0.01212121212119144 0.009983920216629371 2836
0.01212121212119144 0.01053000490270287 2837
0.01212121212119144 0.01110612424891559 2838
0.01212121212119144 0.01171393015807425 2839
0.01212121212119144 0.01235516537916828 2840
0.01212121212119144 0.01303166853448766 2841
0.01212121212119144 0.01374537938036723 2842
0.01212121212119144 0.0144983443130774 2843
0.01212121212119144 0.01529272230936847 2844
0.01212121212119144 0.01613079110341873 2845
0.01212121212119144 0.01701495367749814 2846
0.01212121212119144 0.017947745188805 2847
0.01212121212119144 0.01893184023151273 2848
0.01212121212119144 0.01997006050103631 2849
0.01212121212119144 0.02106538289552766 2850
0.01212121212119144 0.02222094801676215 2851
0.01212121212119144 0.02344006921465306 2852
0.01212121212119144 0.02472624209260175 2853
0.01212121212119144 0.02608315448511037 2854
0.01212121212119144 0.02751469705055613 2855
0.01212121212119144 0.02902497444525769 2856
0.01212121212119144 0.03061831709550228 2857
0.01212121212119144 0.03229929360185356 2858
0.01212121212119144 0.03407272381553741 2859
0.01212121212119144 0.03594369269223666 2860
0.01212121212119144 0.03791756486840221 2861
0.01313131313129016 0.0005244690771781821 2862
0.01313131313129016 0.0005502839425664057 2863
0.01313131313129015 0.0005775186245474289 2864
0.01313131313129015 0.0006062512155539122 2865
0.01313131313129016 0.0006365640954159178 2866
0.01313131313129015 0.000668544186568419 2867
0.01313131313129016 0.0007022831824442376 2868
0.01313131313129015 0.000737877822587533 2869
0.01313131313129015 0.0007754301627741597 2870
0.01313131313129016 0.0008150478773858252 2871
0.01313131313129015 0.0008568445617014506 2872
0.01313131313129016 0.0009009400682493467 2873
0.01313131313129016 0.0009474608327928967 2874
0.01313131313129015 0.0009965402350515275 2875
0.01313131313129015 0.001048319002333215 2876
0.01313131313129015 0.001102945607106628 2877
0.01313131313129016 0.001160576677719914 2878
0.01313131313129016 0.001221377454015973 2879
0.01313131313129016 0.001285522279348257 2880
0.01313131313129015 0.001353195065049187 2881
0.01313131313129016 0.001424589854199526 2882
0.01313131313129016 0.00149991137185858 2883
0.01313131313129015 0.001579375564656545 2884
0.01313131313129015 0.001663210273043904 2885
0.01313131313129015 0.00175165589280512 2886
0.01313131313129015 0.001844966030134214 2887
0.01313131313129015 0.001943408229263549 2888
0.01313131313129015 0.002047264751513933 2889
0.01313131313129015 0.002156833374036222 2890
0.01313131313129016 0.002272428262435021 2891
0.01313131313129015 0.002394380875726116 2892
0.01313131313129015 0.002523040890571719 2893
0.01313131313129015 0.002658777196777941 2894
0.01313131313129015 0.002801979004164433 2895
0.01313131313129015 0.002953056912514464 2896
0.01313131313129015 0.003112444094727602 2897
0.01313131313129015 0.003280597572935684 2898
0.01313131313129016 0.003457999497659124 2899
0.01313131313129015 0.003645158528389267 2900
0.01313131313129016 0.003842611298229041 2901
0.01313131313129015 0.004050923981905447 2902
0.01313131313129015 0.004270693872454155 2903
0.01313131313129015 0.004502551103055443 2904
0.01313131313129015 0.004747160481520353 2905
0.01313131313129015 0.005005223381597967 2906
0.01313131313129015 0.005277479732212418 2907
0.01313131313129016 0.005564710179816858 2908
0.01313131313129015 0.005867738300451534 2909
0.01313131313129015 0.006187432954952757 2910
0.01313131313129015 0.00652471081773146 2911
0.01313131313129015 0.006880538970136611 2912
0.01313131313129015 0.007255937673742896 2913
0.01313131313129015 0.00765198330578329 2914
0.01313131313129015 0.008069811445348449 2915
0.01313131313129015 0.008510620139155279 2916
0.01313131313129015 0.008975673309940094 2917
0.01313131313129015 0.009466304401344734 2918
0.01313131313129015 0.009983920216629371 2919
0.01313131313129015 0.01053000490270287 2920
0.01313131313129016 0.01110612424891558 2921
0.01313131313129015 0.01171393015807425 2922
0.01313131313129015 0.01235516537916829 2923
0.01313131313129015 0.01303166853448766 2924
0.01313131313129015 0.01374537938036723 2925
0.01313131313129016 0.0144983443130774 2926
0.01313131313129015 0.01529272230936847 2927
0.01313131313129015 0.01613079110341873 2928
0.01313131313129015 0.01701495367749814 2929
0.01313131313129015 0.017947745188805 2930
0.01313131313129015 0.01893184023151274 2931
0.01313131313129015 0.0199700605010363 2932
0.01313131313129015 0.02106538289552766 2933
0.01313131313129015 0.02222094801676216 2934
0.01313131313129015 0.02344006921465306 2935
0.01313131313129015 0.02472624209260175 2936
0.01313131313129015 0.02608315448511037 2937
0.01313131313129015 0.02751469705055613 2938
0.01313131313129015 0.02902497444525768 2939
0.01313131313129016 0.03061831709550227 2940
0.01313131313129015 0.03229929360185355 2941
0.01313131313129015 0.03407272381553741 2942
0.01313131313129015 0.03594369269223666 2943
0.01313131313129015 0.03791756486840223 2944
0.01414141414138833 0.000524469077178182 2945
0.01414141414138832 0.0005502839425664055 2946
0.01414141414138833 0.0005775186245474289 2947
0.01414141414138832 0.0006062512155539122 2948
0.01414141414138833 0.0006365640954159178 2949
0.01414141414138833 0.0006685441865684192 2950
0.01414141414138832 0.0007022831824442376 2951
0.01414141414138833 0.000737877822587533 2952
0.01414141414138833 0.0007754301627741597 2953
0.01414141414138832 0.0008150478773858254 2954
0.01414141414138833 0.0008568445617014506 2955
0.01414141414138833 0.0009009400682493471 2956
0.01414141414138833 0.0009474608327928967 2957
0.01414141414138833 0.0009965402350515275 2958
0.01414141414138832 0.001048319002333215 2959
0.01414141414138833 0.001102945607106628 2960
0.01414141414138833 0.001160576677719914 2961
0.01414141414138833 0.001221377454015973 2962
0.01414141414138833 0.001285522279348257 2963
0.01414141414138833 0.001353195065049187 2964
0.01414141414138833 0.001424589854199526 2965
0.01414141414138833 0.001499911371858581 2966
0.01414141414138833 0.001579375564656545 2967
0.01414141414138833 0.001663210273043904 2968
0.01414141414138833 0.00175165589280512 2969
0.01414141414138833 0.001844966030134215 2970
0.01414141414138833 0.001943408229263549 2971
0.01414141414138833 0.002047264751513933 2972
0.01414141414138833 0.002156833374036222 2973
0.01414141414138833 0.002272428262435021 2974
0.01414141414138832 0.002394380875726116 2975
0.01414141414138833 0.002523040890571719 2976
0.01414141414138833 0.00265877719677794 2977
0.01414141414138833 0.002801979004164433 2978
0.01414141414138833 0.002953056912514463 2979
0.01414141414138833 0.003112444094727602 2980
0.01414141414138833 0.003280597572935684 2981
0.01414141414138833 0.003457999497659123 2982
0.01414141414138832 0.003645158528389268 2983
0.01414141414138833 0.003842611298229041 2984
0.01414141414138833 0.004050923981905447 2985
0.01414141414138833 0.004270693872454155 2986
0.01414141414138832 0.004502551103055443 2987
0.01414141414138833 0.004747160481520353 2988
0.01414141414138832 0.005005223381597966 2989
0.01414141414138832 0.005277479732212417 2990
0.01414141414138833 0.005564710179816858 2991
0.01414141414138833 0.005867738300451534 2992
0.01414141414138833 0.006187432954952757 2993
0.01414141414138832 0.006524710817731458 2994
0.01414141414138833 0.006880538970136609 2995
0.01414141414138833 0.007255937673742898 2996
0.01414141414138833 0.00765198330578329 2997
0.01414141414138833 0.008069811445348447 2998
0.01414141414138833 0.008510620139155279 2999
0.01414141414138833 0.008975673309940093 3000
0.01414141414138833 0.009466304401344734 3001
0.01414141414138833 0.009983920216629371 3002
0.01414141414138833 0.01053000490270287 3003
0.01414141414138833 0.01110612424891558 3004
0.01414141414138833 0.01171393015807425 3005
0.01414141414138832 0.01235516537916829 3006
0.01414141414138833 0.01303166853448766 3007
0.01414141414138833 0.01374537938036723 3008
0.01414141414138833 0.0144983443130774 3009
0.01414141414138833 0.01529272230936847 3010
0.01414141414138833 0.01613079110341873 3011
0.01414141414138833 0.01701495367749814 3012
0.01414141414138833 0.017947745188805 3013
0.01414141414138833 0.01893184023151274 3014
0.01414141414138833 0.01997006050103632 3015
0.01414141414138833 0.02106538289552766 3016
0.01414141414138833 0.02222094801676215 3017
0.01414141414138833 0.02344006921465306 3018
0.01414141414138833 0.02472624209260174 3019
0.01414141414138833 0.02608315448511038 3020
0.01414141414138832 0.02751469705055613 3021
0.01414141414138833 0.02902497444525769 3022
0.01414141414138833 0.03061831709550227 3023
0.01414141414138833 0.03229929360185355 3024
0.01414141414138833 0.03407272381553741 3025
0.01414141414138833 0.03594369269223666 3026
0.01414141414138832 0.03791756486840221 3027
0.01515151515148643 0.000524469077178182 3028
0.01515151515148644 0.0005502839425664055 3029
0.01515151515148644 0.0005775186245474289 3030
0.01515151515148644 0.0006062512155539122 3031
0.01515151515148644 0.0006365640954159178 3032
0.01515151515148644 0.000668544186568419 3033
0.01515151515148644 0.0007022831824442376 3034
0.01515151515148644 0.000737877822587533 3035
0.01515151515148644 0.0007754301627741597 3036
0.01515151515148644 0.0008150478773858252 3037
0.01515151515148644 0.0008568445617014504 3038
0.01515151515148644 0.0009009400682493467 3039
0.01515151515148644 0.0009474608327928967 3040
0.01515151515148644 0.0009965402350515275 3041
0.01515151515148644 0.001048319002333215 3042
0.01515151515148644 0.001102945607106628 3043
0.01515151515148644 0.001160576677719914 3044
0.01515151515148644 0.001221377454015973 3045
0.01515151515148644 0.001285522279348257 3046
0.01515151515148644 0.001353195065049187 3047
0.01515151515148644 0.001424589854199526 3048
0.01515151515148644 0.00149991137185858 3049
0.01515151515148644 0.001579375564656545 3050
0.01515151515148644 0.001663210273043904 3051
0.01515151515148644 0.00175165589280512 3052
0.01515151515148644 0.001844966030134214 3053
0.01515151515148644 0.001943408229263549 3054
0.01515151515148644 0.002047264751513933 3055
0.01515151515148644 0.002156833374036222 3056
0.01515151515148644 0.002272428262435021 3057
0.01515151515148644 0.002394380875726116 3058
0.01515151515148644 0.002523040890571719 3059
0.01515151515148644 0.00265877719677794 3060
0.01515151515148644 0.002801979004164433 3061
0.01515151515148644 0.002953056912514464 3062
0.01515151515148644 0.003112444094727602 3063
0.01515151515148644 0.003280597572935684 3064
0.01515151515148644 0.003457999497659121 3065
0.01515151515148644 0.003645158528389267 3066
0.01515151515148644 0.003842611298229041 3067
0.01515151515148644 0.004050923981905447 3068
0.01515151515148644 0.004270693872454154 3069
0.01515151515148644 0.004502551103055443 3070
0.01515151515148644 0.004747160481520353 3071
0.01515151515148644 0.005005223381597966 3072
0.01515151515148644 0.005277479732212417 3073
0.01515151515148644 0.005564710179816858 3074
0.01515151515148644 0.005867738300451534 3075
0.01515151515148644 0.006187432954952757 3076
0.01515151515148644 0.006524710817731459 3077
0.01515151515148644 0.00688053897013661 3078
0.01515151515148644 0.007255937673742898 3079
0.01515151515148644 0.007651983305783291 3080
0.01515151515148644 0.008069811445348447 3081
0.01515151515148644 0.008510620139155279 3082
0.01515151515148644 0.008975673309940093 3083
0.01515151515148644 0.009466304401344734 3084
0.01515151515148644 0.009983920216629371 3085
0.01515151515148644 0.01053000490270287 3086
0.01515151515148644 0.01110612424891558 3087
0.01515151515148644 0.01171393015807425 3088
0.01515151515148644 0.01235516537916829 3089
0.01515151515148644 0.01303166853448766 3090
0.01515151515148644 0.01374537938036723 3091
0.01515151515148644 0.0144983443130774 3092
0.01515151515148644 0.01529272230936846 3093
0.01515151515148644 0.01613079110341873 3094
0.01515151515148644 0.01701495367749814 3095
0.01515151515148644 0.017947745188805 3096
0.01515151515148644 0.01893184023151273 3097
0.01515151515148644 0.01997006050103631 3098
0.01515151515148644 0.02106538289552767 3099
0.01515151515148644 0.02222094801676216 3100
0.01515151515148644 0.02344006921465306 3101
0.01515151515148644 0.02472624209260174 3102
0.01515151515148644 0.02608315448511038 3103
0.01515151515148644 0.02751469705055612 3104
0.01515151515148644 0.02902497444525769 3105
0.01515151515148644 0.03061831709550226 3106
0.01515151515148644 0.03229929360185356 3107
0.01515151515148644 0.03407272381553741 3108
0.01515151515148644 0.03594369269223666 3109
0.01515151515148644 0.03791756486840221 3110
0.01616161616158455 0.000524469077178182 3111
0.01616161616158455 0.0005502839425664056 3112
0.01616161616158455 0.0005775186245474289 3113
0.01616161616158455 0.0006062512155539122 3114
0.01616161616158455 0.0006365640954159178 3115
0.01616161616158455 0.000668544186568419 3116
0.01616161616158455 0.0007022831824442376 3117
0.01616161616158456 0.000737877822587533 3118
0.01616161616158454 0.0007754301627741597 3119
0.01616161616158455 0.0008150478773858254 3120
0.01616161616158455 0.0008568445617014504 3121
0.01616161616158456 0.000900940068249347 3122
0.01616161616158455 0.0009474608327928967 3123
0.01616161616158454 0.0009965402350515275 3124
0.01616161616158455 0.001048319002333215 3125
0.01616161616158455 0.001102945607106628 3126
0.01616161616158456 0.001160576677719914 3127
0.01616161616158455 0.001221377454015973 3128
0.01616161616158454 0.001285522279348257 3129
0.01616161616158455 0.001353195065049187 3130
0.01616161616158455 0.001424589854199526 3131
0.01616161616158455 0.00149991137185858 3132
0.01616161616158456 0.001579375564656545 3133
0.01616161616158455 0.001663210273043904 3134
0.01616161616158455 0.00175165589280512 3135
0.01616161616158454 0.001844966030134215 3136
0.01616161616158455 0.001943408229263549 3137
0.01616161616158455 0.002047264751513933 3138
0.01616161616158455 0.002156833374036222 3139
0.01616161616158455 0.002272428262435021 3140
0.01616161616158455 0.002394380875726116 3141
0.01616161616158455 0.002523040890571719 3142
0.01616161616158455 0.002658777196777941 3143
0.01616161616158455 0.002801979004164433 3144
0.01616161616158455 0.002953056912514463 3145
0.01616161616158455 0.003112444094727602 3146
0.01616161616158455 0.003280597572935684 3147
0.01616161616158455 0.003457999497659123 3148
0.01616161616158455 0.003645158528389266 3149
0.01616161616158455 0.003842611298229041 3150
0.01616161616158455 0.004050923981905447 3151
0.01616161616158455 0.004270693872454154 3152
0.01616161616158455 0.004502551103055443 3153
0.01616161616158455 0.004747160481520353 3154
0.01616161616158455 0.005005223381597966 3155
0.01616161616158455 0.005277479732212417 3156
0.01616161616158455 0.005564710179816858 3157
0.01616161616158455 0.005867738300451534 3158
0.01616161616158455 0.006187432954952757 3159
0.01616161616158455 0.006524710817731459 3160
0.01616161616158455 0.00688053897013661 3161
0.01616161616158455 0.007255937673742898 3162
0.01616161616158455 0.00765198330578329 3163
0.01616161616158455 0.008069811445348447 3164
0.01616161616158455 0.008510620139155279 3165
0.01616161616158455 0.008975673309940093 3166
0.01616161616158455 0.009466304401344734 3167
0.01616161616158455 0.009983920216629371 3168
0.01616161616158455 0.01053000490270287 3169
0.01616161616158455 0.01110612424891558 3170
0.01616161616158455 0.01171393015807425 3171
0.01616161616158455 0.01235516537916829 3172
0.01616161616158455 0.01303166853448766 3173
0.01616161616158455 0.01374537938036723 3174
0.01616161616158455 0.0144983443130774 3175
0.01616161616158455 0.01529272230936847 3176
0.01616161616158455 0.01613079110341873 3177
0.01616161616158455 0.01701495367749814 3178
0.01616161616158455 0.017947745188805 3179
0.01616161616158455 0.01893184023151274 3180
0.01616161616158455 0.01997006050103631 3181
0.01616161616158455 0.02106538289552766 3182
0.01616161616158455 0.02222094801676216 3183
0.01616161616158455 0.02344006921465306 3184
0.01616161616158455 0.02472624209260175 3185
0.01616161616158455 0.02608315448511037 3186
0.01616161616158455 0.02751469705055613 3187
0.01616161616158455 0.02902497444525769 3188
0.01616161616158455 0.03061831709550226 3189
0.01616161616158455 0.03229929360185356 3190
0.01616161616158455 0.03407272381553741 3191
0.01616161616158455 0.03594369269223666 3192
0.01616161616158455 0.03791756486840221 3193
0.01717171717168266 0.000524469077178182 3194
0.01717171717168266 0.0005502839425664056 3195
0.01717171717168265 0.0005775186245474289 3196
0.01717171717168266 0.0006062512155539123 3197
0.01717171717168266 0.000636564095415918 3198
0.01717171717168267 0.0006685441865684191 3199
0.01717171717168266 0.0007022831824442376 3200
0.01717171717168266 0.000737877822587533 3201
0.01717171717168265 0.0007754301627741597 3202
0.01717171717168267 0.0008150478773858253 3203
0.01717171717168266 0.0008568445617014506 3204
0.01717171717168266 0.0009009400682493469 3205
0.01717171717168267 0.0009474608327928968 3206
0.01717171717168266 0.0009965402350515275 3207
0.01717171717168266 0.001048319002333215 3208
0.01717171717168266 0.001102945607106628 3209
0.01717171717168266 0.001160576677719914 3210
0.01717171717168265 0.001221377454015973 3211
0.01717171717168266 0.001285522279348257 3212
0.01717171717168266 0.001353195065049187 3213
0.01717171717168266 0.001424589854199526 3214
0.01717171717168265 0.00149991137185858 3215
0.01717171717168266 0.001579375564656545 3216
0.01717171717168266 0.001663210273043904 3217
0.01717171717168266 0.00175165589280512 3218
0.01717171717168266 0.001844966030134214 3219
0.01717171717168266 0.001943408229263549 3220
0.01717171717168266 0.002047264751513933 3221
0.01717171717168266 0.002156833374036222 3222
0.01717171717168266 0.002272428262435021 3223
0.01717171717168266 0.002394380875726115 3224
0.01717171717168266 0.002523040890571719 3225
0.01717171717168266 0.002658777196777941 3226
0.01717171717168266 0.002801979004164433 3227
0.01717171717168266 0.002953056912514463 3228
0.01717171717168266 0.003112444094727603 3229
0.01717171717168266 0.003280597572935684 3230
0.01717171717168266 0.003457999497659122 3231
0.01717171717168266 0.003645158528389268 3232
0.01717171717168266 0.003842611298229041 3233
0.01717171717168266 0.004050923981905447 3234
0.01717171717168266 0.004270693872454152 3235
0.01717171717168266 0.004502551103055443 3236
0.01717171717168266 0.004747160481520354 3237
0.01717171717168266 0.005005223381597967 3238
0.01717171717168265 0.005277479732212419 3239
0.01717171717168266 0.005564710179816858 3240
0.01717171717168266 0.005867738300451534 3241
0.01717171717168266 0.006187432954952757 3242
0.01717171717168266 0.00652471081773146 3243
0.01717171717168266 0.006880538970136611 3244
0.01717171717168266 0.007255937673742898 3245
0.01717171717168266 0.007651983305783288 3246
0.01717171717168266 0.008069811445348447 3247
0.01717171717168266 0.008510620139155279 3248
0.01717171717168266 0.008975673309940094 3249
0.01717171717168266 0.009466304401344735 3250
0.01717171717168266 0.009983920216629373 3251
0.01717171717168266 0.01053000490270287 3252
0.01717171717168265 0.01110612424891558 3253
0.01717171717168266 0.01171393015807425 3254
0.01717171717168266 0.01235516537916828 3255
0.01717171717168266 0.01303166853448766 3256
0.01717171717168266 0.01374537938036723 3257
0.01717171717168267 0.0144983443130774 3258
0.01717171717168266 0.01529272230936847 3259
0.01717171717168266 0.01613079110341873 3260
0.01717171717168266 0.01701495367749814 3261
0.01717171717168266 0.017947745188805 3262
0.01717171717168266 0.01893184023151273 3263
0.01717171717168266 0.01997006050103631 3264
0.01717171717168266 0.02106538289552766 3265
0.01717171717168266 0.02222094801676216 3266
0.01717171717168266 0.02344006921465306 3267
0.01717171717168266 0.02472624209260175 3268
0.01717171717168266 0.02608315448511037 3269
0.01717171717168266 0.02751469705055613 3270
0.01717171717168266 0.02902497444525769 3271
0.01717171717168266 0.03061831709550226 3272
0.01717171717168266 0.03229929360185355 3273
0.01717171717168266 0.03407272381553742 3274
0.01717171717168266 0.03594369269223667 3275
0.01717171717168266 0.03791756486840222 3276
0.01818181818178059 0.000524469077178182 3277
0.01818181818178059 0.0005502839425664057 3278
0.0181818181817806 0.0005775186245474289 3279
0.01818181818178059 0.0006062512155539123 3280
0.01818181818178059 0.0006365640954159178 3281
0.01818181818178059 0.0006685441865684192 3282
0.01818181818178059 0.0007022831824442376 3283
0.01818181818178059 0.000737877822587533 3284
0.01818181818178059 0.0007754301627741596 3285
0.01818181818178059 0.0008150478773858252 3286
0.01818181818178058 0.0008568445617014506 3287
0.01818181818178059 0.0009009400682493467 3288
0.01818181818178059 0.0009474608327928966 3289
0.01818181818178059 0.0009965402350515275 3290
0.0181818181817806 0.001048319002333215 3291
0.01818181818178059 0.001102945607106628 3292
0.01818181818178059 0.001160576677719914 3293
0.0181818181817806 0.001221377454015974 3294
0.01818181818178059 0.001285522279348257 3295
0.01818181818178059 0.001353195065049187 3296
0.01818181818178058 0.001424589854199526 3297
0.01818181818178059 0.001499911371858581 3298
0.01818181818178059 0.001579375564656545 3299
0.01818181818178059 0.001663210273043904 3300
0.0181818181817806 0.001751655892805121 3301
0.01818181818178059 0.001844966030134214 3302
0.01818181818178059 0.001943408229263549 3303
0.01818181818178059 0.002047264751513933 3304
0.0181818181817806 0.002156833374036222 3305
0.01818181818178059 0.002272428262435021 3306
0.01818181818178059 0.002394380875726116 3307
0.01818181818178058 0.002523040890571719 3308
0.01818181818178058 0.002658777196777941 3309
0.01818181818178059 0.002801979004164433 3310
0.01818181818178058 0.002953056912514464 3311
0.01818181818178059 0.003112444094727602 3312
0.01818181818178059 0.003280597572935684 3313
0.0181818181817806 0.003457999497659123 3314
0.01818181818178058 0.003645158528389267 3315
0.01818181818178059 0.003842611298229041 3316
0.01818181818178058 0.004050923981905447 3317
0.01818181818178059 0.004270693872454154 3318
0.01818181818178059 0.004502551103055443 3319
0.01818181818178059 0.004747160481520353 3320
0.01818181818178059 0.005005223381597966 3321
0.01818181818178058 0.005277479732212418 3322
0.0181818181817806 0.005564710179816858 3323
0.01818181818178059 0.005867738300451535 3324
0.01818181818178059 0.006187432954952757 3325
0.01818181818178059 0.006524710817731458 3326
0.01818181818178059 0.00688053897013661 3327
0.01818181818178059 0.007255937673742898 3328
0.01818181818178059 0.00765198330578329 3329
0.01818181818178059 0.008069811445348447 3330
0.0181818181817806 0.008510620139155279 3331
0.01818181818178059 0.008975673309940093 3332
0.0181818181817806 0.009466304401344734 3333
0.01818181818178059 0.009983920216629371 3334
0.01818181818178059 0.01053000490270288 3335
0.01818181818178059 0.01110612424891558 3336
0.01818181818178059 0.01171393015807425 3337
0.01818181818178059 0.01235516537916829 3338
0.01818181818178059 0.01303166853448766 3339
0.01818181818178059 0.01374537938036723 3340
0.01818181818178059 0.01449834431307739 3341
0.01818181818178059 0.01529272230936846 3342
0.01818181818178059 0.01613079110341873 3343
0.0181818181817806 0.01701495367749814 3344
0.01818181818178058 0.017947745188805 3345
0.01818181818178059 0.01893184023151273 3346
0.01818181818178059 0.01997006050103631 3347
0.01818181818178059 0.02106538289552767 3348
0.01818181818178059 0.02222094801676215 3349
0.01818181818178059 0.02344006921465306 3350
0.01818181818178059 0.02472624209260175 3351
0.01818181818178059 0.02608315448511037 3352
0.01818181818178059 0.02751469705055613 3353
0.01818181818178059 0.02902497444525769 3354
0.01818181818178059 0.03061831709550228 3355
0.01818181818178059 0.03229929360185355 3356
0.01818181818178059 0.03407272381553741 3357
0.01818181818178059 0.03594369269223666 3358
0.01818181818178059 0.03791756486840221 3359
0.01919191919187783 0.0005244690771781819 3360
0.01919191919187782 0.0005502839425664055 3361
0.01919191919187783 0.0005775186245474288 3362
0.01919191919187782 0.0006062512155539121 3363
0.01919191919187782 0.0006365640954159178 3364
0.01919191919187783 0.000668544186568419 3365
0.01919191919187782 0.0007022831824442376 3366
0.01919191919187782 0.0007378778225875329 3367
0.01919191919187782 0.0007754301627741597 3368
0.01919191919187782 0.0008150478773858252 3369
0.01919191919187782 0.0008568445617014504 3370
0.01919191919187782 0.0009009400682493467 3371
0.01919191919187782 0.0009474608327928966 3372
0.01919191919187782 0.0009965402350515275 3373
0.01919191919187782 0.001048319002333215 3374
0.01919191919187782 0.001102945607106628 3375
0.01919191919187782 0.001160576677719914 3376
0.01919191919187782 0.001221377454015973 3377
0.01919191919187782 0.001285522279348257 3378
0.01919191919187782 0.001353195065049187 3379
0.01919191919187781 0.001424589854199526 3380
0.01919191919187782 0.001499911371858581 3381
0.01919191919187782 0.001579375564656545 3382
0.01919191919187782 0.001663210273043904 3383
0.01919191919187781 0.00175165589280512 3384
0.01919191919187782 0.001844966030134214 3385
0.01919191919187782 0.001943408229263549 3386
0.01919191919187783 0.002047264751513933 3387
0.01919191919187782 0.002156833374036222 3388
0.01919191919187781 0.002272428262435021 3389
0.01919191919187782 0.002394380875726116 3390
0.01919191919187782 0.002523040890571719 3391
0.01919191919187782 0.002658777196777942 3392
0.01919191919187782 0.002801979004164433 3393
0.01919191919187782 0.002953056912514463 3394
0.01919191919187782 0.003112444094727602 3395
0.01919191919187782 0.003280597572935684 3396
0.01919191919187783 0.003457999497659123 3397
0.01919191919187782 0.003645158528389267 3398
0.01919191919187782 0.003842611298229041 3399
0.01919191919187782 0.004050923981905447 3400
0.01919191919187782 0.004270693872454154 3401
0.01919191919187782 0.004502551103055443 3402
0.01919191919187782 0.004747160481520353 3403
0.01919191919187783 0.005005223381597966 3404
0.01919191919187782 0.005277479732212417 3405
0.01919191919187782 0.005564710179816858 3406
0.01919191919187782 0.005867738300451535 3407
0.01919191919187782 0.006187432954952757 3408
0.01919191919187783 0.006524710817731458 3409
0.01919191919187782 0.006880538970136609 3410
0.01919191919187781 0.007255937673742897 3411
0.01919191919187782 0.00765198330578329 3412
0.01919191919187782 0.008069811445348447 3413
0.01919191919187782 0.008510620139155278 3414
0.01919191919187782 0.008975673309940093 3415
0.01919191919187782 0.009466304401344734 3416
0.01919191919187782 0.009983920216629371 3417
0.01919191919187782 0.01053000490270287 3418
0.01919191919187782 0.01110612424891558 3419
0.01919191919187782 0.01171393015807425 3420
0.01919191919187782 0.01235516537916828 3421
0.01919191919187782 0.01303166853448766 3422
0.01919191919187782 0.01374537938036723 3423
0.01919191919187782 0.0144983443130774 3424
0.01919191919187782 0.01529272230936846 3425
0.01919191919187782 0.01613079110341873 3426
0.01919191919187782 0.01701495367749814 3427
0.01919191919187782 0.017947745188805 3428
0.01919191919187782 0.01893184023151273 3429
0.01919191919187782 0.01997006050103631 3430
0.01919191919187782 0.02106538289552766 3431
0.01919191919187782 0.02222094801676215 3432
0.01919191919187782 0.02344006921465306 3433
0.01919191919187782 0.02472624209260175 3434
0.01919191919187782 0.02608315448511038 3435
0.01919191919187782 0.02751469705055613 3436
0.01919191919187782 0.02902497444525769 3437
0.01919191919187782 0.03061831709550226 3438
0.01919191919187782 0.03229929360185355 3439
0.01919191919187782 0.03407272381553741 3440
0.01919191919187782 0.03594369269223666 3441
0.01919191919187782 0.03791756486840223 3442
0.02020202020197564 0.0005244690771781821 3443
0.02020202020197564 0.0005502839425664055 3444
0.02020202020197564 0.0005775186245474288 3445
0.02020202020197564 0.0006062512155539123 3446
0.02020202020197564 0.0006365640954159178 3447
0.02020202020197563 0.000668544186568419 3448
0.02020202020197565 0.0007022831824442376 3449
0.02020202020197564 0.000737877822587533 3450
0.02020202020197564 0.0007754301627741596 3451
0.02020202020197564 0.0008150478773858252 3452
0.02020202020197564 0.0008568445617014506 3453
0.02020202020197564 0.0009009400682493469 3454
0.02020202020197564 0.0009474608327928967 3455
0.02020202020197564 0.0009965402350515275 3456
0.02020202020197564 0.001048319002333215 3457
0.02020202020197563 0.001102945607106628 3458
0.02020202020197563 0.001160576677719914 3459
0.02020202020197564 0.001221377454015973 3460
0.02020202020197565 0.001285522279348257 3461
0.02020202020197564 0.001353195065049187 3462
0.02020202020197564 0.001424589854199526 3463
0.02020202020197564 0.001499911371858581 3464
0.02020202020197564 0.001579375564656545 3465
0.02020202020197564 0.001663210273043904 3466
0.02020202020197564 0.00175165589280512 3467
0.02020202020197564 0.001844966030134214 3468
0.02020202020197565 0.001943408229263549 3469
0.02020202020197564 0.002047264751513933 3470
0.02020202020197565 0.002156833374036222 3471
0.02020202020197565 0.002272428262435021 3472
0.02020202020197564 0.002394380875726116 3473
0.02020202020197564 0.002523040890571719 3474
0.02020202020197564 0.002658777196777942 3475
0.02020202020197564 0.002801979004164433 3476
0.02020202020197565 0.002953056912514464 3477
0.02020202020197564 0.003112444094727602 3478
0.02020202020197565 0.003280597572935684 3479
0.02020202020197564 0.003457999497659123 3480
0.02020202020197564 0.003645158528389267 3481
0.02020202020197564 0.003842611298229041 3482
0.02020202020197563 0.004050923981905447 3483
0.02020202020197564 0.004270693872454154 3484
0.02020202020197564 0.004502551103055443 3485
0.02020202020197564 0.004747160481520353 3486
0.02020202020197564 0.005005223381597966 3487
0.02020202020197564 0.005277479732212417 3488
0.02020202020197564 0.005564710179816858 3489
0.02020202020197564 0.005867738300451535 3490
0.02020202020197563 0.006187432954952757 3491
0.02020202020197564 0.006524710817731458 3492
0.02020202020197564 0.00688053897013661 3493
0.02020202020197564 0.007255937673742897 3494
0.02020202020197564 0.00765198330578329 3495
0.02020202020197564 0.008069811445348447 3496
0.02020202020197564 0.008510620139155279 3497
0.02020202020197564 0.008975673309940093 3498
0.02020202020197564 0.009466304401344734 3499
0.02020202020197564 0.009983920216629371 3500
0.02020202020197564 0.01053000490270287 3501
0.02020202020197564 0.01110612424891558 3502
0.02020202020197564 0.01171393015807425 3503
0.02020202020197564 0.01235516537916829 3504
0.02020202020197564 0.01303166853448766 3505
0.02020202020197564 0.01374537938036723 3506
0.02020202020197564 0.0144983443130774 3507
0.02020202020197564 0.01529272230936847 3508
0.02020202020197564 0.01613079110341873 3509
0.02020202020197564 0.01701495367749814 3510
0.02020202020197564 0.017947745188805 3511
0.02020202020197564 0.01893184023151273 3512
0.02020202020197564 0.01997006050103631 3513
0.02020202020197564 0.02106538289552766 3514
0.02020202020197564 0.02222094801676215 3515
0.02020202020197564 0.02344006921465306 3516
0.02020202020197564 0.02472624209260175 3517
0.02020202020197564 0.02608315448511037 3518
0.02020202020197564 0.02751469705055612 3519
0.02020202020197564 0.02902497444525769 3520
0.02020202020197564 0.03061831709550227 3521
0.02020202020197564 0.03229929360185355 3522
0.02020202020197564 0.03407272381553741 3523
0.02020202020197564 0.03594369269223666 3524
0.02020202020197564 0.03791756486840222 3525
0.02121212121207375 0.000524469077178182 3526
0.02121212121207375 0.0005502839425664056 3527
0.02121212121207375 0.0005775186245474288 3528
0.02121212121207375 0.0006062512155539123 3529
0.02121212121207375 0.0006365640954159178 3530
0.02121212121207375 0.000668544186568419 3531
0.02121212121207375 0.0007022831824442376 3532
0.02121212121207375 0.000737877822587533 3533
0.02121212121207375 0.0007754301627741597 3534
0.02121212121207375 0.0008150478773858252 3535
0.02121212121207375 0.0008568445617014506 3536
0.02121212121207374 0.0009009400682493467 3537
0.02121212121207375 0.0009474608327928965 3538
0.02121212121207375 0.0009965402350515275 3539
0.02121212121207375 0.001048319002333215 3540
0.02121212121207376 0.001102945607106628 3541
0.02121212121207375 0.001160576677719914 3542
0.02121212121207375 0.001221377454015973 3543
0.02121212121207376 0.001285522279348257 3544
0.02121212121207375 0.001353195065049187 3545
0.02121212121207375 0.001424589854199526 3546
0.02121212121207374 0.00149991137185858 3547
0.02121212121207375 0.001579375564656545 3548
0.02121212121207375 0.001663210273043904 3549
0.02121212121207375 0.00175165589280512 3550
0.02121212121207375 0.001844966030134214 3551
0.02121212121207375 0.001943408229263549 3552
0.02121212121207375 0.002047264751513933 3553
0.02121212121207375 0.002156833374036222 3554
0.02121212121207376 0.002272428262435021 3555
0.02121212121207374 0.002394380875726116 3556
0.02121212121207375 0.002523040890571719 3557
0.02121212121207375 0.002658777196777941 3558
0.02121212121207375 0.002801979004164433 3559
0.02121212121207375 0.002953056912514464 3560
0.02121212121207375 0.003112444094727602 3561
0.02121212121207376 0.003280597572935684 3562
0.02121212121207375 0.003457999497659122 3563
0.02121212121207375 0.003645158528389267 3564
0.02121212121207376 0.003842611298229041 3565
0.02121212121207375 0.004050923981905447 3566
0.02121212121207375 0.004270693872454154 3567
0.02121212121207375 0.004502551103055443 3568
0.02121212121207375 0.004747160481520354 3569
0.02121212121207375 0.005005223381597967 3570
0.02121212121207375 0.005277479732212418 3571
0.02121212121207374 0.005564710179816858 3572
0.02121212121207374 0.005867738300451535 3573
0.02121212121207375 0.006187432954952758 3574
0.02121212121207375 0.006524710817731458 3575
0.02121212121207375 0.006880538970136611 3576
0.02121212121207375 0.007255937673742897 3577
0.02121212121207375 0.007651983305783292 3578
0.02121212121207375 0.008069811445348447 3579
0.02121212121207375 0.008510620139155281 3580
0.02121212121207375 0.008975673309940094 3581
0.02121212121207375 0.009466304401344734 3582
0.02121212121207375 0.009983920216629371 3583
0.02121212121207375 0.01053000490270287 3584
0.02121212121207374 0.01110612424891558 3585
0.02121212121207375 0.01171393015807425 3586
0.02121212121207375 0.01235516537916828 3587
0.02121212121207374 0.01303166853448766 3588
0.02121212121207375 0.01374537938036723 3589
0.02121212121207375 0.0144983443130774 3590
0.02121212121207375 0.01529272230936847 3591
0.02121212121207375 0.01613079110341873 3592
0.02121212121207375 0.01701495367749814 3593
0.02121212121207375 0.017947745188805 3594
0.02121212121207375 0.01893184023151273 3595
0.02121212121207375 0.01997006050103631 3596
0.02121212121207375 0.02106538289552766 3597
0.02121212121207375 0.02222094801676216 3598
0.02121212121207375 0.02344006921465306 3599
0.02121212121207375 0.02472624209260174 3600
0.02121212121207375 0.02608315448511036 3601
0.02121212121207375 0.02751469705055613 3602
0.02121212121207375 0.02902497444525769 3603
0.02121212121207375 0.03061831709550226 3604
0.02121212121207375 0.03229929360185355 3605
0.02121212121207375 0.03407272381553741 3606
0.02121212121207375 0.03594369269223666 3607
0.02121212121207375 0.03791756486840222 3608
0.02222222222217186 0.000524469077178182 3609
0.02222222222217186 0.0005502839425664057 3610
0.02222222222217186 0.0005775186245474289 3611
0.02222222222217186 0.0006062512155539122 3612
0.02222222222217186 0.0006365640954159178 3613
0.02222222222217186 0.0006685441865684191 3614
0.02222222222217186 0.0007022831824442376 3615
0.02222222222217186 0.0007378778225875329 3616
0.02222222222217186 0.0007754301627741597 3617
0.02222222222217186 0.0008150478773858252 3618
0.02222222222217187 0.0008568445617014506 3619
0.02222222222217186 0.000900940068249347 3620
0.02222222222217186 0.0009474608327928967 3621
0.02222222222217186 0.0009965402350515275 3622
0.02222222222217186 0.001048319002333215 3623
0.02222222222217186 0.001102945607106628 3624
0.02222222222217186 0.001160576677719914 3625
0.02222222222217187 0.001221377454015973 3626
0.02222222222217186 0.001285522279348257 3627
0.02222222222217186 0.001353195065049187 3628
0.02222222222217186 0.001424589854199526 3629
0.02222222222217186 0.00149991137185858 3630
0.02222222222217186 0.001579375564656545 3631
0.02222222222217186 0.001663210273043904 3632
0.02222222222217186 0.00175165589280512 3633
0.02222222222217186 0.001844966030134214 3634
0.02222222222217186 0.001943408229263549 3635
0.02222222222217186 0.002047264751513933 3636
0.02222222222217186 0.002156833374036222 3637
0.02222222222217186 0.002272428262435021 3638
0.02222222222217186 0.002394380875726116 3639
0.02222222222217186 0.002523040890571719 3640
0.02222222222217186 0.002658777196777941 3641
0.02222222222217186 0.002801979004164433 3642
0.02222222222217186 0.002953056912514464 3643
0.02222222222217186 0.003112444094727602 3644
0.02222222222217186 0.003280597572935684 3645
0.02222222222217185 0.003457999497659122 3646
0.02222222222217187 0.003645158528389267 3647
0.02222222222217186 0.003842611298229041 3648
0.02222222222217187 0.004050923981905447 3649
0.02222222222217186 0.004270693872454154 3650
0.02222222222217186 0.004502551103055443 3651
0.02222222222217186 0.004747160481520353 3652
0.02222222222217186 0.005005223381597966 3653
0.02222222222217186 0.005277479732212418 3654
0.02222222222217186 0.005564710179816858 3655
0.02222222222217186 0.005867738300451535 3656
0.02222222222217185 0.006187432954952758 3657
0.02222222222217186 0.006524710817731459 3658
0.02222222222217186 0.006880538970136611 3659
0.02222222222217186 0.007255937673742897 3660
0.02222222222217185 0.007651983305783291 3661
0.02222222222217186 0.008069811445348447 3662
0.02222222222217186 0.008510620139155281 3663
0.02222222222217186 0.008975673309940093 3664
0.02222222222217186 0.009466304401344735 3665
0.02222222222217186 0.009983920216629371 3666
0.02222222222217186 0.01053000490270287 3667
0.02222222222217186 0.01110612424891558 3668
0.02222222222217185 0.01171393015807425 3669
0.02222222222217186 0.01235516537916829 3670
0.02222222222217186 0.01303166853448766 3671
0.02222222222217186 0.01374537938036723 3672
0.02222222222217186 0.0144983443130774 3673
0.02222222222217185 0.01529272230936847 3674
0.02222222222217186 0.01613079110341873 3675
0.02222222222217187 0.01701495367749814 3676
0.02222222222217186 0.017947745188805 3677
0.02222222222217186 0.01893184023151273 3678
0.02222222222217186 0.01997006050103631 3679
0.02222222222217186 0.02106538289552767 3680
0.02222222222217186 0.02222094801676215 3681
0.02222222222217186 0.02344006921465306 3682
0.02222222222217186 0.02472624209260175 3683
0.02222222222217186 0.02608315448511037 3684
0.02222222222217186 0.02751469705055612 3685
0.02222222222217186 0.02902497444525769 3686
0.02222222222217186 0.03061831709550226 3687
0.02222222222217186 0.03229929360185355 3688
0.02222222222217186 0.03407272381553741 3689
0.02222222222217186 0.03594369269223666 3690
0.02222222222217186 0.03791756486840222 3691
0.02323232323226998 0.000524469077178182 3692
0.02323232323226997 0.0005502839425664055 3693
0.02323232323226997 0.0005775186245474289 3694
0.02323232323226997 0.0006062512155539122 3695
0.02323232323226997 0.0006365640954159178 3696
0.02323232323226997 0.000668544186568419 3697
0.02323232323226997 0.0007022831824442376 3698
0.02323232323226997 0.000737877822587533 3699
0.02323232323226997 0.0007754301627741597 3700
0.02323232323226997 0.0008150478773858252 3701
0.02323232323226997 0.0008568445617014506 3702
0.02323232323226997 0.0009009400682493467 3703
0.02323232323226997 0.0009474608327928967 3704
0.02323232323226997 0.0009965402350515275 3705
0.02323232323226997 0.001048319002333215 3706
0.02323232323226997 0.001102945607106628 3707
0.02323232323226997 0.001160576677719914 3708
0.02323232323226997 0.001221377454015973 3709
0.02323232323226998 0.001285522279348257 3710
0.02323232323226997 0.001353195065049187 3711
0.02323232323226997 0.001424589854199526 3712
0.02323232323226997 0.001499911371858581 3713
0.02323232323226997 0.001579375564656545 3714
0.02323232323226997 0.001663210273043904 3715
0.02323232323226997 0.00175165589280512 3716
0.02323232323226997 0.001844966030134214 3717
0.02323232323226997 0.001943408229263549 3718
0.02323232323226997 0.002047264751513933 3719
0.02323232323226997 0.002156833374036222 3720
0.02323232323226997 0.002272428262435021 3721
0.02323232323226997 0.002394380875726116 3722
0.02323232323226997 0.002523040890571719 3723
0.02323232323226997 0.00265877719677794 3724
0.02323232323226997 0.002801979004164433 3725
0.02323232323226997 0.002953056912514464 3726
0.02323232323226997 0.003112444094727602 3727
0.02323232323226997 0.003280597572935684 3728
0.02323232323226997 0.003457999497659123 3729
0.02323232323226998 0.003645158528389267 3730
0.02323232323226996 0.003842611298229041 3731
0.02323232323226997 0.004050923981905447 3732
0.02323232323226997 0.004270693872454154 3733
0.02323232323226997 0.004502551103055443 3734
0.02323232323226997 0.004747160481520353 3735
0.02323232323226997 0.005005223381597966 3736
0.02323232323226997 0.005277479732212417 3737
0.02323232323226997 0.005564710179816858 3738
0.02323232323226997 0.005867738300451535 3739
0.02323232323226997 0.006187432954952757 3740
0.02323232323226997 0.006524710817731458 3741
0.02323232323226997 0.00688053897013661 3742
0.02323232323226997 0.007255937673742898 3743
0.02323232323226997 0.007651983305783291 3744
0.02323232323226997 0.008069811445348447 3745
0.02323232323226998 0.008510620139155279 3746
0.02323232323226997 0.008975673309940093 3747
0.02323232323226997 0.009466304401344735 3748
0.02323232323226997 0.009983920216629371 3749
0.02323232323226997 0.01053000490270288 3750
0.02323232323226997 0.01110612424891559 3751
0.02323232323226997 0.01171393015807425 3752
0.02323232323226997 0.01235516537916828 3753
0.02323232323226997 0.01303166853448766 3754
0.02323232323226997 0.01374537938036723 3755
0.02323232323226996 0.0144983443130774 3756
0.02323232323226997 0.01529272230936846 3757
0.02323232323226997 0.01613079110341873 3758
0.02323232323226997 0.01701495367749814 3759
0.02323232323226997 0.017947745188805 3760
0.02323232323226997 0.01893184023151273 3761
0.02323232323226997 0.01997006050103631 3762
0.02323232323226997 0.02106538289552766 3763
0.02323232323226998 0.02222094801676216 3764
0.02323232323226997 0.02344006921465306 3765
0.02323232323226997 0.02472624209260174 3766
0.02323232323226997 0.02608315448511037 3767
0.02323232323226997 0.02751469705055613 3768
0.02323232323226997 0.02902497444525769 3769
0.02323232323226997 0.03061831709550227 3770
0.02323232323226997 0.03229929360185355 3771
0.02323232323226997 0.03407272381553741 3772
0.02323232323226997 0.03594369269223666 3773
0.02323232323226997 0.03791756486840222 3774
0.02424242424236808 0.000524469077178182 3775
0.02424242424236808 0.0005502839425664056 3776
0.02424242424236808 0.000577518624547429 3777
0.02424242424236808 0.0006062512155539122 3778
0.02424242424236808 0.0006365640954159178 3779
0.02424242424236808 0.0006685441865684191 3780
0.02424242424236809 0.0007022831824442376 3781
0.02424242424236809 0.0007378778225875331 3782
0.02424242424236808 0.0007754301627741597 3783
0.02424242424236808 0.0008150478773858253 3784
0.02424242424236808 0.0008568445617014506 3785
0.02424242424236809 0.0009009400682493467 3786
0.02424242424236808 0.0009474608327928968 3787
0.02424242424236808 0.0009965402350515275 3788
0.02424242424236808 0.001048319002333215 3789
0.02424242424236808 0.001102945607106628 3790
0.02424242424236808 0.001160576677719914 3791
0.02424242424236808 0.001221377454015973 3792
0.02424242424236809 0.001285522279348257 3793
0.02424242424236808 0.001353195065049187 3794
0.02424242424236808 0.001424589854199526 3795
0.02424242424236808 0.00149991137185858 3796
0.02424242424236808 0.001579375564656545 3797
0.02424242424236808 0.001663210273043904 3798
0.02424242424236808 0.00175165589280512 3799
0.02424242424236808 0.001844966030134214 3800
0.02424242424236808 0.001943408229263549 3801
0.02424242424236808 0.002047264751513933 3802
0.02424242424236808 0.002156833374036222 3803
0.02424242424236808 0.002272428262435021 3804
0.02424242424236808 0.002394380875726116 3805
0.02424242424236808 0.002523040890571719 3806
0.02424242424236808 0.002658777196777941 3807
0.02424242424236808 0.002801979004164433 3808
0.02424242424236808 0.002953056912514464 3809
0.02424242424236808 0.003112444094727602 3810
0.02424242424236808 0.003280597572935684 3811
0.02424242424236808 0.003457999497659122 3812
0.02424242424236808 0.003645158528389267 3813
0.02424242424236808 0.003842611298229041 3814
0.02424242424236808 0.004050923981905447 3815
0.02424242424236808 0.004270693872454154 3816
0.02424242424236808 0.004502551103055443 3817
0.02424242424236808 0.004747160481520354 3818
0.02424242424236808 0.005005223381597966 3819
0.02424242424236807 0.005277479732212418 3820
0.02424242424236808 0.005564710179816859 3821
0.02424242424236809 0.005867738300451535 3822
0.02424242424236808 0.006187432954952758 3823
0.02424242424236808 0.00652471081773146 3824
0.02424242424236808 0.006880538970136611 3825
0.02424242424236809 0.007255937673742896 3826
0.02424242424236808 0.007651983305783288 3827
0.02424242424236808 0.008069811445348449 3828
0.02424242424236808 0.008510620139155279 3829
0.02424242424236808 0.008975673309940089 3830
0.02424242424236808 0.009466304401344735 3831
0.02424242424236808 0.009983920216629373 3832
0.02424242424236807 0.01053000490270287 3833
0.02424242424236808 0.01110612424891558 3834
0.02424242424236808 0.01171393015807425 3835
0.02424242424236809 0.01235516537916828 3836
0.02424242424236808 0.01303166853448766 3837
0.02424242424236808 0.01374537938036723 3838
0.02424242424236809 0.0144983443130774 3839
0.02424242424236808 0.01529272230936847 3840
0.02424242424236808 0.01613079110341874 3841
0.02424242424236808 0.01701495367749814 3842
0.02424242424236808 0.017947745188805 3843
0.02424242424236808 0.01893184023151273 3844
0.02424242424236808 0.01997006050103631 3845
0.02424242424236808 0.02106538289552766 3846
0.02424242424236808 0.02222094801676216 3847
0.02424242424236808 0.02344006921465306 3848
0.02424242424236808 0.02472624209260174 3849
0.02424242424236808 0.02608315448511037 3850
0.02424242424236808 0.02751469705055613 3851
0.02424242424236808 0.02902497444525769 3852
0.02424242424236808 0.03061831709550226 3853
0.02424242424236808 0.03229929360185355 3854
0.02424242424236808 0.03407272381553741 3855
0.02424242424236808 0.03594369269223666 3856
0.02424242424236808 0.03791756486840221 3857
0.0252525252524662 0.000524469077178182 3858
0.02525252525246619 0.0005502839425664056 3859
0.0252525252524662 0.0005775186245474289 3860
0.02525252525246618 0.0006062512155539123 3861
0.0252525252524662 0.000636564095415918 3862
0.02525252525246619 0.0006685441865684191 3863
0.02525252525246619 0.0007022831824442376 3864
0.0252525252524662 0.0007378778225875331 3865
0.02525252525246619 0.0007754301627741597 3866
0.02525252525246619 0.0008150478773858253 3867
0.02525252525246619 0.0008568445617014506 3868
0.02525252525246619 0.0009009400682493469 3869
0.0252525252524662 0.0009474608327928967 3870
0.02525252525246619 0.0009965402350515275 3871
0.02525252525246618 0.001048319002333215 3872
0.0252525252524662 0.001102945607106628 3873
0.0252525252524662 0.001160576677719914 3874
0.0252525252524662 0.001221377454015973 3875
0.02525252525246619 0.001285522279348257 3876
0.0252525252524662 0.001353195065049187 3877
0.02525252525246619 0.001424589854199526 3878
0.02525252525246618 0.00149991137185858 3879
0.02525252525246619 0.001579375564656545 3880
0.02525252525246619 0.001663210273043904 3881
0.0252525252524662 0.00175165589280512 3882
0.02525252525246619 0.001844966030134214 3883
0.02525252525246619 0.001943408229263549 3884
0.02525252525246619 0.002047264751513933 3885
0.02525252525246619 0.002156833374036222 3886
0.02525252525246619 0.002272428262435021 3887
0.02525252525246619 0.002394380875726115 3888
0.02525252525246619 0.002523040890571719 3889
0.02525252525246619 0.002658777196777941 3890
0.02525252525246619 0.002801979004164433 3891
0.02525252525246619 0.002953056912514463 3892
0.02525252525246619 0.003112444094727602 3893
0.02525252525246619 0.003280597572935684 3894
0.02525252525246619 0.003457999497659122 3895
0.02525252525246619 0.003645158528389267 3896
0.02525252525246619 0.003842611298229041 3897
0.02525252525246619 0.004050923981905447 3898
0.02525252525246619 0.004270693872454152 3899
0.0252525252524662 0.004502551103055443 3900
0.02525252525246619 0.004747160481520354 3901
0.02525252525246619 0.005005223381597966 3902
0.0252525252524662 0.005277479732212418 3903
0.02525252525246619 0.005564710179816858 3904
0.02525252525246619 0.005867738300451535 3905
0.02525252525246619 0.006187432954952757 3906
0.02525252525246619 0.006524710817731458 3907
0.02525252525246619 0.006880538970136611 3908
0.02525252525246619 0.007255937673742897 3909
0.02525252525246619 0.007651983305783291 3910
0.0252525252524662 0.008069811445348447 3911
0.0252525252524662 0.008510620139155281 3912
0.02525252525246619 0.008975673309940093 3913
0.02525252525246619 0.009466304401344735 3914
0.02525252525246619 0.009983920216629371 3915
0.02525252525246619 0.01053000490270287 3916
0.02525252525246619 0.01110612424891558 3917
0.02525252525246619 0.01171393015807425 3918
0.0252525252524662 0.01235516537916829 3919
0.02525252525246619 0.01303166853448766 3920
0.02525252525246619 0.01374537938036723 3921
0.02525252525246619 0.0144983443130774 3922
0.02525252525246619 0.01529272230936847 3923
0.02525252525246619 0.01613079110341873 3924
0.02525252525246619 0.01701495367749814 3925
0.02525252525246619 0.017947745188805 3926
0.02525252525246619 0.01893184023151273 3927
0.02525252525246619 0.01997006050103631 3928
0.02525252525246619 0.02106538289552766 3929
0.02525252525246619 0.02222094801676216 3930
0.02525252525246619 0.02344006921465306 3931
0.02525252525246619 0.02472624209260174 3932
0.02525252525246619 0.02608315448511037 3933
0.02525252525246619 0.02751469705055613 3934
0.02525252525246619 0.02902497444525768 3935
0.02525252525246619 0.03061831709550226 3936
0.02525252525246619 0.03229929360185355 3937
0.02525252525246619 0.03407272381553741 3938
0.02525252525246619 0.03594369269223665 3939
0.02525252525246619 0.03791756486840221 3940
0.0262626262625643 0.0005244690771781821 3941
0.02626262626256431 0.0005502839425664056 3942
0.02626262626256431 0.0005775186245474289 3943
0.0262626262625643 0.0006062512155539121 3944
0.02626262626256431 0.0006365640954159178 3945
0.0262626262625643 0.000668544186568419 3946
0.0262626262625643 0.0007022831824442376 3947
0.0262626262625643 0.000737877822587533 3948
0.0262626262625643 0.0007754301627741597 3949
0.02626262626256431 0.0008150478773858253 3950
0.0262626262625643 0.0008568445617014506 3951
0.0262626262625643 0.0009009400682493467 3952
0.02626262626256431 0.0009474608327928967 3953
0.0262626262625643 0.0009965402350515275 3954
0.0262626262625643 0.001048319002333215 3955
0.0262626262625643 0.001102945607106628 3956
0.02626262626256431 0.001160576677719914 3957
0.0262626262625643 0.001221377454015973 3958
0.0262626262625643 0.001285522279348257 3959
0.0262626262625643 0.001353195065049187 3960
0.0262626262625643 0.001424589854199526 3961
0.02626262626256431 0.001499911371858581 3962
0.0262626262625643 0.001579375564656545 3963
0.02626262626256431 0.001663210273043904 3964
0.0262626262625643 0.00175165589280512 3965
0.0262626262625643 0.001844966030134214 3966
0.0262626262625643 0.001943408229263549 3967
0.0262626262625643 0.002047264751513933 3968
0.0262626262625643 0.002156833374036222 3969
0.0262626262625643 0.002272428262435021 3970
0.0262626262625643 0.002394380875726116 3971
0.0262626262625643 0.002523040890571719 3972
0.0262626262625643 0.00265877719677794 3973
0.0262626262625643 0.002801979004164433 3974
0.0262626262625643 0.002953056912514463 3975
0.0262626262625643 0.003112444094727602 3976
0.0262626262625643 0.003280597572935684 3977
0.0262626262625643 0.003457999497659123 3978
0.02626262626256431 0.003645158528389267 3979
0.02626262626256431 0.003842611298229041 3980
0.0262626262625643 0.004050923981905447 3981
0.0262626262625643 0.004270693872454154 3982
0.0262626262625643 0.004502551103055443 3983
0.0262626262625643 0.004747160481520353 3984
0.02626262626256431 0.005005223381597966 3985
0.0262626262625643 0.005277479732212417 3986
0.0262626262625643 0.005564710179816858 3987
0.0262626262625643 0.005867738300451535 3988
0.0262626262625643 0.006187432954952757 3989
0.02626262626256431 0.006524710817731459 3990
0.0262626262625643 0.00688053897013661 3991
0.02626262626256431 0.007255937673742898 3992
0.0262626262625643 0.00765198330578329 3993
0.02626262626256431 0.008069811445348447 3994
0.0262626262625643 0.008510620139155279 3995
0.0262626262625643 0.008975673309940093 3996
0.02626262626256431 0.009466304401344734 3997
0.0262626262625643 0.009983920216629371 3998
0.0262626262625643 0.01053000490270287 3999
0.0262626262625643 0.01110612424891558 4000
0.0262626262625643 0.01171393015807425 4001
0.02626262626256431 0.01235516537916829 4002
0.0262626262625643 0.01303166853448766 4003
0.0262626262625643 0.01374537938036723 4004
0.02626262626256431 0.0144983443130774 4005
0.0262626262625643 0.01529272230936846 4006
0.02626262626256431 0.01613079110341873 4007
0.0262626262625643 0.01701495367749814 4008
0.02626262626256431 0.017947745188805 4009
0.0262626262625643 0.01893184023151273 4010
0.0262626262625643 0.01997006050103631 4011
0.02626262626256431 0.02106538289552766 4012
0.0262626262625643 0.02222094801676215 4013
0.0262626262625643 0.02344006921465306 4014
0.02626262626256431 0.02472624209260174 4015
0.0262626262625643 0.02608315448511037 4016
0.0262626262625643 0.02751469705055613 4017
0.02626262626256431 0.02902497444525769 4018
0.02626262626256429 0.03061831709550226 4019
0.0262626262625643 0.03229929360185356 4020
0.0262626262625643 0.03407272381553741 4021
0.0262626262625643 0.03594369269223666 4022
0.0262626262625643 0.03791756486840222 4023
0.02727272727266242 0.0005244690771781821 4024
0.02727272727266241 0.0005502839425664055 4025
0.02727272727266242 0.0005775186245474289 4026
0.02727272727266242 0.0006062512155539122 4027
0.02727272727266242 0.0006365640954159178 4028
0.02727272727266241 0.000668544186568419 4029
0.02727272727266242 0.0007022831824442376 4030
0.02727272727266242 0.0007378778225875329 4031
0.02727272727266242 0.0007754301627741596 4032
0.02727272727266241 0.0008150478773858252 4033
0.02727272727266242 0.0008568445617014506 4034
0.02727272727266242 0.000900940068249347 4035
0.02727272727266242 0.0009474608327928966 4036
0.02727272727266241 0.0009965402350515273 4037
0.02727272727266242 0.001048319002333215 4038
0.02727272727266241 0.001102945607106628 4039
0.02727272727266242 0.001160576677719914 4040
0.02727272727266242 0.001221377454015973 4041
0.02727272727266241 0.001285522279348257 4042
0.02727272727266242 0.001353195065049187 4043
0.02727272727266242 0.001424589854199526 4044
0.02727272727266242 0.00149991137185858 4045
0.02727272727266241 0.001579375564656545 4046
0.02727272727266241 0.001663210273043904 4047
0.02727272727266242 0.001751655892805121 4048
0.02727272727266242 0.001844966030134215 4049
0.02727272727266242 0.001943408229263549 4050
0.02727272727266241 0.002047264751513933 4051
0.02727272727266241 0.002156833374036222 4052
0.02727272727266242 0.002272428262435021 4053
0.02727272727266242 0.002394380875726116 4054
0.02727272727266241 0.002523040890571719 4055
0.02727272727266242 0.00265877719677794 4056
0.02727272727266242 0.002801979004164433 4057
0.02727272727266241 0.002953056912514465 4058
0.02727272727266241 0.003112444094727602 4059
0.02727272727266242 0.003280597572935684 4060
0.02727272727266242 0.003457999497659123 4061
0.02727272727266241 0.003645158528389268 4062
0.02727272727266242 0.003842611298229041 4063
0.02727272727266241 0.004050923981905447 4064
0.02727272727266241 0.004270693872454156 4065
0.02727272727266241 0.004502551103055443 4066
0.02727272727266242 0.004747160481520353 4067
0.02727272727266241 0.005005223381597966 4068
0.02727272727266242 0.005277479732212417 4069
0.02727272727266241 0.005564710179816858 4070
0.02727272727266241 0.005867738300451534 4071
0.02727272727266242 0.006187432954952757 4072
0.02727272727266242 0.006524710817731458 4073
0.02727272727266241 0.00688053897013661 4074
0.02727272727266241 0.007255937673742898 4075
0.02727272727266242 0.007651983305783291 4076
0.02727272727266241 0.008069811445348447 4077
0.02727272727266241 0.008510620139155279 4078
0.02727272727266242 0.008975673309940096 4079
0.02727272727266241 0.009466304401344734 4080
0.02727272727266242 0.009983920216629371 4081
0.02727272727266242 0.01053000490270288 4082
0.02727272727266241 0.01110612424891558 4083
0.02727272727266242 0.01171393015807425 4084
0.02727272727266242 0.01235516537916829 4085
0.02727272727266242 0.01303166853448766 4086
0.02727272727266241 0.01374537938036723 4087
0.02727272727266241 0.01449834431307739 4088
0.02727272727266242 0.01529272230936846 4089
0.02727272727266242 0.01613079110341873 4090
0.02727272727266242 0.01701495367749814 4091
0.02727272727266242 0.017947745188805 4092
0.02727272727266242 0.01893184023151273 4093
0.02727272727266242 0.01997006050103632 4094
0.02727272727266242 0.02106538289552767 4095
0.02727272727266241 0.02222094801676215 4096
0.02727272727266242 0.02344006921465306 4097
0.02727272727266242 0.02472624209260174 4098
0.02727272727266241 0.02608315448511037 4099
0.02727272727266242 0.02751469705055613 4100
0.02727272727266242 0.02902497444525769 4101
0.02727272727266241 0.03061831709550228 4102
0.02727272727266242 0.03229929360185355 4103
0.02727272727266241 0.03407272381553741 4104
0.02727272727266242 0.03594369269223666 4105
0.02727272727266241 0.03791756486840223 4106
0.02828282828276052 0.0005244690771781819 4107
0.02828282828276052 0.0005502839425664057 4108
0.02828282828276052 0.0005775186245474289 4109
0.02828282828276052 0.0006062512155539121 4110
0.02828282828276052 0.0006365640954159178 4111
0.02828282828276052 0.000668544186568419 4112
0.02828282828276052 0.0007022831824442376 4113
0.02828282828276052 0.0007378778225875329 4114
0.02828282828276052 0.0007754301627741597 4115
0.02828282828276052 0.0008150478773858252 4116
0.02828282828276052 0.0008568445617014506 4117
0.02828282828276052 0.0009009400682493467 4118
0.02828282828276051 0.0009474608327928966 4119
0.02828282828276053 0.0009965402350515273 4120
0.02828282828276052 0.001048319002333215 4121
0.02828282828276052 0.001102945607106628 4122
0.02828282828276051 0.001160576677719914 4123
0.02828282828276052 0.001221377454015973 4124
0.02828282828276052 0.001285522279348257 4125
0.02828282828276053 0.001353195065049187 4126
0.02828282828276052 0.001424589854199526 4127
0.02828282828276052 0.00149991137185858 4128
0.02828282828276052 0.001579375564656545 4129
0.02828282828276052 0.001663210273043904 4130
0.02828282828276051 0.00175165589280512 4131
0.02828282828276052 0.001844966030134214 4132
0.02828282828276051 0.001943408229263549 4133
0.02828282828276052 0.002047264751513933 4134
0.02828282828276052 0.002156833374036222 4135
0.02828282828276051 0.002272428262435021 4136
0.02828282828276052 0.002394380875726116 4137
0.02828282828276052 0.002523040890571719 4138
0.02828282828276052 0.002658777196777941 4139
0.02828282828276052 0.002801979004164433 4140
0.02828282828276052 0.002953056912514464 4141
0.02828282828276052 0.003112444094727602 4142
0.02828282828276052 0.003280597572935684 4143
0.02828282828276052 0.003457999497659123 4144
0.02828282828276052 0.003645158528389267 4145
0.02828282828276052 0.003842611298229041 4146
0.02828282828276052 0.004050923981905447 4147
0.02828282828276052 0.004270693872454154 4148
0.02828282828276052 0.004502551103055443 4149
0.02828282828276052 0.004747160481520353 4150
0.02828282828276052 0.005005223381597966 4151
0.02828282828276052 0.005277479732212418 4152
0.02828282828276052 0.005564710179816859 4153
0.02828282828276052 0.005867738300451534 4154
0.02828282828276052 0.006187432954952757 4155
0.02828282828276052 0.006524710817731458 4156
0.02828282828276052 0.00688053897013661 4157
0.02828282828276052 0.007255937673742898 4158
0.02828282828276052 0.007651983305783291 4159
0.02828282828276052 0.008069811445348447 4160
0.02828282828276052 0.008510620139155279 4161
0.02828282828276052 0.008975673309940093 4162
0.02828282828276052 0.009466304401344734 4163
0.02828282828276052 0.009983920216629371 4164
0.02828282828276052 0.01053000490270287 4165
0.02828282828276052 0.01110612424891558 4166
0.02828282828276052 0.01171393015807425 4167
0.02828282828276052 0.01235516537916829 4168
0.02828282828276052 0.01303166853448766 4169
0.02828282828276052 0.01374537938036723 4170
0.02828282828276051 0.0144983443130774 4171
0.02828282828276052 0.01529272230936847 4172
0.02828282828276052 0.01613079110341873 4173
0.02828282828276052 0.01701495367749814 4174
0.02828282828276052 0.017947745188805 4175
0.02828282828276052 0.01893184023151273 4176
0.02828282828276052 0.01997006050103631 4177
0.02828282828276052 0.02106538289552767 4178
0.02828282828276052 0.02222094801676216 4179
0.02828282828276052 0.02344006921465306 4180
0.02828282828276052 0.02472624209260174 4181
0.02828282828276052 0.02608315448511037 4182
0.02828282828276052 0.02751469705055613 4183
0.02828282828276052 0.02902497444525769 4184
0.02828282828276052 0.03061831709550227 4185
0.02828282828276052 0.03229929360185356 4186
0.02828282828276052 0.03407272381553741 4187
0.02828282828276052 0.03594369269223666 4188
0.02828282828276052 0.03791756486840222 4189
0.02929292929285864 0.0005244690771781819 4190
0.02929292929285864 0.0005502839425664055 4191
0.02929292929285864 0.0005775186245474289 4192
0.02929292929285864 0.0006062512155539121 4193
0.02929292929285864 0.0006365640954159178 4194
0.02929292929285864 0.000668544186568419 4195
0.02929292929285864 0.0007022831824442376 4196
0.02929292929285864 0.0007378778225875328 4197
0.02929292929285864 0.0007754301627741597 4198
0.02929292929285864 0.0008150478773858254 4199
0.02929292929285864 0.0008568445617014506 4200
0.02929292929285863 0.0009009400682493471 4201
0.02929292929285863 0.0009474608327928967 4202
0.02929292929285863 0.0009965402350515275 4203
0.02929292929285864 0.001048319002333215 4204
0.02929292929285864 0.001102945607106628 4205
0.02929292929285863 0.001160576677719914 4206
0.02929292929285864 0.001221377454015973 4207
0.02929292929285864 0.001285522279348257 4208
0.02929292929285864 0.001353195065049187 4209
0.02929292929285864 0.001424589854199526 4210
0.02929292929285864 0.00149991137185858 4211
0.02929292929285864 0.001579375564656545 4212
0.02929292929285864 0.001663210273043904 4213
0.02929292929285864 0.00175165589280512 4214
0.02929292929285864 0.001844966030134215 4215
0.02929292929285863 0.001943408229263549 4216
0.02929292929285864 0.002047264751513933 4217
0.02929292929285863 0.002156833374036222 4218
0.02929292929285863 0.002272428262435021 4219
0.02929292929285864 0.002394380875726116 4220
0.02929292929285864 0.002523040890571719 4221
0.02929292929285865 0.00265877719677794 4222
0.02929292929285864 0.002801979004164433 4223
0.02929292929285864 0.002953056912514465 4224
0.02929292929285864 0.003112444094727602 4225
0.02929292929285864 0.003280597572935684 4226
0.02929292929285864 0.003457999497659123 4227
0.02929292929285864 0.003645158528389266 4228
0.02929292929285865 0.003842611298229041 4229
0.02929292929285864 0.004050923981905447 4230
0.02929292929285864 0.004270693872454154 4231
0.02929292929285864 0.004502551103055443 4232
0.02929292929285864 0.004747160481520353 4233
0.02929292929285864 0.005005223381597966 4234
0.02929292929285864 0.005277479732212417 4235
0.02929292929285864 0.005564710179816858 4236
0.02929292929285864 0.005867738300451534 4237
0.02929292929285863 0.006187432954952757 4238
0.02929292929285864 0.006524710817731459 4239
0.02929292929285864 0.00688053897013661 4240
0.02929292929285864 0.007255937673742898 4241
0.02929292929285864 0.00765198330578329 4242
0.02929292929285864 0.008069811445348447 4243
0.02929292929285864 0.008510620139155279 4244
0.02929292929285864 0.008975673309940093 4245
0.02929292929285863 0.009466304401344734 4246
0.02929292929285864 0.009983920216629371 4247
0.02929292929285865 0.01053000490270287 4248
0.02929292929285864 0.01110612424891558 4249
0.02929292929285864 0.01171393015807425 4250
0.02929292929285864 0.01235516537916828 4251
0.02929292929285864 0.01303166853448766 4252
0.02929292929285864 0.01374537938036723 4253
0.02929292929285864 0.01449834431307739 4254
0.02929292929285864 0.01529272230936847 4255
0.02929292929285864 0.01613079110341873 4256
0.02929292929285864 0.01701495367749814 4257
0.02929292929285864 0.017947745188805 4258
0.02929292929285864 0.01893184023151273 4259
0.02929292929285864 0.01997006050103631 4260
0.02929292929285864 0.02106538289552767 4261
0.02929292929285864 0.02222094801676215 4262
0.02929292929285864 0.02344006921465306 4263
0.02929292929285864 0.02472624209260174 4264
0.02929292929285864 0.02608315448511037 4265
0.02929292929285864 0.02751469705055613 4266
0.02929292929285864 0.02902497444525769 4267
0.02929292929285864 0.03061831709550227 4268
0.02929292929285864 0.03229929360185355 4269
0.02929292929285864 0.03407272381553741 4270
0.02929292929285864 0.03594369269223667 4271
0.02929292929285864 0.03791756486840223 4272
0.03030303030295675 0.000524469077178182 4273
0.03030303030295675 0.0005502839425664055 4274
0.03030303030295675 0.0005775186245474289 4275
0.03030303030295676 0.0006062512155539123 4276
0.03030303030295675 0.0006365640954159177 4277
0.03030303030295675 0.000668544186568419 4278
0.03030303030295675 0.0007022831824442376 4279
0.03030303030295676 0.000737877822587533 4280
0.03030303030295675 0.0007754301627741597 4281
0.03030303030295675 0.0008150478773858251 4282
0.03030303030295675 0.0008568445617014506 4283
0.03030303030295675 0.0009009400682493467 4284
0.03030303030295674 0.0009474608327928967 4285
0.03030303030295675 0.0009965402350515275 4286
0.03030303030295675 0.001048319002333215 4287
0.03030303030295675 0.001102945607106628 4288
0.03030303030295675 0.001160576677719914 4289
0.03030303030295675 0.001221377454015973 4290
0.03030303030295675 0.001285522279348257 4291
0.03030303030295674 0.001353195065049187 4292
0.03030303030295675 0.001424589854199526 4293
0.03030303030295675 0.00149991137185858 4294
0.03030303030295675 0.001579375564656545 4295
0.03030303030295675 0.001663210273043904 4296
0.03030303030295675 0.00175165589280512 4297
0.03030303030295675 0.001844966030134215 4298
0.03030303030295676 0.001943408229263549 4299
0.03030303030295675 0.002047264751513933 4300
0.03030303030295675 0.002156833374036222 4301
0.03030303030295675 0.002272428262435021 4302
0.03030303030295675 0.002394380875726116 4303
0.03030303030295675 0.002523040890571719 4304
0.03030303030295675 0.002658777196777941 4305
0.03030303030295675 0.002801979004164433 4306
0.03030303030295676 0.002953056912514464 4307
0.03030303030295674 0.003112444094727602 4308
0.03030303030295674 0.003280597572935684 4309
0.03030303030295675 0.003457999497659123 4310
0.03030303030295675 0.003645158528389267 4311
0.03030303030295675 0.003842611298229041 4312
0.03030303030295675 0.004050923981905447 4313
0.03030303030295675 0.004270693872454154 4314
0.03030303030295674 0.004502551103055443 4315
0.03030303030295675 0.004747160481520353 4316
0.03030303030295675 0.005005223381597967 4317
0.03030303030295674 0.005277479732212418 4318
0.03030303030295675 0.005564710179816858 4319
0.03030303030295675 0.005867738300451535 4320
0.03030303030295675 0.006187432954952757 4321
0.03030303030295675 0.006524710817731459 4322
0.03030303030295675 0.00688053897013661 4323
0.03030303030295674 0.007255937673742898 4324
0.03030303030295674 0.00765198330578329 4325
0.03030303030295674 0.008069811445348447 4326
0.03030303030295675 0.008510620139155281 4327
0.03030303030295674 0.008975673309940093 4328
0.03030303030295675 0.009466304401344735 4329
0.03030303030295675 0.009983920216629371 4330
0.03030303030295676 0.01053000490270287 4331
0.03030303030295674 0.01110612424891558 4332
0.03030303030295675 0.01171393015807425 4333
0.03030303030295675 0.01235516537916829 4334
0.03030303030295675 0.01303166853448766 4335
0.03030303030295674 0.01374537938036723 4336
0.03030303030295674 0.0144983443130774 4337
0.03030303030295676 0.01529272230936847 4338
0.03030303030295675 0.01613079110341873 4339
0.03030303030295675 0.01701495367749814 4340
0.03030303030295674 0.017947745188805 4341
0.03030303030295675 0.01893184023151273 4342
0.03030303030295675 0.01997006050103631 4343
0.03030303030295675 0.02106538289552766 4344
0.03030303030295674 0.02222094801676216 4345
0.03030303030295675 0.02344006921465306 4346
0.03030303030295675 0.02472624209260174 4347
0.03030303030295676 0.02608315448511037 4348
0.03030303030295676 0.02751469705055613 4349
0.03030303030295676 0.02902497444525769 4350
0.03030303030295676 0.03061831709550227 4351
0.03030303030295676 0.03229929360185356 4352
0.03030303030295676 0.03407272381553741 4353
0.03030303030295675 0.03594369269223667 4354
0.03030303030295676 0.03791756486840222 4355
0.03131313131305485 0.000524469077178182 4356
0.03131313131305485 0.0005502839425664057 4357
0.03131313131305485 0.0005775186245474289 4358
0.03131313131305485 0.0006062512155539123 4359
0.03131313131305485 0.0006365640954159178 4360
0.03131313131305485 0.0006685441865684191 4361
0.03131313131305485 0.0007022831824442376 4362
0.03131313131305485 0.0007378778225875329 4363
0.03131313131305485 0.0007754301627741597 4364
0.03131313131305485 0.0008150478773858253 4365
0.03131313131305485 0.0008568445617014506 4366
0.03131313131305485 0.0009009400682493467 4367
0.03131313131305485 0.0009474608327928967 4368
0.03131313131305485 0.0009965402350515275 4369
0.03131313131305485 0.001048319002333215 4370
0.03131313131305485 0.001102945607106628 4371
0.03131313131305485 0.001160576677719914 4372
0.03131313131305485 0.001221377454015973 4373
0.03131313131305485 0.001285522279348257 4374
0.03131313131305485 0.001353195065049187 4375
0.03131313131305485 0.001424589854199526 4376
0.03131313131305485 0.00149991137185858 4377
0.03131313131305485 0.001579375564656545 4378
0.03131313131305485 0.001663210273043904 4379
0.03131313131305485 0.00175165589280512 4380
0.03131313131305485 0.001844966030134214 4381
0.03131313131305485 0.001943408229263549 4382
0.03131313131305485 0.002047264751513933 4383
0.03131313131305485 0.002156833374036222 4384
0.03131313131305485 0.002272428262435021 4385
0.03131313131305485 0.002394380875726116 4386
0.03131313131305485 0.002523040890571719 4387
0.03131313131305485 0.002658777196777941 4388
0.03131313131305485 0.002801979004164433 4389
0.03131313131305485 0.002953056912514464 4390
0.03131313131305485 0.003112444094727602 4391
0.03131313131305485 0.003280597572935684 4392
0.03131313131305485 0.003457999497659123 4393
0.03131313131305485 0.003645158528389267 4394
0.03131313131305485 0.003842611298229041 4395
0.03131313131305485 0.004050923981905447 4396
0.03131313131305485 0.004270693872454154 4397
0.03131313131305485 0.004502551103055443 4398
0.03131313131305485 0.004747160481520353 4399
0.03131313131305485 0.005005223381597966 4400
0.03131313131305485 0.005277479732212418 4401
0.03131313131305485 0.005564710179816858 4402
0.03131313131305485 0.005867738300451535 4403
0.03131313131305485 0.006187432954952757 4404
0.03131313131305485 0.006524710817731458 4405
0.03131313131305485 0.00688053897013661 4406
0.03131313131305485 0.007255937673742899 4407
0.03131313131305485 0.007651983305783291 4408
0.03131313131305485 0.008069811445348447 4409
0.03131313131305485 0.008510620139155279 4410
0.03131313131305485 0.008975673309940093 4411
0.03131313131305485 0.009466304401344734 4412
0.03131313131305485 0.009983920216629373 4413
0.03131313131305485 0.01053000490270287 4414
0.03131313131305485 0.01110612424891558 4415
0.03131313131305485 0.01171393015807425 4416
0.03131313131305485 0.01235516537916829 4417
0.03131313131305485 0.01303166853448766 4418
0.03131313131305485 0.01374537938036723 4419
0.03131313131305485 0.0144983443130774 4420
0.03131313131305485 0.01529272230936847 4421
0.03131313131305485 0.01613079110341873 4422
0.03131313131305485 0.01701495367749814 4423
0.03131313131305485 0.017947745188805 4424
0.03131313131305485 0.01893184023151273 4425
0.03131313131305485 0.01997006050103631 4426
0.03131313131305485 0.02106538289552766 4427
0.03131313131305485 0.02222094801676216 4428
0.03131313131305485 0.02344006921465306 4429
0.03131313131305485 0.02472624209260175 4430
0.03131313131305485 0.02608315448511036 4431
0.03131313131305485 0.02751469705055613 4432
0.03131313131305485 0.02902497444525769 4433
0.03131313131305485 0.03061831709550226 4434
0.03131313131305485 0.03229929360185356 4435
0.03131313131305485 0.03407272381553741 4436
0.03131313131305485 0.03594369269223666 4437
0.03131313131305485 0.03791756486840221 4438
0.03232323232315298 0.000524469077178182 4439
0.03232323232315297 0.0005502839425664056 4440
0.03232323232315297 0.000577518624547429 4441
0.03232323232315297 0.0006062512155539122 4442
0.03232323232315297 0.0006365640954159178 4443
0.03232323232315298 0.0006685441865684192 4444
0.03232323232315297 0.0007022831824442376 4445
0.03232323232315298 0.000737877822587533 4446
0.03232323232315297 0.0007754301627741597 4447
0.03232323232315297 0.0008150478773858252 4448
0.03232323232315296 0.0008568445617014506 4449
0.03232323232315296 0.0009009400682493469 4450
0.03232323232315297 0.0009474608327928968 4451
0.03232323232315297 0.0009965402350515275 4452
0.03232323232315299 0.001048319002333215 4453
0.03232323232315296 0.001102945607106628 4454
0.03232323232315298 0.001160576677719914 4455
0.03232323232315296 0.001221377454015973 4456
0.03232323232315296 0.001285522279348257 4457
0.03232323232315298 0.001353195065049187 4458
0.03232323232315297 0.001424589854199526 4459
0.03232323232315299 0.00149991137185858 4460
0.03232323232315297 0.001579375564656545 4461
0.03232323232315298 0.001663210273043904 4462
0.03232323232315297 0.001751655892805121 4463
0.03232323232315297 0.001844966030134214 4464
0.03232323232315297 0.001943408229263549 4465
0.03232323232315298 0.002047264751513933 4466
0.03232323232315297 0.002156833374036222 4467
0.03232323232315297 0.002272428262435021 4468
0.03232323232315297 0.002394380875726116 4469
0.03232323232315297 0.002523040890571719 4470
0.03232323232315298 0.00265877719677794 4471
0.03232323232315297 0.002801979004164433 4472
0.03232323232315297 0.002953056912514463 4473
0.03232323232315297 0.003112444094727603 4474
0.03232323232315297 0.003280597572935684 4475
0.03232323232315297 0.003457999497659122 4476
0.03232323232315297 0.003645158528389267 4477
0.03232323232315297 0.003842611298229041 4478
0.03232323232315297 0.004050923981905447 4479
0.03232323232315297 0.004270693872454155 4480
0.03232323232315298 0.004502551103055443 4481
0.03232323232315297 0.004747160481520353 4482
0.03232323232315297 0.005005223381597967 4483
0.03232323232315297 0.005277479732212418 4484
0.03232323232315297 0.005564710179816858 4485
0.03232323232315298 0.005867738300451536 4486
0.03232323232315297 0.006187432954952757 4487
0.03232323232315297 0.00652471081773146 4488
0.03232323232315297 0.006880538970136611 4489
0.03232323232315297 0.007255937673742899 4490
0.03232323232315297 0.007651983305783292 4491
0.03232323232315297 0.008069811445348449 4492
0.03232323232315297 0.008510620139155281 4493
0.03232323232315297 0.008975673309940094 4494
0.03232323232315297 0.009466304401344735 4495
0.03232323232315297 0.009983920216629373 4496
0.03232323232315297 0.01053000490270287 4497
0.03232323232315298 0.01110612424891558 4498
0.03232323232315297 0.01171393015807425 4499
0.03232323232315297 0.01235516537916829 4500
0.03232323232315297 0.01303166853448766 4501
0.03232323232315297 0.01374537938036723 4502
0.03232323232315297 0.0144983443130774 4503
0.03232323232315297 0.01529272230936847 4504
0.03232323232315297 0.01613079110341873 4505
0.03232323232315297 0.01701495367749814 4506
0.03232323232315297 0.017947745188805 4507
0.03232323232315297 0.01893184023151273 4508
0.03232323232315297 0.01997006050103631 4509
0.03232323232315297 0.02106538289552766 4510
0.03232323232315297 0.02222094801676216 4511
0.03232323232315297 0.02344006921465306 4512
0.03232323232315297 0.02472624209260174 4513
0.03232323232315297 0.02608315448511037 4514
0.03232323232315297 0.02751469705055613 4515
0.03232323232315297 0.02902497444525768 4516
0.03232323232315297 0.03061831709550226 4517
0.03232323232315297 0.03229929360185355 4518
0.03232323232315297 0.03407272381553741 4519
0.03232323232315297 0.03594369269223667 4520
0.03232323232315297 0.03791756486840221 4521
0.0333333333332511 0.0005244690771781821 4522
0.03333333333325107 0.0005502839425664057 4523
0.03333333333325109 0.0005775186245474288 4524
0.03333333333325108 0.0006062512155539122 4525
0.03333333333325108 0.0006365640954159178 4526
0.03333333333325109 0.0006685441865684191 4527
0.0333333333332511 0.0007022831824442376 4528
0.03333333333325108 0.000737877822587533 4529
0.03333333333325107 0.0007754301627741595 4530
0.03333333333325108 0.0008150478773858253 4531
0.03333333333325108 0.0008568445617014506 4532
0.03333333333325107 0.0009009400682493467 4533
0.03333333333325108 0.0009474608327928967 4534
0.03333333333325109 0.0009965402350515275 4535
0.03333333333325108 0.001048319002333215 4536
0.03333333333325109 0.001102945607106628 4537
0.03333333333325109 0.001160576677719914 4538
0.03333333333325108 0.001221377454015973 4539
0.03333333333325108 0.001285522279348257 4540
0.03333333333325109 0.001353195065049187 4541
0.03333333333325108 0.001424589854199526 4542
0.03333333333325108 0.00149991137185858 4543
0.03333333333325107 0.001579375564656545 4544
0.03333333333325108 0.001663210273043904 4545
0.03333333333325108 0.00175165589280512 4546
0.03333333333325107 0.001844966030134214 4547
0.03333333333325108 0.001943408229263549 4548
0.03333333333325108 0.002047264751513933 4549
0.03333333333325108 0.002156833374036222 4550
0.03333333333325107 0.002272428262435021 4551
0.03333333333325107 0.002394380875726115 4552
0.0333333333332511 0.002523040890571719 4553
0.03333333333325108 0.002658777196777941 4554
0.03333333333325108 0.002801979004164433 4555
0.03333333333325108 0.002953056912514464 4556
0.03333333333325109 0.003112444094727603 4557
0.03333333333325109 0.003280597572935684 4558
0.03333333333325108 0.003457999497659121 4559
0.03333333333325108 0.003645158528389267 4560
0.03333333333325109 0.003842611298229041 4561
0.03333333333325108 0.004050923981905447 4562
0.03333333333325107 0.004270693872454155 4563
0.03333333333325107 0.004502551103055444 4564
0.03333333333325108 0.004747160481520354 4565
0.03333333333325108 0.005005223381597967 4566
0.03333333333325108 0.005277479732212418 4567
0.03333333333325109 0.005564710179816859 4568
0.03333333333325109 0.005867738300451533 4569
0.03333333333325108 0.006187432954952757 4570
0.03333333333325109 0.00652471081773146 4571
0.03333333333325108 0.00688053897013661 4572
0.03333333333325108 0.007255937673742898 4573
0.03333333333325109 0.007651983305783292 4574
0.03333333333325109 0.008069811445348447 4575
0.03333333333325108 0.008510620139155281 4576
0.03333333333325109 0.008975673309940091 4577
0.03333333333325108 0.009466304401344735 4578
0.03333333333325108 0.009983920216629373 4579
0.03333333333325108 0.01053000490270287 4580
0.03333333333325109 0.01110612424891558 4581
0.03333333333325109 0.01171393015807425 4582
0.03333333333325107 0.01235516537916828 4583
0.03333333333325109 0.01303166853448766 4584
0.03333333333325108 0.01374537938036723 4585
0.03333333333325109 0.0144983443130774 4586
0.03333333333325109 0.01529272230936847 4587
0.03333333333325109 0.01613079110341873 4588
0.03333333333325108 0.01701495367749814 4589
0.03333333333325108 0.017947745188805 4590
0.03333333333325109 0.01893184023151273 4591
0.03333333333325109 0.01997006050103631 4592
0.03333333333325109 0.02106538289552766 4593
0.03333333333325109 0.02222094801676216 4594
0.03333333333325109 0.02344006921465306 4595
0.03333333333325109 0.02472624209260174 4596
0.03333333333325108 0.02608315448511037 4597
0.03333333333325109 0.02751469705055613 4598
0.03333333333325108 0.02902497444525769 4599
0.03333333333325109 0.03061831709550226 4600
0.03333333333325109 0.03229929360185355 4601
0.03333333333325108 0.03407272381553741 4602
0.03333333333325109 0.03594369269223666 4603
0.03333333333325108 0.03791756486840222 4604
0.03434343434334919 0.0005244690771781821 4605
0.03434343434334918 0.0005502839425664055 4606
0.03434343434334919 0.0005775186245474288 4607
0.03434343434334919 0.0006062512155539121 4608
0.03434343434334919 0.0006365640954159178 4609
0.0343434343433492 0.0006685441865684191 4610
0.03434343434334919 0.0007022831824442376 4611
0.03434343434334919 0.000737877822587533 4612
0.03434343434334919 0.0007754301627741597 4613
0.03434343434334919 0.0008150478773858253 4614
0.03434343434334919 0.0008568445617014506 4615
0.03434343434334919 0.0009009400682493471 4616
0.03434343434334919 0.0009474608327928967 4617
0.03434343434334919 0.0009965402350515275 4618
0.03434343434334917 0.001048319002333215 4619
0.03434343434334919 0.001102945607106628 4620
0.03434343434334919 0.001160576677719914 4621
0.03434343434334919 0.001221377454015973 4622
0.03434343434334919 0.001285522279348257 4623
0.0343434343433492 0.001353195065049187 4624
0.03434343434334919 0.001424589854199526 4625
0.03434343434334918 0.00149991137185858 4626
0.0343434343433492 0.001579375564656545 4627
0.03434343434334919 0.001663210273043904 4628
0.03434343434334919 0.00175165589280512 4629
0.0343434343433492 0.001844966030134214 4630
0.03434343434334918 0.001943408229263549 4631
0.03434343434334919 0.002047264751513933 4632
0.03434343434334918 0.002156833374036222 4633
0.03434343434334919 0.002272428262435021 4634
0.03434343434334919 0.002394380875726116 4635
0.03434343434334919 0.002523040890571719 4636
0.03434343434334917 0.002658777196777941 4637
0.03434343434334919 0.002801979004164433 4638
0.0343434343433492 0.002953056912514463 4639
0.03434343434334918 0.003112444094727602 4640
0.03434343434334919 0.003280597572935684 4641
0.03434343434334919 0.003457999497659123 4642
0.03434343434334919 0.003645158528389268 4643
0.03434343434334919 0.003842611298229041 4644
0.03434343434334919 0.004050923981905447 4645
0.03434343434334919 0.004270693872454153 4646
0.03434343434334917 0.004502551103055443 4647
0.03434343434334919 0.004747160481520353 4648
0.03434343434334918 0.005005223381597967 4649
0.03434343434334918 0.005277479732212417 4650
0.03434343434334919 0.005564710179816858 4651
0.03434343434334919 0.005867738300451535 4652
0.03434343434334919 0.006187432954952757 4653
0.03434343434334919 0.006524710817731459 4654
0.03434343434334919 0.006880538970136611 4655
0.03434343434334919 0.007255937673742897 4656
0.03434343434334918 0.00765198330578329 4657
0.03434343434334919 0.008069811445348447 4658
0.03434343434334918 0.008510620139155279 4659
0.03434343434334919 0.008975673309940093 4660
0.03434343434334919 0.009466304401344734 4661
0.03434343434334919 0.009983920216629371 4662
0.03434343434334919 0.01053000490270287 4663
0.03434343434334919 0.01110612424891558 4664
0.03434343434334919 0.01171393015807425 4665
0.03434343434334919 0.01235516537916829 4666
0.03434343434334919 0.01303166853448766 4667
0.03434343434334919 0.01374537938036724 4668
0.03434343434334919 0.0144983443130774 4669
0.03434343434334919 0.01529272230936847 4670
0.03434343434334919 0.01613079110341873 4671
0.03434343434334919 0.01701495367749814 4672
0.03434343434334919 0.017947745188805 4673
0.03434343434334919 0.01893184023151273 4674
0.03434343434334919 0.01997006050103631 4675
0.03434343434334919 0.02106538289552767 4676
0.03434343434334919 0.02222094801676216 4677
0.03434343434334919 0.02344006921465306 4678
0.03434343434334919 0.02472624209260174 4679
0.03434343434334919 0.02608315448511037 4680
0.03434343434334919 0.02751469705055613 4681
0.03434343434334919 0.02902497444525769 4682
0.03434343434334918 0.03061831709550226 4683
0.03434343434334919 0.03229929360185355 4684
0.03434343434334919 0.03407272381553741 4685
0.03434343434334919 0.03594369269223666 4686
0.03434343434334919 0.03791756486840221 4687
0.03535353535344729 0.000524469077178182 4688
0.03535353535344731 0.0005502839425664057 4689
0.03535353535344732 0.0005775186245474288 4690
0.03535353535344731 0.0006062512155539121 4691
0.03535353535344733 0.0006365640954159178 4692
0.0353535353534473 0.0006685441865684189 4693
0.0353535353534473 0.0007022831824442376 4694
0.03535353535344731 0.000737877822587533 4695
0.0353535353534473 0.0007754301627741597 4696
0.0353535353534473 0.0008150478773858251 4697
0.0353535353534473 0.0008568445617014505 4698
0.0353535353534473 0.000900940068249347 4699
0.0353535353534473 0.0009474608327928965 4700
0.0353535353534473 0.0009965402350515275 4701
0.0353535353534473 0.001048319002333215 4702
0.0353535353534473 0.001102945607106628 4703
0.0353535353534473 0.001160576677719914 4704
0.03535353535344731 0.001221377454015974 4705
0.0353535353534473 0.001285522279348257 4706
0.03535353535344731 0.001353195065049187 4707
0.0353535353534473 0.001424589854199526 4708
0.0353535353534473 0.001499911371858581 4709
0.03535353535344731 0.001579375564656545 4710
0.03535353535344731 0.001663210273043904 4711
0.03535353535344733 0.00175165589280512 4712
0.0353535353534473 0.001844966030134215 4713
0.0353535353534473 0.001943408229263549 4714
0.0353535353534473 0.002047264751513933 4715
0.0353535353534473 0.002156833374036222 4716
0.03535353535344729 0.00227242826243502 4717
0.0353535353534473 0.002394380875726116 4718
0.03535353535344733 0.002523040890571719 4719
0.0353535353534473 0.002658777196777941 4720
0.03535353535344731 0.002801979004164433 4721
0.0353535353534473 0.002953056912514463 4722
0.0353535353534473 0.003112444094727602 4723
0.03535353535344733 0.003280597572935684 4724
0.0353535353534473 0.003457999497659123 4725
0.0353535353534473 0.003645158528389268 4726
0.03535353535344729 0.003842611298229041 4727
0.0353535353534473 0.004050923981905447 4728
0.0353535353534473 0.004270693872454153 4729
0.0353535353534473 0.004502551103055443 4730
0.0353535353534473 0.004747160481520353 4731
0.03535353535344729 0.005005223381597966 4732
0.03535353535344731 0.005277479732212417 4733
0.0353535353534473 0.005564710179816858 4734
0.0353535353534473 0.005867738300451534 4735
0.0353535353534473 0.006187432954952757 4736
0.0353535353534473 0.006524710817731458 4737
0.03535353535344731 0.00688053897013661 4738
0.0353535353534473 0.007255937673742898 4739
0.03535353535344732 0.00765198330578329 4740
0.0353535353534473 0.008069811445348445 4741
0.0353535353534473 0.008510620139155279 4742
0.0353535353534473 0.008975673309940096 4743
0.0353535353534473 0.009466304401344734 4744
0.0353535353534473 0.009983920216629371 4745
0.03535353535344731 0.01053000490270288 4746
0.0353535353534473 0.01110612424891558 4747
0.0353535353534473 0.01171393015807425 4748
0.03535353535344731 0.01235516537916828 4749
0.0353535353534473 0.01303166853448766 4750
0.0353535353534473 0.01374537938036723 4751
0.0353535353534473 0.0144983443130774 4752
0.0353535353534473 0.01529272230936847 4753
0.0353535353534473 0.01613079110341873 4754
0.0353535353534473 0.01701495367749814 4755
0.0353535353534473 0.017947745188805 4756
0.0353535353534473 0.01893184023151273 4757
0.0353535353534473 0.01997006050103632 4758
0.0353535353534473 0.02106538289552766 4759
0.0353535353534473 0.02222094801676216 4760
0.0353535353534473 0.02344006921465306 4761
0.0353535353534473 0.02472624209260175 4762
0.0353535353534473 0.02608315448511037 4763
0.0353535353534473 0.02751469705055613 4764
0.0353535353534473 0.02902497444525769 4765
0.0353535353534473 0.03061831709550227 4766
0.0353535353534473 0.03229929360185357 4767
0.0353535353534473 0.03407272381553741 4768
0.0353535353534473 0.03594369269223666 4769
0.0353535353534473 0.03791756486840222 4770
0.03636363636354541 0.000524469077178182 4771
0.03636363636354541 0.0005502839425664055 4772
0.03636363636354541 0.0005775186245474288 4773
0.03636363636354541 0.0006062512155539123 4774
0.03636363636354541 0.0006365640954159177 4775
0.03636363636354542 0.000668544186568419 4776
0.03636363636354543 0.0007022831824442376 4777
0.03636363636354541 0.0007378778225875329 4778
0.03636363636354541 0.0007754301627741598 4779
0.03636363636354541 0.0008150478773858252 4780
0.03636363636354541 0.0008568445617014505 4781
0.03636363636354541 0.0009009400682493467 4782
0.03636363636354541 0.0009474608327928966 4783
0.03636363636354542 0.0009965402350515273 4784
0.03636363636354541 0.001048319002333215 4785
0.03636363636354541 0.001102945607106628 4786
0.03636363636354542 0.001160576677719914 4787
0.03636363636354541 0.001221377454015973 4788
0.03636363636354541 0.001285522279348257 4789
0.03636363636354541 0.001353195065049187 4790
0.03636363636354542 0.001424589854199526 4791
0.03636363636354542 0.001499911371858581 4792
0.03636363636354543 0.001579375564656545 4793
0.03636363636354541 0.001663210273043904 4794
0.03636363636354543 0.00175165589280512 4795
0.03636363636354542 0.001844966030134215 4796
0.03636363636354541 0.001943408229263549 4797
0.0363636363635454 0.002047264751513933 4798
0.03636363636354541 0.002156833374036222 4799
0.03636363636354541 0.002272428262435021 4800
0.03636363636354542 0.002394380875726116 4801
0.03636363636354541 0.002523040890571719 4802
0.0363636363635454 0.002658777196777941 4803
0.03636363636354542 0.002801979004164433 4804
0.03636363636354541 0.002953056912514464 4805
0.03636363636354541 0.003112444094727602 4806
0.03636363636354541 0.003280597572935684 4807
0.03636363636354542 0.003457999497659123 4808
0.03636363636354541 0.003645158528389267 4809
0.03636363636354542 0.003842611298229041 4810
0.0363636363635454 0.004050923981905447 4811
0.0363636363635454 0.004270693872454154 4812
0.03636363636354543 0.004502551103055443 4813
0.03636363636354541 0.004747160481520353 4814
0.03636363636354541 0.005005223381597966 4815
0.03636363636354542 0.005277479732212417 4816
0.03636363636354543 0.005564710179816858 4817
0.03636363636354541 0.005867738300451534 4818
0.03636363636354542 0.006187432954952757 4819
0.03636363636354542 0.006524710817731458 4820
0.03636363636354542 0.00688053897013661 4821
0.03636363636354541 0.007255937673742897 4822
0.03636363636354541 0.00765198330578329 4823
0.0363636363635454 0.008069811445348447 4824
0.03636363636354542 0.008510620139155286 4825
0.03636363636354542 0.008975673309940093 4826
0.03636363636354541 0.009466304401344734 4827
0.03636363636354541 0.009983920216629371 4828
0.03636363636354541 0.01053000490270288 4829
0.03636363636354541 0.01110612424891558 4830
0.03636363636354541 0.01171393015807425 4831
0.03636363636354542 0.01235516537916829 4832
0.03636363636354541 0.01303166853448766 4833
0.03636363636354541 0.01374537938036723 4834
0.03636363636354541 0.0144983443130774 4835
0.03636363636354542 0.01529272230936847 4836
0.03636363636354542 0.01613079110341873 4837
0.03636363636354541 0.01701495367749814 4838
0.03636363636354542 0.017947745188805 4839
0.03636363636354542 0.01893184023151274 4840
0.03636363636354542 0.01997006050103632 4841
0.03636363636354542 0.02106538289552766 4842
0.03636363636354542 0.02222094801676216 4843
0.03636363636354541 0.02344006921465306 4844
0.03636363636354542 0.02472624209260174 4845
0.03636363636354541 0.02608315448511038 4846
0.03636363636354541 0.02751469705055613 4847
0.03636363636354542 0.02902497444525769 4848
0.03636363636354542 0.03061831709550227 4849
0.03636363636354542 0.03229929360185357 4850
0.03636363636354542 0.03407272381553741 4851
0.03636363636354543 0.03594369269223666 4852
0.03636363636354542 0.03791756486840221 4853
0.03737373737364239 0.000524469077178182 4854
0.03737373737364238 0.0005502839425664055 4855
0.03737373737364239 0.0005775186245474288 4856
0.03737373737364238 0.0006062512155539121 4857
0.03737373737364239 0.0006365640954159177 4858
0.03737373737364239 0.000668544186568419 4859
0.03737373737364239 0.0007022831824442376 4860
0.0373737373736424 0.0007378778225875329 4861
0.03737373737364239 0.0007754301627741596 4862
0.03737373737364239 0.0008150478773858252 4863
0.03737373737364239 0.0008568445617014506 4864
0.03737373737364239 0.0009009400682493471 4865
0.03737373737364238 0.0009474608327928966 4866
0.03737373737364237 0.0009965402350515275 4867
0.03737373737364239 0.001048319002333215 4868
0.03737373737364238 0.001102945607106627 4869
0.03737373737364237 0.001160576677719914 4870
0.03737373737364236 0.001221377454015973 4871
0.03737373737364239 0.001285522279348257 4872
0.03737373737364239 0.001353195065049187 4873
0.03737373737364239 0.001424589854199526 4874
0.03737373737364239 0.001499911371858581 4875
0.03737373737364238 0.001579375564656545 4876
0.03737373737364239 0.001663210273043904 4877
0.03737373737364239 0.00175165589280512 4878
0.03737373737364239 0.001844966030134215 4879
0.03737373737364238 0.001943408229263549 4880
0.03737373737364239 0.002047264751513933 4881
0.03737373737364239 0.002156833374036222 4882
0.03737373737364238 0.002272428262435021 4883
0.03737373737364239 0.002394380875726116 4884
0.03737373737364239 0.002523040890571719 4885
0.03737373737364237 0.00265877719677794 4886
0.03737373737364239 0.002801979004164433 4887
0.03737373737364239 0.002953056912514465 4888
0.03737373737364239 0.003112444094727602 4889
0.03737373737364239 0.003280597572935684 4890
0.0373737373736424 0.003457999497659123 4891
0.03737373737364237 0.003645158528389268 4892
0.03737373737364238 0.00384261129822904 4893
0.03737373737364239 0.004050923981905447 4894
0.0373737373736424 0.004270693872454154 4895
0.03737373737364239 0.004502551103055443 4896
0.03737373737364239 0.004747160481520353 4897
0.03737373737364239 0.005005223381597966 4898
0.0373737373736424 0.005277479732212417 4899
0.0373737373736424 0.005564710179816858 4900
0.03737373737364239 0.005867738300451535 4901
0.03737373737364239 0.006187432954952757 4902
0.03737373737364239 0.006524710817731458 4903
0.03737373737364239 0.00688053897013661 4904
0.03737373737364239 0.007255937673742898 4905
0.03737373737364238 0.00765198330578329 4906
0.03737373737364239 0.008069811445348445 4907
0.03737373737364239 0.008510620139155279 4908
0.03737373737364239 0.008975673309940093 4909
0.03737373737364239 0.009466304401344734 4910
0.03737373737364239 0.009983920216629371 4911
0.03737373737364238 0.01053000490270288 4912
0.03737373737364239 0.01110612424891558 4913
0.03737373737364239 0.01171393015807425 4914
0.03737373737364239 0.01235516537916829 4915
0.03737373737364237 0.01303166853448766 4916
0.03737373737364238 0.01374537938036723 4917
0.03737373737364239 0.0144983443130774 4918
0.03737373737364239 0.01529272230936846 4919
0.03737373737364239 0.01613079110341873 4920
0.03737373737364239 0.01701495367749814 4921
0.03737373737364239 0.017947745188805 4922
0.03737373737364239 0.01893184023151273 4923
0.03737373737364239 0.01997006050103632 4924
0.03737373737364239 0.02106538289552766 4925
0.03737373737364239 0.02222094801676216 4926
0.03737373737364239 0.02344006921465306 4927
0.03737373737364239 0.02472624209260175 4928
0.03737373737364239 0.02608315448511037 4929
0.03737373737364238 0.02751469705055612 4930
0.03737373737364238 0.02902497444525769 4931
0.03737373737364239 0.03061831709550228 4932
0.03737373737364239 0.03229929360185355 4933
0.03737373737364239 0.03407272381553741 4934
0.03737373737364239 0.03594369269223666 4935
0.03737373737364239 0.03791756486840221 4936
0.03838383838373893 0.000524469077178182 4937
0.03838383838373893 0.0005502839425664056 4938
0.03838383838373891 0.0005775186245474289 4939
0.03838383838373894 0.0006062512155539121 4940
0.03838383838373893 0.0006365640954159178 4941
0.03838383838373893 0.000668544186568419 4942
0.03838383838373893 0.0007022831824442376 4943
0.03838383838373893 0.000737877822587533 4944
0.03838383838373893 0.0007754301627741597 4945
0.03838383838373893 0.0008150478773858252 4946
0.03838383838373893 0.0008568445617014506 4947
0.03838383838373893 0.0009009400682493469 4948
0.03838383838373893 0.0009474608327928967 4949
0.03838383838373893 0.0009965402350515275 4950
0.03838383838373894 0.001048319002333215 4951
0.03838383838373893 0.001102945607106628 4952
0.03838383838373892 0.001160576677719914 4953
0.03838383838373893 0.001221377454015973 4954
0.03838383838373891 0.001285522279348257 4955
0.03838383838373893 0.001353195065049187 4956
0.03838383838373893 0.001424589854199526 4957
0.03838383838373891 0.00149991137185858 4958
0.03838383838373893 0.001579375564656545 4959
0.03838383838373895 0.001663210273043904 4960
0.03838383838373893 0.00175165589280512 4961
0.03838383838373893 0.001844966030134214 4962
0.03838383838373893 0.001943408229263549 4963
0.03838383838373893 0.002047264751513933 4964
0.03838383838373894 0.002156833374036222 4965
0.03838383838373893 0.002272428262435021 4966
0.03838383838373893 0.002394380875726116 4967
0.03838383838373893 0.002523040890571719 4968
0.03838383838373891 0.002658777196777941 4969
0.03838383838373893 0.002801979004164433 4970
0.03838383838373893 0.002953056912514464 4971
0.03838383838373893 0.003112444094727602 4972
0.03838383838373895 0.003280597572935684 4973
0.03838383838373891 0.003457999497659123 4974
0.03838383838373891 0.003645158528389267 4975
0.03838383838373891 0.003842611298229041 4976
0.03838383838373893 0.004050923981905447 4977
0.03838383838373893 0.004270693872454154 4978
0.03838383838373893 0.004502551103055443 4979
0.03838383838373893 0.004747160481520353 4980
0.03838383838373893 0.005005223381597966 4981
0.03838383838373893 0.005277479732212418 4982
0.03838383838373895 0.005564710179816858 4983
0.03838383838373891 0.005867738300451535 4984
0.03838383838373895 0.006187432954952758 4985
0.03838383838373893 0.006524710817731458 4986
0.03838383838373893 0.006880538970136611 4987
0.03838383838373893 0.007255937673742898 4988
0.03838383838373893 0.00765198330578329 4989
0.03838383838373893 0.008069811445348447 4990
0.03838383838373893 0.008510620139155279 4991
0.03838383838373892 0.008975673309940091 4992
0.03838383838373893 0.009466304401344735 4993
0.03838383838373893 0.009983920216629371 4994
0.03838383838373893 0.01053000490270287 4995
0.03838383838373893 0.01110612424891558 4996
0.03838383838373893 0.01171393015807425 4997
0.03838383838373893 0.01235516537916828 4998
0.03838383838373892 0.01303166853448766 4999
0.03838383838373894 0.01374537938036724 5000
0.03838383838373893 0.0144983443130774 5001
0.03838383838373893 0.01529272230936847 5002
0.03838383838373893 0.01613079110341873 5003
0.03838383838373893 0.01701495367749814 5004
0.03838383838373893 0.017947745188805 5005
0.03838383838373893 0.01893184023151273 5006
0.03838383838373893 0.01997006050103631 5007
0.03838383838373893 0.02106538289552766 5008
0.03838383838373893 0.02222094801676216 5009
0.03838383838373893 0.02344006921465306 5010
0.03838383838373893 0.02472624209260175 5011
0.03838383838373893 0.02608315448511036 5012
0.03838383838373893 0.02751469705055613 5013
0.03838383838373893 0.02902497444525769 5014
0.03838383838373893 0.03061831709550227 5015
0.03838383838373893 0.03229929360185355 5016
0.03838383838373893 0.03407272381553741 5017
0.03838383838373893 0.03594369269223666 5018
0.03838383838373893 0.03791756486840222 5019
0.03939393939383704 0.000524469077178182 5020
0.03939393939383703 0.0005502839425664056 5021
0.03939393939383703 0.0005775186245474289 5022
0.03939393939383704 0.0006062512155539122 5023
0.03939393939383703 0.0006365640954159178 5024
0.03939393939383703 0.0006685441865684191 5025
0.03939393939383705 0.0007022831824442376 5026
0.03939393939383704 0.000737877822587533 5027
0.03939393939383703 0.0007754301627741597 5028
0.03939393939383701 0.0008150478773858253 5029
0.03939393939383704 0.0008568445617014507 5030
0.03939393939383704 0.0009009400682493467 5031
0.03939393939383704 0.0009474608327928967 5032
0.03939393939383703 0.0009965402350515275 5033
0.03939393939383704 0.001048319002333214 5034
0.03939393939383702 0.001102945607106628 5035
0.03939393939383704 0.001160576677719914 5036
0.03939393939383704 0.001221377454015973 5037
0.03939393939383704 0.001285522279348257 5038
0.03939393939383704 0.001353195065049187 5039
0.03939393939383704 0.001424589854199526 5040
0.03939393939383704 0.00149991137185858 5041
0.03939393939383704 0.001579375564656545 5042
0.03939393939383701 0.001663210273043904 5043
0.03939393939383704 0.00175165589280512 5044
0.03939393939383704 0.001844966030134215 5045
0.03939393939383703 0.001943408229263549 5046
0.03939393939383703 0.002047264751513933 5047
0.03939393939383704 0.002156833374036222 5048
0.03939393939383703 0.002272428262435021 5049
0.03939393939383705 0.002394380875726116 5050
0.03939393939383703 0.002523040890571719 5051
0.03939393939383704 0.002658777196777941 5052
0.03939393939383703 0.002801979004164433 5053
0.03939393939383704 0.002953056912514463 5054
0.03939393939383704 0.003112444094727602 5055
0.03939393939383704 0.003280597572935684 5056
0.03939393939383705 0.003457999497659122 5057
0.03939393939383705 0.003645158528389267 5058
0.03939393939383704 0.003842611298229041 5059
0.03939393939383701 0.004050923981905447 5060
0.03939393939383704 0.004270693872454155 5061
0.03939393939383703 0.004502551103055443 5062
0.03939393939383705 0.004747160481520353 5063
0.03939393939383703 0.005005223381597966 5064
0.03939393939383704 0.005277479732212419 5065
0.03939393939383703 0.005564710179816859 5066
0.03939393939383704 0.005867738300451536 5067
0.03939393939383704 0.006187432954952759 5068
0.03939393939383702 0.00652471081773146 5069
0.03939393939383703 0.00688053897013661 5070
0.03939393939383704 0.007255937673742899 5071
0.03939393939383705 0.007651983305783291 5072
0.03939393939383704 0.008069811445348447 5073
0.03939393939383704 0.008510620139155281 5074
0.03939393939383704 0.008975673309940094 5075
0.03939393939383704 0.009466304401344734 5076
0.03939393939383704 0.009983920216629371 5077
0.03939393939383704 0.01053000490270287 5078
0.03939393939383704 0.01110612424891558 5079
0.03939393939383704 0.01171393015807425 5080
0.03939393939383704 0.01235516537916829 5081
0.03939393939383704 0.01303166853448766 5082
0.03939393939383704 0.01374537938036723 5083
0.03939393939383704 0.0144983443130774 5084
0.03939393939383704 0.01529272230936847 5085
0.03939393939383704 0.01613079110341873 5086
0.03939393939383704 0.01701495367749814 5087
0.03939393939383704 0.017947745188805 5088
0.03939393939383704 0.01893184023151273 5089
0.03939393939383704 0.01997006050103631 5090
0.03939393939383704 0.02106538289552766 5091
0.03939393939383704 0.02222094801676216 5092
0.03939393939383704 0.02344006921465306 5093
0.03939393939383704 0.02472624209260174 5094
0.03939393939383704 0.02608315448511037 5095
0.03939393939383704 0.02751469705055613 5096
0.03939393939383704 0.02902497444525769 5097
0.03939393939383703 0.03061831709550227 5098
0.03939393939383704 0.03229929360185355 5099
0.03939393939383704 0.03407272381553741 5100
0.03939393939383703 0.03594369269223666 5101
0.03939393939383704 0.03791756486840221 5102
0.04040404040393516 0.000524469077178182 5103
0.04040404040393515 0.0005502839425664057 5104
0.04040404040393516 0.0005775186245474289 5105
0.04040404040393514 0.0006062512155539122 5106
0.04040404040393514 0.000636564095415918 5107
0.04040404040393513 0.0006685441865684191 5108
0.04040404040393514 0.0007022831824442376 5109
0.04040404040393514 0.0007378778225875329 5110
0.04040404040393514 0.0007754301627741597 5111
0.04040404040393514 0.0008150478773858253 5112
0.04040404040393514 0.0008568445617014507 5113
0.04040404040393514 0.0009009400682493469 5114
0.04040404040393514 0.0009474608327928967 5115
0.04040404040393514 0.0009965402350515277 5116
0.04040404040393514 0.001048319002333215 5117
0.04040404040393516 0.001102945607106628 5118
0.04040404040393514 0.001160576677719914 5119
0.04040404040393514 0.001221377454015973 5120
0.04040404040393516 0.001285522279348257 5121
0.04040404040393514 0.001353195065049187 5122
0.04040404040393514 0.001424589854199526 5123
0.04040404040393514 0.00149991137185858 5124
0.04040404040393514 0.001579375564656545 5125
0.04040404040393514 0.001663210273043904 5126
0.04040404040393514 0.00175165589280512 5127
0.04040404040393514 0.001844966030134214 5128
0.04040404040393514 0.001943408229263549 5129
0.04040404040393515 0.002047264751513933 5130
0.04040404040393514 0.002156833374036222 5131
0.04040404040393513 0.002272428262435021 5132
0.04040404040393514 0.002394380875726116 5133
0.04040404040393513 0.002523040890571719 5134
0.04040404040393514 0.002658777196777941 5135
0.04040404040393514 0.002801979004164433 5136
0.04040404040393513 0.002953056912514463 5137
0.04040404040393514 0.003112444094727603 5138
0.04040404040393514 0.003280597572935684 5139
0.04040404040393515 0.003457999497659122 5140
0.04040404040393515 0.003645158528389267 5141
0.04040404040393514 0.003842611298229041 5142
0.04040404040393514 0.004050923981905447 5143
0.04040404040393514 0.004270693872454153 5144
0.04040404040393514 0.004502551103055443 5145
0.04040404040393514 0.004747160481520354 5146
0.04040404040393514 0.005005223381597966 5147
0.04040404040393514 0.005277479732212418 5148
0.04040404040393513 0.00556471017981686 5149
0.04040404040393513 0.005867738300451536 5150
0.04040404040393514 0.006187432954952758 5151
0.04040404040393516 0.006524710817731459 5152
0.04040404040393514 0.006880538970136611 5153
0.04040404040393514 0.007255937673742899 5154
0.04040404040393513 0.007651983305783291 5155
0.04040404040393513 0.008069811445348447 5156
0.04040404040393513 0.008510620139155281 5157
0.04040404040393514 0.008975673309940091 5158
0.04040404040393513 0.009466304401344734 5159
0.04040404040393516 0.009983920216629373 5160
0.04040404040393516 0.01053000490270287 5161
0.04040404040393514 0.01110612424891558 5162
0.04040404040393514 0.01171393015807425 5163
0.04040404040393514 0.01235516537916828 5164
0.04040404040393513 0.01303166853448766 5165
0.04040404040393514 0.01374537938036723 5166
0.04040404040393514 0.0144983443130774 5167
0.04040404040393514 0.01529272230936847 5168
0.04040404040393513 0.01613079110341873 5169
0.04040404040393514 0.01701495367749814 5170
0.04040404040393513 0.017947745188805 5171
0.04040404040393514 0.01893184023151273 5172
0.04040404040393514 0.01997006050103631 5173
0.04040404040393514 0.02106538289552766 5174
0.04040404040393514 0.02222094801676216 5175
0.04040404040393514 0.02344006921465306 5176
0.04040404040393514 0.02472624209260174 5177
0.04040404040393515 0.02608315448511037 5178
0.04040404040393514 0.02751469705055613 5179
0.04040404040393514 0.02902497444525769 5180
0.04040404040393514 0.03061831709550227 5181
0.04040404040393514 0.03229929360185355 5182
0.04040404040393514 0.03407272381553741 5183
0.04040404040393514 0.03594369269223666 5184
0.04040404040393514 0.03791756486840222 5185
0.04141414141403325 0.000524469077178182 5186
0.04141414141403327 0.0005502839425664056 5187
0.04141414141403325 0.0005775186245474288 5188
0.04141414141403326 0.0006062512155539121 5189
0.04141414141403326 0.0006365640954159178 5190
0.04141414141403327 0.000668544186568419 5191
0.04141414141403327 0.0007022831824442376 5192
0.04141414141403326 0.000737877822587533 5193
0.04141414141403326 0.0007754301627741597 5194
0.04141414141403326 0.0008150478773858253 5195
0.04141414141403326 0.0008568445617014507 5196
0.04141414141403326 0.000900940068249347 5197
0.04141414141403326 0.0009474608327928967 5198
0.04141414141403327 0.0009965402350515275 5199
0.04141414141403326 0.001048319002333215 5200
0.04141414141403327 0.001102945607106628 5201
0.04141414141403326 0.001160576677719914 5202
0.04141414141403327 0.001221377454015973 5203
0.04141414141403326 0.001285522279348257 5204
0.04141414141403327 0.001353195065049187 5205
0.04141414141403327 0.001424589854199526 5206
0.04141414141403326 0.00149991137185858 5207
0.04141414141403325 0.001579375564656545 5208
0.04141414141403327 0.001663210273043904 5209
0.04141414141403327 0.00175165589280512 5210
0.04141414141403326 0.001844966030134214 5211
0.04141414141403327 0.001943408229263549 5212
0.04141414141403327 0.002047264751513933 5213
0.04141414141403326 0.002156833374036222 5214
0.04141414141403326 0.002272428262435021 5215
0.04141414141403327 0.002394380875726116 5216
0.04141414141403325 0.002523040890571719 5217
0.04141414141403326 0.002658777196777941 5218
0.04141414141403327 0.002801979004164433 5219
0.04141414141403326 0.002953056912514464 5220
0.04141414141403326 0.003112444094727602 5221
0.04141414141403325 0.003280597572935684 5222
0.04141414141403326 0.003457999497659123 5223
0.04141414141403327 0.003645158528389267 5224
0.04141414141403326 0.003842611298229041 5225
0.04141414141403325 0.004050923981905447 5226
0.04141414141403326 0.004270693872454154 5227
0.04141414141403327 0.004502551103055443 5228
0.04141414141403328 0.004747160481520353 5229
0.04141414141403326 0.005005223381597966 5230
0.04141414141403328 0.005277479732212417 5231
0.04141414141403326 0.005564710179816859 5232
0.04141414141403325 0.005867738300451536 5233
0.04141414141403325 0.006187432954952757 5234
0.04141414141403326 0.006524710817731459 5235
0.04141414141403326 0.00688053897013661 5236
0.04141414141403326 0.007255937673742898 5237
0.04141414141403325 0.00765198330578329 5238
0.04141414141403327 0.008069811445348447 5239
0.04141414141403327 0.008510620139155281 5240
0.04141414141403326 0.008975673309940093 5241
0.04141414141403327 0.009466304401344734 5242
0.04141414141403326 0.009983920216629371 5243
0.04141414141403327 0.01053000490270287 5244
0.04141414141403326 0.01110612424891558 5245
0.04141414141403326 0.01171393015807425 5246
0.04141414141403327 0.01235516537916828 5247
0.04141414141403326 0.01303166853448766 5248
0.04141414141403327 0.01374537938036723 5249
0.04141414141403326 0.0144983443130774 5250
0.04141414141403326 0.01529272230936847 5251
0.04141414141403328 0.01613079110341873 5252
0.04141414141403326 0.01701495367749814 5253
0.04141414141403327 0.017947745188805 5254
0.04141414141403326 0.01893184023151273 5255
0.04141414141403326 0.01997006050103631 5256
0.04141414141403326 0.02106538289552766 5257
0.04141414141403327 0.02222094801676216 5258
0.04141414141403327 0.02344006921465306 5259
0.04141414141403326 0.02472624209260174 5260
0.04141414141403327 0.02608315448511037 5261
0.04141414141403326 0.02751469705055613 5262
0.04141414141403327 0.02902497444525769 5263
0.04141414141403327 0.03061831709550228 5264
0.04141414141403326 0.03229929360185355 5265
0.04141414141403326 0.03407272381553741 5266
0.04141414141403327 0.03594369269223666 5267
0.04141414141403327 0.03791756486840221 5268
0.04242424242413136 0.000524469077178182 5269
0.04242424242413138 0.0005502839425664056 5270
0.04242424242413136 0.0005775186245474288 5271
0.04242424242413137 0.0006062512155539123 5272
0.04242424242413136 0.0006365640954159177 5273
0.04242424242413136 0.000668544186568419 5274
0.04242424242413138 0.0007022831824442376 5275
0.04242424242413136 0.0007378778225875329 5276
0.04242424242413136 0.0007754301627741596 5277
0.04242424242413136 0.0008150478773858252 5278
0.04242424242413136 0.0008568445617014505 5279
0.04242424242413138 0.000900940068249347 5280
0.04242424242413136 0.0009474608327928965 5281
0.04242424242413136 0.0009965402350515275 5282
0.04242424242413136 0.001048319002333215 5283
0.04242424242413137 0.001102945607106628 5284
0.04242424242413137 0.001160576677719914 5285
0.04242424242413138 0.001221377454015973 5286
0.04242424242413138 0.001285522279348257 5287
0.04242424242413138 0.001353195065049187 5288
0.04242424242413137 0.001424589854199526 5289
0.04242424242413137 0.001499911371858581 5290
0.04242424242413136 0.001579375564656545 5291
0.04242424242413136 0.001663210273043904 5292
0.04242424242413136 0.00175165589280512 5293
0.04242424242413136 0.001844966030134215 5294
0.04242424242413137 0.001943408229263549 5295
0.04242424242413137 0.002047264751513933 5296
0.04242424242413137 0.002156833374036222 5297
0.04242424242413137 0.002272428262435021 5298
0.04242424242413138 0.002394380875726116 5299
0.04242424242413135 0.002523040890571719 5300
0.04242424242413137 0.00265877719677794 5301
0.04242424242413137 0.002801979004164433 5302
0.04242424242413137 0.002953056912514464 5303
0.04242424242413137 0.003112444094727602 5304
0.04242424242413137 0.003280597572935684 5305
0.04242424242413137 0.003457999497659123 5306
0.04242424242413136 0.003645158528389267 5307
0.04242424242413136 0.003842611298229041 5308
0.04242424242413137 0.004050923981905447 5309
0.04242424242413137 0.004270693872454154 5310
0.04242424242413137 0.004502551103055443 5311
0.04242424242413137 0.004747160481520353 5312
0.04242424242413135 0.005005223381597966 5313
0.04242424242413137 0.005277479732212417 5314
0.04242424242413135 0.005564710179816858 5315
0.04242424242413138 0.005867738300451535 5316
0.04242424242413137 0.006187432954952757 5317
0.04242424242413137 0.006524710817731458 5318
0.04242424242413137 0.00688053897013661 5319
0.04242424242413137 0.007255937673742898 5320
0.04242424242413136 0.00765198330578329 5321
0.04242424242413137 0.008069811445348447 5322
0.04242424242413137 0.008510620139155279 5323
0.04242424242413137 0.008975673309940094 5324
0.04242424242413137 0.009466304401344734 5325
0.04242424242413137 0.009983920216629371 5326
0.04242424242413137 0.01053000490270288 5327
0.04242424242413137 0.01110612424891558 5328
0.04242424242413137 0.01171393015807425 5329
0.04242424242413138 0.01235516537916828 5330
0.04242424242413137 0.01303166853448766 5331
0.04242424242413138 0.01374537938036723 5332
0.04242424242413136 0.0144983443130774 5333
0.04242424242413137 0.01529272230936846 5334
0.04242424242413137 0.01613079110341874 5335
0.04242424242413136 0.01701495367749814 5336
0.04242424242413137 0.017947745188805 5337
0.04242424242413137 0.01893184023151274 5338
0.04242424242413137 0.01997006050103631 5339
0.04242424242413137 0.02106538289552767 5340
0.04242424242413137 0.02222094801676215 5341
0.04242424242413137 0.02344006921465306 5342
0.04242424242413137 0.02472624209260175 5343
0.04242424242413137 0.02608315448511038 5344
0.04242424242413136 0.02751469705055613 5345
0.04242424242413137 0.02902497444525769 5346
0.04242424242413137 0.03061831709550226 5347
0.04242424242413137 0.03229929360185355 5348
0.04242424242413137 0.03407272381553741 5349
0.04242424242413137 0.03594369269223666 5350
0.04242424242413137 0.03791756486840222 5351
0.04343434343422947 0.0005244690771781821 5352
0.04343434343422949 0.0005502839425664055 5353
0.04343434343422949 0.0005775186245474288 5354
0.04343434343422947 0.0006062512155539121 5355
0.04343434343422948 0.0006365640954159178 5356
0.04343434343422948 0.000668544186568419 5357
0.04343434343422948 0.0007022831824442376 5358
0.04343434343422947 0.000737877822587533 5359
0.04343434343422947 0.0007754301627741597 5360
0.04343434343422948 0.0008150478773858252 5361
0.04343434343422947 0.0008568445617014505 5362
0.04343434343422947 0.0009009400682493467 5363
0.04343434343422948 0.0009474608327928967 5364
0.04343434343422947 0.0009965402350515275 5365
0.04343434343422948 0.001048319002333215 5366
0.04343434343422948 0.001102945607106628 5367
0.04343434343422948 0.001160576677719914 5368
0.04343434343422947 0.001221377454015973 5369
0.04343434343422948 0.001285522279348257 5370
0.04343434343422949 0.001353195065049187 5371
0.04343434343422948 0.001424589854199526 5372
0.04343434343422949 0.001499911371858581 5373
0.04343434343422947 0.001579375564656545 5374
0.04343434343422948 0.001663210273043904 5375
0.04343434343422947 0.00175165589280512 5376
0.04343434343422948 0.001844966030134215 5377
0.04343434343422948 0.001943408229263549 5378
0.04343434343422947 0.002047264751513933 5379
0.04343434343422947 0.002156833374036222 5380
0.04343434343422947 0.002272428262435021 5381
0.04343434343422947 0.002394380875726116 5382
0.04343434343422947 0.002523040890571719 5383
0.04343434343422949 0.00265877719677794 5384
0.04343434343422948 0.002801979004164433 5385
0.04343434343422947 0.002953056912514465 5386
0.04343434343422949 0.003112444094727602 5387
0.04343434343422948 0.003280597572935684 5388
0.04343434343422947 0.003457999497659123 5389
0.04343434343422947 0.003645158528389268 5390
0.04343434343422947 0.003842611298229041 5391
0.04343434343422949 0.004050923981905446 5392
0.04343434343422948 0.004270693872454156 5393
0.04343434343422948 0.004502551103055443 5394
0.04343434343422948 0.004747160481520353 5395
0.04343434343422947 0.005005223381597966 5396
0.04343434343422947 0.005277479732212417 5397
0.04343434343422947 0.005564710179816858 5398
0.04343434343422948 0.005867738300451534 5399
0.04343434343422949 0.006187432954952757 5400
0.04343434343422948 0.006524710817731459 5401
0.04343434343422948 0.00688053897013661 5402
0.04343434343422947 0.007255937673742897 5403
0.04343434343422948 0.00765198330578329 5404
0.04343434343422947 0.008069811445348445 5405
0.04343434343422949 0.008510620139155286 5406
0.04343434343422949 0.008975673309940093 5407
0.04343434343422947 0.009466304401344734 5408
0.04343434343422949 0.009983920216629371 5409
0.04343434343422947 0.01053000490270288 5410
0.04343434343422948 0.01110612424891558 5411
0.04343434343422948 0.01171393015807425 5412
0.04343434343422949 0.01235516537916829 5413
0.04343434343422948 0.01303166853448766 5414
0.04343434343422949 0.01374537938036723 5415
0.04343434343422948 0.0144983443130774 5416
0.04343434343422948 0.01529272230936847 5417
0.04343434343422948 0.01613079110341874 5418
0.04343434343422947 0.01701495367749814 5419
0.04343434343422948 0.017947745188805 5420
0.04343434343422948 0.01893184023151274 5421
0.04343434343422947 0.01997006050103631 5422
0.04343434343422947 0.02106538289552766 5423
0.04343434343422947 0.02222094801676216 5424
0.04343434343422947 0.02344006921465306 5425
0.04343434343422947 0.02472624209260175 5426
0.04343434343422948 0.02608315448511037 5427
0.04343434343422948 0.02751469705055613 5428
0.04343434343422948 0.02902497444525768 5429
0.04343434343422948 0.03061831709550227 5430
0.04343434343422948 0.03229929360185355 5431
0.04343434343422947 0.03407272381553741 5432
0.04343434343422948 0.03594369269223666 5433
0.04343434343422947 0.03791756486840221 5434
0.04444444444432759 0.0005244690771781819 5435
0.04444444444432758 0.0005502839425664056 5436
0.04444444444432759 0.0005775186245474288 5437
0.04444444444432759 0.0006062512155539122 5438
0.04444444444432761 0.0006365640954159178 5439
0.04444444444432759 0.0006685441865684189 5440
0.04444444444432761 0.0007022831824442376 5441
0.04444444444432759 0.0007378778225875329 5442
0.04444444444432759 0.0007754301627741597 5443
0.04444444444432759 0.0008150478773858252 5444
0.04444444444432759 0.0008568445617014505 5445
0.04444444444432759 0.000900940068249347 5446
0.0444444444443276 0.0009474608327928967 5447
0.04444444444432759 0.0009965402350515273 5448
0.04444444444432757 0.001048319002333215 5449
0.04444444444432759 0.001102945607106628 5450
0.04444444444432757 0.001160576677719914 5451
0.04444444444432759 0.001221377454015974 5452
0.04444444444432759 0.001285522279348257 5453
0.0444444444443276 0.001353195065049187 5454
0.04444444444432759 0.001424589854199526 5455
0.04444444444432757 0.001499911371858581 5456
0.04444444444432759 0.001579375564656545 5457
0.04444444444432759 0.001663210273043904 5458
0.0444444444443276 0.00175165589280512 5459
0.0444444444443276 0.001844966030134215 5460
0.04444444444432759 0.001943408229263549 5461
0.04444444444432759 0.002047264751513933 5462
0.04444444444432759 0.002156833374036222 5463
0.0444444444443276 0.002272428262435021 5464
0.04444444444432759 0.002394380875726116 5465
0.04444444444432759 0.002523040890571719 5466
0.04444444444432759 0.002658777196777942 5467
0.04444444444432759 0.002801979004164433 5468
0.04444444444432759 0.002953056912514465 5469
0.04444444444432759 0.003112444094727602 5470
0.04444444444432759 0.003280597572935684 5471
0.04444444444432757 0.003457999497659123 5472
0.04444444444432759 0.003645158528389268 5473
0.04444444444432759 0.003842611298229041 5474
0.04444444444432759 0.004050923981905447 5475
0.04444444444432759 0.004270693872454154 5476
0.04444444444432759 0.004502551103055443 5477
0.04444444444432759 0.004747160481520353 5478
0.04444444444432757 0.005005223381597966 5479
0.04444444444432759 0.005277479732212417 5480
0.04444444444432759 0.005564710179816858 5481
0.0444444444443276 0.005867738300451534 5482
0.04444444444432759 0.006187432954952757 5483
0.04444444444432759 0.006524710817731459 5484
0.04444444444432757 0.00688053897013661 5485
0.04444444444432759 0.007255937673742897 5486
0.04444444444432759 0.00765198330578329 5487
0.04444444444432758 0.008069811445348445 5488
0.04444444444432759 0.008510620139155279 5489
0.04444444444432759 0.008975673309940094 5490
0.04444444444432759 0.009466304401344734 5491
0.04444444444432759 0.009983920216629371 5492
0.04444444444432759 0.01053000490270288 5493
0.0444444444443276 0.01110612424891558 5494
0.04444444444432759 0.01171393015807425 5495
0.0444444444443276 0.01235516537916829 5496
0.04444444444432759 0.01303166853448766 5497
0.04444444444432759 0.01374537938036723 5498
0.04444444444432759 0.0144983443130774 5499
0.04444444444432759 0.01529272230936847 5500
0.04444444444432759 0.01613079110341874 5501
0.04444444444432759 0.01701495367749814 5502
0.04444444444432759 0.017947745188805 5503
0.04444444444432759 0.01893184023151273 5504
0.04444444444432759 0.01997006050103632 5505
0.04444444444432759 0.02106538289552767 5506
0.04444444444432759 0.02222094801676216 5507
0.04444444444432759 0.02344006921465306 5508
0.04444444444432759 0.02472624209260175 5509
0.04444444444432759 0.02608315448511038 5510
0.04444444444432759 0.02751469705055613 5511
0.04444444444432759 0.02902497444525769 5512
0.04444444444432759 0.03061831709550228 5513
0.04444444444432759 0.03229929360185355 5514
0.04444444444432759 0.03407272381553741 5515
0.04444444444432759 0.03594369269223667 5516
0.04444444444432759 0.03791756486840223 5517
0.0454545454544257 0.000524469077178182 5518
0.04545454545442571 0.0005502839425664057 5519
0.0454545454544257 0.0005775186245474289 5520
0.0454545454544257 0.0006062512155539122 5521
0.0454545454544257 0.000636564095415918 5522
0.04545454545442569 0.0006685441865684192 5523
0.04545454545442572 0.0007022831824442376 5524
0.0454545454544257 0.0007378778225875329 5525
0.04545454545442571 0.0007754301627741597 5526
0.0454545454544257 0.0008150478773858253 5527
0.0454545454544257 0.0008568445617014507 5528
0.0454545454544257 0.0009009400682493467 5529
0.0454545454544257 0.0009474608327928967 5530
0.0454545454544257 0.0009965402350515275 5531
0.0454545454544257 0.001048319002333215 5532
0.0454545454544257 0.001102945607106628 5533
0.0454545454544257 0.001160576677719914 5534
0.0454545454544257 0.001221377454015973 5535
0.0454545454544257 0.001285522279348257 5536
0.0454545454544257 0.001353195065049187 5537
0.0454545454544257 0.001424589854199526 5538
0.0454545454544257 0.00149991137185858 5539
0.0454545454544257 0.001579375564656545 5540
0.0454545454544257 0.001663210273043904 5541
0.0454545454544257 0.00175165589280512 5542
0.04545454545442569 0.001844966030134214 5543
0.0454545454544257 0.001943408229263549 5544
0.04545454545442568 0.002047264751513933 5545
0.0454545454544257 0.002156833374036222 5546
0.0454545454544257 0.002272428262435021 5547
0.0454545454544257 0.002394380875726116 5548
0.0454545454544257 0.002523040890571719 5549
0.04545454545442571 0.00265877719677794 5550
0.0454545454544257 0.002801979004164434 5551
0.04545454545442572 0.002953056912514463 5552
0.04545454545442571 0.003112444094727603 5553
0.04545454545442571 0.003280597572935684 5554
0.0454545454544257 0.003457999497659121 5555
0.0454545454544257 0.003645158528389267 5556
0.0454545454544257 0.003842611298229041 5557
0.04545454545442572 0.004050923981905447 5558
0.0454545454544257 0.004270693872454154 5559
0.04545454545442569 0.004502551103055443 5560
0.0454545454544257 0.004747160481520353 5561
0.0454545454544257 0.005005223381597967 5562
0.0454545454544257 0.005277479732212418 5563
0.0454545454544257 0.005564710179816858 5564
0.04545454545442572 0.005867738300451536 5565
0.0454545454544257 0.006187432954952759 5566
0.0454545454544257 0.00652471081773146 5567
0.0454545454544257 0.00688053897013661 5568
0.0454545454544257 0.007255937673742898 5569
0.0454545454544257 0.007651983305783288 5570
0.04545454545442568 0.008069811445348444 5571
0.0454545454544257 0.008510620139155281 5572
0.0454545454544257 0.008975673309940089 5573
0.0454545454544257 0.009466304401344734 5574
0.0454545454544257 0.009983920216629371 5575
0.04545454545442568 0.01053000490270287 5576
0.0454545454544257 0.01110612424891558 5577
0.0454545454544257 0.01171393015807425 5578
0.04545454545442569 0.01235516537916828 5579
0.04545454545442571 0.01303166853448766 5580
0.0454545454544257 0.01374537938036723 5581
0.04545454545442571 0.0144983443130774 5582
0.0454545454544257 0.01529272230936847 5583
0.0454545454544257 0.01613079110341873 5584
0.04545454545442569 0.01701495367749814 5585
0.0454545454544257 0.017947745188805 5586
0.0454545454544257 0.01893184023151273 5587
0.0454545454544257 0.0199700605010363 5588
0.0454545454544257 0.02106538289552766 5589
0.0454545454544257 0.02222094801676216 5590
0.0454545454544257 0.02344006921465306 5591
0.0454545454544257 0.02472624209260174 5592
0.0454545454544257 0.02608315448511037 5593
0.0454545454544257 0.02751469705055613 5594
0.0454545454544257 0.02902497444525769 5595
0.0454545454544257 0.03061831709550226 5596
0.0454545454544257 0.03229929360185356 5597
0.0454545454544257 0.03407272381553741 5598
0.0454545454544257 0.03594369269223667 5599
0.0454545454544257 0.03791756486840221 5600
0.0464646464645238 0.000524469077178182 5601
0.04646464646452381 0.0005502839425664055 5602
0.04646464646452381 0.000577518624547429 5603
0.04646464646452381 0.0006062512155539121 5604
0.04646464646452381 0.000636564095415918 5605
0.0464646464645238 0.000668544186568419 5606
0.04646464646452382 0.0007022831824442376 5607
0.04646464646452381 0.000737877822587533 5608
0.04646464646452381 0.0007754301627741597 5609
0.04646464646452381 0.0008150478773858252 5610
0.0464646464645238 0.0008568445617014506 5611
0.04646464646452379 0.0009009400682493467 5612
0.04646464646452381 0.0009474608327928967 5613
0.0464646464645238 0.0009965402350515275 5614
0.04646464646452381 0.001048319002333215 5615
0.0464646464645238 0.001102945607106628 5616
0.04646464646452379 0.001160576677719914 5617
0.04646464646452381 0.001221377454015973 5618
0.04646464646452381 0.001285522279348257 5619
0.04646464646452381 0.001353195065049187 5620
0.04646464646452381 0.001424589854199526 5621
0.04646464646452381 0.00149991137185858 5622
0.04646464646452381 0.001579375564656545 5623
0.04646464646452381 0.001663210273043904 5624
0.04646464646452381 0.00175165589280512 5625
0.04646464646452381 0.001844966030134214 5626
0.0464646464645238 0.001943408229263549 5627
0.04646464646452382 0.002047264751513933 5628
0.04646464646452381 0.002156833374036222 5629
0.04646464646452381 0.002272428262435021 5630
0.04646464646452381 0.002394380875726116 5631
0.04646464646452379 0.002523040890571719 5632
0.04646464646452381 0.002658777196777941 5633
0.04646464646452381 0.002801979004164433 5634
0.0464646464645238 0.002953056912514464 5635
0.04646464646452381 0.003112444094727602 5636
0.04646464646452381 0.003280597572935684 5637
0.04646464646452381 0.003457999497659123 5638
0.04646464646452381 0.003645158528389267 5639
0.04646464646452381 0.003842611298229041 5640
0.04646464646452381 0.004050923981905447 5641
0.04646464646452381 0.004270693872454154 5642
0.04646464646452381 0.004502551103055443 5643
0.04646464646452381 0.004747160481520353 5644
0.04646464646452379 0.005005223381597967 5645
0.04646464646452381 0.005277479732212418 5646
0.0464646464645238 0.005564710179816858 5647
0.04646464646452382 0.005867738300451534 5648
0.04646464646452379 0.006187432954952757 5649
0.04646464646452381 0.006524710817731459 5650
0.04646464646452381 0.00688053897013661 5651
0.04646464646452381 0.007255937673742898 5652
0.04646464646452381 0.007651983305783291 5653
0.0464646464645238 0.008069811445348449 5654
0.04646464646452381 0.008510620139155279 5655
0.04646464646452381 0.008975673309940091 5656
0.04646464646452381 0.009466304401344734 5657
0.0464646464645238 0.009983920216629371 5658
0.04646464646452381 0.01053000490270287 5659
0.04646464646452381 0.01110612424891558 5660
0.0464646464645238 0.01171393015807425 5661
0.04646464646452381 0.01235516537916828 5662
0.04646464646452381 0.01303166853448766 5663
0.0464646464645238 0.01374537938036723 5664
0.04646464646452381 0.0144983443130774 5665
0.04646464646452381 0.01529272230936847 5666
0.04646464646452381 0.01613079110341873 5667
0.04646464646452381 0.01701495367749814 5668
0.04646464646452381 0.017947745188805 5669
0.04646464646452381 0.01893184023151273 5670
0.04646464646452381 0.01997006050103631 5671
0.04646464646452381 0.02106538289552766 5672
0.04646464646452381 0.02222094801676216 5673
0.04646464646452381 0.02344006921465306 5674
0.04646464646452381 0.02472624209260174 5675
0.04646464646452381 0.02608315448511037 5676
0.0464646464645238 0.02751469705055613 5677
0.04646464646452381 0.02902497444525769 5678
0.04646464646452381 0.03061831709550227 5679
0.04646464646452381 0.03229929360185355 5680
0.04646464646452381 0.03407272381553741 5681
0.04646464646452381 0.03594369269223666 5682
0.04646464646452381 0.03791756486840222 5683
0.04747474747462193 0.0005244690771781821 5684
0.04747474747462192 0.0005502839425664057 5685
0.04747474747462192 0.0005775186245474289 5686
0.04747474747462192 0.0006062512155539123 5687
0.04747474747462192 0.0006365640954159178 5688
0.04747474747462193 0.0006685441865684192 5689
0.04747474747462192 0.0007022831824442377 5690
0.04747474747462194 0.0007378778225875331 5691
0.04747474747462194 0.0007754301627741598 5692
0.04747474747462192 0.0008150478773858253 5693
0.04747474747462192 0.0008568445617014507 5694
0.04747474747462192 0.0009009400682493467 5695
0.04747474747462192 0.0009474608327928968 5696
0.04747474747462192 0.0009965402350515275 5697
0.04747474747462191 0.001048319002333215 5698
0.04747474747462194 0.001102945607106628 5699
0.04747474747462192 0.001160576677719914 5700
0.04747474747462192 0.001221377454015973 5701
0.04747474747462192 0.001285522279348257 5702
0.04747474747462192 0.001353195065049187 5703
0.04747474747462192 0.001424589854199526 5704
0.04747474747462194 0.00149991137185858 5705
0.04747474747462192 0.001579375564656545 5706
0.04747474747462192 0.001663210273043904 5707
0.04747474747462192 0.00175165589280512 5708
0.04747474747462194 0.001844966030134214 5709
0.0474747474746219 0.001943408229263549 5710
0.04747474747462192 0.002047264751513933 5711
0.04747474747462192 0.002156833374036221 5712
0.04747474747462192 0.002272428262435021 5713
0.04747474747462192 0.002394380875726116 5714
0.04747474747462192 0.002523040890571719 5715
0.04747474747462191 0.00265877719677794 5716
0.04747474747462192 0.002801979004164433 5717
0.04747474747462192 0.002953056912514463 5718
0.04747474747462192 0.003112444094727602 5719
0.04747474747462192 0.003280597572935684 5720
0.04747474747462192 0.003457999497659122 5721
0.04747474747462191 0.003645158528389267 5722
0.04747474747462192 0.003842611298229041 5723
0.04747474747462192 0.004050923981905447 5724
0.04747474747462192 0.004270693872454152 5725
0.04747474747462191 0.004502551103055443 5726
0.04747474747462194 0.004747160481520354 5727
0.04747474747462192 0.005005223381597966 5728
0.04747474747462192 0.005277479732212418 5729
0.04747474747462194 0.00556471017981686 5730
0.04747474747462194 0.005867738300451535 5731
0.04747474747462192 0.006187432954952757 5732
0.04747474747462192 0.00652471081773146 5733
0.04747474747462194 0.006880538970136611 5734
0.04747474747462192 0.007255937673742899 5735
0.04747474747462192 0.007651983305783287 5736
0.04747474747462192 0.008069811445348449 5737
0.04747474747462192 0.008510620139155281 5738
0.04747474747462194 0.008975673309940093 5739
0.04747474747462191 0.009466304401344735 5740
0.04747474747462192 0.009983920216629373 5741
0.04747474747462192 0.01053000490270287 5742
0.04747474747462191 0.01110612424891558 5743
0.04747474747462192 0.01171393015807425 5744
0.04747474747462192 0.01235516537916828 5745
0.04747474747462192 0.01303166853448766 5746
0.04747474747462194 0.01374537938036723 5747
0.04747474747462192 0.0144983443130774 5748
0.04747474747462192 0.01529272230936847 5749
0.04747474747462192 0.01613079110341873 5750
0.04747474747462194 0.01701495367749814 5751
0.04747474747462192 0.017947745188805 5752
0.04747474747462192 0.01893184023151273 5753
0.04747474747462192 0.01997006050103631 5754
0.04747474747462192 0.02106538289552767 5755
0.04747474747462192 0.02222094801676216 5756
0.04747474747462192 0.02344006921465306 5757
0.04747474747462192 0.02472624209260174 5758
0.04747474747462192 0.02608315448511036 5759
0.04747474747462192 0.02751469705055613 5760
0.04747474747462192 0.02902497444525769 5761
0.04747474747462192 0.03061831709550226 5762
0.04747474747462192 0.03229929360185356 5763
0.04747474747462192 0.03407272381553742 5764
0.04747474747462192 0.03594369269223666 5765
0.04747474747462192 0.03791756486840221 5766
0.04848484848472004 0.000524469077178182 5767
0.04848484848472005 0.0005502839425664055 5768
0.04848484848472003 0.0005775186245474289 5769
0.04848484848472004 0.0006062512155539123 5770
0.04848484848472003 0.0006365640954159178 5771
0.04848484848472005 0.000668544186568419 5772
0.04848484848472003 0.0007022831824442375 5773
0.04848484848472004 0.0007378778225875329 5774
0.04848484848472005 0.0007754301627741597 5775
0.04848484848472004 0.0008150478773858252 5776
0.04848484848472004 0.0008568445617014506 5777
0.04848484848472005 0.000900940068249347 5778
0.04848484848472005 0.0009474608327928967 5779
0.04848484848472004 0.0009965402350515275 5780
0.04848484848472005 0.001048319002333215 5781
0.04848484848472005 0.001102945607106628 5782
0.04848484848472004 0.001160576677719914 5783
0.04848484848472004 0.001221377454015973 5784
0.04848484848472004 0.001285522279348257 5785
0.04848484848472004 0.001353195065049187 5786
0.04848484848472004 0.001424589854199526 5787
0.04848484848472004 0.001499911371858581 5788
0.04848484848472002 0.001579375564656545 5789
0.04848484848472005 0.001663210273043904 5790
0.04848484848472004 0.00175165589280512 5791
0.04848484848472004 0.001844966030134215 5792
0.04848484848472003 0.001943408229263549 5793
0.04848484848472003 0.002047264751513933 5794
0.04848484848472004 0.002156833374036222 5795
0.04848484848472005 0.002272428262435021 5796
0.04848484848472004 0.002394380875726116 5797
0.04848484848472003 0.002523040890571719 5798
0.04848484848472003 0.002658777196777941 5799
0.04848484848472004 0.002801979004164433 5800
0.04848484848472004 0.002953056912514465 5801
0.04848484848472004 0.003112444094727602 5802
0.04848484848472003 0.003280597572935684 5803
0.04848484848472004 0.003457999497659123 5804
0.04848484848472002 0.003645158528389269 5805
0.04848484848472003 0.003842611298229041 5806
0.04848484848472002 0.004050923981905447 5807
0.04848484848472004 0.004270693872454155 5808
0.04848484848472004 0.004502551103055443 5809
0.04848484848472004 0.004747160481520353 5810
0.04848484848472004 0.005005223381597966 5811
0.04848484848472003 0.005277479732212417 5812
0.04848484848472004 0.005564710179816858 5813
0.04848484848472003 0.005867738300451534 5814
0.04848484848472004 0.006187432954952757 5815
0.04848484848472003 0.006524710817731459 5816
0.04848484848472003 0.00688053897013661 5817
0.04848484848472004 0.007255937673742897 5818
0.04848484848472004 0.007651983305783292 5819
0.04848484848472002 0.008069811445348447 5820
0.04848484848472003 0.008510620139155278 5821
0.04848484848472004 0.008975673309940093 5822
0.04848484848472003 0.009466304401344734 5823
0.04848484848472003 0.009983920216629371 5824
0.04848484848472004 0.01053000490270288 5825
0.04848484848472003 0.01110612424891558 5826
0.04848484848472004 0.01171393015807425 5827
0.04848484848472004 0.01235516537916829 5828
0.04848484848472004 0.01303166853448766 5829
0.04848484848472004 0.01374537938036723 5830
0.04848484848472003 0.0144983443130774 5831
0.04848484848472004 0.01529272230936846 5832
0.04848484848472004 0.01613079110341873 5833
0.04848484848472004 0.01701495367749814 5834
0.04848484848472004 0.017947745188805 5835
0.04848484848472004 0.01893184023151274 5836
0.04848484848472004 0.01997006050103631 5837
0.04848484848472004 0.02106538289552766 5838
0.04848484848472004 0.02222094801676216 5839
0.04848484848472004 0.02344006921465306 5840
0.04848484848472004 0.02472624209260174 5841
0.04848484848472004 0.02608315448511037 5842
0.04848484848472003 0.02751469705055613 5843
0.04848484848472004 0.02902497444525769 5844
0.04848484848472004 0.03061831709550227 5845
0.04848484848472003 0.03229929360185355 5846
0.04848484848472003 0.03407272381553741 5847
0.04848484848472004 0.03594369269223666 5848
0.04848484848472004 0.03791756486840223 5849
0.04949494949481863 0.000524469077178182 5850
0.04949494949481862 0.0005502839425664055 5851
0.04949494949481863 0.0005775186245474288 5852
0.04949494949481861 0.0006062512155539122 5853
0.04949494949481862 0.0006365640954159178 5854
0.04949494949481863 0.000668544186568419 5855
0.04949494949481861 0.0007022831824442376 5856
0.04949494949481861 0.0007378778225875331 5857
0.04949494949481861 0.0007754301627741597 5858
0.04949494949481862 0.0008150478773858252 5859
0.04949494949481862 0.0008568445617014506 5860
0.04949494949481863 0.0009009400682493469 5861
0.04949494949481861 0.0009474608327928967 5862
0.04949494949481861 0.0009965402350515275 5863
0.04949494949481861 0.001048319002333215 5864
0.04949494949481861 0.001102945607106628 5865
0.04949494949481861 0.001160576677719914 5866
0.04949494949481861 0.001221377454015973 5867
0.04949494949481863 0.001285522279348257 5868
0.04949494949481861 0.001353195065049187 5869
0.04949494949481863 0.001424589854199526 5870
0.04949494949481862 0.00149991137185858 5871
0.04949494949481861 0.001579375564656545 5872
0.04949494949481861 0.001663210273043904 5873
0.04949494949481863 0.00175165589280512 5874
0.04949494949481862 0.001844966030134214 5875
0.04949494949481861 0.001943408229263549 5876
0.04949494949481862 0.002047264751513933 5877
0.04949494949481862 0.002156833374036222 5878
0.04949494949481861 0.002272428262435021 5879
0.04949494949481862 0.002394380875726116 5880
0.04949494949481863 0.002523040890571719 5881
0.04949494949481862 0.00265877719677794 5882
0.04949494949481862 0.002801979004164433 5883
0.04949494949481863 0.002953056912514464 5884
0.04949494949481861 0.003112444094727602 5885
0.04949494949481862 0.003280597572935684 5886
0.04949494949481861 0.003457999497659123 5887
0.04949494949481862 0.003645158528389267 5888
0.04949494949481861 0.003842611298229041 5889
0.04949494949481862 0.004050923981905447 5890
0.04949494949481862 0.004270693872454154 5891
0.04949494949481861 0.004502551103055443 5892
0.04949494949481861 0.004747160481520353 5893
0.04949494949481863 0.005005223381597966 5894
0.04949494949481862 0.005277479732212418 5895
0.04949494949481863 0.005564710179816858 5896
0.04949494949481862 0.005867738300451535 5897
0.04949494949481861 0.006187432954952757 5898
0.04949494949481861 0.006524710817731459 5899
0.04949494949481861 0.00688053897013661 5900
0.04949494949481861 0.007255937673742897 5901
0.04949494949481863 0.007651983305783291 5902
0.04949494949481861 0.008069811445348447 5903
0.04949494949481861 0.008510620139155281 5904
0.04949494949481863 0.008975673309940091 5905
0.04949494949481861 0.009466304401344734 5906
0.04949494949481863 0.009983920216629371 5907
0.04949494949481861 0.01053000490270287 5908
0.04949494949481863 0.01110612424891558 5909
0.04949494949481862 0.01171393015807425 5910
0.04949494949481862 0.01235516537916829 5911
0.04949494949481861 0.01303166853448766 5912
0.04949494949481861 0.01374537938036723 5913
0.04949494949481861 0.0144983443130774 5914
0.04949494949481862 0.01529272230936847 5915
0.04949494949481862 0.01613079110341873 5916
0.04949494949481861 0.01701495367749814 5917
0.04949494949481863 0.017947745188805 5918
0.04949494949481861 0.01893184023151273 5919
0.04949494949481862 0.01997006050103631 5920
0.04949494949481862 0.02106538289552766 5921
0.04949494949481862 0.02222094801676216 5922
0.04949494949481861 0.02344006921465306 5923
0.04949494949481863 0.02472624209260174 5924
0.04949494949481861 0.02608315448511037 5925
0.0494949494948186 0.02751469705055613 5926
0.04949494949481862 0.02902497444525769 5927
0.04949494949481861 0.03061831709550226 5928
0.04949494949481862 0.03229929360185355 5929
0.04949494949481861 0.03407272381553741 5930
0.04949494949481861 0.03594369269223666 5931
0.04949494949481862 0.03791756486840221 5932
0.05050505050491936 0.0005244690771781819 5933
0.05050505050491937 0.0005502839425664056 5934
0.05050505050491936 0.0005775186245474288 5935
0.05050505050491935 0.0006062512155539121 5936
0.05050505050491937 0.000636564095415918 5937
0.05050505050491937 0.000668544186568419 5938
0.05050505050491935 0.0007022831824442376 5939
0.05050505050491935 0.000737877822587533 5940
0.05050505050491936 0.0007754301627741597 5941
0.05050505050491937 0.0008150478773858252 5942
0.05050505050491937 0.0008568445617014506 5943
0.05050505050491935 0.0009009400682493469 5944
0.05050505050491936 0.0009474608327928967 5945
0.05050505050491936 0.0009965402350515275 5946
0.05050505050491935 0.001048319002333215 5947
0.05050505050491935 0.001102945607106628 5948
0.05050505050491935 0.001160576677719914 5949
0.05050505050491937 0.001221377454015973 5950
0.05050505050491935 0.001285522279348257 5951
0.05050505050491935 0.001353195065049187 5952
0.05050505050491937 0.001424589854199526 5953
0.05050505050491936 0.00149991137185858 5954
0.05050505050491936 0.001579375564656545 5955
0.05050505050491936 0.001663210273043904 5956
0.05050505050491935 0.00175165589280512 5957
0.05050505050491936 0.001844966030134215 5958
0.05050505050491936 0.001943408229263549 5959
0.05050505050491936 0.002047264751513933 5960
0.05050505050491937 0.002156833374036222 5961
0.05050505050491936 0.002272428262435021 5962
0.05050505050491936 0.002394380875726116 5963
0.05050505050491935 0.002523040890571719 5964
0.05050505050491936 0.00265877719677794 5965
0.05050505050491935 0.002801979004164433 5966
0.05050505050491935 0.002953056912514464 5967
0.05050505050491935 0.003112444094727602 5968
0.05050505050491936 0.003280597572935684 5969
0.05050505050491936 0.003457999497659123 5970
0.05050505050491935 0.003645158528389267 5971
0.05050505050491937 0.003842611298229041 5972
0.05050505050491935 0.004050923981905447 5973
0.05050505050491935 0.004270693872454154 5974
0.05050505050491936 0.004502551103055443 5975
0.05050505050491936 0.004747160481520353 5976
0.05050505050491936 0.005005223381597966 5977
0.05050505050491936 0.005277479732212418 5978
0.05050505050491937 0.005564710179816858 5979
0.05050505050491935 0.005867738300451534 5980
0.05050505050491935 0.006187432954952757 5981
0.05050505050491935 0.006524710817731459 5982
0.05050505050491935 0.00688053897013661 5983
0.05050505050491937 0.007255937673742898 5984
0.05050505050491937 0.00765198330578329 5985
0.05050505050491935 0.008069811445348447 5986
0.05050505050491935 0.008510620139155279 5987
0.05050505050491936 0.008975673309940091 5988
0.05050505050491936 0.009466304401344734 5989
0.05050505050491935 0.009983920216629371 5990
0.05050505050491937 0.01053000490270287 5991
0.05050505050491937 0.01110612424891558 5992
0.05050505050491936 0.01171393015807425 5993
0.05050505050491936 0.01235516537916829 5994
0.05050505050491937 0.01303166853448766 5995
0.05050505050491937 0.01374537938036723 5996
0.05050505050491935 0.0144983443130774 5997
0.05050505050491935 0.01529272230936846 5998
0.05050505050491935 0.01613079110341874 5999
0.05050505050491935 0.01701495367749814 6000
0.05050505050491937 0.017947745188805 6001
0.05050505050491936 0.01893184023151273 6002
0.05050505050491936 0.01997006050103631 6003
0.05050505050491935 0.02106538289552766 6004
0.05050505050491937 0.02222094801676216 6005
0.05050505050491936 0.02344006921465306 6006
0.05050505050491935 0.02472624209260174 6007
0.05050505050491937 0.02608315448511037 6008
0.05050505050491935 0.02751469705055613 6009
0.05050505050491936 0.02902497444525769 6010
0.05050505050491935 0.03061831709550227 6011
0.05050505050491936 0.03229929360185355 6012
0.05050505050491936 0.03407272381553741 6013
0.05050505050491936 0.03594369269223666 6014
0.05050505050491936 0.03791756486840221 6015
0.05151515151502224 0.000524469077178182 6016
0.05151515151502224 0.0005502839425664057 6017
0.05151515151502224 0.0005775186245474289 6018
0.05151515151502225 0.0006062512155539121 6019
0.05151515151502224 0.0006365640954159178 6020
0.05151515151502224 0.000668544186568419 6021
0.05151515151502224 0.0007022831824442376 6022
0.05151515151502224 0.000737877822587533 6023
0.05151515151502226 0.0007754301627741597 6024
0.05151515151502224 0.0008150478773858252 6025
0.05151515151502224 0.0008568445617014505 6026
0.05151515151502226 0.0009009400682493467 6027
0.05151515151502224 0.0009474608327928967 6028
0.05151515151502224 0.0009965402350515275 6029
0.05151515151502225 0.001048319002333215 6030
0.05151515151502224 0.001102945607106628 6031
0.05151515151502224 0.001160576677719914 6032
0.05151515151502224 0.001221377454015973 6033
0.05151515151502224 0.001285522279348257 6034
0.05151515151502224 0.001353195065049187 6035
0.05151515151502224 0.001424589854199526 6036
0.05151515151502224 0.00149991137185858 6037
0.05151515151502224 0.001579375564656545 6038
0.05151515151502224 0.001663210273043904 6039
0.05151515151502225 0.00175165589280512 6040
0.05151515151502224 0.001844966030134214 6041
0.05151515151502224 0.001943408229263549 6042
0.05151515151502224 0.002047264751513933 6043
0.05151515151502224 0.002156833374036222 6044
0.05151515151502224 0.002272428262435021 6045
0.05151515151502224 0.002394380875726116 6046
0.05151515151502224 0.002523040890571719 6047
0.05151515151502224 0.002658777196777941 6048
0.05151515151502224 0.002801979004164433 6049
0.05151515151502224 0.002953056912514464 6050
0.05151515151502224 0.003112444094727602 6051
0.05151515151502224 0.003280597572935684 6052
0.05151515151502224 0.003457999497659123 6053
0.05151515151502225 0.003645158528389267 6054
0.05151515151502224 0.003842611298229041 6055
0.05151515151502224 0.004050923981905447 6056
0.05151515151502224 0.004270693872454154 6057
0.05151515151502224 0.004502551103055443 6058
0.05151515151502224 0.004747160481520353 6059
0.05151515151502224 0.005005223381597966 6060
0.05151515151502224 0.005277479732212418 6061
0.05151515151502224 0.005564710179816859 6062
0.05151515151502224 0.005867738300451535 6063
0.05151515151502224 0.006187432954952757 6064
0.05151515151502226 0.006524710817731459 6065
0.05151515151502224 0.00688053897013661 6066
0.05151515151502224 0.007255937673742897 6067
0.05151515151502224 0.007651983305783292 6068
0.05151515151502224 0.008069811445348447 6069
0.05151515151502222 0.008510620139155279 6070
0.05151515151502224 0.008975673309940093 6071
0.05151515151502222 0.009466304401344734 6072
0.05151515151502224 0.009983920216629371 6073
0.05151515151502223 0.01053000490270287 6074
0.05151515151502223 0.01110612424891558 6075
0.05151515151502224 0.01171393015807425 6076
0.05151515151502225 0.01235516537916829 6077
0.05151515151502224 0.01303166853448766 6078
0.05151515151502224 0.01374537938036723 6079
0.05151515151502224 0.0144983443130774 6080
0.05151515151502224 0.01529272230936847 6081
0.05151515151502224 0.01613079110341874 6082
0.05151515151502224 0.01701495367749814 6083
0.05151515151502224 0.017947745188805 6084
0.05151515151502224 0.01893184023151273 6085
0.05151515151502224 0.01997006050103631 6086
0.05151515151502224 0.02106538289552766 6087
0.05151515151502224 0.02222094801676216 6088
0.05151515151502224 0.02344006921465306 6089
0.05151515151502224 0.02472624209260174 6090
0.05151515151502224 0.02608315448511037 6091
0.05151515151502224 0.02751469705055613 6092
0.05151515151502224 0.02902497444525769 6093
0.05151515151502224 0.03061831709550227 6094
0.05151515151502224 0.03229929360185355 6095
0.05151515151502224 0.03407272381553741 6096
0.05151515151502224 0.03594369269223666 6097
0.05151515151502224 0.03791756486840221 6098
0.05252525252512696 0.000524469077178182 6099
0.05252525252512696 0.0005502839425664056 6100
0.05252525252512696 0.0005775186245474289 6101
0.05252525252512696 0.0006062512155539123 6102
0.05252525252512694 0.0006365640954159178 6103
0.05252525252512696 0.000668544186568419 6104
0.05252525252512696 0.0007022831824442376 6105
0.05252525252512696 0.000737877822587533 6106
0.05252525252512696 0.0007754301627741597 6107
0.05252525252512697 0.0008150478773858252 6108
0.05252525252512696 0.0008568445617014506 6109
0.05252525252512696 0.0009009400682493467 6110
0.05252525252512696 0.0009474608327928967 6111
0.05252525252512696 0.0009965402350515273 6112
0.05252525252512696 0.001048319002333215 6113
0.05252525252512696 0.001102945607106628 6114
0.05252525252512696 0.001160576677719914 6115
0.05252525252512696 0.001221377454015973 6116
0.05252525252512696 0.001285522279348257 6117
0.05252525252512696 0.001353195065049187 6118
0.05252525252512695 0.001424589854199526 6119
0.05252525252512696 0.00149991137185858 6120
0.05252525252512696 0.001579375564656545 6121
0.05252525252512696 0.001663210273043904 6122
0.05252525252512696 0.00175165589280512 6123
0.05252525252512696 0.001844966030134214 6124
0.05252525252512697 0.001943408229263549 6125
0.05252525252512696 0.002047264751513933 6126
0.05252525252512696 0.002156833374036222 6127
0.05252525252512696 0.002272428262435021 6128
0.05252525252512695 0.002394380875726116 6129
0.05252525252512696 0.002523040890571719 6130
0.05252525252512696 0.002658777196777941 6131
0.05252525252512696 0.002801979004164433 6132
0.05252525252512696 0.002953056912514464 6133
0.05252525252512696 0.003112444094727602 6134
0.05252525252512696 0.003280597572935684 6135
0.05252525252512696 0.003457999497659123 6136
0.05252525252512696 0.003645158528389266 6137
0.05252525252512696 0.003842611298229041 6138
0.05252525252512696 0.004050923981905447 6139
0.05252525252512696 0.004270693872454155 6140
0.05252525252512696 0.004502551103055443 6141
0.05252525252512694 0.004747160481520353 6142
0.05252525252512698 0.005005223381597966 6143
0.05252525252512696 0.005277479732212417 6144
0.05252525252512696 0.005564710179816858 6145
0.05252525252512696 0.005867738300451534 6146
0.05252525252512696 0.006187432954952757 6147
0.05252525252512696 0.006524710817731458 6148
0.05252525252512696 0.00688053897013661 6149
0.05252525252512696 0.007255937673742897 6150
0.05252525252512696 0.007651983305783291 6151
0.05252525252512696 0.008069811445348447 6152
0.05252525252512696 0.008510620139155279 6153
0.05252525252512696 0.008975673309940093 6154
0.05252525252512696 0.009466304401344734 6155
0.05252525252512696 0.009983920216629371 6156
0.05252525252512698 0.01053000490270287 6157
0.05252525252512696 0.01110612424891558 6158
0.05252525252512696 0.01171393015807425 6159
0.05252525252512696 0.01235516537916828 6160
0.05252525252512696 0.01303166853448766 6161
0.05252525252512697 0.01374537938036723 6162
0.05252525252512696 0.0144983443130774 6163
0.05252525252512698 0.01529272230936847 6164
0.05252525252512696 0.01613079110341873 6165
0.05252525252512696 0.01701495367749814 6166
0.05252525252512696 0.017947745188805 6167
0.05252525252512696 0.01893184023151273 6168
0.05252525252512696 0.01997006050103631 6169
0.05252525252512696 0.02106538289552766 6170
0.05252525252512696 0.02222094801676216 6171
0.05252525252512696 0.02344006921465306 6172
0.05252525252512696 0.02472624209260174 6173
0.05252525252512696 0.02608315448511037 6174
0.05252525252512696 0.02751469705055613 6175
0.05252525252512696 0.02902497444525769 6176
0.05252525252512696 0.03061831709550227 6177
0.05252525252512696 0.03229929360185356 6178
0.05252525252512696 0.03407272381553741 6179
0.05252525252512696 0.03594369269223666 6180
0.05252525252512696 0.03791756486840221 6181
0.05353535353523033 0.000524469077178182 6182
0.05353535353523032 0.0005502839425664056 6183
0.05353535353523033 0.0005775186245474289 6184
0.05353535353523033 0.0006062512155539122 6185
0.05353535353523033 0.0006365640954159178 6186
0.05353535353523033 0.000668544186568419 6187
0.05353535353523033 0.0007022831824442376 6188
0.05353535353523033 0.000737877822587533 6189
0.05353535353523035 0.0007754301627741596 6190
0.05353535353523033 0.0008150478773858252 6191
0.05353535353523034 0.0008568445617014506 6192
0.05353535353523034 0.0009009400682493469 6193
0.05353535353523033 0.0009474608327928967 6194
0.05353535353523033 0.0009965402350515273 6195
0.05353535353523033 0.001048319002333215 6196
0.05353535353523033 0.001102945607106628 6197
0.05353535353523033 0.001160576677719914 6198
0.05353535353523033 0.001221377454015973 6199
0.05353535353523032 0.001285522279348257 6200
0.05353535353523033 0.001353195065049187 6201
0.05353535353523033 0.001424589854199526 6202
0.05353535353523031 0.00149991137185858 6203
0.05353535353523032 0.001579375564656545 6204
0.05353535353523033 0.001663210273043904 6205
0.05353535353523033 0.00175165589280512 6206
0.05353535353523033 0.001844966030134215 6207
0.05353535353523032 0.001943408229263549 6208
0.05353535353523033 0.002047264751513933 6209
0.05353535353523033 0.002156833374036222 6210
0.05353535353523032 0.002272428262435021 6211
0.05353535353523034 0.002394380875726116 6212
0.05353535353523033 0.002523040890571719 6213
0.05353535353523033 0.002658777196777941 6214
0.05353535353523033 0.002801979004164433 6215
0.05353535353523032 0.002953056912514464 6216
0.05353535353523035 0.003112444094727602 6217
0.05353535353523033 0.003280597572935684 6218
0.05353535353523033 0.003457999497659123 6219
0.05353535353523033 0.003645158528389267 6220
0.05353535353523035 0.003842611298229041 6221
0.05353535353523033 0.004050923981905447 6222
0.05353535353523033 0.004270693872454154 6223
0.05353535353523033 0.004502551103055443 6224
0.05353535353523033 0.004747160481520353 6225
0.05353535353523033 0.005005223381597967 6226
0.05353535353523033 0.005277479732212418 6227
0.05353535353523032 0.005564710179816858 6228
0.05353535353523033 0.005867738300451536 6229
0.05353535353523033 0.006187432954952757 6230
0.05353535353523032 0.006524710817731459 6231
0.05353535353523032 0.00688053897013661 6232
0.05353535353523034 0.007255937673742898 6233
0.05353535353523032 0.007651983305783291 6234
0.05353535353523035 0.008069811445348445 6235
0.05353535353523033 0.008510620139155279 6236
0.05353535353523033 0.008975673309940093 6237
0.05353535353523033 0.009466304401344734 6238
0.05353535353523033 0.009983920216629371 6239
0.05353535353523033 0.01053000490270287 6240
0.05353535353523033 0.01110612424891558 6241
0.05353535353523031 0.01171393015807425 6242
0.05353535353523033 0.01235516537916829 6243
0.05353535353523033 0.01303166853448766 6244
0.05353535353523033 0.01374537938036723 6245
0.05353535353523033 0.0144983443130774 6246
0.05353535353523033 0.01529272230936847 6247
0.05353535353523033 0.01613079110341873 6248
0.05353535353523033 0.01701495367749814 6249
0.05353535353523033 0.017947745188805 6250
0.05353535353523033 0.01893184023151273 6251
0.05353535353523033 0.01997006050103631 6252
0.05353535353523033 0.02106538289552766 6253
0.05353535353523033 0.02222094801676216 6254
0.05353535353523033 0.02344006921465306 6255
0.05353535353523033 0.02472624209260174 6256
0.05353535353523033 0.02608315448511037 6257
0.05353535353523033 0.02751469705055613 6258
0.05353535353523033 0.02902497444525769 6259
0.05353535353523033 0.03061831709550228 6260
0.05353535353523033 0.03229929360185355 6261
0.05353535353523033 0.03407272381553741 6262
0.05353535353523033 0.03594369269223666 6263
0.05353535353523033 0.03791756486840222 6264
0.05454545454533369 0.0005244690771781819 6265
0.05454545454533368 0.0005502839425664056 6266
0.05454545454533367 0.0005775186245474289 6267
0.05454545454533369 0.0006062512155539122 6268
0.0545454545453337 0.0006365640954159178 6269
0.0545454545453337 0.000668544186568419 6270
0.0545454545453337 0.0007022831824442376 6271
0.0545454545453337 0.000737877822587533 6272
0.05454545454533368 0.0007754301627741597 6273
0.05454545454533369 0.0008150478773858252 6274
0.05454545454533369 0.0008568445617014506 6275
0.0545454545453337 0.000900940068249347 6276
0.0545454545453337 0.0009474608327928968 6277
0.05454545454533369 0.0009965402350515275 6278
0.0545454545453337 0.001048319002333215 6279
0.0545454545453337 0.001102945607106627 6280
0.05454545454533369 0.001160576677719914 6281
0.0545454545453337 0.001221377454015973 6282
0.05454545454533367 0.001285522279348257 6283
0.05454545454533368 0.001353195065049187 6284
0.0545454545453337 0.001424589854199526 6285
0.0545454545453337 0.00149991137185858 6286
0.05454545454533369 0.001579375564656545 6287
0.0545454545453337 0.001663210273043904 6288
0.0545454545453337 0.00175165589280512 6289
0.05454545454533369 0.001844966030134214 6290
0.0545454545453337 0.001943408229263549 6291
0.05454545454533368 0.002047264751513933 6292
0.0545454545453337 0.002156833374036222 6293
0.05454545454533369 0.002272428262435021 6294
0.0545454545453337 0.002394380875726116 6295
0.05454545454533369 0.002523040890571719 6296
0.05454545454533369 0.00265877719677794 6297
0.0545454545453337 0.002801979004164433 6298
0.05454545454533371 0.002953056912514464 6299
0.0545454545453337 0.003112444094727602 6300
0.0545454545453337 0.003280597572935684 6301
0.0545454545453337 0.003457999497659123 6302
0.0545454545453337 0.003645158528389267 6303
0.0545454545453337 0.003842611298229041 6304
0.05454545454533368 0.004050923981905447 6305
0.0545454545453337 0.004270693872454154 6306
0.0545454545453337 0.004502551103055443 6307
0.0545454545453337 0.004747160481520353 6308
0.05454545454533369 0.005005223381597967 6309
0.05454545454533368 0.005277479732212417 6310
0.05454545454533371 0.005564710179816858 6311
0.05454545454533369 0.005867738300451536 6312
0.05454545454533368 0.006187432954952757 6313
0.0545454545453337 0.006524710817731459 6314
0.05454545454533369 0.00688053897013661 6315
0.0545454545453337 0.007255937673742898 6316
0.05454545454533369 0.00765198330578329 6317
0.0545454545453337 0.008069811445348447 6318
0.05454545454533369 0.008510620139155279 6319
0.0545454545453337 0.008975673309940091 6320
0.05454545454533369 0.009466304401344734 6321
0.05454545454533368 0.009983920216629371 6322
0.05454545454533371 0.01053000490270287 6323
0.0545454545453337 0.01110612424891558 6324
0.05454545454533369 0.01171393015807425 6325
0.05454545454533368 0.01235516537916829 6326
0.05454545454533369 0.01303166853448766 6327
0.05454545454533369 0.01374537938036723 6328
0.05454545454533369 0.0144983443130774 6329
0.05454545454533369 0.01529272230936847 6330
0.05454545454533371 0.01613079110341873 6331
0.0545454545453337 0.01701495367749814 6332
0.0545454545453337 0.017947745188805 6333
0.0545454545453337 0.01893184023151273 6334
0.0545454545453337 0.01997006050103631 6335
0.0545454545453337 0.02106538289552766 6336
0.05454545454533368 0.02222094801676216 6337
0.05454545454533371 0.02344006921465306 6338
0.0545454545453337 0.02472624209260174 6339
0.05454545454533369 0.02608315448511037 6340
0.05454545454533368 0.02751469705055613 6341
0.0545454545453337 0.02902497444525769 6342
0.0545454545453337 0.03061831709550227 6343
0.0545454545453337 0.03229929360185355 6344
0.0545454545453337 0.03407272381553741 6345
0.0545454545453337 0.03594369269223666 6346
0.0545454545453337 0.03791756486840222 6347
0.0555555555554372 0.000524469077178182 6348
0.05555555555543721 0.0005502839425664057 6349
0.05555555555543722 0.0005775186245474288 6350
0.0555555555554372 0.0006062512155539122 6351
0.0555555555554372 0.0006365640954159177 6352
0.05555555555543721 0.000668544186568419 6353
0.05555555555543722 0.0007022831824442376 6354
0.0555555555554372 0.0007378778225875328 6355
0.0555555555554372 0.0007754301627741597 6356
0.0555555555554372 0.0008150478773858253 6357
0.05555555555543721 0.0008568445617014506 6358
0.05555555555543722 0.0009009400682493469 6359
0.05555555555543721 0.0009474608327928967 6360
0.05555555555543722 0.0009965402350515275 6361
0.05555555555543722 0.001048319002333215 6362
0.05555555555543721 0.001102945607106628 6363
0.05555555555543721 0.001160576677719914 6364
0.05555555555543721 0.001221377454015973 6365
0.05555555555543722 0.001285522279348257 6366
0.05555555555543721 0.001353195065049187 6367
0.05555555555543722 0.001424589854199526 6368
0.05555555555543721 0.00149991137185858 6369
0.05555555555543722 0.001579375564656545 6370
0.05555555555543721 0.001663210273043904 6371
0.05555555555543721 0.00175165589280512 6372
0.0555555555554372 0.001844966030134214 6373
0.05555555555543722 0.001943408229263549 6374
0.0555555555554372 0.002047264751513933 6375
0.0555555555554372 0.002156833374036222 6376
0.0555555555554372 0.002272428262435021 6377
0.05555555555543722 0.002394380875726116 6378
0.0555555555554372 0.002523040890571719 6379
0.05555555555543721 0.00265877719677794 6380
0.05555555555543721 0.002801979004164433 6381
0.0555555555554372 0.002953056912514464 6382
0.0555555555554372 0.003112444094727602 6383
0.0555555555554372 0.003280597572935684 6384
0.05555555555543721 0.003457999497659123 6385
0.0555555555554372 0.003645158528389267 6386
0.05555555555543721 0.003842611298229041 6387
0.0555555555554372 0.004050923981905447 6388
0.0555555555554372 0.004270693872454153 6389
0.05555555555543722 0.004502551103055443 6390
0.05555555555543721 0.004747160481520353 6391
0.05555555555543722 0.005005223381597966 6392
0.05555555555543721 0.005277479732212417 6393
0.0555555555554372 0.005564710179816859 6394
0.0555555555554372 0.005867738300451534 6395
0.0555555555554372 0.006187432954952757 6396
0.0555555555554372 0.006524710817731458 6397
0.0555555555554372 0.00688053897013661 6398
0.0555555555554372 0.007255937673742899 6399
0.0555555555554372 0.00765198330578329 6400
0.05555555555543721 0.008069811445348447 6401
0.05555555555543722 0.008510620139155279 6402
0.05555555555543721 0.008975673309940093 6403
0.0555555555554372 0.009466304401344735 6404
0.0555555555554372 0.009983920216629371 6405
0.0555555555554372 0.01053000490270287 6406
0.05555555555543721 0.01110612424891558 6407
0.05555555555543721 0.01171393015807425 6408
0.05555555555543722 0.01235516537916829 6409
0.0555555555554372 0.01303166853448766 6410
0.05555555555543721 0.01374537938036723 6411
0.05555555555543721 0.0144983443130774 6412
0.05555555555543722 0.01529272230936847 6413
0.0555555555554372 0.01613079110341873 6414
0.05555555555543722 0.01701495367749814 6415
0.05555555555543722 0.017947745188805 6416
0.0555555555554372 0.01893184023151273 6417
0.05555555555543722 0.01997006050103631 6418
0.0555555555554372 0.02106538289552767 6419
0.0555555555554372 0.02222094801676216 6420
0.0555555555554372 0.02344006921465306 6421
0.05555555555543721 0.02472624209260174 6422
0.0555555555554372 0.02608315448511037 6423
0.0555555555554372 0.02751469705055613 6424
0.05555555555543721 0.02902497444525769 6425
0.05555555555543722 0.03061831709550226 6426
0.05555555555543722 0.03229929360185355 6427
0.05555555555543721 0.03407272381553741 6428
0.05555555555543721 0.03594369269223666 6429
0.0555555555554372 0.03791756486840221 6430
0.05656565656554176 0.0005244690771781821 6431
0.05656565656554177 0.0005502839425664056 6432
0.05656565656554176 0.0005775186245474289 6433
0.05656565656554177 0.0006062512155539123 6434
0.05656565656554176 0.0006365640954159178 6435
0.05656565656554177 0.000668544186568419 6436
0.05656565656554179 0.0007022831824442376 6437
0.05656565656554177 0.0007378778225875329 6438
0.05656565656554178 0.0007754301627741596 6439
0.05656565656554177 0.0008150478773858252 6440
0.05656565656554177 0.0008568445617014506 6441
0.05656565656554177 0.0009009400682493467 6442
0.05656565656554177 0.0009474608327928967 6443
0.05656565656554176 0.0009965402350515275 6444
0.05656565656554178 0.001048319002333215 6445
0.05656565656554177 0.001102945607106628 6446
0.05656565656554177 0.001160576677719914 6447
0.05656565656554177 0.001221377454015973 6448
0.05656565656554177 0.001285522279348257 6449
0.05656565656554177 0.001353195065049187 6450
0.05656565656554178 0.001424589854199526 6451
0.05656565656554178 0.00149991137185858 6452
0.05656565656554177 0.001579375564656545 6453
0.05656565656554178 0.001663210273043904 6454
0.05656565656554179 0.00175165589280512 6455
0.05656565656554178 0.001844966030134215 6456
0.05656565656554177 0.001943408229263549 6457
0.05656565656554179 0.002047264751513933 6458
0.05656565656554177 0.002156833374036222 6459
0.05656565656554177 0.002272428262435021 6460
0.05656565656554178 0.002394380875726116 6461
0.05656565656554179 0.002523040890571719 6462
0.05656565656554176 0.002658777196777941 6463
0.05656565656554177 0.002801979004164433 6464
0.05656565656554177 0.002953056912514464 6465
0.05656565656554179 0.003112444094727602 6466
0.05656565656554179 0.003280597572935684 6467
0.05656565656554177 0.003457999497659121 6468
0.05656565656554177 0.003645158528389267 6469
0.05656565656554179 0.003842611298229041 6470
0.05656565656554177 0.004050923981905447 6471
0.05656565656554176 0.004270693872454154 6472
0.05656565656554178 0.004502551103055443 6473
0.05656565656554179 0.004747160481520353 6474
0.05656565656554179 0.005005223381597967 6475
0.05656565656554177 0.005277479732212417 6476
0.05656565656554177 0.005564710179816858 6477
0.05656565656554177 0.005867738300451534 6478
0.05656565656554177 0.006187432954952757 6479
0.05656565656554178 0.006524710817731458 6480
0.05656565656554177 0.00688053897013661 6481
0.05656565656554177 0.007255937673742898 6482
0.05656565656554178 0.007651983305783291 6483
0.05656565656554178 0.008069811445348447 6484
0.05656565656554177 0.008510620139155279 6485
0.05656565656554178 0.008975673309940093 6486
0.05656565656554178 0.009466304401344734 6487
0.05656565656554177 0.009983920216629371 6488
0.05656565656554177 0.01053000490270287 6489
0.05656565656554178 0.01110612424891558 6490
0.05656565656554177 0.01171393015807425 6491
0.05656565656554177 0.01235516537916829 6492
0.05656565656554177 0.01303166853448766 6493
0.05656565656554177 0.01374537938036723 6494
0.05656565656554178 0.0144983443130774 6495
0.05656565656554177 0.01529272230936847 6496
0.05656565656554178 0.01613079110341873 6497
0.05656565656554177 0.01701495367749814 6498
0.05656565656554177 0.017947745188805 6499
0.05656565656554177 0.01893184023151273 6500
0.05656565656554177 0.01997006050103631 6501
0.05656565656554177 0.02106538289552766 6502
0.05656565656554177 0.02222094801676216 6503
0.05656565656554178 0.02344006921465306 6504
0.05656565656554178 0.02472624209260174 6505
0.05656565656554177 0.02608315448511037 6506
0.05656565656554177 0.02751469705055613 6507
0.05656565656554177 0.02902497444525769 6508
0.05656565656554178 0.03061831709550227 6509
0.05656565656554177 0.03229929360185355 6510
0.05656565656554177 0.03407272381553741 6511
0.05656565656554177 0.03594369269223666 6512
0.05656565656554177 0.03791756486840222 6513
0.05757575757564513 0.000524469077178182 6514
0.05757575757564513 0.0005502839425664056 6515
0.05757575757564514 0.0005775186245474288 6516
0.05757575757564516 0.0006062512155539123 6517
0.05757575757564513 0.0006365640954159178 6518
0.05757575757564514 0.000668544186568419 6519
0.05757575757564513 0.0007022831824442376 6520
0.05757575757564514 0.0007378778225875329 6521
0.05757575757564515 0.0007754301627741597 6522
0.05757575757564515 0.0008150478773858252 6523
0.05757575757564515 0.0008568445617014506 6524
0.05757575757564515 0.0009009400682493469 6525
0.05757575757564514 0.0009474608327928968 6526
0.05757575757564514 0.0009965402350515275 6527
0.05757575757564513 0.001048319002333215 6528
0.05757575757564512 0.001102945607106628 6529
0.05757575757564515 0.001160576677719914 6530
0.05757575757564515 0.001221377454015973 6531
0.05757575757564514 0.001285522279348257 6532
0.05757575757564514 0.001353195065049187 6533
0.05757575757564514 0.001424589854199526 6534
0.05757575757564515 0.00149991137185858 6535
0.05757575757564513 0.001579375564656545 6536
0.05757575757564514 0.001663210273043904 6537
0.05757575757564514 0.00175165589280512 6538
0.05757575757564513 0.001844966030134215 6539
0.05757575757564513 0.001943408229263549 6540
0.05757575757564514 0.002047264751513933 6541
0.05757575757564514 0.002156833374036222 6542
0.05757575757564513 0.002272428262435021 6543
0.05757575757564514 0.002394380875726116 6544
0.05757575757564515 0.002523040890571719 6545
0.05757575757564515 0.00265877719677794 6546
0.05757575757564515 0.002801979004164433 6547
0.05757575757564515 0.002953056912514464 6548
0.05757575757564515 0.003112444094727602 6549
0.05757575757564514 0.003280597572935684 6550
0.05757575757564514 0.003457999497659123 6551
0.05757575757564515 0.003645158528389266 6552
0.05757575757564513 0.003842611298229041 6553
0.05757575757564514 0.004050923981905447 6554
0.05757575757564515 0.004270693872454154 6555
0.05757575757564515 0.004502551103055443 6556
0.05757575757564513 0.004747160481520353 6557
0.05757575757564513 0.005005223381597967 6558
0.05757575757564513 0.005277479732212418 6559
0.05757575757564514 0.005564710179816859 6560
0.05757575757564515 0.005867738300451535 6561
0.05757575757564515 0.006187432954952757 6562
0.05757575757564515 0.006524710817731458 6563
0.05757575757564515 0.00688053897013661 6564
0.05757575757564514 0.007255937673742898 6565
0.05757575757564515 0.007651983305783291 6566
0.05757575757564514 0.008069811445348447 6567
0.05757575757564515 0.008510620139155279 6568
0.05757575757564515 0.008975673309940093 6569
0.05757575757564514 0.009466304401344734 6570
0.05757575757564513 0.009983920216629371 6571
0.05757575757564514 0.01053000490270287 6572
0.05757575757564513 0.01110612424891558 6573
0.05757575757564513 0.01171393015807425 6574
0.05757575757564513 0.01235516537916828 6575
0.05757575757564513 0.01303166853448766 6576
0.05757575757564512 0.01374537938036723 6577
0.05757575757564515 0.0144983443130774 6578
0.05757575757564515 0.01529272230936847 6579
0.05757575757564515 0.01613079110341873 6580
0.05757575757564515 0.01701495367749814 6581
0.05757575757564516 0.017947745188805 6582
0.05757575757564515 0.01893184023151273 6583
0.05757575757564515 0.01997006050103631 6584
0.05757575757564513 0.02106538289552766 6585
0.05757575757564515 0.02222094801676216 6586
0.05757575757564513 0.02344006921465306 6587
0.05757575757564515 0.02472624209260174 6588
0.05757575757564515 0.02608315448511037 6589
0.05757575757564513 0.02751469705055613 6590
0.05757575757564512 0.02902497444525769 6591
0.05757575757564514 0.03061831709550226 6592
0.05757575757564515 0.03229929360185355 6593
0.05757575757564514 0.03407272381553741 6594
0.05757575757564513 0.03594369269223666 6595
0.05757575757564514 0.03791756486840222 6596
0.05858585858574848 0.000524469077178182 6597
0.0585858585857485 0.0005502839425664056 6598
0.0585858585857485 0.0005775186245474289 6599
0.0585858585857485 0.0006062512155539123 6600
0.05858585858574848 0.0006365640954159178 6601
0.0585858585857485 0.000668544186568419 6602
0.05858585858574849 0.0007022831824442376 6603
0.05858585858574848 0.000737877822587533 6604
0.05858585858574849 0.0007754301627741598 6605
0.05858585858574848 0.0008150478773858252 6606
0.05858585858574849 0.0008568445617014506 6607
0.05858585858574849 0.0009009400682493469 6608
0.05858585858574849 0.0009474608327928966 6609
0.05858585858574849 0.0009965402350515275 6610
0.0585858585857485 0.001048319002333215 6611
0.0585858585857485 0.001102945607106628 6612
0.0585858585857485 0.001160576677719914 6613
0.05858585858574849 0.001221377454015973 6614
0.05858585858574849 0.001285522279348257 6615
0.0585858585857485 0.001353195065049187 6616
0.05858585858574851 0.001424589854199526 6617
0.05858585858574848 0.00149991137185858 6618
0.0585858585857485 0.001579375564656545 6619
0.0585858585857485 0.001663210273043904 6620
0.05858585858574849 0.00175165589280512 6621
0.0585858585857485 0.001844966030134214 6622
0.0585858585857485 0.001943408229263549 6623
0.05858585858574849 0.002047264751513933 6624
0.05858585858574848 0.002156833374036222 6625
0.0585858585857485 0.002272428262435021 6626
0.0585858585857485 0.002394380875726116 6627
0.05858585858574849 0.002523040890571719 6628
0.0585858585857485 0.00265877719677794 6629
0.05858585858574848 0.002801979004164433 6630
0.0585858585857485 0.002953056912514464 6631
0.0585858585857485 0.003112444094727602 6632
0.05858585858574849 0.003280597572935684 6633
0.05858585858574848 0.003457999497659123 6634
0.05858585858574849 0.003645158528389267 6635
0.0585858585857485 0.003842611298229041 6636
0.05858585858574848 0.004050923981905447 6637
0.0585858585857485 0.004270693872454155 6638
0.0585858585857485 0.004502551103055443 6639
0.0585858585857485 0.004747160481520353 6640
0.0585858585857485 0.005005223381597966 6641
0.0585858585857485 0.005277479732212417 6642
0.0585858585857485 0.005564710179816858 6643
0.0585858585857485 0.005867738300451536 6644
0.05858585858574848 0.006187432954952757 6645
0.05858585858574848 0.006524710817731458 6646
0.0585858585857485 0.00688053897013661 6647
0.05858585858574849 0.007255937673742897 6648
0.0585858585857485 0.007651983305783291 6649
0.05858585858574849 0.008069811445348447 6650
0.05858585858574849 0.008510620139155279 6651
0.0585858585857485 0.008975673309940093 6652
0.0585858585857485 0.009466304401344735 6653
0.05858585858574849 0.009983920216629371 6654
0.0585858585857485 0.01053000490270287 6655
0.0585858585857485 0.01110612424891558 6656
0.0585858585857485 0.01171393015807425 6657
0.0585858585857485 0.01235516537916828 6658
0.05858585858574849 0.01303166853448766 6659
0.05858585858574849 0.01374537938036723 6660
0.05858585858574849 0.0144983443130774 6661
0.05858585858574849 0.01529272230936847 6662
0.0585858585857485 0.01613079110341873 6663
0.05858585858574849 0.01701495367749814 6664
0.05858585858574849 0.017947745188805 6665
0.0585858585857485 0.01893184023151273 6666
0.0585858585857485 0.01997006050103631 6667
0.0585858585857485 0.02106538289552766 6668
0.05858585858574849 0.02222094801676216 6669
0.0585858585857485 0.02344006921465306 6670
0.0585858585857485 0.02472624209260174 6671
0.05858585858574849 0.02608315448511037 6672
0.05858585858574848 0.02751469705055613 6673
0.0585858585857485 0.02902497444525769 6674
0.05858585858574849 0.03061831709550227 6675
0.05858585858574849 0.03229929360185355 6676
0.0585858585857485 0.03407272381553741 6677
0.0585858585857485 0.03594369269223666 6678
0.0585858585857485 0.03791756486840223 6679
0.05959595959585227 0.000524469077178182 6680
0.05959595959585227 0.0005502839425664056 6681
0.05959595959585227 0.0005775186245474288 6682
0.05959595959585226 0.0006062512155539122 6683
0.05959595959585227 0.000636564095415918 6684
0.05959595959585227 0.0006685441865684191 6685
0.05959595959585227 0.0007022831824442375 6686
0.05959595959585227 0.000737877822587533 6687
0.05959595959585225 0.0007754301627741597 6688
0.05959595959585226 0.0008150478773858252 6689
0.05959595959585227 0.0008568445617014506 6690
0.05959595959585227 0.0009009400682493467 6691
0.05959595959585225 0.0009474608327928966 6692
0.05959595959585226 0.0009965402350515275 6693
0.05959595959585227 0.001048319002333215 6694
0.05959595959585228 0.001102945607106628 6695
0.05959595959585227 0.001160576677719914 6696
0.05959595959585226 0.001221377454015973 6697
0.05959595959585226 0.001285522279348257 6698
0.05959595959585227 0.001353195065049187 6699
0.05959595959585226 0.001424589854199526 6700
0.05959595959585226 0.00149991137185858 6701
0.05959595959585225 0.001579375564656545 6702
0.05959595959585226 0.001663210273043904 6703
0.05959595959585227 0.00175165589280512 6704
0.05959595959585227 0.001844966030134215 6705
0.05959595959585227 0.001943408229263549 6706
0.05959595959585226 0.002047264751513933 6707
0.05959595959585226 0.002156833374036222 6708
0.05959595959585226 0.002272428262435021 6709
0.05959595959585225 0.002394380875726116 6710
0.05959595959585227 0.002523040890571719 6711
0.05959595959585225 0.002658777196777941 6712
0.05959595959585227 0.002801979004164433 6713
0.05959595959585227 0.002953056912514464 6714
0.05959595959585227 0.003112444094727602 6715
0.05959595959585225 0.003280597572935684 6716
0.05959595959585226 0.003457999497659122 6717
0.05959595959585226 0.003645158528389268 6718
0.05959595959585227 0.003842611298229041 6719
0.05959595959585227 0.004050923981905447 6720
0.05959595959585227 0.004270693872454154 6721
0.05959595959585227 0.004502551103055443 6722
0.05959595959585225 0.004747160481520353 6723
0.05959595959585226 0.005005223381597967 6724
0.05959595959585228 0.005277479732212418 6725
0.05959595959585226 0.005564710179816859 6726
0.05959595959585226 0.005867738300451535 6727
0.05959595959585226 0.006187432954952757 6728
0.05959595959585226 0.006524710817731458 6729
0.05959595959585225 0.00688053897013661 6730
0.05959595959585227 0.007255937673742897 6731
0.05959595959585227 0.007651983305783291 6732
0.05959595959585226 0.008069811445348447 6733
0.05959595959585226 0.008510620139155281 6734
0.05959595959585227 0.008975673309940093 6735
0.05959595959585226 0.009466304401344734 6736
0.05959595959585227 0.009983920216629371 6737
0.05959595959585226 0.01053000490270287 6738
0.05959595959585226 0.01110612424891558 6739
0.05959595959585226 0.01171393015807425 6740
0.05959595959585227 0.01235516537916828 6741
0.05959595959585227 0.01303166853448766 6742
0.05959595959585226 0.01374537938036723 6743
0.05959595959585226 0.0144983443130774 6744
0.05959595959585227 0.01529272230936847 6745
0.05959595959585227 0.01613079110341874 6746
0.05959595959585225 0.01701495367749814 6747
0.05959595959585226 0.017947745188805 6748
0.05959595959585226 0.01893184023151273 6749
0.05959595959585226 0.01997006050103631 6750
0.05959595959585226 0.02106538289552766 6751
0.05959595959585226 0.02222094801676216 6752
0.05959595959585226 0.02344006921465306 6753
0.05959595959585226 0.02472624209260174 6754
0.05959595959585226 0.02608315448511037 6755
0.05959595959585226 0.02751469705055613 6756
0.05959595959585226 0.02902497444525769 6757
0.05959595959585227 0.03061831709550228 6758
0.05959595959585226 0.03229929360185355 6759
0.05959595959585227 0.03407272381553741 6760
0.05959595959585226 0.03594369269223666 6761
0.05959595959585226 0.03791756486840221 6762
0.06060606060595658 0.000524469077178182 6763
0.06060606060595659 0.0005502839425664056 6764
0.06060606060595657 0.0005775186245474288 6765
0.06060606060595658 0.0006062512155539121 6766
0.06060606060595659 0.000636564095415918 6767
0.06060606060595658 0.0006685441865684191 6768
0.06060606060595658 0.0007022831824442376 6769
0.06060606060595658 0.000737877822587533 6770
0.06060606060595657 0.0007754301627741597 6771
0.06060606060595658 0.0008150478773858253 6772
0.06060606060595657 0.0008568445617014506 6773
0.06060606060595657 0.0009009400682493467 6774
0.06060606060595657 0.0009474608327928967 6775
0.06060606060595657 0.0009965402350515275 6776
0.06060606060595657 0.001048319002333215 6777
0.06060606060595658 0.001102945607106627 6778
0.06060606060595658 0.001160576677719914 6779
0.06060606060595658 0.001221377454015973 6780
0.06060606060595657 0.001285522279348257 6781
0.06060606060595659 0.001353195065049187 6782
0.06060606060595658 0.001424589854199526 6783
0.06060606060595656 0.00149991137185858 6784
0.06060606060595658 0.001579375564656545 6785
0.06060606060595657 0.001663210273043904 6786
0.06060606060595658 0.00175165589280512 6787
0.06060606060595657 0.001844966030134214 6788
0.06060606060595658 0.001943408229263549 6789
0.06060606060595657 0.002047264751513933 6790
0.06060606060595658 0.002156833374036222 6791
0.06060606060595658 0.002272428262435021 6792
0.06060606060595658 0.002394380875726116 6793
0.06060606060595657 0.002523040890571719 6794
0.06060606060595659 0.00265877719677794 6795
0.06060606060595658 0.002801979004164433 6796
0.06060606060595659 0.002953056912514464 6797
0.06060606060595657 0.003112444094727602 6798
0.06060606060595657 0.003280597572935684 6799
0.06060606060595658 0.003457999497659123 6800
0.06060606060595658 0.003645158528389267 6801
0.06060606060595658 0.003842611298229041 6802
0.06060606060595657 0.004050923981905447 6803
0.06060606060595657 0.004270693872454154 6804
0.06060606060595657 0.004502551103055443 6805
0.06060606060595658 0.004747160481520354 6806
0.06060606060595659 0.005005223381597966 6807
0.06060606060595657 0.005277479732212417 6808
0.06060606060595657 0.005564710179816858 6809
0.06060606060595658 0.005867738300451534 6810
0.06060606060595658 0.006187432954952757 6811
0.06060606060595658 0.006524710817731458 6812
0.06060606060595658 0.00688053897013661 6813
0.06060606060595657 0.007255937673742897 6814
0.06060606060595657 0.00765198330578329 6815
0.06060606060595656 0.008069811445348447 6816
0.06060606060595657 0.008510620139155279 6817
0.06060606060595657 0.008975673309940093 6818
0.06060606060595659 0.009466304401344735 6819
0.06060606060595657 0.009983920216629371 6820
0.06060606060595657 0.01053000490270287 6821
0.06060606060595657 0.01110612424891558 6822
0.06060606060595656 0.01171393015807425 6823
0.06060606060595658 0.01235516537916828 6824
0.06060606060595658 0.01303166853448766 6825
0.06060606060595657 0.01374537938036723 6826
0.06060606060595657 0.0144983443130774 6827
0.06060606060595658 0.01529272230936847 6828
0.06060606060595658 0.01613079110341874 6829
0.06060606060595658 0.01701495367749814 6830
0.06060606060595658 0.017947745188805 6831
0.06060606060595657 0.01893184023151273 6832
0.06060606060595658 0.01997006050103631 6833
0.06060606060595658 0.02106538289552766 6834
0.06060606060595658 0.02222094801676216 6835
0.06060606060595658 0.02344006921465306 6836
0.06060606060595658 0.02472624209260174 6837
0.06060606060595658 0.02608315448511037 6838
0.06060606060595658 0.02751469705055613 6839
0.06060606060595658 0.02902497444525769 6840
0.06060606060595657 0.03061831709550226 6841
0.06060606060595658 0.03229929360185355 6842
0.06060606060595658 0.03407272381553741 6843
0.06060606060595657 0.03594369269223666 6844
0.06060606060595657 0.03791756486840222 6845
0.06161616161605996 0.000524469077178182 6846
0.06161616161605996 0.0005502839425664055 6847
0.06161616161605998 0.0005775186245474289 6848
0.06161616161605996 0.0006062512155539122 6849
0.06161616161605997 0.0006365640954159178 6850
0.06161616161605996 0.000668544186568419 6851
0.06161616161605995 0.0007022831824442376 6852
0.06161616161605995 0.000737877822587533 6853
0.06161616161605996 0.0007754301627741597 6854
0.06161616161605996 0.0008150478773858252 6855
0.06161616161605996 0.0008568445617014506 6856
0.06161616161605997 0.0009009400682493469 6857
0.06161616161605996 0.0009474608327928966 6858
0.06161616161605996 0.0009965402350515275 6859
0.06161616161605996 0.001048319002333215 6860
0.06161616161605995 0.001102945607106628 6861
0.06161616161605996 0.001160576677719914 6862
0.06161616161605996 0.001221377454015973 6863
0.06161616161605994 0.001285522279348257 6864
0.06161616161605996 0.001353195065049187 6865
0.06161616161605994 0.001424589854199526 6866
0.06161616161605996 0.00149991137185858 6867
0.06161616161605996 0.001579375564656545 6868
0.06161616161605996 0.001663210273043904 6869
0.06161616161605996 0.00175165589280512 6870
0.06161616161605996 0.001844966030134215 6871
0.06161616161605996 0.001943408229263549 6872
0.06161616161605996 0.002047264751513933 6873
0.06161616161605996 0.002156833374036222 6874
0.06161616161605996 0.002272428262435021 6875
0.06161616161605996 0.002394380875726116 6876
0.06161616161605996 0.002523040890571719 6877
0.06161616161605994 0.002658777196777941 6878
0.06161616161605996 0.002801979004164433 6879
0.06161616161605996 0.002953056912514464 6880
0.06161616161605996 0.003112444094727603 6881
0.06161616161605998 0.003280597572935684 6882
0.06161616161605996 0.003457999497659123 6883
0.06161616161605996 0.003645158528389268 6884
0.06161616161605996 0.003842611298229041 6885
0.06161616161605996 0.004050923981905447 6886
0.06161616161605994 0.004270693872454154 6887
0.06161616161605996 0.004502551103055443 6888
0.06161616161605996 0.004747160481520354 6889
0.06161616161605996 0.005005223381597966 6890
0.06161616161605996 0.005277479732212418 6891
0.06161616161605995 0.005564710179816858 6892
0.06161616161605997 0.005867738300451534 6893
0.06161616161605996 0.006187432954952757 6894
0.06161616161605997 0.006524710817731458 6895
0.06161616161605996 0.006880538970136611 6896
0.06161616161605996 0.007255937673742898 6897
0.06161616161605996 0.00765198330578329 6898
0.06161616161605994 0.008069811445348447 6899
0.06161616161605996 0.008510620139155279 6900
0.06161616161605998 0.008975673309940091 6901
0.06161616161605996 0.009466304401344734 6902
0.06161616161605997 0.009983920216629371 6903
0.06161616161605996 0.01053000490270287 6904
0.06161616161605996 0.01110612424891558 6905
0.06161616161605996 0.01171393015807425 6906
0.06161616161605996 0.01235516537916829 6907
0.06161616161605996 0.01303166853448766 6908
0.06161616161605996 0.01374537938036723 6909
0.06161616161605996 0.0144983443130774 6910
0.06161616161605997 0.01529272230936847 6911
0.06161616161605996 0.01613079110341873 6912
0.06161616161605996 0.01701495367749814 6913
0.06161616161605996 0.017947745188805 6914
0.06161616161605996 0.01893184023151273 6915
0.06161616161605996 0.01997006050103631 6916
0.06161616161605996 0.02106538289552766 6917
0.06161616161605996 0.02222094801676216 6918
0.06161616161605996 0.02344006921465306 6919
0.06161616161605996 0.02472624209260175 6920
0.06161616161605996 0.02608315448511037 6921
0.06161616161605996 0.02751469705055613 6922
0.06161616161605996 0.02902497444525769 6923
0.06161616161605996 0.03061831709550227 6924
0.06161616161605996 0.03229929360185355 6925
0.06161616161605996 0.03407272381553742 6926
0.06161616161605996 0.03594369269223666 6927
0.06161616161605996 0.03791756486840221 6928
0.06262626262616333 0.0005244690771781822 6929
0.06262626262616332 0.0005502839425664056 6930
0.06262626262616332 0.0005775186245474289 6931
0.06262626262616332 0.0006062512155539121 6932
0.06262626262616333 0.0006365640954159178 6933
0.06262626262616333 0.000668544186568419 6934
0.06262626262616332 0.0007022831824442376 6935
0.06262626262616332 0.000737877822587533 6936
0.06262626262616332 0.0007754301627741597 6937
0.06262626262616332 0.0008150478773858252 6938
0.06262626262616333 0.0008568445617014506 6939
0.06262626262616333 0.0009009400682493469 6940
0.06262626262616332 0.0009474608327928967 6941
0.06262626262616333 0.0009965402350515275 6942
0.06262626262616333 0.001048319002333215 6943
0.06262626262616333 0.001102945607106628 6944
0.06262626262616332 0.001160576677719914 6945
0.06262626262616332 0.001221377454015973 6946
0.06262626262616332 0.001285522279348257 6947
0.06262626262616333 0.001353195065049187 6948
0.06262626262616333 0.001424589854199526 6949
0.06262626262616332 0.00149991137185858 6950
0.06262626262616332 0.001579375564656545 6951
0.06262626262616333 0.001663210273043904 6952
0.06262626262616332 0.00175165589280512 6953
0.06262626262616333 0.001844966030134215 6954
0.06262626262616332 0.001943408229263549 6955
0.06262626262616332 0.002047264751513933 6956
0.06262626262616332 0.002156833374036222 6957
0.06262626262616333 0.002272428262435021 6958
0.06262626262616332 0.002394380875726116 6959
0.06262626262616332 0.002523040890571719 6960
0.06262626262616333 0.002658777196777941 6961
0.06262626262616333 0.002801979004164433 6962
0.06262626262616333 0.002953056912514464 6963
0.06262626262616332 0.003112444094727602 6964
0.06262626262616332 0.003280597572935684 6965
0.06262626262616332 0.003457999497659123 6966
0.06262626262616333 0.003645158528389268 6967
0.06262626262616332 0.003842611298229041 6968
0.06262626262616333 0.004050923981905447 6969
0.06262626262616333 0.004270693872454154 6970
0.06262626262616333 0.004502551103055443 6971
0.06262626262616333 0.004747160481520353 6972
0.06262626262616333 0.005005223381597967 6973
0.06262626262616332 0.005277479732212417 6974
0.06262626262616332 0.005564710179816859 6975
0.06262626262616333 0.005867738300451536 6976
0.06262626262616332 0.006187432954952757 6977
0.06262626262616332 0.006524710817731459 6978
0.06262626262616333 0.00688053897013661 6979
0.06262626262616332 0.007255937673742898 6980
0.06262626262616332 0.007651983305783291 6981
0.06262626262616332 0.008069811445348447 6982
0.06262626262616332 0.008510620139155279 6983
0.06262626262616333 0.008975673309940094 6984
0.06262626262616333 0.009466304401344735 6985
0.06262626262616332 0.009983920216629371 6986
0.06262626262616332 0.01053000490270287 6987
0.06262626262616333 0.01110612424891558 6988
0.06262626262616332 0.01171393015807425 6989
0.06262626262616333 0.01235516537916829 6990
0.06262626262616333 0.01303166853448766 6991
0.06262626262616332 0.01374537938036723 6992
0.06262626262616332 0.0144983443130774 6993
0.06262626262616332 0.01529272230936847 6994
0.06262626262616332 0.01613079110341873 6995
0.06262626262616332 0.01701495367749814 6996
0.06262626262616333 0.017947745188805 6997
0.06262626262616332 0.01893184023151273 6998
0.06262626262616333 0.01997006050103631 6999
0.06262626262616332 0.02106538289552766 7000
0.06262626262616333 0.02222094801676216 7001
0.06262626262616333 0.02344006921465306 7002
0.06262626262616332 0.02472624209260174 7003
0.06262626262616332 0.02608315448511037 7004
0.06262626262616333 0.02751469705055613 7005
0.06262626262616333 0.02902497444525769 7006
0.06262626262616333 0.03061831709550228 7007
0.06262626262616332 0.03229929360185356 7008
0.06262626262616333 0.03407272381553741 7009
0.06262626262616333 0.03594369269223666 7010
0.06262626262616332 0.03791756486840221 7011
0.06363636363626733 0.000524469077178182 7012
0.0636363636362673 0.0005502839425664056 7013
0.06363636363626733 0.0005775186245474289 7014
0.0636363636362673 0.0006062512155539121 7015
0.06363636363626728 0.0006365640954159178 7016
0.06363636363626732 0.0006685441865684191 7017
0.0636363636362673 0.0007022831824442376 7018
0.0636363636362673 0.0007378778225875329 7019
0.0636363636362673 0.0007754301627741597 7020
0.0636363636362673 0.0008150478773858252 7021
0.0636363636362673 0.0008568445617014506 7022
0.0636363636362673 0.0009009400682493469 7023
0.06363636363626733 0.0009474608327928967 7024
0.0636363636362673 0.0009965402350515273 7025
0.06363636363626732 0.001048319002333215 7026
0.0636363636362673 0.001102945607106628 7027
0.06363636363626733 0.001160576677719914 7028
0.0636363636362673 0.001221377454015973 7029
0.0636363636362673 0.001285522279348257 7030
0.06363636363626728 0.001353195065049187 7031
0.0636363636362673 0.001424589854199526 7032
0.0636363636362673 0.00149991137185858 7033
0.0636363636362673 0.001579375564656545 7034
0.0636363636362673 0.001663210273043904 7035
0.0636363636362673 0.00175165589280512 7036
0.0636363636362673 0.001844966030134214 7037
0.0636363636362673 0.001943408229263549 7038
0.0636363636362673 0.002047264751513933 7039
0.0636363636362673 0.002156833374036222 7040
0.0636363636362673 0.002272428262435021 7041
0.0636363636362673 0.002394380875726116 7042
0.0636363636362673 0.002523040890571719 7043
0.06363636363626732 0.00265877719677794 7044
0.0636363636362673 0.002801979004164433 7045
0.0636363636362673 0.002953056912514464 7046
0.0636363636362673 0.003112444094727602 7047
0.0636363636362673 0.003280597572935684 7048
0.0636363636362673 0.003457999497659123 7049
0.0636363636362673 0.003645158528389267 7050
0.0636363636362673 0.003842611298229041 7051
0.0636363636362673 0.004050923981905447 7052
0.0636363636362673 0.004270693872454154 7053
0.0636363636362673 0.004502551103055443 7054
0.06363636363626732 0.004747160481520353 7055
0.0636363636362673 0.005005223381597967 7056
0.0636363636362673 0.005277479732212417 7057
0.06363636363626729 0.005564710179816858 7058
0.0636363636362673 0.005867738300451534 7059
0.0636363636362673 0.006187432954952757 7060
0.0636363636362673 0.006524710817731458 7061
0.0636363636362673 0.00688053897013661 7062
0.0636363636362673 0.007255937673742899 7063
0.0636363636362673 0.00765198330578329 7064
0.0636363636362673 0.008069811445348447 7065
0.06363636363626732 0.008510620139155279 7066
0.0636363636362673 0.008975673309940093 7067
0.0636363636362673 0.009466304401344734 7068
0.0636363636362673 0.009983920216629371 7069
0.0636363636362673 0.01053000490270287 7070
0.0636363636362673 0.01110612424891558 7071
0.0636363636362673 0.01171393015807425 7072
0.0636363636362673 0.01235516537916828 7073
0.0636363636362673 0.01303166853448766 7074
0.0636363636362673 0.01374537938036723 7075
0.06363636363626729 0.0144983443130774 7076
0.0636363636362673 0.01529272230936847 7077
0.0636363636362673 0.01613079110341873 7078
0.06363636363626729 0.01701495367749814 7079
0.0636363636362673 0.017947745188805 7080
0.0636363636362673 0.01893184023151273 7081
0.0636363636362673 0.01997006050103631 7082
0.0636363636362673 0.02106538289552766 7083
0.0636363636362673 0.02222094801676216 7084
0.0636363636362673 0.02344006921465306 7085
0.06363636363626729 0.02472624209260174 7086
0.06363636363626729 0.02608315448511037 7087
0.06363636363626729 0.02751469705055613 7088
0.0636363636362673 0.02902497444525769 7089
0.0636363636362673 0.03061831709550227 7090
0.06363636363626729 0.03229929360185355 7091
0.0636363636362673 0.03407272381553741 7092
0.0636363636362673 0.03594369269223666 7093
0.0636363636362673 0.03791756486840221 7094
0.06464646464637243 0.000524469077178182 7095
0.06464646464637241 0.0005502839425664056 7096
0.06464646464637241 0.0005775186245474289 7097
0.06464646464637241 0.0006062512155539122 7098
0.06464646464637241 0.0006365640954159178 7099
0.06464646464637241 0.000668544186568419 7100
0.0646464646463724 0.0007022831824442376 7101
0.0646464646463724 0.0007378778225875329 7102
0.0646464646463724 0.0007754301627741597 7103
0.0646464646463724 0.0008150478773858252 7104
0.06464646464637237 0.0008568445617014505 7105
0.06464646464637241 0.0009009400682493471 7106
0.06464646464637244 0.0009474608327928967 7107
0.06464646464637241 0.0009965402350515275 7108
0.06464646464637241 0.001048319002333215 7109
0.06464646464637241 0.001102945607106628 7110
0.06464646464637243 0.001160576677719914 7111
0.06464646464637241 0.001221377454015973 7112
0.0646464646463724 0.001285522279348257 7113
0.06464646464637241 0.001353195065049187 7114
0.06464646464637241 0.001424589854199526 7115
0.06464646464637237 0.00149991137185858 7116
0.06464646464637237 0.001579375564656545 7117
0.06464646464637241 0.001663210273043904 7118
0.06464646464637241 0.00175165589280512 7119
0.06464646464637241 0.001844966030134214 7120
0.06464646464637241 0.001943408229263549 7121
0.06464646464637243 0.002047264751513933 7122
0.0646464646463724 0.002156833374036222 7123
0.06464646464637241 0.002272428262435021 7124
0.06464646464637241 0.002394380875726116 7125
0.06464646464637241 0.002523040890571719 7126
0.06464646464637241 0.002658777196777941 7127
0.06464646464637241 0.002801979004164433 7128
0.06464646464637241 0.002953056912514464 7129
0.06464646464637241 0.003112444094727602 7130
0.06464646464637241 0.003280597572935684 7131
0.0646464646463724 0.003457999497659123 7132
0.06464646464637241 0.003645158528389267 7133
0.0646464646463724 0.003842611298229041 7134
0.06464646464637241 0.004050923981905447 7135
0.06464646464637241 0.004270693872454154 7136
0.06464646464637241 0.004502551103055443 7137
0.06464646464637241 0.004747160481520353 7138
0.06464646464637241 0.005005223381597966 7139
0.06464646464637241 0.005277479732212418 7140
0.06464646464637241 0.005564710179816859 7141
0.06464646464637241 0.005867738300451535 7142
0.06464646464637241 0.006187432954952757 7143
0.06464646464637241 0.006524710817731458 7144
0.06464646464637241 0.006880538970136611 7145
0.06464646464637241 0.007255937673742898 7146
0.0646464646463724 0.00765198330578329 7147
0.06464646464637241 0.008069811445348447 7148
0.06464646464637241 0.008510620139155281 7149
0.06464646464637241 0.008975673309940093 7150
0.06464646464637241 0.009466304401344734 7151
0.06464646464637241 0.009983920216629373 7152
0.06464646464637241 0.01053000490270287 7153
0.06464646464637241 0.01110612424891558 7154
0.06464646464637241 0.01171393015807425 7155
0.06464646464637241 0.01235516537916829 7156
0.06464646464637241 0.01303166853448766 7157
0.0646464646463724 0.01374537938036724 7158
0.06464646464637241 0.0144983443130774 7159
0.06464646464637241 0.01529272230936847 7160
0.06464646464637241 0.01613079110341873 7161
0.0646464646463724 0.01701495367749814 7162
0.06464646464637241 0.017947745188805 7163
0.06464646464637241 0.01893184023151273 7164
0.06464646464637241 0.01997006050103631 7165
0.06464646464637241 0.02106538289552766 7166
0.06464646464637241 0.02222094801676216 7167
0.06464646464637241 0.02344006921465306 7168
0.06464646464637241 0.02472624209260174 7169
0.06464646464637241 0.02608315448511037 7170
0.06464646464637241 0.02751469705055613 7171
0.06464646464637241 0.02902497444525769 7172
0.06464646464637241 0.03061831709550226 7173
0.06464646464637241 0.03229929360185355 7174
0.06464646464637241 0.03407272381553742 7175
0.06464646464637241 0.03594369269223666 7176
0.06464646464637241 0.03791756486840222 7177
0.06565656565647471 0.000524469077178182 7178
0.06565656565647469 0.0005502839425664056 7179
0.06565656565647471 0.0005775186245474288 7180
0.06565656565647471 0.0006062512155539123 7181
0.06565656565647467 0.0006365640954159178 7182
0.06565656565647467 0.000668544186568419 7183
0.06565656565647471 0.0007022831824442376 7184
0.06565656565647467 0.000737877822587533 7185
0.06565656565647471 0.0007754301627741597 7186
0.06565656565647471 0.0008150478773858253 7187
0.06565656565647472 0.0008568445617014507 7188
0.06565656565647471 0.0009009400682493469 7189
0.06565656565647474 0.0009474608327928967 7190
0.06565656565647468 0.0009965402350515275 7191
0.06565656565647471 0.001048319002333215 7192
0.06565656565647467 0.001102945607106628 7193
0.06565656565647468 0.001160576677719914 7194
0.06565656565647471 0.001221377454015973 7195
0.06565656565647474 0.001285522279348257 7196
0.06565656565647471 0.001353195065049187 7197
0.06565656565647471 0.001424589854199526 7198
0.06565656565647474 0.00149991137185858 7199
0.06565656565647474 0.001579375564656545 7200
0.06565656565647471 0.001663210273043904 7201
0.06565656565647472 0.00175165589280512 7202
0.06565656565647468 0.001844966030134214 7203
0.06565656565647471 0.001943408229263549 7204
0.06565656565647471 0.002047264751513933 7205
0.06565656565647471 0.002156833374036222 7206
0.06565656565647469 0.002272428262435021 7207
0.06565656565647469 0.002394380875726116 7208
0.06565656565647469 0.002523040890571719 7209
0.06565656565647471 0.00265877719677794 7210
0.06565656565647471 0.002801979004164433 7211
0.06565656565647471 0.002953056912514464 7212
0.06565656565647471 0.003112444094727603 7213
0.06565656565647471 0.003280597572935684 7214
0.06565656565647471 0.003457999497659121 7215
0.06565656565647469 0.003645158528389268 7216
0.06565656565647471 0.003842611298229041 7217
0.06565656565647471 0.004050923981905447 7218
0.06565656565647471 0.004270693872454154 7219
0.06565656565647471 0.004502551103055444 7220
0.06565656565647471 0.004747160481520353 7221
0.06565656565647471 0.005005223381597966 7222
0.06565656565647471 0.005277479732212418 7223
0.06565656565647471 0.005564710179816859 7224
0.06565656565647471 0.005867738300451534 7225
0.06565656565647471 0.006187432954952757 7226
0.06565656565647471 0.006524710817731458 7227
0.06565656565647471 0.00688053897013661 7228
0.06565656565647471 0.007255937673742898 7229
0.06565656565647471 0.00765198330578329 7230
0.06565656565647471 0.008069811445348445 7231
0.06565656565647471 0.008510620139155279 7232
0.06565656565647471 0.008975673309940093 7233
0.06565656565647471 0.009466304401344735 7234
0.06565656565647471 0.009983920216629371 7235
0.06565656565647471 0.01053000490270287 7236
0.06565656565647471 0.01110612424891558 7237
0.06565656565647471 0.01171393015807425 7238
0.06565656565647471 0.01235516537916828 7239
0.06565656565647471 0.01303166853448767 7240
0.06565656565647471 0.01374537938036723 7241
0.06565656565647469 0.0144983443130774 7242
0.06565656565647471 0.01529272230936847 7243
0.06565656565647471 0.01613079110341874 7244
0.06565656565647471 0.01701495367749814 7245
0.06565656565647471 0.017947745188805 7246
0.06565656565647471 0.01893184023151273 7247
0.06565656565647471 0.01997006050103631 7248
0.06565656565647471 0.02106538289552766 7249
0.06565656565647471 0.02222094801676216 7250
0.06565656565647471 0.02344006921465306 7251
0.06565656565647471 0.02472624209260174 7252
0.06565656565647471 0.02608315448511036 7253
0.06565656565647471 0.02751469705055613 7254
0.06565656565647471 0.02902497444525769 7255
0.06565656565647471 0.03061831709550227 7256
0.06565656565647471 0.03229929360185355 7257
0.06565656565647471 0.03407272381553741 7258
0.06565656565647469 0.03594369269223666 7259
0.06565656565647471 0.03791756486840222 7260
0.0666666666665772 0.000524469077178182 7261
0.06666666666657721 0.0005502839425664055 7262
0.06666666666657724 0.0005775186245474288 7263
0.06666666666657722 0.0006062512155539122 7264
0.06666666666657725 0.0006365640954159178 7265
0.06666666666657722 0.000668544186568419 7266
0.06666666666657718 0.0007022831824442376 7267
0.06666666666657722 0.000737877822587533 7268
0.06666666666657722 0.0007754301627741597 7269
0.06666666666657725 0.0008150478773858251 7270
0.06666666666657722 0.0008568445617014506 7271
0.06666666666657722 0.0009009400682493469 7272
0.06666666666657725 0.0009474608327928967 7273
0.06666666666657722 0.0009965402350515275 7274
0.0666666666665772 0.001048319002333215 7275
0.06666666666657721 0.001102945607106628 7276
0.06666666666657722 0.001160576677719914 7277
0.06666666666657725 0.001221377454015973 7278
0.06666666666657725 0.001285522279348257 7279
0.06666666666657725 0.001353195065049187 7280
0.06666666666657722 0.001424589854199526 7281
0.06666666666657722 0.00149991137185858 7282
0.06666666666657722 0.001579375564656545 7283
0.06666666666657722 0.001663210273043904 7284
0.06666666666657725 0.00175165589280512 7285
0.06666666666657725 0.001844966030134214 7286
0.06666666666657725 0.001943408229263549 7287
0.06666666666657722 0.002047264751513933 7288
0.06666666666657721 0.002156833374036222 7289
0.06666666666657722 0.002272428262435021 7290
0.06666666666657722 0.002394380875726116 7291
0.06666666666657722 0.002523040890571719 7292
0.06666666666657722 0.002658777196777941 7293
0.06666666666657721 0.002801979004164433 7294
0.06666666666657721 0.002953056912514464 7295
0.06666666666657722 0.003112444094727602 7296
0.06666666666657722 0.003280597572935684 7297
0.06666666666657722 0.003457999497659124 7298
0.06666666666657722 0.003645158528389266 7299
0.06666666666657722 0.003842611298229041 7300
0.06666666666657722 0.004050923981905447 7301
0.06666666666657722 0.004270693872454154 7302
0.06666666666657722 0.004502551103055443 7303
0.06666666666657721 0.004747160481520353 7304
0.06666666666657721 0.005005223381597967 7305
0.06666666666657721 0.005277479732212417 7306
0.06666666666657722 0.005564710179816859 7307
0.06666666666657722 0.005867738300451535 7308
0.06666666666657722 0.006187432954952757 7309
0.06666666666657722 0.006524710817731458 7310
0.06666666666657721 0.00688053897013661 7311
0.06666666666657722 0.007255937673742899 7312
0.06666666666657722 0.007651983305783291 7313
0.06666666666657721 0.008069811445348445 7314
0.06666666666657722 0.008510620139155279 7315
0.06666666666657722 0.008975673309940093 7316
0.06666666666657722 0.009466304401344734 7317
0.06666666666657722 0.009983920216629371 7318
0.06666666666657722 0.01053000490270287 7319
0.06666666666657722 0.01110612424891558 7320
0.06666666666657722 0.01171393015807425 7321
0.06666666666657722 0.01235516537916829 7322
0.06666666666657722 0.01303166853448766 7323
0.06666666666657721 0.01374537938036723 7324
0.06666666666657722 0.0144983443130774 7325
0.06666666666657722 0.01529272230936846 7326
0.06666666666657722 0.01613079110341873 7327
0.06666666666657721 0.01701495367749814 7328
0.06666666666657722 0.017947745188805 7329
0.06666666666657722 0.01893184023151273 7330
0.06666666666657722 0.01997006050103631 7331
0.06666666666657722 0.02106538289552766 7332
0.06666666666657722 0.02222094801676216 7333
0.06666666666657722 0.02344006921465306 7334
0.06666666666657722 0.02472624209260175 7335
0.06666666666657722 0.02608315448511036 7336
0.06666666666657722 0.02751469705055613 7337
0.06666666666657722 0.02902497444525769 7338
0.06666666666657722 0.03061831709550227 7339
0.06666666666657721 0.03229929360185355 7340
0.06666666666657722 0.03407272381553741 7341
0.06666666666657722 0.03594369269223666 7342
0.06666666666657722 0.03791756486840222 7343
0.06767676767668233 0.000524469077178182 7344
0.06767676767668233 0.0005502839425664056 7345
0.06767676767668233 0.0005775186245474289 7346
0.06767676767668233 0.0006062512155539122 7347
0.06767676767668231 0.0006365640954159177 7348
0.06767676767668231 0.000668544186568419 7349
0.06767676767668238 0.0007022831824442376 7350
0.06767676767668235 0.0007378778225875329 7351
0.06767676767668233 0.0007754301627741596 7352
0.06767676767668233 0.0008150478773858253 7353
0.06767676767668233 0.0008568445617014506 7354
0.06767676767668233 0.0009009400682493471 7355
0.06767676767668238 0.0009474608327928967 7356
0.06767676767668233 0.0009965402350515275 7357
0.06767676767668235 0.001048319002333215 7358
0.06767676767668238 0.001102945607106628 7359
0.06767676767668235 0.001160576677719914 7360
0.06767676767668235 0.001221377454015973 7361
0.06767676767668231 0.001285522279348257 7362
0.06767676767668233 0.001353195065049187 7363
0.06767676767668233 0.001424589854199526 7364
0.06767676767668235 0.00149991137185858 7365
0.06767676767668231 0.001579375564656545 7366
0.06767676767668238 0.001663210273043904 7367
0.06767676767668233 0.00175165589280512 7368
0.06767676767668235 0.001844966030134214 7369
0.06767676767668231 0.001943408229263549 7370
0.06767676767668235 0.002047264751513933 7371
0.06767676767668231 0.002156833374036222 7372
0.06767676767668233 0.002272428262435021 7373
0.06767676767668233 0.002394380875726116 7374
0.06767676767668233 0.002523040890571719 7375
0.06767676767668231 0.002658777196777941 7376
0.06767676767668233 0.002801979004164433 7377
0.06767676767668233 0.002953056912514463 7378
0.06767676767668235 0.003112444094727602 7379
0.06767676767668231 0.003280597572935684 7380
0.06767676767668235 0.003457999497659124 7381
0.06767676767668233 0.003645158528389267 7382
0.06767676767668235 0.003842611298229041 7383
0.06767676767668235 0.004050923981905447 7384
0.06767676767668233 0.004270693872454154 7385
0.06767676767668231 0.004502551103055443 7386
0.06767676767668235 0.004747160481520353 7387
0.06767676767668236 0.005005223381597966 7388
0.06767676767668236 0.005277479732212417 7389
0.06767676767668233 0.005564710179816859 7390
0.06767676767668231 0.005867738300451536 7391
0.06767676767668231 0.006187432954952757 7392
0.06767676767668235 0.006524710817731458 7393
0.06767676767668235 0.00688053897013661 7394
0.06767676767668233 0.007255937673742897 7395
0.06767676767668233 0.00765198330578329 7396
0.06767676767668235 0.008069811445348449 7397
0.06767676767668233 0.008510620139155279 7398
0.06767676767668235 0.008975673309940093 7399
0.06767676767668235 0.009466304401344734 7400
0.06767676767668235 0.009983920216629371 7401
0.06767676767668233 0.01053000490270287 7402
0.06767676767668235 0.01110612424891558 7403
0.06767676767668233 0.01171393015807425 7404
0.06767676767668235 0.01235516537916828 7405
0.06767676767668233 0.01303166853448766 7406
0.06767676767668233 0.01374537938036723 7407
0.06767676767668233 0.0144983443130774 7408
0.06767676767668233 0.01529272230936847 7409
0.06767676767668235 0.01613079110341873 7410
0.06767676767668233 0.01701495367749814 7411
0.06767676767668233 0.017947745188805 7412
0.06767676767668235 0.01893184023151273 7413
0.06767676767668235 0.01997006050103631 7414
0.06767676767668235 0.02106538289552766 7415
0.06767676767668233 0.02222094801676216 7416
0.06767676767668233 0.02344006921465306 7417
0.06767676767668233 0.02472624209260174 7418
0.06767676767668233 0.02608315448511038 7419
0.06767676767668235 0.02751469705055613 7420
0.06767676767668233 0.02902497444525769 7421
0.06767676767668233 0.03061831709550227 7422
0.06767676767668233 0.03229929360185355 7423
0.06767676767668233 0.03407272381553741 7424
0.06767676767668233 0.03594369269223666 7425
0.06767676767668233 0.03791756486840221 7426
0.06868686868678743 0.000524469077178182 7427
0.06868686868678746 0.0005502839425664055 7428
0.06868686868678743 0.0005775186245474289 7429
0.06868686868678747 0.0006062512155539123 7430
0.06868686868678746 0.0006365640954159178 7431
0.06868686868678744 0.000668544186568419 7432
0.06868686868678746 0.0007022831824442376 7433
0.0686868686867875 0.000737877822587533 7434
0.06868686868678747 0.0007754301627741597 7435
0.06868686868678746 0.0008150478773858253 7436
0.06868686868678746 0.0008568445617014507 7437
0.06868686868678749 0.0009009400682493469 7438
0.06868686868678746 0.0009474608327928967 7439
0.06868686868678746 0.0009965402350515277 7440
0.06868686868678747 0.001048319002333215 7441
0.06868686868678747 0.001102945607106628 7442
0.0686868686867875 0.001160576677719914 7443
0.06868686868678746 0.001221377454015973 7444
0.06868686868678746 0.001285522279348257 7445
0.06868686868678747 0.001353195065049187 7446
0.06868686868678747 0.001424589854199526 7447
0.06868686868678746 0.00149991137185858 7448
0.06868686868678743 0.001579375564656545 7449
0.06868686868678747 0.001663210273043904 7450
0.06868686868678747 0.00175165589280512 7451
0.06868686868678747 0.001844966030134214 7452
0.06868686868678746 0.001943408229263549 7453
0.06868686868678747 0.002047264751513933 7454
0.06868686868678743 0.002156833374036222 7455
0.06868686868678746 0.002272428262435021 7456
0.0686868686867875 0.002394380875726116 7457
0.0686868686867875 0.002523040890571719 7458
0.06868686868678746 0.002658777196777941 7459
0.06868686868678747 0.002801979004164433 7460
0.06868686868678746 0.002953056912514463 7461
0.06868686868678747 0.003112444094727602 7462
0.06868686868678747 0.003280597572935684 7463
0.06868686868678747 0.003457999497659123 7464
0.06868686868678747 0.003645158528389269 7465
0.06868686868678746 0.003842611298229041 7466
0.06868686868678747 0.004050923981905447 7467
0.06868686868678746 0.004270693872454154 7468
0.06868686868678747 0.004502551103055443 7469
0.06868686868678746 0.004747160481520354 7470
0.06868686868678746 0.005005223381597966 7471
0.06868686868678747 0.005277479732212417 7472
0.06868686868678746 0.005564710179816859 7473
0.06868686868678746 0.005867738300451535 7474
0.06868686868678746 0.006187432954952757 7475
0.06868686868678746 0.006524710817731458 7476
0.06868686868678746 0.006880538970136611 7477
0.06868686868678746 0.007255937673742898 7478
0.06868686868678746 0.00765198330578329 7479
0.06868686868678747 0.008069811445348449 7480
0.06868686868678746 0.008510620139155279 7481
0.06868686868678746 0.008975673309940093 7482
0.06868686868678747 0.009466304401344734 7483
0.06868686868678747 0.009983920216629371 7484
0.06868686868678747 0.01053000490270287 7485
0.06868686868678747 0.01110612424891558 7486
0.06868686868678746 0.01171393015807425 7487
0.06868686868678747 0.01235516537916829 7488
0.06868686868678744 0.01303166853448766 7489
0.06868686868678746 0.01374537938036723 7490
0.06868686868678746 0.0144983443130774 7491
0.06868686868678746 0.01529272230936847 7492
0.06868686868678746 0.01613079110341873 7493
0.06868686868678746 0.01701495367749814 7494
0.06868686868678747 0.017947745188805 7495
0.06868686868678747 0.01893184023151273 7496
0.06868686868678747 0.01997006050103631 7497
0.06868686868678747 0.02106538289552766 7498
0.06868686868678746 0.02222094801676216 7499
0.06868686868678747 0.02344006921465306 7500
0.06868686868678746 0.02472624209260174 7501
0.06868686868678746 0.02608315448511037 7502
0.06868686868678746 0.02751469705055613 7503
0.06868686868678746 0.02902497444525769 7504
0.06868686868678746 0.03061831709550228 7505
0.06868686868678746 0.03229929360185355 7506
0.06868686868678747 0.03407272381553741 7507
0.06868686868678747 0.03594369269223666 7508
0.06868686868678746 0.03791756486840221 7509
0.06969696969688931 0.000524469077178182 7510
0.06969696969688932 0.0005502839425664056 7511
0.06969696969688929 0.0005775186245474289 7512
0.06969696969688932 0.0006062512155539121 7513
0.06969696969688927 0.0006365640954159178 7514
0.06969696969688929 0.000668544186568419 7515
0.06969696969688929 0.0007022831824442376 7516
0.06969696969688929 0.000737877822587533 7517
0.06969696969688932 0.0007754301627741597 7518
0.06969696969688934 0.0008150478773858253 7519
0.06969696969688928 0.0008568445617014506 7520
0.06969696969688927 0.0009009400682493467 7521
0.06969696969688932 0.0009474608327928967 7522
0.06969696969688929 0.0009965402350515275 7523
0.06969696969688928 0.001048319002333215 7524
0.06969696969688929 0.001102945607106628 7525
0.06969696969688929 0.001160576677719914 7526
0.06969696969688931 0.001221377454015973 7527
0.06969696969688929 0.001285522279348257 7528
0.06969696969688929 0.001353195065049187 7529
0.06969696969688931 0.001424589854199526 7530
0.06969696969688931 0.00149991137185858 7531
0.06969696969688927 0.001579375564656545 7532
0.06969696969688929 0.001663210273043904 7533
0.06969696969688931 0.00175165589280512 7534
0.06969696969688929 0.001844966030134214 7535
0.06969696969688929 0.001943408229263549 7536
0.06969696969688931 0.002047264751513933 7537
0.06969696969688929 0.002156833374036222 7538
0.06969696969688934 0.002272428262435021 7539
0.06969696969688929 0.002394380875726116 7540
0.06969696969688931 0.002523040890571719 7541
0.06969696969688929 0.00265877719677794 7542
0.06969696969688929 0.002801979004164433 7543
0.06969696969688929 0.002953056912514463 7544
0.06969696969688929 0.003112444094727602 7545
0.06969696969688927 0.003280597572935684 7546
0.06969696969688928 0.003457999497659123 7547
0.06969696969688929 0.003645158528389266 7548
0.06969696969688929 0.003842611298229041 7549
0.06969696969688929 0.004050923981905446 7550
0.06969696969688934 0.004270693872454154 7551
0.06969696969688929 0.004502551103055443 7552
0.06969696969688929 0.004747160481520353 7553
0.06969696969688929 0.005005223381597966 7554
0.06969696969688929 0.005277479732212417 7555
0.06969696969688929 0.005564710179816858 7556
0.06969696969688929 0.005867738300451535 7557
0.06969696969688929 0.006187432954952757 7558
0.06969696969688929 0.006524710817731459 7559
0.06969696969688929 0.00688053897013661 7560
0.06969696969688929 0.007255937673742898 7561
0.06969696969688929 0.007651983305783292 7562
0.06969696969688929 0.008069811445348449 7563
0.06969696969688929 0.008510620139155281 7564
0.06969696969688929 0.008975673309940091 7565
0.06969696969688931 0.009466304401344735 7566
0.06969696969688929 0.009983920216629371 7567
0.06969696969688929 0.01053000490270287 7568
0.06969696969688929 0.01110612424891558 7569
0.06969696969688929 0.01171393015807425 7570
0.06969696969688929 0.01235516537916829 7571
0.06969696969688929 0.01303166853448766 7572
0.06969696969688929 0.01374537938036724 7573
0.06969696969688929 0.0144983443130774 7574
0.06969696969688929 0.01529272230936847 7575
0.06969696969688929 0.01613079110341874 7576
0.06969696969688929 0.01701495367749814 7577
0.06969696969688929 0.017947745188805 7578
0.06969696969688929 0.01893184023151273 7579
0.06969696969688929 0.01997006050103631 7580
0.06969696969688929 0.02106538289552766 7581
0.06969696969688929 0.02222094801676216 7582
0.06969696969688929 0.02344006921465306 7583
0.06969696969688929 0.02472624209260175 7584
0.06969696969688929 0.02608315448511037 7585
0.06969696969688929 0.02751469705055613 7586
0.06969696969688931 0.02902497444525769 7587
0.06969696969688929 0.03061831709550227 7588
0.06969696969688929 0.03229929360185355 7589
0.06969696969688929 0.03407272381553741 7590
0.06969696969688929 0.03594369269223666 7591
0.06969696969688931 0.03791756486840222 7592
0.07070707070699228 0.0005244690771781821 7593
0.07070707070699231 0.0005502839425664057 7594
0.07070707070699231 0.0005775186245474289 7595
0.07070707070699227 0.0006062512155539123 7596
0.07070707070699227 0.0006365640954159178 7597
0.07070707070699228 0.000668544186568419 7598
0.07070707070699231 0.0007022831824442376 7599
0.07070707070699224 0.000737877822587533 7600
0.07070707070699227 0.0007754301627741597 7601
0.07070707070699231 0.0008150478773858252 7602
0.07070707070699227 0.0008568445617014506 7603
0.07070707070699231 0.0009009400682493471 7604
0.07070707070699227 0.0009474608327928967 7605
0.07070707070699227 0.0009965402350515275 7606
0.07070707070699228 0.001048319002333215 7607
0.07070707070699228 0.001102945607106628 7608
0.07070707070699231 0.001160576677719914 7609
0.07070707070699227 0.001221377454015973 7610
0.07070707070699227 0.001285522279348257 7611
0.07070707070699228 0.001353195065049187 7612
0.07070707070699225 0.001424589854199526 7613
0.07070707070699228 0.00149991137185858 7614
0.07070707070699227 0.001579375564656545 7615
0.07070707070699227 0.001663210273043904 7616
0.07070707070699227 0.00175165589280512 7617
0.07070707070699231 0.001844966030134214 7618
0.07070707070699227 0.001943408229263549 7619
0.07070707070699228 0.002047264751513933 7620
0.07070707070699227 0.002156833374036222 7621
0.07070707070699227 0.002272428262435021 7622
0.07070707070699231 0.002394380875726116 7623
0.07070707070699227 0.002523040890571718 7624
0.07070707070699228 0.00265877719677794 7625
0.07070707070699227 0.002801979004164433 7626
0.07070707070699228 0.002953056912514464 7627
0.07070707070699228 0.003112444094727602 7628
0.07070707070699224 0.003280597572935684 7629
0.07070707070699227 0.003457999497659121 7630
0.07070707070699227 0.003645158528389267 7631
0.07070707070699228 0.003842611298229041 7632
0.07070707070699228 0.004050923981905446 7633
0.07070707070699224 0.004270693872454154 7634
0.07070707070699228 0.004502551103055443 7635
0.07070707070699227 0.004747160481520354 7636
0.07070707070699228 0.005005223381597967 7637
0.07070707070699227 0.005277479732212418 7638
0.07070707070699229 0.005564710179816859 7639
0.07070707070699227 0.005867738300451535 7640
0.07070707070699227 0.006187432954952757 7641
0.07070707070699227 0.006524710817731458 7642
0.07070707070699227 0.00688053897013661 7643
0.07070707070699227 0.007255937673742898 7644
0.07070707070699229 0.007651983305783291 7645
0.07070707070699227 0.008069811445348445 7646
0.07070707070699227 0.008510620139155279 7647
0.07070707070699228 0.008975673309940093 7648
0.07070707070699228 0.009466304401344734 7649
0.07070707070699227 0.009983920216629371 7650
0.07070707070699227 0.01053000490270287 7651
0.07070707070699227 0.01110612424891558 7652
0.07070707070699227 0.01171393015807425 7653
0.07070707070699228 0.01235516537916828 7654
0.07070707070699228 0.01303166853448767 7655
0.07070707070699227 0.01374537938036723 7656
0.07070707070699227 0.0144983443130774 7657
0.07070707070699228 0.01529272230936847 7658
0.07070707070699228 0.01613079110341873 7659
0.07070707070699227 0.01701495367749814 7660
0.07070707070699228 0.017947745188805 7661
0.07070707070699227 0.01893184023151273 7662
0.07070707070699228 0.01997006050103631 7663
0.07070707070699228 0.02106538289552766 7664
0.07070707070699228 0.02222094801676216 7665
0.07070707070699227 0.02344006921465306 7666
0.07070707070699228 0.02472624209260174 7667
0.07070707070699228 0.02608315448511037 7668
0.07070707070699228 0.02751469705055613 7669
0.07070707070699228 0.02902497444525769 7670
0.07070707070699227 0.03061831709550227 7671
0.07070707070699227 0.03229929360185355 7672
0.07070707070699227 0.03407272381553741 7673
0.07070707070699227 0.03594369269223666 7674
0.07070707070699227 0.03791756486840221 7675
0.07171717171709739 0.000524469077178182 7676
0.07171717171709739 0.0005502839425664055 7677
0.07171717171709743 0.0005775186245474289 7678
0.07171717171709739 0.0006062512155539122 7679
0.07171717171709736 0.0006365640954159176 7680
0.07171717171709739 0.000668544186568419 7681
0.07171717171709739 0.0007022831824442377 7682
0.07171717171709739 0.000737877822587533 7683
0.07171717171709743 0.0007754301627741597 7684
0.07171717171709739 0.0008150478773858251 7685
0.07171717171709739 0.0008568445617014506 7686
0.07171717171709736 0.0009009400682493469 7687
0.07171717171709739 0.0009474608327928965 7688
0.07171717171709739 0.0009965402350515273 7689
0.07171717171709736 0.001048319002333215 7690
0.07171717171709736 0.001102945607106628 7691
0.07171717171709736 0.001160576677719914 7692
0.07171717171709739 0.001221377454015973 7693
0.07171717171709743 0.001285522279348257 7694
0.07171717171709743 0.001353195065049187 7695
0.07171717171709741 0.001424589854199526 7696
0.07171717171709741 0.00149991137185858 7697
0.07171717171709743 0.001579375564656545 7698
0.07171717171709741 0.001663210273043904 7699
0.07171717171709743 0.00175165589280512 7700
0.07171717171709739 0.001844966030134214 7701
0.07171717171709739 0.001943408229263549 7702
0.07171717171709739 0.002047264751513933 7703
0.07171717171709739 0.002156833374036222 7704
0.07171717171709739 0.002272428262435021 7705
0.07171717171709741 0.002394380875726116 7706
0.07171717171709739 0.002523040890571719 7707
0.07171717171709741 0.002658777196777941 7708
0.07171717171709743 0.002801979004164433 7709
0.07171717171709739 0.002953056912514463 7710
0.07171717171709743 0.003112444094727602 7711
0.07171717171709739 0.003280597572935684 7712
0.07171717171709739 0.003457999497659123 7713
0.07171717171709741 0.003645158528389268 7714
0.07171717171709741 0.003842611298229041 7715
0.07171717171709743 0.004050923981905447 7716
0.07171717171709741 0.004270693872454154 7717
0.07171717171709741 0.004502551103055443 7718
0.07171717171709739 0.004747160481520353 7719
0.07171717171709739 0.005005223381597967 7720
0.07171717171709739 0.005277479732212417 7721
0.07171717171709743 0.005564710179816858 7722
0.07171717171709741 0.005867738300451535 7723
0.07171717171709739 0.006187432954952757 7724
0.07171717171709741 0.006524710817731458 7725
0.07171717171709739 0.006880538970136611 7726
0.07171717171709739 0.007255937673742898 7727
0.07171717171709739 0.00765198330578329 7728
0.07171717171709736 0.008069811445348445 7729
0.07171717171709741 0.008510620139155281 7730
0.07171717171709741 0.008975673309940093 7731
0.07171717171709741 0.009466304401344735 7732
0.07171717171709739 0.009983920216629371 7733
0.07171717171709739 0.01053000490270287 7734
0.07171717171709741 0.01110612424891558 7735
0.07171717171709739 0.01171393015807425 7736
0.07171717171709741 0.01235516537916828 7737
0.07171717171709741 0.01303166853448766 7738
0.07171717171709739 0.01374537938036723 7739
0.07171717171709739 0.0144983443130774 7740
0.07171717171709741 0.01529272230936847 7741
0.07171717171709741 0.01613079110341874 7742
0.07171717171709739 0.01701495367749814 7743
0.07171717171709741 0.017947745188805 7744
0.07171717171709739 0.01893184023151273 7745
0.07171717171709741 0.01997006050103631 7746
0.07171717171709739 0.02106538289552766 7747
0.07171717171709741 0.02222094801676216 7748
0.07171717171709741 0.02344006921465306 7749
0.07171717171709741 0.02472624209260174 7750
0.07171717171709741 0.02608315448511037 7751
0.07171717171709741 0.02751469705055613 7752
0.07171717171709739 0.02902497444525769 7753
0.07171717171709739 0.03061831709550226 7754
0.07171717171709741 0.03229929360185356 7755
0.07171717171709741 0.03407272381553741 7756
0.07171717171709739 0.03594369269223666 7757
0.07171717171709739 0.03791756486840222 7758
0.07272727272720228 0.000524469077178182 7759
0.07272727272720229 0.0005502839425664056 7760
0.07272727272720225 0.0005775186245474289 7761
0.07272727272720227 0.0006062512155539121 7762
0.07272727272720227 0.0006365640954159178 7763
0.07272727272720228 0.0006685441865684191 7764
0.07272727272720227 0.0007022831824442376 7765
0.07272727272720227 0.000737877822587533 7766
0.07272727272720227 0.0007754301627741597 7767
0.07272727272720227 0.0008150478773858252 7768
0.07272727272720224 0.0008568445617014505 7769
0.07272727272720225 0.0009009400682493471 7770
0.07272727272720227 0.0009474608327928967 7771
0.07272727272720229 0.0009965402350515273 7772
0.07272727272720229 0.001048319002333215 7773
0.07272727272720227 0.001102945607106628 7774
0.07272727272720227 0.001160576677719914 7775
0.07272727272720225 0.001221377454015973 7776
0.07272727272720227 0.001285522279348257 7777
0.07272727272720227 0.001353195065049187 7778
0.07272727272720228 0.001424589854199526 7779
0.07272727272720227 0.001499911371858581 7780
0.07272727272720225 0.001579375564656545 7781
0.07272727272720227 0.001663210273043904 7782
0.07272727272720228 0.00175165589280512 7783
0.07272727272720227 0.001844966030134215 7784
0.07272727272720228 0.001943408229263549 7785
0.07272727272720229 0.002047264751513933 7786
0.07272727272720227 0.002156833374036222 7787
0.07272727272720227 0.002272428262435021 7788
0.07272727272720227 0.002394380875726116 7789
0.07272727272720227 0.002523040890571719 7790
0.07272727272720225 0.002658777196777941 7791
0.07272727272720227 0.002801979004164433 7792
0.07272727272720225 0.002953056912514464 7793
0.07272727272720227 0.003112444094727602 7794
0.07272727272720227 0.003280597572935684 7795
0.07272727272720225 0.003457999497659123 7796
0.07272727272720229 0.003645158528389266 7797
0.07272727272720224 0.003842611298229041 7798
0.07272727272720225 0.004050923981905447 7799
0.07272727272720227 0.004270693872454155 7800
0.07272727272720224 0.004502551103055443 7801
0.07272727272720225 0.004747160481520353 7802
0.07272727272720225 0.005005223381597966 7803
0.07272727272720228 0.005277479732212419 7804
0.07272727272720227 0.005564710179816858 7805
0.07272727272720224 0.005867738300451534 7806
0.07272727272720227 0.006187432954952757 7807
0.07272727272720228 0.006524710817731458 7808
0.07272727272720225 0.00688053897013661 7809
0.07272727272720227 0.007255937673742899 7810
0.07272727272720227 0.007651983305783292 7811
0.07272727272720227 0.008069811445348447 7812
0.07272727272720227 0.008510620139155279 7813
0.07272727272720227 0.008975673309940091 7814
0.07272727272720228 0.009466304401344734 7815
0.07272727272720227 0.009983920216629371 7816
0.07272727272720227 0.01053000490270287 7817
0.07272727272720224 0.01110612424891558 7818
0.07272727272720225 0.01171393015807425 7819
0.07272727272720228 0.01235516537916829 7820
0.07272727272720228 0.01303166853448766 7821
0.07272727272720225 0.01374537938036723 7822
0.07272727272720227 0.0144983443130774 7823
0.07272727272720227 0.01529272230936847 7824
0.07272727272720227 0.01613079110341873 7825
0.07272727272720225 0.01701495367749814 7826
0.07272727272720227 0.017947745188805 7827
0.07272727272720227 0.01893184023151273 7828
0.07272727272720227 0.01997006050103631 7829
0.07272727272720227 0.02106538289552766 7830
0.07272727272720227 0.02222094801676216 7831
0.07272727272720227 0.02344006921465306 7832
0.07272727272720227 0.02472624209260174 7833
0.07272727272720227 0.02608315448511037 7834
0.07272727272720227 0.02751469705055613 7835
0.07272727272720227 0.02902497444525769 7836
0.07272727272720227 0.03061831709550227 7837
0.07272727272720225 0.03229929360185355 7838
0.07272727272720225 0.03407272381553741 7839
0.07272727272720227 0.03594369269223666 7840
0.07272727272720227 0.03791756486840222 7841
0.07373737373730388 0.0005244690771781819 7842
0.07373737373730387 0.0005502839425664056 7843
0.07373737373730387 0.0005775186245474288 7844
0.07373737373730387 0.0006062512155539122 7845
0.07373737373730388 0.0006365640954159178 7846
0.07373737373730387 0.000668544186568419 7847
0.07373737373730387 0.0007022831824442376 7848
0.07373737373730387 0.000737877822587533 7849
0.07373737373730387 0.0007754301627741597 7850
0.07373737373730391 0.0008150478773858252 7851
0.07373737373730391 0.0008568445617014506 7852
0.07373737373730387 0.0009009400682493469 7853
0.07373737373730384 0.0009474608327928968 7854
0.07373737373730387 0.0009965402350515273 7855
0.07373737373730387 0.001048319002333215 7856
0.07373737373730388 0.001102945607106628 7857
0.07373737373730388 0.001160576677719914 7858
0.07373737373730384 0.001221377454015973 7859
0.07373737373730384 0.001285522279348257 7860
0.07373737373730391 0.001353195065049187 7861
0.07373737373730388 0.001424589854199526 7862
0.07373737373730391 0.00149991137185858 7863
0.07373737373730387 0.001579375564656545 7864
0.07373737373730391 0.001663210273043904 7865
0.07373737373730387 0.00175165589280512 7866
0.07373737373730385 0.001844966030134214 7867
0.07373737373730387 0.001943408229263549 7868
0.07373737373730388 0.002047264751513933 7869
0.07373737373730388 0.002156833374036222 7870
0.07373737373730391 0.002272428262435021 7871
0.07373737373730384 0.002394380875726116 7872
0.07373737373730388 0.002523040890571719 7873
0.07373737373730387 0.00265877719677794 7874
0.07373737373730387 0.002801979004164433 7875
0.07373737373730387 0.002953056912514464 7876
0.07373737373730391 0.003112444094727602 7877
0.07373737373730387 0.003280597572935684 7878
0.07373737373730387 0.003457999497659123 7879
0.07373737373730388 0.003645158528389267 7880
0.07373737373730391 0.003842611298229041 7881
0.07373737373730384 0.004050923981905447 7882
0.07373737373730388 0.004270693872454154 7883
0.07373737373730391 0.004502551103055443 7884
0.07373737373730391 0.004747160481520353 7885
0.07373737373730388 0.005005223381597967 7886
0.07373737373730391 0.005277479732212419 7887
0.07373737373730384 0.005564710179816859 7888
0.07373737373730391 0.005867738300451534 7889
0.07373737373730391 0.006187432954952758 7890
0.07373737373730387 0.006524710817731458 7891
0.07373737373730387 0.006880538970136611 7892
0.07373737373730388 0.007255937673742898 7893
0.07373737373730387 0.007651983305783291 7894
0.07373737373730387 0.008069811445348447 7895
0.07373737373730384 0.008510620139155281 7896
0.07373737373730388 0.008975673309940093 7897
0.07373737373730387 0.009466304401344734 7898
0.07373737373730387 0.009983920216629371 7899
0.07373737373730387 0.01053000490270287 7900
0.07373737373730388 0.01110612424891558 7901
0.07373737373730387 0.01171393015807425 7902
0.07373737373730388 0.01235516537916829 7903
0.07373737373730388 0.01303166853448766 7904
0.07373737373730387 0.01374537938036723 7905
0.07373737373730387 0.0144983443130774 7906
0.07373737373730387 0.01529272230936847 7907
0.07373737373730387 0.01613079110341873 7908
0.07373737373730387 0.01701495367749814 7909
0.07373737373730388 0.017947745188805 7910
0.07373737373730387 0.01893184023151273 7911
0.07373737373730388 0.01997006050103631 7912
0.07373737373730388 0.02106538289552766 7913
0.07373737373730388 0.02222094801676216 7914
0.07373737373730387 0.02344006921465306 7915
0.07373737373730387 0.02472624209260174 7916
0.07373737373730388 0.02608315448511037 7917
0.07373737373730387 0.02751469705055612 7918
0.07373737373730388 0.02902497444525769 7919
0.07373737373730387 0.03061831709550227 7920
0.07373737373730388 0.03229929360185355 7921
0.07373737373730387 0.03407272381553741 7922
0.07373737373730387 0.03594369269223666 7923
0.07373737373730388 0.03791756486840222 7924
0.07474747474740732 0.0005244690771781821 7925
0.07474747474740732 0.0005502839425664055 7926
0.07474747474740732 0.0005775186245474289 7927
0.07474747474740732 0.0006062512155539122 7928
0.07474747474740732 0.0006365640954159178 7929
0.07474747474740734 0.000668544186568419 7930
0.07474747474740732 0.0007022831824442376 7931
0.07474747474740734 0.0007378778225875329 7932
0.07474747474740732 0.0007754301627741597 7933
0.07474747474740732 0.0008150478773858251 7934
0.07474747474740732 0.0008568445617014505 7935
0.07474747474740734 0.0009009400682493469 7936
0.07474747474740732 0.0009474608327928967 7937
0.07474747474740734 0.0009965402350515275 7938
0.07474747474740734 0.001048319002333215 7939
0.07474747474740731 0.001102945607106628 7940
0.07474747474740734 0.001160576677719914 7941
0.07474747474740732 0.001221377454015973 7942
0.07474747474740732 0.001285522279348257 7943
0.07474747474740734 0.001353195065049187 7944
0.07474747474740734 0.001424589854199526 7945
0.07474747474740732 0.00149991137185858 7946
0.0747474747474073 0.001579375564656545 7947
0.07474747474740734 0.001663210273043904 7948
0.07474747474740737 0.00175165589280512 7949
0.07474747474740734 0.001844966030134215 7950
0.0747474747474073 0.001943408229263549 7951
0.07474747474740734 0.002047264751513933 7952
0.07474747474740734 0.002156833374036222 7953
0.07474747474740732 0.002272428262435021 7954
0.07474747474740732 0.002394380875726116 7955
0.07474747474740737 0.002523040890571719 7956
0.07474747474740734 0.002658777196777941 7957
0.07474747474740732 0.002801979004164433 7958
0.07474747474740732 0.002953056912514464 7959
0.07474747474740732 0.003112444094727602 7960
0.07474747474740732 0.003280597572935684 7961
0.07474747474740732 0.003457999497659123 7962
0.07474747474740734 0.003645158528389267 7963
0.07474747474740732 0.003842611298229041 7964
0.07474747474740734 0.004050923981905447 7965
0.07474747474740732 0.004270693872454155 7966
0.07474747474740734 0.004502551103055443 7967
0.0747474747474073 0.004747160481520354 7968
0.07474747474740737 0.005005223381597967 7969
0.07474747474740732 0.005277479732212418 7970
0.07474747474740732 0.005564710179816858 7971
0.07474747474740737 0.005867738300451534 7972
0.07474747474740734 0.006187432954952758 7973
0.07474747474740734 0.006524710817731459 7974
0.07474747474740737 0.00688053897013661 7975
0.07474747474740734 0.007255937673742899 7976
0.07474747474740732 0.007651983305783291 7977
0.07474747474740732 0.008069811445348447 7978
0.07474747474740734 0.008510620139155281 7979
0.0747474747474073 0.008975673309940093 7980
0.07474747474740732 0.009466304401344735 7981
0.07474747474740732 0.009983920216629371 7982
0.0747474747474073 0.01053000490270287 7983
0.07474747474740734 0.01110612424891558 7984
0.07474747474740732 0.01171393015807425 7985
0.07474747474740731 0.01235516537916829 7986
0.07474747474740731 0.01303166853448767 7987
0.07474747474740732 0.01374537938036723 7988
0.07474747474740732 0.0144983443130774 7989
0.07474747474740732 0.01529272230936846 7990
0.07474747474740732 0.01613079110341873 7991
0.07474747474740732 0.01701495367749814 7992
0.07474747474740734 0.017947745188805 7993
0.07474747474740734 0.01893184023151273 7994
0.07474747474740734 0.01997006050103631 7995
0.07474747474740734 0.02106538289552766 7996
0.07474747474740732 0.02222094801676216 7997
0.07474747474740734 0.02344006921465306 7998
0.07474747474740732 0.02472624209260175 7999
0.07474747474740734 0.02608315448511037 8000
0.07474747474740732 0.02751469705055613 8001
0.07474747474740732 0.02902497444525769 8002
0.07474747474740732 0.03061831709550227 8003
0.07474747474740734 0.03229929360185356 8004
0.07474747474740734 0.03407272381553742 8005
0.07474747474740734 0.03594369269223666 8006
0.07474747474740732 0.03791756486840222 8007
0.07575757575751244 0.000524469077178182 8008
0.07575757575751244 0.0005502839425664056 8009
0.07575757575751244 0.0005775186245474289 8010
0.07575757575751244 0.0006062512155539123 8011
0.07575757575751246 0.0006365640954159178 8012
0.07575757575751244 0.0006685441865684191 8013
0.07575757575751244 0.0007022831824442376 8014
0.07575757575751244 0.0007378778225875329 8015
0.07575757575751242 0.0007754301627741596 8016
0.07575757575751244 0.0008150478773858252 8017
0.07575757575751242 0.0008568445617014506 8018
0.07575757575751244 0.0009009400682493469 8019
0.07575757575751244 0.0009474608327928967 8020
0.07575757575751244 0.0009965402350515275 8021
0.07575757575751244 0.001048319002333215 8022
0.07575757575751245 0.001102945607106628 8023
0.07575757575751244 0.001160576677719914 8024
0.07575757575751244 0.001221377454015973 8025
0.07575757575751244 0.001285522279348257 8026
0.07575757575751245 0.001353195065049187 8027
0.07575757575751244 0.001424589854199526 8028
0.07575757575751244 0.00149991137185858 8029
0.07575757575751246 0.001579375564656545 8030
0.07575757575751246 0.001663210273043904 8031
0.07575757575751245 0.00175165589280512 8032
0.07575757575751245 0.001844966030134214 8033
0.07575757575751244 0.001943408229263549 8034
0.07575757575751244 0.002047264751513933 8035
0.07575757575751246 0.002156833374036222 8036
0.07575757575751245 0.002272428262435021 8037
0.07575757575751245 0.002394380875726116 8038
0.07575757575751241 0.002523040890571719 8039
0.07575757575751245 0.002658777196777941 8040
0.07575757575751245 0.002801979004164433 8041
0.07575757575751245 0.002953056912514464 8042
0.07575757575751244 0.003112444094727603 8043
0.07575757575751241 0.003280597572935684 8044
0.07575757575751241 0.003457999497659123 8045
0.07575757575751244 0.003645158528389267 8046
0.07575757575751244 0.003842611298229041 8047
0.07575757575751244 0.004050923981905447 8048
0.07575757575751245 0.004270693872454154 8049
0.07575757575751245 0.004502551103055443 8050
0.07575757575751244 0.004747160481520353 8051
0.07575757575751244 0.005005223381597967 8052
0.07575757575751245 0.005277479732212417 8053
0.07575757575751244 0.005564710179816858 8054
0.07575757575751244 0.005867738300451534 8055
0.07575757575751244 0.006187432954952757 8056
0.07575757575751244 0.006524710817731458 8057
0.07575757575751246 0.006880538970136611 8058
0.07575757575751246 0.007255937673742898 8059
0.07575757575751244 0.007651983305783292 8060
0.07575757575751244 0.008069811445348447 8061
0.07575757575751244 0.008510620139155279 8062
0.07575757575751244 0.008975673309940091 8063
0.07575757575751244 0.009466304401344735 8064
0.07575757575751242 0.009983920216629371 8065
0.07575757575751244 0.01053000490270288 8066
0.07575757575751244 0.01110612424891558 8067
0.07575757575751244 0.01171393015807425 8068
0.07575757575751244 0.01235516537916828 8069
0.07575757575751241 0.01303166853448766 8070
0.07575757575751244 0.01374537938036723 8071
0.07575757575751244 0.0144983443130774 8072
0.07575757575751244 0.01529272230936847 8073
0.07575757575751245 0.01613079110341873 8074
0.07575757575751244 0.01701495367749814 8075
0.07575757575751244 0.017947745188805 8076
0.07575757575751244 0.01893184023151273 8077
0.07575757575751244 0.01997006050103631 8078
0.07575757575751244 0.02106538289552767 8079
0.07575757575751244 0.02222094801676216 8080
0.07575757575751244 0.02344006921465306 8081
0.07575757575751244 0.02472624209260174 8082
0.07575757575751244 0.02608315448511037 8083
0.07575757575751244 0.02751469705055613 8084
0.07575757575751244 0.02902497444525769 8085
0.07575757575751244 0.03061831709550227 8086
0.07575757575751244 0.03229929360185355 8087
0.07575757575751244 0.03407272381553741 8088
0.07575757575751244 0.03594369269223666 8089
0.07575757575751244 0.03791756486840222 8090
0.07676767676761413 0.000524469077178182 8091
0.07676767676761413 0.0005502839425664055 8092
0.07676767676761413 0.0005775186245474289 8093
0.07676767676761413 0.0006062512155539122 8094
0.07676767676761413 0.0006365640954159178 8095
0.0767676767676141 0.000668544186568419 8096
0.07676767676761415 0.0007022831824442376 8097
0.07676767676761413 0.000737877822587533 8098
0.07676767676761415 0.0007754301627741597 8099
0.07676767676761415 0.0008150478773858252 8100
0.07676767676761413 0.0008568445617014506 8101
0.07676767676761415 0.000900940068249347 8102
0.07676767676761416 0.0009474608327928968 8103
0.07676767676761415 0.0009965402350515275 8104
0.07676767676761413 0.001048319002333215 8105
0.07676767676761415 0.001102945607106628 8106
0.07676767676761412 0.001160576677719914 8107
0.07676767676761415 0.001221377454015973 8108
0.07676767676761413 0.001285522279348257 8109
0.07676767676761413 0.001353195065049187 8110
0.07676767676761413 0.001424589854199526 8111
0.07676767676761413 0.00149991137185858 8112
0.07676767676761413 0.001579375564656545 8113
0.07676767676761413 0.001663210273043904 8114
0.07676767676761415 0.00175165589280512 8115
0.07676767676761415 0.001844966030134215 8116
0.07676767676761413 0.001943408229263549 8117
0.07676767676761413 0.002047264751513933 8118
0.07676767676761416 0.002156833374036222 8119
0.07676767676761417 0.002272428262435021 8120
0.07676767676761413 0.002394380875726116 8121
0.07676767676761415 0.002523040890571719 8122
0.07676767676761413 0.002658777196777941 8123
0.07676767676761413 0.002801979004164433 8124
0.07676767676761413 0.002953056912514465 8125
0.07676767676761415 0.003112444094727602 8126
0.07676767676761415 0.003280597572935684 8127
0.07676767676761413 0.003457999497659123 8128
0.07676767676761415 0.003645158528389267 8129
0.07676767676761413 0.003842611298229041 8130
0.07676767676761415 0.004050923981905447 8131
0.07676767676761413 0.004270693872454154 8132
0.07676767676761415 0.004502551103055443 8133
0.07676767676761413 0.004747160481520353 8134
0.07676767676761415 0.005005223381597966 8135
0.07676767676761413 0.005277479732212417 8136
0.07676767676761415 0.005564710179816858 8137
0.07676767676761417 0.005867738300451535 8138
0.07676767676761413 0.006187432954952757 8139
0.07676767676761415 0.006524710817731458 8140
0.07676767676761417 0.00688053897013661 8141
0.07676767676761415 0.007255937673742898 8142
0.07676767676761416 0.00765198330578329 8143
0.07676767676761413 0.008069811445348447 8144
0.07676767676761413 0.008510620139155279 8145
0.07676767676761415 0.008975673309940093 8146
0.0767676767676141 0.009466304401344734 8147
0.07676767676761415 0.009983920216629371 8148
0.07676767676761413 0.01053000490270287 8149
0.07676767676761415 0.01110612424891558 8150
0.07676767676761413 0.01171393015807425 8151
0.07676767676761415 0.01235516537916829 8152
0.07676767676761415 0.01303166853448766 8153
0.07676767676761415 0.01374537938036723 8154
0.07676767676761413 0.0144983443130774 8155
0.07676767676761413 0.01529272230936847 8156
0.07676767676761415 0.01613079110341873 8157
0.07676767676761415 0.01701495367749814 8158
0.07676767676761415 0.017947745188805 8159
0.07676767676761413 0.01893184023151273 8160
0.07676767676761415 0.01997006050103631 8161
0.07676767676761415 0.02106538289552766 8162
0.07676767676761415 0.02222094801676216 8163
0.07676767676761413 0.02344006921465306 8164
0.07676767676761413 0.02472624209260174 8165
0.07676767676761413 0.02608315448511036 8166
0.07676767676761415 0.02751469705055613 8167
0.07676767676761413 0.02902497444525769 8168
0.07676767676761413 0.03061831709550227 8169
0.07676767676761415 0.03229929360185356 8170
0.07676767676761415 0.03407272381553741 8171
0.07676767676761413 0.03594369269223666 8172
0.07676767676761415 0.03791756486840221 8173
0.07777777777771726 0.000524469077178182 8174
0.07777777777771726 0.0005502839425664055 8175
0.07777777777771729 0.0005775186245474288 8176
0.07777777777771726 0.0006062512155539122 8177
0.07777777777771727 0.0006365640954159178 8178
0.07777777777771726 0.000668544186568419 8179
0.07777777777771729 0.0007022831824442376 8180
0.07777777777771726 0.000737877822587533 8181
0.07777777777771726 0.0007754301627741597 8182
0.07777777777771723 0.0008150478773858253 8183
0.07777777777771726 0.0008568445617014506 8184
0.07777777777771726 0.0009009400682493467 8185
0.07777777777771726 0.0009474608327928967 8186
0.07777777777771727 0.0009965402350515275 8187
0.07777777777771726 0.001048319002333215 8188
0.07777777777771726 0.001102945607106628 8189
0.07777777777771727 0.001160576677719914 8190
0.07777777777771726 0.001221377454015973 8191
0.07777777777771723 0.001285522279348257 8192
0.07777777777771726 0.001353195065049187 8193
0.07777777777771726 0.001424589854199526 8194
0.07777777777771726 0.00149991137185858 8195
0.07777777777771726 0.001579375564656545 8196
0.07777777777771726 0.001663210273043904 8197
0.07777777777771726 0.00175165589280512 8198
0.07777777777771727 0.001844966030134214 8199
0.07777777777771726 0.001943408229263549 8200
0.0777777777777173 0.002047264751513933 8201
0.07777777777771726 0.002156833374036222 8202
0.07777777777771726 0.002272428262435021 8203
0.07777777777771727 0.002394380875726116 8204
0.07777777777771727 0.002523040890571719 8205
0.07777777777771727 0.00265877719677794 8206
0.07777777777771726 0.002801979004164433 8207
0.07777777777771726 0.002953056912514464 8208
0.07777777777771723 0.003112444094727602 8209
0.07777777777771727 0.003280597572935683 8210
0.07777777777771727 0.003457999497659123 8211
0.07777777777771726 0.003645158528389266 8212
0.07777777777771726 0.003842611298229041 8213
0.07777777777771727 0.004050923981905447 8214
0.07777777777771727 0.004270693872454155 8215
0.07777777777771724 0.004502551103055443 8216
0.0777777777777173 0.004747160481520353 8217
0.07777777777771726 0.005005223381597966 8218
0.07777777777771724 0.005277479732212418 8219
0.07777777777771726 0.005564710179816858 8220
0.07777777777771726 0.005867738300451534 8221
0.07777777777771727 0.006187432954952758 8222
0.07777777777771726 0.006524710817731458 8223
0.07777777777771726 0.00688053897013661 8224
0.07777777777771723 0.007255937673742899 8225
0.07777777777771726 0.00765198330578329 8226
0.07777777777771726 0.008069811445348447 8227
0.07777777777771727 0.008510620139155279 8228
0.07777777777771727 0.008975673309940093 8229
0.07777777777771727 0.009466304401344735 8230
0.07777777777771727 0.009983920216629371 8231
0.07777777777771727 0.01053000490270287 8232
0.07777777777771724 0.01110612424891558 8233
0.07777777777771727 0.01171393015807425 8234
0.07777777777771727 0.01235516537916829 8235
0.07777777777771727 0.01303166853448766 8236
0.07777777777771727 0.01374537938036723 8237
0.07777777777771726 0.0144983443130774 8238
0.07777777777771726 0.01529272230936847 8239
0.07777777777771727 0.01613079110341873 8240
0.07777777777771726 0.01701495367749814 8241
0.07777777777771727 0.017947745188805 8242
0.07777777777771727 0.01893184023151273 8243
0.07777777777771727 0.01997006050103631 8244
0.07777777777771727 0.02106538289552767 8245
0.07777777777771727 0.02222094801676215 8246
0.07777777777771727 0.02344006921465306 8247
0.07777777777771727 0.02472624209260174 8248
0.07777777777771726 0.02608315448511037 8249
0.07777777777771726 0.02751469705055613 8250
0.07777777777771726 0.02902497444525769 8251
0.07777777777771726 0.03061831709550227 8252
0.07777777777771724 0.03229929360185356 8253
0.07777777777771727 0.03407272381553741 8254
0.07777777777771726 0.03594369269223666 8255
0.07777777777771726 0.03791756486840222 8256
0.07878787878782237 0.000524469077178182 8257
0.07878787878782237 0.0005502839425664056 8258
0.07878787878782234 0.0005775186245474289 8259
0.07878787878782237 0.0006062512155539122 8260
0.07878787878782237 0.0006365640954159177 8261
0.07878787878782237 0.0006685441865684191 8262
0.07878787878782237 0.0007022831824442376 8263
0.07878787878782235 0.000737877822587533 8264
0.07878787878782237 0.0007754301627741597 8265
0.07878787878782237 0.0008150478773858252 8266
0.07878787878782237 0.0008568445617014505 8267
0.0787878787878224 0.0009009400682493469 8268
0.07878787878782237 0.0009474608327928967 8269
0.07878787878782237 0.0009965402350515275 8270
0.07878787878782237 0.001048319002333215 8271
0.07878787878782237 0.001102945607106627 8272
0.07878787878782237 0.001160576677719914 8273
0.0787878787878224 0.001221377454015973 8274
0.07878787878782237 0.001285522279348257 8275
0.07878787878782234 0.001353195065049187 8276
0.07878787878782238 0.001424589854199526 8277
0.07878787878782237 0.00149991137185858 8278
0.07878787878782237 0.001579375564656545 8279
0.07878787878782241 0.001663210273043904 8280
0.07878787878782234 0.00175165589280512 8281
0.07878787878782237 0.001844966030134214 8282
0.07878787878782235 0.001943408229263549 8283
0.07878787878782237 0.002047264751513933 8284
0.07878787878782237 0.002156833374036222 8285
0.0787878787878224 0.002272428262435021 8286
0.07878787878782237 0.002394380875726116 8287
0.07878787878782237 0.002523040890571719 8288
0.07878787878782237 0.002658777196777941 8289
0.07878787878782237 0.002801979004164433 8290
0.0787878787878224 0.002953056912514463 8291
0.07878787878782237 0.003112444094727603 8292
0.07878787878782234 0.003280597572935684 8293
0.07878787878782241 0.003457999497659123 8294
0.07878787878782237 0.003645158528389266 8295
0.07878787878782237 0.003842611298229041 8296
0.07878787878782237 0.004050923981905447 8297
0.07878787878782237 0.004270693872454154 8298
0.07878787878782237 0.004502551103055443 8299
0.07878787878782238 0.004747160481520353 8300
0.07878787878782241 0.005005223381597966 8301
0.0787878787878224 0.005277479732212417 8302
0.07878787878782237 0.005564710179816858 8303
0.07878787878782237 0.005867738300451534 8304
0.07878787878782238 0.006187432954952758 8305
0.07878787878782237 0.006524710817731459 8306
0.07878787878782237 0.006880538970136611 8307
0.07878787878782235 0.007255937673742899 8308
0.07878787878782237 0.007651983305783291 8309
0.07878787878782237 0.008069811445348447 8310
0.07878787878782237 0.008510620139155279 8311
0.07878787878782237 0.008975673309940093 8312
0.07878787878782237 0.009466304401344734 8313
0.07878787878782237 0.009983920216629371 8314
0.07878787878782237 0.01053000490270287 8315
0.07878787878782238 0.01110612424891558 8316
0.07878787878782237 0.01171393015807425 8317
0.07878787878782237 0.01235516537916829 8318
0.07878787878782238 0.01303166853448766 8319
0.07878787878782237 0.01374537938036724 8320
0.07878787878782237 0.0144983443130774 8321
0.07878787878782237 0.01529272230936847 8322
0.07878787878782237 0.01613079110341874 8323
0.07878787878782237 0.01701495367749814 8324
0.07878787878782237 0.017947745188805 8325
0.07878787878782237 0.01893184023151273 8326
0.07878787878782237 0.01997006050103631 8327
0.07878787878782237 0.02106538289552766 8328
0.07878787878782237 0.02222094801676216 8329
0.07878787878782237 0.02344006921465306 8330
0.07878787878782237 0.02472624209260174 8331
0.07878787878782237 0.02608315448511038 8332
0.07878787878782237 0.02751469705055613 8333
0.07878787878782237 0.02902497444525769 8334
0.07878787878782237 0.03061831709550228 8335
0.07878787878782237 0.03229929360185355 8336
0.07878787878782237 0.03407272381553741 8337
0.07878787878782237 0.03594369269223666 8338
0.07878787878782237 0.03791756486840222 8339
0.07979797979792715 0.000524469077178182 8340
0.0797979797979271 0.0005502839425664055 8341
0.07979797979792709 0.0005775186245474288 8342
0.07979797979792706 0.0006062512155539122 8343
0.07979797979792715 0.0006365640954159178 8344
0.07979797979792708 0.000668544186568419 8345
0.07979797979792712 0.0007022831824442376 8346
0.07979797979792715 0.0007378778225875331 8347
0.07979797979792713 0.0007754301627741597 8348
0.0797979797979271 0.0008150478773858253 8349
0.0797979797979271 0.0008568445617014506 8350
0.0797979797979271 0.0009009400682493469 8351
0.0797979797979271 0.0009474608327928967 8352
0.07979797979792715 0.0009965402350515275 8353
0.0797979797979271 0.001048319002333215 8354
0.0797979797979271 0.001102945607106628 8355
0.0797979797979271 0.001160576677719914 8356
0.0797979797979271 0.001221377454015973 8357
0.0797979797979271 0.001285522279348257 8358
0.0797979797979271 0.001353195065049187 8359
0.0797979797979271 0.001424589854199526 8360
0.0797979797979271 0.001499911371858581 8361
0.07979797979792709 0.001579375564656545 8362
0.0797979797979271 0.001663210273043904 8363
0.07979797979792712 0.00175165589280512 8364
0.07979797979792708 0.001844966030134214 8365
0.0797979797979271 0.001943408229263549 8366
0.0797979797979271 0.002047264751513933 8367
0.07979797979792713 0.002156833374036222 8368
0.0797979797979271 0.002272428262435021 8369
0.0797979797979271 0.002394380875726116 8370
0.07979797979792706 0.002523040890571719 8371
0.0797979797979271 0.002658777196777941 8372
0.0797979797979271 0.002801979004164433 8373
0.0797979797979271 0.002953056912514464 8374
0.0797979797979271 0.003112444094727602 8375
0.0797979797979271 0.003280597572935684 8376
0.0797979797979271 0.003457999497659123 8377
0.0797979797979271 0.003645158528389266 8378
0.07979797979792715 0.003842611298229041 8379
0.0797979797979271 0.004050923981905447 8380
0.0797979797979271 0.004270693872454154 8381
0.07979797979792712 0.004502551103055443 8382
0.0797979797979271 0.004747160481520353 8383
0.0797979797979271 0.005005223381597966 8384
0.0797979797979271 0.005277479732212418 8385
0.0797979797979271 0.005564710179816858 8386
0.0797979797979271 0.005867738300451534 8387
0.0797979797979271 0.006187432954952757 8388
0.07979797979792709 0.006524710817731458 8389
0.0797979797979271 0.006880538970136611 8390
0.0797979797979271 0.007255937673742897 8391
0.0797979797979271 0.007651983305783291 8392
0.07979797979792708 0.008069811445348447 8393
0.0797979797979271 0.008510620139155279 8394
0.0797979797979271 0.008975673309940093 8395
0.0797979797979271 0.009466304401344734 8396
0.0797979797979271 0.009983920216629371 8397
0.0797979797979271 0.01053000490270287 8398
0.0797979797979271 0.01110612424891558 8399
0.0797979797979271 0.01171393015807425 8400
0.07979797979792712 0.01235516537916828 8401
0.07979797979792709 0.01303166853448766 8402
0.0797979797979271 0.01374537938036723 8403
0.0797979797979271 0.0144983443130774 8404
0.0797979797979271 0.01529272230936847 8405
0.0797979797979271 0.01613079110341874 8406
0.0797979797979271 0.01701495367749814 8407
0.0797979797979271 0.017947745188805 8408
0.0797979797979271 0.01893184023151273 8409
0.0797979797979271 0.01997006050103631 8410
0.0797979797979271 0.02106538289552766 8411
0.0797979797979271 0.02222094801676216 8412
0.0797979797979271 0.02344006921465306 8413
0.0797979797979271 0.02472624209260174 8414
0.0797979797979271 0.02608315448511037 8415
0.0797979797979271 0.02751469705055613 8416
0.0797979797979271 0.02902497444525769 8417
0.0797979797979271 0.03061831709550228 8418
0.0797979797979271 0.03229929360185355 8419
0.0797979797979271 0.03407272381553741 8420
0.07979797979792712 0.03594369269223666 8421
0.0797979797979271 0.03791756486840222 8422
0.0808080808080287 0.000524469077178182 8423
0.08080808080802869 0.0005502839425664055 8424
0.08080808080802869 0.0005775186245474289 8425
0.0808080808080287 0.0006062512155539122 8426
0.0808080808080287 0.0006365640954159178 8427
0.0808080808080287 0.000668544186568419 8428
0.0808080808080287 0.0007022831824442376 8429
0.08080808080802869 0.000737877822587533 8430
0.08080808080802873 0.0007754301627741597 8431
0.0808080808080287 0.0008150478773858253 8432
0.08080808080802869 0.0008568445617014506 8433
0.08080808080802869 0.000900940068249347 8434
0.0808080808080287 0.0009474608327928967 8435
0.0808080808080287 0.0009965402350515275 8436
0.08080808080802868 0.001048319002333215 8437
0.08080808080802873 0.001102945607106628 8438
0.08080808080802868 0.001160576677719914 8439
0.0808080808080287 0.001221377454015973 8440
0.08080808080802869 0.001285522279348257 8441
0.0808080808080287 0.001353195065049187 8442
0.0808080808080287 0.001424589854199526 8443
0.08080808080802868 0.00149991137185858 8444
0.0808080808080287 0.001579375564656545 8445
0.0808080808080287 0.001663210273043904 8446
0.0808080808080287 0.00175165589280512 8447
0.0808080808080287 0.001844966030134214 8448
0.08080808080802872 0.001943408229263549 8449
0.0808080808080287 0.002047264751513933 8450
0.08080808080802869 0.002156833374036222 8451
0.08080808080802872 0.002272428262435021 8452
0.0808080808080287 0.002394380875726116 8453
0.08080808080802872 0.002523040890571719 8454
0.08080808080802866 0.002658777196777941 8455
0.08080808080802872 0.002801979004164433 8456
0.08080808080802869 0.002953056912514464 8457
0.08080808080802869 0.003112444094727602 8458
0.08080808080802872 0.003280597572935684 8459
0.0808080808080287 0.003457999497659123 8460
0.0808080808080287 0.003645158528389267 8461
0.0808080808080287 0.003842611298229041 8462
0.0808080808080287 0.004050923981905447 8463
0.08080808080802873 0.004270693872454154 8464
0.08080808080802872 0.004502551103055443 8465
0.0808080808080287 0.004747160481520353 8466
0.0808080808080287 0.005005223381597966 8467
0.0808080808080287 0.005277479732212417 8468
0.08080808080802869 0.005564710179816858 8469
0.0808080808080287 0.005867738300451534 8470
0.0808080808080287 0.006187432954952758 8471
0.0808080808080287 0.006524710817731458 8472
0.08080808080802866 0.006880538970136611 8473
0.08080808080802869 0.007255937673742898 8474
0.0808080808080287 0.007651983305783291 8475
0.0808080808080287 0.008069811445348445 8476
0.0808080808080287 0.008510620139155281 8477
0.0808080808080287 0.008975673309940093 8478
0.0808080808080287 0.009466304401344734 8479
0.0808080808080287 0.009983920216629373 8480
0.0808080808080287 0.01053000490270287 8481
0.0808080808080287 0.01110612424891559 8482
0.08080808080802869 0.01171393015807425 8483
0.0808080808080287 0.01235516537916829 8484
0.0808080808080287 0.01303166853448766 8485
0.08080808080802869 0.01374537938036723 8486
0.08080808080802872 0.0144983443130774 8487
0.0808080808080287 0.01529272230936847 8488
0.0808080808080287 0.01613079110341874 8489
0.08080808080802869 0.01701495367749814 8490
0.0808080808080287 0.017947745188805 8491
0.0808080808080287 0.01893184023151273 8492
0.0808080808080287 0.01997006050103631 8493
0.0808080808080287 0.02106538289552766 8494
0.0808080808080287 0.02222094801676216 8495
0.0808080808080287 0.02344006921465306 8496
0.0808080808080287 0.02472624209260174 8497
0.0808080808080287 0.02608315448511037 8498
0.0808080808080287 0.02751469705055613 8499
0.08080808080802869 0.02902497444525769 8500
0.0808080808080287 0.03061831709550227 8501
0.0808080808080287 0.03229929360185356 8502
0.0808080808080287 0.03407272381553742 8503
0.0808080808080287 0.03594369269223666 8504
0.08080808080802869 0.03791756486840222 8505
0.0818181818181323 0.000524469077178182 8506
0.08181818181813229 0.0005502839425664056 8507
0.08181818181813229 0.0005775186245474289 8508
0.08181818181813229 0.0006062512155539122 8509
0.08181818181813227 0.0006365640954159178 8510
0.08181818181813227 0.0006685441865684192 8511
0.08181818181813229 0.0007022831824442376 8512
0.08181818181813232 0.000737877822587533 8513
0.08181818181813227 0.0007754301627741597 8514
0.08181818181813227 0.0008150478773858252 8515
0.08181818181813229 0.0008568445617014505 8516
0.08181818181813232 0.0009009400682493467 8517
0.08181818181813229 0.0009474608327928967 8518
0.08181818181813229 0.0009965402350515275 8519
0.08181818181813229 0.001048319002333215 8520
0.08181818181813229 0.001102945607106628 8521
0.08181818181813229 0.001160576677719914 8522
0.08181818181813229 0.001221377454015973 8523
0.08181818181813232 0.001285522279348257 8524
0.08181818181813229 0.001353195065049187 8525
0.08181818181813226 0.001424589854199526 8526
0.08181818181813229 0.00149991137185858 8527
0.08181818181813229 0.001579375564656545 8528
0.08181818181813229 0.001663210273043904 8529
0.08181818181813227 0.00175165589280512 8530
0.08181818181813229 0.001844966030134214 8531
0.08181818181813226 0.001943408229263549 8532
0.0818181818181323 0.002047264751513933 8533
0.08181818181813227 0.002156833374036222 8534
0.08181818181813229 0.002272428262435021 8535
0.08181818181813227 0.002394380875726116 8536
0.08181818181813229 0.002523040890571719 8537
0.08181818181813227 0.00265877719677794 8538
0.08181818181813232 0.002801979004164433 8539
0.08181818181813229 0.002953056912514464 8540
0.08181818181813227 0.003112444094727602 8541
0.08181818181813229 0.003280597572935684 8542
0.08181818181813229 0.003457999497659123 8543
0.08181818181813229 0.003645158528389267 8544
0.08181818181813229 0.003842611298229041 8545
0.08181818181813232 0.004050923981905447 8546
0.08181818181813226 0.004270693872454154 8547
0.0818181818181323 0.004502551103055443 8548
0.0818181818181323 0.004747160481520353 8549
0.0818181818181323 0.005005223381597966 8550
0.08181818181813229 0.005277479732212419 8551
0.08181818181813227 0.005564710179816858 8552
0.08181818181813229 0.005867738300451534 8553
0.08181818181813226 0.006187432954952757 8554
0.08181818181813229 0.006524710817731458 8555
0.0818181818181323 0.00688053897013661 8556
0.08181818181813229 0.007255937673742898 8557
0.08181818181813229 0.007651983305783291 8558
0.0818181818181323 0.008069811445348447 8559
0.08181818181813232 0.008510620139155279 8560
0.08181818181813226 0.008975673309940093 8561
0.08181818181813227 0.009466304401344734 8562
0.08181818181813229 0.009983920216629371 8563
0.08181818181813229 0.01053000490270287 8564
0.08181818181813226 0.01110612424891558 8565
0.08181818181813226 0.01171393015807425 8566
0.08181818181813229 0.01235516537916828 8567
0.08181818181813229 0.01303166853448766 8568
0.08181818181813229 0.01374537938036723 8569
0.08181818181813232 0.0144983443130774 8570
0.08181818181813229 0.01529272230936846 8571
0.08181818181813232 0.01613079110341873 8572
0.08181818181813227 0.01701495367749814 8573
0.08181818181813229 0.017947745188805 8574
0.08181818181813226 0.01893184023151273 8575
0.08181818181813229 0.01997006050103631 8576
0.08181818181813229 0.02106538289552766 8577
0.08181818181813229 0.02222094801676216 8578
0.08181818181813227 0.02344006921465306 8579
0.08181818181813229 0.02472624209260174 8580
0.08181818181813229 0.02608315448511037 8581
0.08181818181813229 0.02751469705055612 8582
0.08181818181813229 0.02902497444525769 8583
0.08181818181813229 0.03061831709550226 8584
0.08181818181813229 0.03229929360185355 8585
0.08181818181813229 0.03407272381553741 8586
0.0818181818181323 0.03594369269223667 8587
0.08181818181813227 0.03791756486840221 8588
0.08282828282823738 0.000524469077178182 8589
0.0828282828282374 0.0005502839425664057 8590
0.08282828282823738 0.0005775186245474289 8591
0.0828282828282374 0.0006062512155539122 8592
0.08282828282823741 0.0006365640954159178 8593
0.08282828282823741 0.000668544186568419 8594
0.08282828282823741 0.0007022831824442376 8595
0.08282828282823741 0.000737877822587533 8596
0.08282828282823743 0.0007754301627741597 8597
0.08282828282823741 0.0008150478773858252 8598
0.08282828282823741 0.0008568445617014506 8599
0.08282828282823741 0.000900940068249347 8600
0.08282828282823741 0.0009474608327928967 8601
0.0828282828282374 0.0009965402350515275 8602
0.08282828282823741 0.001048319002333215 8603
0.08282828282823744 0.001102945607106628 8604
0.08282828282823743 0.001160576677719914 8605
0.08282828282823741 0.001221377454015973 8606
0.0828282828282374 0.001285522279348257 8607
0.0828282828282374 0.001353195065049187 8608
0.08282828282823741 0.001424589854199526 8609
0.08282828282823743 0.001499911371858581 8610
0.08282828282823741 0.001579375564656545 8611
0.08282828282823741 0.001663210273043904 8612
0.08282828282823741 0.00175165589280512 8613
0.08282828282823738 0.001844966030134214 8614
0.08282828282823741 0.001943408229263549 8615
0.0828282828282374 0.002047264751513933 8616
0.08282828282823741 0.002156833374036222 8617
0.0828282828282374 0.002272428262435021 8618
0.08282828282823741 0.002394380875726116 8619
0.08282828282823741 0.002523040890571719 8620
0.0828282828282374 0.002658777196777941 8621
0.08282828282823741 0.002801979004164433 8622
0.08282828282823738 0.002953056912514464 8623
0.0828282828282374 0.003112444094727603 8624
0.08282828282823743 0.003280597572935683 8625
0.08282828282823741 0.003457999497659123 8626
0.08282828282823741 0.003645158528389267 8627
0.08282828282823741 0.003842611298229041 8628
0.08282828282823741 0.004050923981905447 8629
0.08282828282823744 0.004270693872454154 8630
0.08282828282823741 0.004502551103055443 8631
0.08282828282823744 0.004747160481520353 8632
0.08282828282823744 0.005005223381597967 8633
0.0828282828282374 0.005277479732212417 8634
0.08282828282823743 0.005564710179816858 8635
0.0828282828282374 0.005867738300451534 8636
0.08282828282823741 0.006187432954952758 8637
0.0828282828282374 0.006524710817731458 8638
0.08282828282823741 0.006880538970136611 8639
0.08282828282823738 0.007255937673742899 8640
0.0828282828282374 0.00765198330578329 8641
0.08282828282823743 0.008069811445348447 8642
0.08282828282823738 0.008510620139155279 8643
0.08282828282823741 0.008975673309940091 8644
0.0828282828282374 0.009466304401344734 8645
0.0828282828282374 0.009983920216629371 8646
0.08282828282823741 0.01053000490270287 8647
0.08282828282823743 0.01110612424891558 8648
0.0828282828282374 0.01171393015807425 8649
0.08282828282823741 0.01235516537916829 8650
0.08282828282823743 0.01303166853448766 8651
0.0828282828282374 0.01374537938036723 8652
0.0828282828282374 0.0144983443130774 8653
0.08282828282823744 0.01529272230936847 8654
0.08282828282823743 0.01613079110341873 8655
0.0828282828282374 0.01701495367749814 8656
0.08282828282823741 0.017947745188805 8657
0.0828282828282374 0.01893184023151273 8658
0.0828282828282374 0.01997006050103631 8659
0.08282828282823741 0.02106538289552766 8660
0.08282828282823741 0.02222094801676216 8661
0.08282828282823741 0.02344006921465306 8662
0.08282828282823743 0.02472624209260174 8663
0.08282828282823741 0.02608315448511037 8664
0.08282828282823741 0.02751469705055613 8665
0.0828282828282374 0.02902497444525769 8666
0.08282828282823741 0.03061831709550227 8667
0.08282828282823738 0.03229929360185355 8668
0.08282828282823737 0.03407272381553741 8669
0.08282828282823741 0.03594369269223666 8670
0.0828282828282374 0.03791756486840223 8671
0.08383838383834168 0.000524469077178182 8672
0.08383838383834168 0.0005502839425664056 8673
0.08383838383834168 0.0005775186245474289 8674
0.0838383838383417 0.0006062512155539122 8675
0.08383838383834169 0.0006365640954159178 8676
0.08383838383834168 0.000668544186568419 8677
0.08383838383834165 0.0007022831824442376 8678
0.08383838383834168 0.000737877822587533 8679
0.08383838383834165 0.0007754301627741597 8680
0.08383838383834165 0.0008150478773858252 8681
0.08383838383834168 0.0008568445617014506 8682
0.08383838383834168 0.0009009400682493467 8683
0.08383838383834168 0.0009474608327928967 8684
0.08383838383834168 0.0009965402350515275 8685
0.08383838383834168 0.001048319002333215 8686
0.08383838383834168 0.001102945607106627 8687
0.08383838383834168 0.001160576677719914 8688
0.08383838383834169 0.001221377454015973 8689
0.08383838383834168 0.001285522279348257 8690
0.0838383838383417 0.001353195065049187 8691
0.08383838383834168 0.001424589854199526 8692
0.08383838383834168 0.00149991137185858 8693
0.08383838383834168 0.001579375564656545 8694
0.08383838383834165 0.001663210273043904 8695
0.08383838383834169 0.00175165589280512 8696
0.08383838383834168 0.001844966030134215 8697
0.08383838383834169 0.001943408229263549 8698
0.08383838383834169 0.002047264751513933 8699
0.08383838383834168 0.002156833374036222 8700
0.08383838383834168 0.002272428262435021 8701
0.08383838383834168 0.002394380875726116 8702
0.08383838383834169 0.002523040890571719 8703
0.08383838383834168 0.002658777196777941 8704
0.08383838383834166 0.002801979004164434 8705
0.08383838383834168 0.002953056912514464 8706
0.08383838383834168 0.003112444094727602 8707
0.08383838383834168 0.003280597572935684 8708
0.0838383838383417 0.003457999497659123 8709
0.0838383838383417 0.003645158528389268 8710
0.08383838383834165 0.003842611298229041 8711
0.0838383838383417 0.004050923981905447 8712
0.08383838383834166 0.004270693872454153 8713
0.08383838383834168 0.004502551103055443 8714
0.08383838383834172 0.004747160481520353 8715
0.08383838383834168 0.005005223381597966 8716
0.08383838383834168 0.005277479732212417 8717
0.08383838383834172 0.005564710179816858 8718
0.08383838383834168 0.005867738300451534 8719
0.08383838383834168 0.006187432954952757 8720
0.08383838383834166 0.006524710817731458 8721
0.08383838383834168 0.006880538970136611 8722
0.08383838383834166 0.007255937673742897 8723
0.08383838383834166 0.007651983305783291 8724
0.08383838383834168 0.008069811445348447 8725
0.08383838383834168 0.008510620139155281 8726
0.08383838383834169 0.008975673309940093 8727
0.08383838383834165 0.009466304401344734 8728
0.08383838383834169 0.009983920216629371 8729
0.08383838383834169 0.01053000490270287 8730
0.08383838383834166 0.01110612424891558 8731
0.08383838383834172 0.01171393015807425 8732
0.08383838383834168 0.01235516537916829 8733
0.08383838383834166 0.01303166853448766 8734
0.08383838383834168 0.01374537938036723 8735
0.08383838383834168 0.0144983443130774 8736
0.08383838383834169 0.01529272230936847 8737
0.08383838383834169 0.01613079110341873 8738
0.08383838383834169 0.01701495367749814 8739
0.08383838383834169 0.017947745188805 8740
0.08383838383834165 0.01893184023151273 8741
0.08383838383834169 0.01997006050103631 8742
0.08383838383834168 0.02106538289552766 8743
0.08383838383834169 0.02222094801676216 8744
0.08383838383834169 0.02344006921465306 8745
0.08383838383834169 0.02472624209260174 8746
0.08383838383834168 0.02608315448511037 8747
0.08383838383834168 0.02751469705055613 8748
0.08383838383834168 0.02902497444525769 8749
0.08383838383834168 0.03061831709550227 8750
0.08383838383834168 0.03229929360185355 8751
0.08383838383834168 0.03407272381553741 8752
0.08383838383834168 0.03594369269223666 8753
0.08383838383834168 0.03791756486840222 8754
0.08484848484844326 0.0005244690771781821 8755
0.08484848484844332 0.0005502839425664055 8756
0.08484848484844329 0.0005775186245474289 8757
0.08484848484844325 0.0006062512155539122 8758
0.08484848484844329 0.0006365640954159178 8759
0.08484848484844329 0.000668544186568419 8760
0.08484848484844329 0.0007022831824442376 8761
0.08484848484844329 0.000737877822587533 8762
0.08484848484844329 0.0007754301627741596 8763
0.08484848484844329 0.0008150478773858253 8764
0.08484848484844328 0.0008568445617014506 8765
0.08484848484844332 0.0009009400682493469 8766
0.08484848484844329 0.0009474608327928967 8767
0.08484848484844333 0.0009965402350515275 8768
0.08484848484844329 0.001048319002333215 8769
0.08484848484844329 0.001102945607106628 8770
0.08484848484844329 0.001160576677719914 8771
0.08484848484844326 0.001221377454015973 8772
0.08484848484844328 0.001285522279348257 8773
0.0848484848484433 0.001353195065049187 8774
0.08484848484844326 0.001424589854199526 8775
0.08484848484844329 0.001499911371858581 8776
0.08484848484844332 0.001579375564656545 8777
0.08484848484844329 0.001663210273043904 8778
0.08484848484844333 0.00175165589280512 8779
0.08484848484844329 0.001844966030134214 8780
0.08484848484844328 0.001943408229263549 8781
0.08484848484844329 0.002047264751513933 8782
0.08484848484844332 0.002156833374036222 8783
0.08484848484844325 0.00227242826243502 8784
0.08484848484844329 0.002394380875726116 8785
0.08484848484844329 0.002523040890571719 8786
0.08484848484844329 0.002658777196777941 8787
0.08484848484844329 0.002801979004164433 8788
0.08484848484844329 0.002953056912514464 8789
0.08484848484844329 0.003112444094727603 8790
0.08484848484844328 0.003280597572935684 8791
0.0848484848484433 0.003457999497659124 8792
0.08484848484844329 0.003645158528389267 8793
0.08484848484844329 0.003842611298229041 8794
0.08484848484844329 0.004050923981905446 8795
0.08484848484844329 0.004270693872454154 8796
0.08484848484844326 0.004502551103055443 8797
0.08484848484844329 0.004747160481520353 8798
0.08484848484844325 0.005005223381597966 8799
0.08484848484844329 0.005277479732212418 8800
0.08484848484844329 0.005564710179816858 8801
0.08484848484844329 0.005867738300451534 8802
0.0848484848484433 0.006187432954952758 8803
0.08484848484844333 0.006524710817731459 8804
0.08484848484844329 0.00688053897013661 8805
0.08484848484844332 0.007255937673742898 8806
0.08484848484844329 0.007651983305783292 8807
0.08484848484844329 0.008069811445348447 8808
0.08484848484844329 0.008510620139155279 8809
0.08484848484844329 0.008975673309940093 8810
0.08484848484844329 0.009466304401344735 8811
0.08484848484844329 0.009983920216629371 8812
0.08484848484844329 0.01053000490270287 8813
0.08484848484844329 0.01110612424891558 8814
0.08484848484844329 0.01171393015807425 8815
0.08484848484844329 0.01235516537916829 8816
0.08484848484844328 0.01303166853448766 8817
0.08484848484844329 0.01374537938036724 8818
0.08484848484844329 0.0144983443130774 8819
0.08484848484844329 0.01529272230936847 8820
0.08484848484844329 0.01613079110341873 8821
0.08484848484844329 0.01701495367749814 8822
0.08484848484844329 0.017947745188805 8823
0.08484848484844329 0.01893184023151273 8824
0.08484848484844329 0.01997006050103631 8825
0.08484848484844329 0.02106538289552766 8826
0.08484848484844329 0.02222094801676216 8827
0.08484848484844329 0.02344006921465306 8828
0.08484848484844329 0.02472624209260174 8829
0.08484848484844329 0.02608315448511037 8830
0.0848484848484433 0.02751469705055613 8831
0.08484848484844329 0.02902497444525769 8832
0.08484848484844329 0.03061831709550226 8833
0.0848484848484433 0.03229929360185356 8834
0.08484848484844329 0.03407272381553742 8835
0.08484848484844329 0.03594369269223666 8836
0.08484848484844329 0.03791756486840222 8837
0.08585858585854733 0.000524469077178182 8838
0.08585858585854732 0.0005502839425664056 8839
0.0858585858585473 0.000577518624547429 8840
0.0858585858585473 0.0006062512155539123 8841
0.0858585858585473 0.0006365640954159178 8842
0.08585858585854733 0.0006685441865684191 8843
0.08585858585854733 0.0007022831824442376 8844
0.08585858585854732 0.0007378778225875329 8845
0.08585858585854736 0.0007754301627741597 8846
0.08585858585854735 0.0008150478773858252 8847
0.08585858585854732 0.0008568445617014505 8848
0.08585858585854733 0.0009009400682493469 8849
0.08585858585854733 0.0009474608327928967 8850
0.08585858585854733 0.0009965402350515275 8851
0.08585858585854735 0.001048319002333215 8852
0.0858585858585473 0.001102945607106628 8853
0.08585858585854732 0.001160576677719914 8854
0.0858585858585473 0.001221377454015973 8855
0.08585858585854732 0.001285522279348257 8856
0.08585858585854732 0.001353195065049187 8857
0.0858585858585473 0.001424589854199526 8858
0.08585858585854736 0.00149991137185858 8859
0.08585858585854733 0.001579375564656545 8860
0.08585858585854733 0.001663210273043904 8861
0.08585858585854732 0.00175165589280512 8862
0.08585858585854733 0.001844966030134214 8863
0.08585858585854733 0.001943408229263549 8864
0.08585858585854732 0.002047264751513933 8865
0.08585858585854732 0.002156833374036222 8866
0.08585858585854733 0.002272428262435021 8867
0.08585858585854732 0.002394380875726116 8868
0.08585858585854733 0.002523040890571719 8869
0.08585858585854733 0.00265877719677794 8870
0.08585858585854733 0.002801979004164434 8871
0.08585858585854732 0.002953056912514464 8872
0.08585858585854733 0.003112444094727602 8873
0.08585858585854733 0.003280597572935684 8874
0.08585858585854729 0.003457999497659123 8875
0.08585858585854732 0.003645158528389266 8876
0.08585858585854732 0.003842611298229041 8877
0.08585858585854732 0.004050923981905447 8878
0.08585858585854733 0.004270693872454155 8879
0.0858585858585473 0.004502551103055443 8880
0.08585858585854733 0.004747160481520353 8881
0.08585858585854736 0.005005223381597967 8882
0.08585858585854733 0.005277479732212417 8883
0.08585858585854736 0.005564710179816858 8884
0.08585858585854733 0.005867738300451535 8885
0.08585858585854733 0.006187432954952757 8886
0.08585858585854733 0.00652471081773146 8887
0.08585858585854733 0.00688053897013661 8888
0.08585858585854733 0.007255937673742898 8889
0.08585858585854733 0.007651983305783291 8890
0.0858585858585473 0.008069811445348447 8891
0.08585858585854733 0.008510620139155279 8892
0.08585858585854732 0.008975673309940093 8893
0.08585858585854732 0.009466304401344734 8894
0.08585858585854733 0.009983920216629373 8895
0.0858585858585473 0.01053000490270287 8896
0.08585858585854733 0.01110612424891558 8897
0.08585858585854733 0.01171393015807425 8898
0.0858585858585473 0.01235516537916829 8899
0.08585858585854733 0.01303166853448766 8900
0.08585858585854733 0.01374537938036723 8901
0.08585858585854733 0.0144983443130774 8902
0.08585858585854733 0.01529272230936847 8903
0.08585858585854733 0.01613079110341873 8904
0.08585858585854732 0.01701495367749814 8905
0.0858585858585473 0.017947745188805 8906
0.08585858585854733 0.01893184023151274 8907
0.08585858585854733 0.01997006050103631 8908
0.08585858585854733 0.02106538289552766 8909
0.08585858585854733 0.02222094801676216 8910
0.08585858585854733 0.02344006921465306 8911
0.08585858585854733 0.02472624209260175 8912
0.08585858585854733 0.02608315448511037 8913
0.08585858585854732 0.02751469705055612 8914
0.08585858585854733 0.02902497444525769 8915
0.08585858585854732 0.03061831709550227 8916
0.08585858585854733 0.03229929360185355 8917
0.08585858585854733 0.03407272381553741 8918
0.08585858585854733 0.03594369269223666 8919
0.08585858585854732 0.03791756486840222 8920
0.08686868686865248 0.000524469077178182 8921
0.08686868686865247 0.0005502839425664056 8922
0.08686868686865241 0.0005775186245474289 8923
0.08686868686865246 0.0006062512155539122 8924
0.08686868686865246 0.0006365640954159178 8925
0.08686868686865244 0.000668544186568419 8926
0.08686868686865244 0.0007022831824442376 8927
0.08686868686865246 0.000737877822587533 8928
0.08686868686865241 0.0007754301627741597 8929
0.08686868686865246 0.0008150478773858252 8930
0.08686868686865246 0.0008568445617014506 8931
0.08686868686865246 0.0009009400682493469 8932
0.08686868686865244 0.0009474608327928967 8933
0.08686868686865246 0.0009965402350515275 8934
0.08686868686865244 0.001048319002333215 8935
0.08686868686865244 0.001102945607106628 8936
0.08686868686865246 0.001160576677719914 8937
0.08686868686865247 0.001221377454015973 8938
0.08686868686865247 0.001285522279348257 8939
0.08686868686865244 0.001353195065049187 8940
0.08686868686865246 0.001424589854199526 8941
0.08686868686865248 0.001499911371858581 8942
0.08686868686865244 0.001579375564656545 8943
0.08686868686865243 0.001663210273043904 8944
0.08686868686865246 0.00175165589280512 8945
0.08686868686865243 0.001844966030134214 8946
0.08686868686865246 0.001943408229263549 8947
0.08686868686865246 0.002047264751513933 8948
0.08686868686865241 0.002156833374036222 8949
0.08686868686865246 0.002272428262435021 8950
0.08686868686865246 0.002394380875726116 8951
0.08686868686865246 0.002523040890571719 8952
0.08686868686865248 0.002658777196777941 8953
0.08686868686865241 0.002801979004164433 8954
0.08686868686865244 0.002953056912514464 8955
0.08686868686865248 0.003112444094727602 8956
0.08686868686865246 0.003280597572935684 8957
0.08686868686865241 0.003457999497659123 8958
0.08686868686865246 0.003645158528389267 8959
0.08686868686865244 0.003842611298229041 8960
0.08686868686865246 0.004050923981905447 8961
0.08686868686865241 0.004270693872454154 8962
0.08686868686865243 0.004502551103055443 8963
0.08686868686865246 0.004747160481520354 8964
0.08686868686865247 0.005005223381597966 8965
0.08686868686865246 0.005277479732212418 8966
0.08686868686865246 0.005564710179816858 8967
0.08686868686865246 0.005867738300451535 8968
0.08686868686865246 0.006187432954952758 8969
0.08686868686865246 0.006524710817731459 8970
0.08686868686865244 0.006880538970136611 8971
0.08686868686865244 0.007255937673742897 8972
0.08686868686865246 0.007651983305783291 8973
0.08686868686865246 0.008069811445348447 8974
0.08686868686865246 0.008510620139155279 8975
0.08686868686865243 0.008975673309940093 8976
0.08686868686865244 0.009466304401344735 8977
0.08686868686865244 0.009983920216629371 8978
0.08686868686865244 0.01053000490270287 8979
0.08686868686865246 0.01110612424891558 8980
0.08686868686865246 0.01171393015807425 8981
0.08686868686865246 0.01235516537916828 8982
0.08686868686865243 0.01303166853448766 8983
0.08686868686865244 0.01374537938036723 8984
0.08686868686865246 0.0144983443130774 8985
0.08686868686865246 0.01529272230936847 8986
0.08686868686865246 0.01613079110341873 8987
0.08686868686865246 0.01701495367749814 8988
0.08686868686865246 0.017947745188805 8989
0.08686868686865246 0.01893184023151273 8990
0.08686868686865246 0.01997006050103631 8991
0.08686868686865246 0.02106538289552767 8992
0.08686868686865246 0.02222094801676216 8993
0.08686868686865246 0.02344006921465306 8994
0.08686868686865246 0.02472624209260174 8995
0.08686868686865246 0.02608315448511037 8996
0.08686868686865246 0.02751469705055613 8997
0.08686868686865246 0.02902497444525769 8998
0.08686868686865244 0.03061831709550227 8999
0.08686868686865246 0.03229929360185355 9000
0.08686868686865246 0.03407272381553741 9001
0.08686868686865246 0.03594369269223667 9002
0.08686868686865244 0.03791756486840222 9003
0.08787878787875625 0.0005244690771781821 9004
0.08787878787875625 0.0005502839425664055 9005
0.08787878787875623 0.0005775186245474289 9006
0.08787878787875623 0.0006062512155539121 9007
0.08787878787875628 0.0006365640954159178 9008
0.08787878787875625 0.000668544186568419 9009
0.08787878787875623 0.0007022831824442376 9010
0.08787878787875625 0.0007378778225875329 9011
0.08787878787875623 0.0007754301627741597 9012
0.08787878787875622 0.0008150478773858251 9013
0.08787878787875625 0.0008568445617014507 9014
0.08787878787875626 0.0009009400682493469 9015
0.08787878787875623 0.0009474608327928966 9016
0.08787878787875625 0.0009965402350515275 9017
0.08787878787875622 0.001048319002333215 9018
0.08787878787875628 0.001102945607106628 9019
0.08787878787875625 0.001160576677719914 9020
0.08787878787875622 0.001221377454015973 9021
0.08787878787875621 0.001285522279348257 9022
0.08787878787875625 0.001353195065049187 9023
0.08787878787875625 0.001424589854199526 9024
0.08787878787875622 0.00149991137185858 9025
0.08787878787875626 0.001579375564656545 9026
0.08787878787875621 0.001663210273043904 9027
0.08787878787875625 0.00175165589280512 9028
0.08787878787875625 0.001844966030134214 9029
0.08787878787875625 0.001943408229263549 9030
0.08787878787875625 0.002047264751513933 9031
0.08787878787875625 0.002156833374036222 9032
0.08787878787875623 0.002272428262435021 9033
0.08787878787875625 0.002394380875726116 9034
0.08787878787875625 0.002523040890571718 9035
0.08787878787875628 0.002658777196777941 9036
0.08787878787875623 0.002801979004164433 9037
0.08787878787875625 0.002953056912514464 9038
0.08787878787875625 0.003112444094727602 9039
0.08787878787875621 0.003280597572935684 9040
0.08787878787875625 0.003457999497659123 9041
0.08787878787875621 0.003645158528389267 9042
0.08787878787875623 0.003842611298229041 9043
0.08787878787875623 0.004050923981905447 9044
0.08787878787875625 0.004270693872454154 9045
0.08787878787875625 0.004502551103055443 9046
0.08787878787875623 0.004747160481520353 9047
0.08787878787875623 0.005005223381597966 9048
0.08787878787875623 0.005277479732212417 9049
0.08787878787875625 0.005564710179816858 9050
0.08787878787875625 0.005867738300451535 9051
0.08787878787875625 0.006187432954952757 9052
0.08787878787875628 0.006524710817731459 9053
0.08787878787875625 0.006880538970136611 9054
0.08787878787875625 0.007255937673742898 9055
0.08787878787875625 0.007651983305783291 9056
0.08787878787875625 0.008069811445348447 9057
0.08787878787875625 0.008510620139155279 9058
0.08787878787875625 0.008975673309940096 9059
0.08787878787875625 0.009466304401344734 9060
0.08787878787875623 0.009983920216629371 9061
0.08787878787875625 0.01053000490270287 9062
0.08787878787875622 0.01110612424891558 9063
0.08787878787875625 0.01171393015807425 9064
0.08787878787875622 0.01235516537916829 9065
0.08787878787875622 0.01303166853448766 9066
0.08787878787875626 0.01374537938036723 9067
0.08787878787875626 0.0144983443130774 9068
0.08787878787875625 0.01529272230936847 9069
0.08787878787875625 0.01613079110341873 9070
0.08787878787875623 0.01701495367749814 9071
0.08787878787875625 0.017947745188805 9072
0.08787878787875625 0.01893184023151273 9073
0.08787878787875625 0.01997006050103631 9074
0.08787878787875625 0.02106538289552766 9075
0.08787878787875625 0.02222094801676216 9076
0.08787878787875625 0.02344006921465306 9077
0.08787878787875625 0.02472624209260174 9078
0.08787878787875623 0.02608315448511037 9079
0.08787878787875625 0.02751469705055613 9080
0.08787878787875625 0.02902497444525769 9081
0.08787878787875625 0.03061831709550227 9082
0.08787878787875625 0.03229929360185355 9083
0.08787878787875625 0.03407272381553742 9084
0.08787878787875625 0.03594369269223666 9085
0.08787878787875625 0.03791756486840222 9086
0.08888888888885788 0.0005244690771781821 9087
0.08888888888885789 0.0005502839425664055 9088
0.08888888888885789 0.0005775186245474289 9089
0.08888888888885788 0.0006062512155539123 9090
0.08888888888885788 0.0006365640954159178 9091
0.08888888888885785 0.000668544186568419 9092
0.08888888888885788 0.0007022831824442376 9093
0.08888888888885788 0.000737877822587533 9094
0.08888888888885786 0.0007754301627741597 9095
0.08888888888885788 0.0008150478773858252 9096
0.08888888888885788 0.0008568445617014506 9097
0.08888888888885788 0.0009009400682493469 9098
0.08888888888885788 0.0009474608327928968 9099
0.08888888888885785 0.0009965402350515275 9100
0.08888888888885788 0.001048319002333215 9101
0.08888888888885788 0.001102945607106628 9102
0.08888888888885788 0.001160576677719914 9103
0.08888888888885788 0.001221377454015973 9104
0.0888888888888579 0.001285522279348257 9105
0.08888888888885785 0.001353195065049187 9106
0.08888888888885788 0.001424589854199526 9107
0.08888888888885788 0.00149991137185858 9108
0.08888888888885788 0.001579375564656546 9109
0.08888888888885786 0.001663210273043904 9110
0.08888888888885788 0.00175165589280512 9111
0.08888888888885786 0.001844966030134214 9112
0.08888888888885788 0.001943408229263549 9113
0.08888888888885788 0.002047264751513933 9114
0.08888888888885786 0.002156833374036222 9115
0.08888888888885786 0.002272428262435021 9116
0.08888888888885783 0.002394380875726116 9117
0.08888888888885786 0.002523040890571719 9118
0.08888888888885788 0.00265877719677794 9119
0.08888888888885788 0.002801979004164433 9120
0.08888888888885789 0.002953056912514464 9121
0.08888888888885788 0.003112444094727602 9122
0.08888888888885788 0.003280597572935684 9123
0.08888888888885786 0.003457999497659123 9124
0.08888888888885786 0.003645158528389267 9125
0.08888888888885788 0.003842611298229041 9126
0.08888888888885788 0.004050923981905447 9127
0.08888888888885788 0.004270693872454154 9128
0.08888888888885788 0.004502551103055443 9129
0.08888888888885786 0.004747160481520353 9130
0.08888888888885786 0.005005223381597967 9131
0.08888888888885788 0.005277479732212417 9132
0.08888888888885788 0.005564710179816858 9133
0.08888888888885788 0.005867738300451534 9134
0.08888888888885786 0.006187432954952758 9135
0.08888888888885788 0.006524710817731459 9136
0.08888888888885786 0.006880538970136611 9137
0.08888888888885788 0.007255937673742898 9138
0.08888888888885786 0.00765198330578329 9139
0.08888888888885783 0.008069811445348445 9140
0.08888888888885788 0.008510620139155279 9141
0.08888888888885783 0.008975673309940093 9142
0.08888888888885783 0.009466304401344734 9143
0.08888888888885788 0.009983920216629373 9144
0.08888888888885788 0.01053000490270288 9145
0.08888888888885788 0.01110612424891559 9146
0.08888888888885788 0.01171393015807425 9147
0.08888888888885788 0.01235516537916828 9148
0.08888888888885788 0.01303166853448766 9149
0.08888888888885786 0.01374537938036723 9150
0.08888888888885786 0.0144983443130774 9151
0.08888888888885788 0.01529272230936847 9152
0.08888888888885785 0.01613079110341873 9153
0.08888888888885786 0.01701495367749814 9154
0.08888888888885788 0.017947745188805 9155
0.08888888888885788 0.01893184023151273 9156
0.08888888888885788 0.01997006050103632 9157
0.08888888888885788 0.02106538289552766 9158
0.08888888888885788 0.02222094801676216 9159
0.08888888888885788 0.02344006921465306 9160
0.08888888888885788 0.02472624209260174 9161
0.08888888888885788 0.02608315448511037 9162
0.08888888888885788 0.02751469705055613 9163
0.08888888888885788 0.02902497444525769 9164
0.08888888888885788 0.03061831709550226 9165
0.08888888888885788 0.03229929360185356 9166
0.08888888888885788 0.03407272381553741 9167
0.08888888888885788 0.03594369269223666 9168
0.08888888888885788 0.03791756486840222 9169
0.08989898989896239 0.000524469077178182 9170
0.08989898989896238 0.0005502839425664055 9171
0.08989898989896238 0.0005775186245474289 9172
0.08989898989896238 0.0006062512155539122 9173
0.08989898989896236 0.0006365640954159178 9174
0.08989898989896238 0.000668544186568419 9175
0.08989898989896238 0.0007022831824442376 9176
0.08989898989896238 0.000737877822587533 9177
0.08989898989896238 0.0007754301627741597 9178
0.08989898989896239 0.0008150478773858252 9179
0.08989898989896238 0.0008568445617014506 9180
0.0898989898989624 0.0009009400682493467 9181
0.08989898989896238 0.0009474608327928967 9182
0.08989898989896239 0.0009965402350515273 9183
0.08989898989896239 0.001048319002333215 9184
0.08989898989896239 0.001102945607106628 9185
0.08989898989896239 0.001160576677719914 9186
0.08989898989896239 0.001221377454015973 9187
0.08989898989896239 0.001285522279348257 9188
0.08989898989896238 0.001353195065049187 9189
0.08989898989896238 0.001424589854199526 9190
0.08989898989896239 0.001499911371858581 9191
0.0898989898989624 0.001579375564656546 9192
0.08989898989896239 0.001663210273043904 9193
0.08989898989896238 0.00175165589280512 9194
0.08989898989896239 0.001844966030134215 9195
0.08989898989896239 0.001943408229263549 9196
0.08989898989896239 0.002047264751513933 9197
0.08989898989896239 0.002156833374036222 9198
0.08989898989896235 0.002272428262435021 9199
0.08989898989896239 0.002394380875726116 9200
0.08989898989896238 0.002523040890571719 9201
0.08989898989896239 0.002658777196777942 9202
0.08989898989896242 0.002801979004164433 9203
0.08989898989896238 0.002953056912514464 9204
0.08989898989896239 0.003112444094727602 9205
0.08989898989896239 0.003280597572935684 9206
0.08989898989896242 0.003457999497659123 9207
0.08989898989896239 0.003645158528389267 9208
0.08989898989896239 0.003842611298229041 9209
0.08989898989896239 0.004050923981905447 9210
0.08989898989896239 0.004270693872454154 9211
0.08989898989896239 0.004502551103055443 9212
0.08989898989896236 0.004747160481520353 9213
0.08989898989896239 0.005005223381597967 9214
0.08989898989896235 0.005277479732212418 9215
0.08989898989896239 0.005564710179816858 9216
0.08989898989896238 0.005867738300451534 9217
0.08989898989896238 0.006187432954952757 9218
0.08989898989896239 0.006524710817731458 9219
0.08989898989896238 0.006880538970136611 9220
0.08989898989896239 0.007255937673742898 9221
0.08989898989896238 0.00765198330578329 9222
0.08989898989896239 0.008069811445348447 9223
0.08989898989896238 0.008510620139155279 9224
0.08989898989896239 0.008975673309940093 9225
0.08989898989896239 0.009466304401344734 9226
0.08989898989896239 0.009983920216629371 9227
0.08989898989896238 0.01053000490270287 9228
0.08989898989896239 0.01110612424891558 9229
0.08989898989896239 0.01171393015807425 9230
0.08989898989896239 0.01235516537916829 9231
0.08989898989896239 0.01303166853448766 9232
0.08989898989896238 0.01374537938036723 9233
0.08989898989896238 0.0144983443130774 9234
0.08989898989896239 0.01529272230936847 9235
0.08989898989896239 0.01613079110341873 9236
0.08989898989896238 0.01701495367749814 9237
0.08989898989896239 0.017947745188805 9238
0.08989898989896239 0.01893184023151273 9239
0.08989898989896239 0.01997006050103631 9240
0.08989898989896239 0.02106538289552767 9241
0.08989898989896239 0.02222094801676216 9242
0.08989898989896239 0.02344006921465306 9243
0.08989898989896239 0.02472624209260176 9244
0.08989898989896239 0.02608315448511036 9245
0.08989898989896239 0.02751469705055613 9246
0.08989898989896238 0.02902497444525769 9247
0.08989898989896238 0.03061831709550226 9248
0.08989898989896238 0.03229929360185355 9249
0.08989898989896239 0.03407272381553741 9250
0.08989898989896238 0.03594369269223666 9251
0.08989898989896238 0.03791756486840223 9252
0.0909090909090675 0.0005244690771781821 9253
0.0909090909090675 0.0005502839425664056 9254
0.0909090909090675 0.0005775186245474289 9255
0.0909090909090675 0.0006062512155539122 9256
0.09090909090906751 0.0006365640954159178 9257
0.09090909090906751 0.000668544186568419 9258
0.0909090909090675 0.0007022831824442375 9259
0.0909090909090675 0.000737877822587533 9260
0.09090909090906751 0.0007754301627741597 9261
0.0909090909090675 0.0008150478773858252 9262
0.09090909090906753 0.0008568445617014507 9263
0.09090909090906751 0.0009009400682493469 9264
0.0909090909090675 0.0009474608327928965 9265
0.0909090909090675 0.0009965402350515275 9266
0.09090909090906751 0.001048319002333215 9267
0.09090909090906751 0.001102945607106628 9268
0.09090909090906749 0.001160576677719914 9269
0.09090909090906747 0.001221377454015973 9270
0.09090909090906749 0.001285522279348257 9271
0.0909090909090675 0.001353195065049187 9272
0.09090909090906751 0.001424589854199526 9273
0.09090909090906753 0.00149991137185858 9274
0.0909090909090675 0.001579375564656545 9275
0.0909090909090675 0.001663210273043904 9276
0.09090909090906751 0.00175165589280512 9277
0.09090909090906747 0.001844966030134214 9278
0.09090909090906751 0.001943408229263549 9279
0.09090909090906751 0.002047264751513933 9280
0.09090909090906753 0.002156833374036222 9281
0.09090909090906753 0.002272428262435021 9282
0.09090909090906751 0.002394380875726116 9283
0.09090909090906751 0.002523040890571719 9284
0.0909090909090675 0.002658777196777941 9285
0.0909090909090675 0.002801979004164433 9286
0.09090909090906749 0.002953056912514465 9287
0.0909090909090675 0.003112444094727602 9288
0.09090909090906751 0.003280597572935684 9289
0.09090909090906751 0.003457999497659123 9290
0.09090909090906751 0.003645158528389267 9291
0.09090909090906753 0.003842611298229041 9292
0.0909090909090675 0.004050923981905447 9293
0.09090909090906751 0.004270693872454154 9294
0.0909090909090675 0.004502551103055443 9295
0.09090909090906751 0.004747160481520353 9296
0.09090909090906753 0.005005223381597967 9297
0.09090909090906753 0.005277479732212418 9298
0.0909090909090675 0.005564710179816858 9299
0.09090909090906751 0.005867738300451535 9300
0.09090909090906749 0.006187432954952757 9301
0.09090909090906751 0.006524710817731459 9302
0.09090909090906753 0.006880538970136611 9303
0.09090909090906753 0.007255937673742898 9304
0.09090909090906754 0.007651983305783291 9305
0.09090909090906751 0.008069811445348447 9306
0.09090909090906754 0.008510620139155279 9307
0.09090909090906751 0.008975673309940093 9308
0.0909090909090675 0.009466304401344734 9309
0.09090909090906754 0.009983920216629371 9310
0.0909090909090675 0.01053000490270287 9311
0.09090909090906751 0.01110612424891558 9312
0.09090909090906751 0.01171393015807425 9313
0.0909090909090675 0.01235516537916829 9314
0.0909090909090675 0.01303166853448766 9315
0.0909090909090675 0.01374537938036723 9316
0.0909090909090675 0.0144983443130774 9317
0.09090909090906754 0.01529272230936847 9318
0.09090909090906751 0.01613079110341873 9319
0.09090909090906749 0.01701495367749814 9320
0.09090909090906749 0.017947745188805 9321
0.09090909090906747 0.01893184023151273 9322
0.09090909090906753 0.01997006050103631 9323
0.09090909090906753 0.02106538289552767 9324
0.09090909090906753 0.02222094801676216 9325
0.0909090909090675 0.02344006921465306 9326
0.0909090909090675 0.02472624209260174 9327
0.0909090909090675 0.02608315448511037 9328
0.0909090909090675 0.02751469705055613 9329
0.09090909090906751 0.02902497444525769 9330
0.09090909090906749 0.03061831709550227 9331
0.0909090909090675 0.03229929360185355 9332
0.09090909090906751 0.03407272381553742 9333
0.0909090909090675 0.03594369269223667 9334
0.09090909090906751 0.03791756486840222 9335
0.09191919191917085 0.0005244690771781821 9336
0.09191919191917085 0.0005502839425664056 9337
0.09191919191917085 0.0005775186245474289 9338
0.09191919191917085 0.0006062512155539122 9339
0.09191919191917086 0.0006365640954159178 9340
0.09191919191917083 0.000668544186568419 9341
0.09191919191917085 0.0007022831824442376 9342
0.09191919191917085 0.000737877822587533 9343
0.09191919191917085 0.0007754301627741596 9344
0.09191919191917082 0.0008150478773858252 9345
0.09191919191917085 0.0008568445617014505 9346
0.09191919191917085 0.0009009400682493467 9347
0.09191919191917086 0.0009474608327928967 9348
0.09191919191917085 0.0009965402350515273 9349
0.09191919191917086 0.001048319002333215 9350
0.09191919191917086 0.001102945607106628 9351
0.09191919191917086 0.001160576677719914 9352
0.09191919191917085 0.001221377454015973 9353
0.09191919191917082 0.001285522279348257 9354
0.09191919191917085 0.001353195065049187 9355
0.09191919191917086 0.001424589854199526 9356
0.09191919191917085 0.00149991137185858 9357
0.09191919191917086 0.001579375564656545 9358
0.09191919191917086 0.001663210273043904 9359
0.09191919191917086 0.00175165589280512 9360
0.09191919191917086 0.001844966030134214 9361
0.09191919191917086 0.001943408229263549 9362
0.09191919191917082 0.002047264751513933 9363
0.09191919191917085 0.002156833374036222 9364
0.09191919191917086 0.002272428262435021 9365
0.09191919191917082 0.002394380875726116 9366
0.09191919191917086 0.002523040890571719 9367
0.09191919191917086 0.002658777196777941 9368
0.09191919191917085 0.002801979004164433 9369
0.09191919191917085 0.002953056912514464 9370
0.09191919191917088 0.003112444094727602 9371
0.09191919191917086 0.003280597572935685 9372
0.09191919191917085 0.003457999497659122 9373
0.09191919191917086 0.003645158528389267 9374
0.09191919191917083 0.003842611298229041 9375
0.09191919191917086 0.004050923981905446 9376
0.09191919191917085 0.004270693872454155 9377
0.09191919191917085 0.004502551103055443 9378
0.09191919191917086 0.004747160481520353 9379
0.09191919191917085 0.005005223381597966 9380
0.09191919191917083 0.005277479732212418 9381
0.09191919191917083 0.005564710179816858 9382
0.09191919191917082 0.005867738300451534 9383
0.09191919191917088 0.006187432954952758 9384
0.09191919191917086 0.006524710817731459 9385
0.09191919191917083 0.00688053897013661 9386
0.09191919191917083 0.007255937673742898 9387
0.09191919191917085 0.007651983305783291 9388
0.09191919191917085 0.008069811445348447 9389
0.09191919191917089 0.008510620139155281 9390
0.09191919191917082 0.008975673309940093 9391
0.09191919191917089 0.009466304401344734 9392
0.09191919191917088 0.009983920216629371 9393
0.09191919191917086 0.01053000490270287 9394
0.09191919191917082 0.01110612424891558 9395
0.09191919191917085 0.01171393015807425 9396
0.09191919191917085 0.01235516537916828 9397
0.09191919191917086 0.01303166853448766 9398
0.09191919191917085 0.01374537938036723 9399
0.09191919191917088 0.0144983443130774 9400
0.09191919191917082 0.01529272230936847 9401
0.09191919191917086 0.01613079110341873 9402
0.09191919191917086 0.01701495367749814 9403
0.09191919191917085 0.017947745188805 9404
0.09191919191917085 0.01893184023151273 9405
0.09191919191917088 0.01997006050103632 9406
0.09191919191917085 0.02106538289552766 9407
0.09191919191917086 0.02222094801676215 9408
0.09191919191917086 0.02344006921465306 9409
0.09191919191917085 0.02472624209260174 9410
0.09191919191917085 0.02608315448511037 9411
0.09191919191917086 0.02751469705055613 9412
0.09191919191917086 0.02902497444525769 9413
0.09191919191917086 0.03061831709550227 9414
0.09191919191917086 0.03229929360185355 9415
0.09191919191917085 0.03407272381553741 9416
0.09191919191917085 0.03594369269223666 9417
0.09191919191917085 0.03791756486840222 9418
0.09292929292927245 0.000524469077178182 9419
0.09292929292927243 0.0005502839425664056 9420
0.09292929292927245 0.000577518624547429 9421
0.09292929292927245 0.0006062512155539123 9422
0.09292929292927245 0.0006365640954159178 9423
0.09292929292927245 0.000668544186568419 9424
0.09292929292927246 0.0007022831824442376 9425
0.09292929292927245 0.000737877822587533 9426
0.09292929292927243 0.0007754301627741597 9427
0.09292929292927245 0.0008150478773858252 9428
0.09292929292927245 0.0008568445617014506 9429
0.09292929292927248 0.0009009400682493469 9430
0.09292929292927243 0.0009474608327928966 9431
0.09292929292927245 0.0009965402350515275 9432
0.09292929292927242 0.001048319002333215 9433
0.09292929292927245 0.001102945607106627 9434
0.09292929292927245 0.001160576677719914 9435
0.09292929292927245 0.001221377454015973 9436
0.09292929292927248 0.001285522279348257 9437
0.09292929292927245 0.001353195065049187 9438
0.09292929292927245 0.001424589854199526 9439
0.09292929292927245 0.00149991137185858 9440
0.09292929292927243 0.001579375564656545 9441
0.09292929292927243 0.001663210273043904 9442
0.09292929292927245 0.00175165589280512 9443
0.09292929292927243 0.001844966030134214 9444
0.09292929292927242 0.001943408229263549 9445
0.09292929292927245 0.002047264751513933 9446
0.09292929292927243 0.002156833374036222 9447
0.09292929292927245 0.002272428262435021 9448
0.09292929292927245 0.002394380875726116 9449
0.09292929292927246 0.002523040890571719 9450
0.09292929292927245 0.002658777196777941 9451
0.09292929292927245 0.002801979004164433 9452
0.09292929292927243 0.002953056912514464 9453
0.09292929292927243 0.003112444094727603 9454
0.09292929292927242 0.003280597572935684 9455
0.09292929292927242 0.003457999497659124 9456
0.09292929292927245 0.003645158528389267 9457
0.09292929292927245 0.003842611298229041 9458
0.09292929292927242 0.004050923981905447 9459
0.09292929292927245 0.004270693872454154 9460
0.09292929292927245 0.004502551103055443 9461
0.09292929292927245 0.004747160481520353 9462
0.09292929292927243 0.005005223381597967 9463
0.09292929292927243 0.005277479732212417 9464
0.09292929292927246 0.005564710179816857 9465
0.09292929292927245 0.005867738300451535 9466
0.09292929292927246 0.006187432954952757 9467
0.09292929292927248 0.006524710817731458 9468
0.09292929292927243 0.006880538970136611 9469
0.09292929292927245 0.007255937673742898 9470
0.09292929292927242 0.007651983305783291 9471
0.09292929292927243 0.008069811445348447 9472
0.09292929292927246 0.008510620139155278 9473
0.09292929292927245 0.008975673309940094 9474
0.09292929292927245 0.009466304401344734 9475
0.09292929292927242 0.009983920216629371 9476
0.09292929292927242 0.01053000490270287 9477
0.09292929292927245 0.01110612424891558 9478
0.09292929292927246 0.01171393015807425 9479
0.09292929292927245 0.01235516537916829 9480
0.09292929292927248 0.01303166853448766 9481
0.09292929292927248 0.01374537938036723 9482
0.09292929292927243 0.0144983443130774 9483
0.09292929292927246 0.01529272230936847 9484
0.09292929292927243 0.01613079110341873 9485
0.09292929292927246 0.01701495367749814 9486
0.09292929292927241 0.017947745188805 9487
0.09292929292927243 0.01893184023151273 9488
0.09292929292927242 0.01997006050103631 9489
0.09292929292927245 0.02106538289552767 9490
0.09292929292927242 0.02222094801676216 9491
0.09292929292927246 0.02344006921465306 9492
0.09292929292927243 0.02472624209260174 9493
0.09292929292927243 0.02608315448511037 9494
0.09292929292927246 0.02751469705055613 9495
0.09292929292927245 0.02902497444525769 9496
0.09292929292927245 0.03061831709550227 9497
0.09292929292927245 0.03229929360185355 9498
0.09292929292927243 0.03407272381553741 9499
0.09292929292927245 0.03594369269223666 9500
0.09292929292927245 0.03791756486840222 9501
0.09393939393937742 0.0005244690771781821 9502
0.09393939393937743 0.0005502839425664056 9503
0.09393939393937743 0.0005775186245474289 9504
0.09393939393937743 0.0006062512155539123 9505
0.09393939393937746 0.000636564095415918 9506
0.09393939393937745 0.000668544186568419 9507
0.09393939393937743 0.0007022831824442376 9508
0.09393939393937746 0.000737877822587533 9509
0.09393939393937743 0.0007754301627741597 9510
0.09393939393937743 0.0008150478773858252 9511
0.09393939393937743 0.0008568445617014506 9512
0.09393939393937743 0.0009009400682493469 9513
0.09393939393937741 0.0009474608327928966 9514
0.09393939393937743 0.0009965402350515273 9515
0.09393939393937743 0.001048319002333215 9516
0.09393939393937743 0.001102945607106628 9517
0.09393939393937745 0.001160576677719914 9518
0.09393939393937741 0.001221377454015973 9519
0.09393939393937743 0.001285522279348257 9520
0.09393939393937743 0.001353195065049187 9521
0.09393939393937743 0.001424589854199526 9522
0.09393939393937741 0.00149991137185858 9523
0.09393939393937742 0.001579375564656545 9524
0.09393939393937743 0.001663210273043904 9525
0.09393939393937743 0.00175165589280512 9526
0.09393939393937745 0.001844966030134214 9527
0.09393939393937743 0.001943408229263549 9528
0.09393939393937741 0.002047264751513933 9529
0.09393939393937745 0.002156833374036221 9530
0.09393939393937743 0.002272428262435021 9531
0.09393939393937746 0.002394380875726116 9532
0.09393939393937746 0.002523040890571719 9533
0.09393939393937743 0.00265877719677794 9534
0.09393939393937743 0.002801979004164433 9535
0.09393939393937746 0.002953056912514464 9536
0.09393939393937743 0.003112444094727602 9537
0.09393939393937743 0.003280597572935684 9538
0.09393939393937743 0.003457999497659123 9539
0.09393939393937743 0.003645158528389266 9540
0.09393939393937745 0.003842611298229041 9541
0.09393939393937741 0.004050923981905447 9542
0.09393939393937743 0.004270693872454155 9543
0.09393939393937745 0.004502551103055443 9544
0.09393939393937743 0.004747160481520353 9545
0.09393939393937743 0.005005223381597967 9546
0.09393939393937743 0.005277479732212418 9547
0.09393939393937745 0.005564710179816858 9548
0.09393939393937745 0.005867738300451534 9549
0.09393939393937743 0.006187432954952758 9550
0.09393939393937741 0.006524710817731458 9551
0.09393939393937743 0.006880538970136611 9552
0.09393939393937745 0.007255937673742899 9553
0.09393939393937743 0.00765198330578329 9554
0.09393939393937743 0.008069811445348447 9555
0.09393939393937741 0.008510620139155279 9556
0.09393939393937747 0.008975673309940093 9557
0.09393939393937747 0.009466304401344734 9558
0.09393939393937741 0.009983920216629373 9559
0.09393939393937741 0.01053000490270287 9560
0.09393939393937743 0.01110612424891558 9561
0.09393939393937742 0.01171393015807425 9562
0.09393939393937741 0.01235516537916829 9563
0.09393939393937745 0.01303166853448766 9564
0.09393939393937745 0.01374537938036723 9565
0.09393939393937745 0.0144983443130774 9566
0.09393939393937745 0.01529272230936847 9567
0.09393939393937745 0.01613079110341873 9568
0.09393939393937743 0.01701495367749814 9569
0.09393939393937745 0.017947745188805 9570
0.09393939393937745 0.01893184023151273 9571
0.09393939393937746 0.01997006050103631 9572
0.09393939393937745 0.02106538289552767 9573
0.09393939393937743 0.02222094801676216 9574
0.09393939393937745 0.02344006921465307 9575
0.09393939393937745 0.02472624209260174 9576
0.09393939393937747 0.02608315448511037 9577
0.09393939393937745 0.02751469705055613 9578
0.09393939393937743 0.02902497444525769 9579
0.09393939393937742 0.03061831709550227 9580
0.09393939393937743 0.03229929360185355 9581
0.09393939393937742 0.03407272381553741 9582
0.09393939393937743 0.03594369269223666 9583
0.09393939393937742 0.03791756486840222 9584
0.09494949494948254 0.000524469077178182 9585
0.09494949494948253 0.0005502839425664056 9586
0.09494949494948254 0.0005775186245474289 9587
0.09494949494948254 0.0006062512155539122 9588
0.0949494949494825 0.0006365640954159178 9589
0.09494949494948254 0.000668544186568419 9590
0.09494949494948254 0.0007022831824442376 9591
0.09494949494948257 0.0007378778225875329 9592
0.09494949494948257 0.0007754301627741597 9593
0.09494949494948254 0.0008150478773858252 9594
0.09494949494948254 0.0008568445617014506 9595
0.0949494949494825 0.0009009400682493467 9596
0.09494949494948254 0.0009474608327928967 9597
0.09494949494948254 0.0009965402350515275 9598
0.09494949494948259 0.001048319002333215 9599
0.09494949494948254 0.001102945607106628 9600
0.09494949494948254 0.001160576677719914 9601
0.09494949494948254 0.001221377454015973 9602
0.09494949494948254 0.001285522279348257 9603
0.09494949494948252 0.001353195065049187 9604
0.09494949494948256 0.001424589854199526 9605
0.09494949494948254 0.00149991137185858 9606
0.09494949494948254 0.001579375564656545 9607
0.09494949494948254 0.001663210273043904 9608
0.0949494949494825 0.00175165589280512 9609
0.09494949494948252 0.001844966030134214 9610
0.09494949494948254 0.001943408229263549 9611
0.09494949494948254 0.002047264751513933 9612
0.09494949494948253 0.002156833374036222 9613
0.09494949494948254 0.002272428262435021 9614
0.0949494949494825 0.002394380875726116 9615
0.0949494949494825 0.002523040890571719 9616
0.09494949494948252 0.002658777196777941 9617
0.09494949494948254 0.002801979004164433 9618
0.09494949494948254 0.002953056912514464 9619
0.09494949494948254 0.003112444094727602 9620
0.09494949494948254 0.003280597572935684 9621
0.09494949494948254 0.003457999497659123 9622
0.09494949494948254 0.003645158528389267 9623
0.09494949494948254 0.003842611298229041 9624
0.09494949494948254 0.004050923981905447 9625
0.09494949494948254 0.004270693872454154 9626
0.09494949494948256 0.004502551103055443 9627
0.09494949494948252 0.004747160481520354 9628
0.09494949494948254 0.005005223381597967 9629
0.0949494949494825 0.005277479732212417 9630
0.09494949494948253 0.005564710179816858 9631
0.0949494949494825 0.005867738300451534 9632
0.09494949494948254 0.006187432954952757 9633
0.09494949494948254 0.006524710817731459 9634
0.09494949494948254 0.00688053897013661 9635
0.09494949494948254 0.007255937673742898 9636
0.09494949494948257 0.00765198330578329 9637
0.09494949494948254 0.008069811445348447 9638
0.0949494949494825 0.008510620139155279 9639
0.09494949494948254 0.008975673309940093 9640
0.09494949494948254 0.009466304401344734 9641
0.09494949494948254 0.009983920216629371 9642
0.09494949494948254 0.01053000490270287 9643
0.09494949494948254 0.01110612424891558 9644
0.09494949494948254 0.01171393015807425 9645
0.09494949494948252 0.01235516537916828 9646
0.09494949494948254 0.01303166853448766 9647
0.09494949494948254 0.01374537938036723 9648
0.09494949494948254 0.0144983443130774 9649
0.09494949494948254 0.01529272230936847 9650
0.09494949494948254 0.01613079110341873 9651
0.09494949494948254 0.01701495367749814 9652
0.09494949494948254 0.017947745188805 9653
0.09494949494948254 0.01893184023151273 9654
0.09494949494948254 0.01997006050103631 9655
0.09494949494948254 0.02106538289552766 9656
0.09494949494948254 0.02222094801676215 9657
0.09494949494948254 0.02344006921465306 9658
0.09494949494948254 0.02472624209260175 9659
0.09494949494948254 0.02608315448511037 9660
0.09494949494948254 0.02751469705055613 9661
0.09494949494948254 0.02902497444525769 9662
0.09494949494948254 0.03061831709550228 9663
0.09494949494948253 0.03229929360185355 9664
0.09494949494948254 0.03407272381553741 9665
0.09494949494948254 0.03594369269223666 9666
0.09494949494948254 0.03791756486840222 9667
0.09595959595958542 0.000524469077178182 9668
0.09595959595958542 0.0005502839425664057 9669
0.09595959595958543 0.0005775186245474288 9670
0.09595959595958542 0.0006062512155539121 9671
0.09595959595958542 0.0006365640954159178 9672
0.09595959595958541 0.000668544186568419 9673
0.09595959595958545 0.0007022831824442376 9674
0.09595959595958542 0.000737877822587533 9675
0.09595959595958541 0.0007754301627741597 9676
0.09595959595958539 0.0008150478773858252 9677
0.09595959595958543 0.0008568445617014506 9678
0.09595959595958541 0.0009009400682493469 9679
0.09595959595958541 0.0009474608327928967 9680
0.09595959595958542 0.0009965402350515275 9681
0.09595959595958545 0.001048319002333215 9682
0.09595959595958539 0.001102945607106628 9683
0.09595959595958539 0.001160576677719914 9684
0.09595959595958542 0.001221377454015973 9685
0.09595959595958542 0.001285522279348257 9686
0.09595959595958542 0.001353195065049187 9687
0.09595959595958539 0.001424589854199526 9688
0.09595959595958541 0.00149991137185858 9689
0.09595959595958541 0.001579375564656545 9690
0.09595959595958542 0.001663210273043904 9691
0.09595959595958542 0.00175165589280512 9692
0.09595959595958542 0.001844966030134214 9693
0.09595959595958541 0.001943408229263549 9694
0.09595959595958541 0.002047264751513933 9695
0.09595959595958543 0.002156833374036222 9696
0.09595959595958542 0.002272428262435021 9697
0.09595959595958542 0.002394380875726116 9698
0.09595959595958541 0.002523040890571719 9699
0.09595959595958539 0.002658777196777941 9700
0.09595959595958542 0.002801979004164434 9701
0.09595959595958542 0.002953056912514464 9702
0.09595959595958539 0.003112444094727602 9703
0.09595959595958542 0.003280597572935684 9704
0.09595959595958542 0.003457999497659123 9705
0.09595959595958545 0.003645158528389266 9706
0.09595959595958542 0.003842611298229041 9707
0.09595959595958542 0.004050923981905447 9708
0.09595959595958542 0.004270693872454154 9709
0.09595959595958545 0.004502551103055443 9710
0.09595959595958542 0.004747160481520353 9711
0.09595959595958541 0.005005223381597967 9712
0.09595959595958542 0.005277479732212419 9713
0.09595959595958541 0.005564710179816859 9714
0.09595959595958545 0.005867738300451536 9715
0.09595959595958545 0.006187432954952758 9716
0.09595959595958542 0.006524710817731458 9717
0.09595959595958542 0.006880538970136611 9718
0.09595959595958542 0.007255937673742898 9719
0.09595959595958543 0.00765198330578329 9720
0.09595959595958542 0.008069811445348447 9721
0.09595959595958541 0.008510620139155278 9722
0.09595959595958539 0.008975673309940094 9723
0.09595959595958542 0.009466304401344734 9724
0.09595959595958542 0.009983920216629371 9725
0.09595959595958542 0.01053000490270287 9726
0.09595959595958539 0.01110612424891558 9727
0.09595959595958541 0.01171393015807425 9728
0.09595959595958542 0.01235516537916829 9729
0.09595959595958542 0.01303166853448766 9730
0.09595959595958545 0.01374537938036723 9731
0.09595959595958541 0.0144983443130774 9732
0.09595959595958542 0.01529272230936847 9733
0.09595959595958542 0.01613079110341873 9734
0.09595959595958541 0.01701495367749814 9735
0.09595959595958542 0.017947745188805 9736
0.09595959595958542 0.01893184023151273 9737
0.09595959595958542 0.01997006050103631 9738
0.09595959595958542 0.02106538289552767 9739
0.09595959595958542 0.02222094801676216 9740
0.09595959595958542 0.02344006921465306 9741
0.09595959595958542 0.02472624209260175 9742
0.09595959595958542 0.02608315448511037 9743
0.09595959595958542 0.02751469705055613 9744
0.09595959595958542 0.02902497444525769 9745
0.09595959595958542 0.03061831709550227 9746
0.09595959595958541 0.03229929360185355 9747
0.09595959595958542 0.03407272381553741 9748
0.09595959595958541 0.03594369269223666 9749
0.09595959595958542 0.03791756486840223 9750
0.09696969696968735 0.0005244690771781821 9751
0.09696969696968737 0.0005502839425664055 9752
0.09696969696968734 0.0005775186245474289 9753
0.09696969696968737 0.0006062512155539122 9754
0.09696969696968737 0.0006365640954159178 9755
0.09696969696968738 0.000668544186568419 9756
0.09696969696968734 0.0007022831824442376 9757
0.09696969696968737 0.0007378778225875329 9758
0.09696969696968737 0.0007754301627741596 9759
0.09696969696968737 0.0008150478773858252 9760
0.09696969696968737 0.0008568445617014506 9761
0.09696969696968737 0.0009009400682493469 9762
0.09696969696968739 0.0009474608327928967 9763
0.09696969696968738 0.0009965402350515275 9764
0.09696969696968735 0.001048319002333215 9765
0.09696969696968738 0.001102945607106628 9766
0.09696969696968737 0.001160576677719914 9767
0.09696969696968734 0.001221377454015973 9768
0.09696969696968738 0.001285522279348257 9769
0.09696969696968737 0.001353195065049187 9770
0.09696969696968737 0.001424589854199526 9771
0.09696969696968737 0.00149991137185858 9772
0.09696969696968737 0.001579375564656545 9773
0.09696969696968738 0.001663210273043904 9774
0.09696969696968737 0.00175165589280512 9775
0.09696969696968739 0.001844966030134215 9776
0.09696969696968737 0.001943408229263549 9777
0.09696969696968734 0.002047264751513933 9778
0.09696969696968735 0.002156833374036222 9779
0.09696969696968737 0.002272428262435021 9780
0.09696969696968739 0.002394380875726117 9781
0.09696969696968738 0.002523040890571719 9782
0.09696969696968738 0.002658777196777941 9783
0.09696969696968737 0.002801979004164434 9784
0.09696969696968737 0.002953056912514464 9785
0.09696969696968735 0.003112444094727603 9786
0.09696969696968734 0.003280597572935684 9787
0.09696969696968737 0.003457999497659123 9788
0.09696969696968738 0.003645158528389267 9789
0.09696969696968734 0.003842611298229041 9790
0.09696969696968737 0.004050923981905447 9791
0.09696969696968734 0.004270693872454155 9792
0.09696969696968738 0.004502551103055442 9793
0.09696969696968738 0.004747160481520353 9794
0.09696969696968738 0.005005223381597967 9795
0.09696969696968734 0.005277479732212417 9796
0.09696969696968734 0.005564710179816858 9797
0.09696969696968739 0.005867738300451534 9798
0.09696969696968738 0.006187432954952757 9799
0.09696969696968735 0.006524710817731458 9800
0.09696969696968734 0.006880538970136611 9801
0.09696969696968735 0.007255937673742898 9802
0.09696969696968735 0.00765198330578329 9803
0.09696969696968738 0.008069811445348447 9804
0.09696969696968737 0.008510620139155279 9805
0.09696969696968738 0.008975673309940094 9806
0.09696969696968738 0.009466304401344734 9807
0.09696969696968737 0.009983920216629373 9808
0.09696969696968737 0.01053000490270287 9809
0.09696969696968738 0.01110612424891558 9810
0.09696969696968738 0.01171393015807425 9811
0.09696969696968738 0.01235516537916829 9812
0.09696969696968735 0.01303166853448766 9813
0.09696969696968738 0.01374537938036723 9814
0.09696969696968734 0.0144983443130774 9815
0.09696969696968737 0.01529272230936847 9816
0.09696969696968735 0.01613079110341873 9817
0.09696969696968739 0.01701495367749814 9818
0.09696969696968738 0.017947745188805 9819
0.09696969696968737 0.01893184023151273 9820
0.09696969696968739 0.01997006050103631 9821
0.09696969696968737 0.02106538289552766 9822
0.09696969696968738 0.02222094801676216 9823
0.09696969696968738 0.02344006921465307 9824
0.09696969696968737 0.02472624209260174 9825
0.09696969696968735 0.02608315448511037 9826
0.09696969696968734 0.02751469705055613 9827
0.09696969696968737 0.02902497444525769 9828
0.09696969696968737 0.03061831709550227 9829
0.09696969696968732 0.03229929360185355 9830
0.09696969696968738 0.03407272381553741 9831
0.09696969696968737 0.03594369269223666 9832
0.09696969696968737 0.03791756486840222 9833
0.09797979797979246 0.000524469077178182 9834
0.09797979797979245 0.0005502839425664056 9835
0.09797979797979246 0.0005775186245474289 9836
0.09797979797979244 0.0006062512155539122 9837
0.09797979797979246 0.0006365640954159178 9838
0.09797979797979246 0.0006685441865684191 9839
0.09797979797979246 0.0007022831824442376 9840
0.09797979797979246 0.000737877822587533 9841
0.09797979797979249 0.0007754301627741597 9842
0.09797979797979246 0.0008150478773858252 9843
0.09797979797979246 0.0008568445617014506 9844
0.09797979797979246 0.0009009400682493469 9845
0.09797979797979246 0.0009474608327928966 9846
0.09797979797979246 0.0009965402350515275 9847
0.09797979797979246 0.001048319002333215 9848
0.09797979797979249 0.001102945607106627 9849
0.09797979797979246 0.001160576677719914 9850
0.09797979797979246 0.001221377454015973 9851
0.09797979797979244 0.001285522279348257 9852
0.09797979797979246 0.001353195065049187 9853
0.09797979797979244 0.001424589854199526 9854
0.09797979797979245 0.00149991137185858 9855
0.09797979797979245 0.001579375564656545 9856
0.09797979797979244 0.001663210273043904 9857
0.09797979797979246 0.00175165589280512 9858
0.09797979797979246 0.001844966030134214 9859
0.09797979797979248 0.001943408229263549 9860
0.09797979797979246 0.002047264751513933 9861
0.09797979797979246 0.002156833374036222 9862
0.09797979797979246 0.002272428262435021 9863
0.09797979797979246 0.002394380875726116 9864
0.09797979797979244 0.002523040890571719 9865
0.09797979797979245 0.002658777196777941 9866
0.09797979797979249 0.002801979004164433 9867
0.09797979797979249 0.002953056912514464 9868
0.09797979797979246 0.003112444094727602 9869
0.09797979797979245 0.003280597572935683 9870
0.09797979797979245 0.003457999497659123 9871
0.09797979797979246 0.003645158528389267 9872
0.09797979797979245 0.003842611298229041 9873
0.09797979797979246 0.004050923981905446 9874
0.09797979797979246 0.004270693872454154 9875
0.09797979797979246 0.004502551103055443 9876
0.09797979797979244 0.004747160481520353 9877
0.09797979797979249 0.005005223381597967 9878
0.09797979797979245 0.005277479732212418 9879
0.09797979797979244 0.005564710179816858 9880
0.09797979797979245 0.005867738300451536 9881
0.09797979797979246 0.006187432954952757 9882
0.09797979797979246 0.006524710817731458 9883
0.09797979797979245 0.00688053897013661 9884
0.09797979797979245 0.007255937673742898 9885
0.09797979797979245 0.007651983305783291 9886
0.09797979797979248 0.008069811445348447 9887
0.09797979797979246 0.008510620139155278 9888
0.09797979797979249 0.008975673309940093 9889
0.09797979797979245 0.009466304401344734 9890
0.09797979797979244 0.009983920216629371 9891
0.09797979797979248 0.01053000490270287 9892
0.09797979797979246 0.01110612424891558 9893
0.09797979797979246 0.01171393015807425 9894
0.09797979797979248 0.01235516537916829 9895
0.09797979797979248 0.01303166853448766 9896
0.09797979797979245 0.01374537938036723 9897
0.09797979797979245 0.0144983443130774 9898
0.09797979797979246 0.01529272230936846 9899
0.09797979797979248 0.01613079110341873 9900
0.09797979797979249 0.01701495367749814 9901
0.09797979797979245 0.017947745188805 9902
0.09797979797979246 0.01893184023151273 9903
0.09797979797979245 0.0199700605010363 9904
0.09797979797979246 0.02106538289552766 9905
0.09797979797979245 0.02222094801676216 9906
0.09797979797979244 0.02344006921465307 9907
0.09797979797979248 0.02472624209260174 9908
0.09797979797979246 0.02608315448511037 9909
0.09797979797979246 0.02751469705055613 9910
0.09797979797979246 0.02902497444525769 9911
0.09797979797979246 0.03061831709550227 9912
0.09797979797979245 0.03229929360185355 9913
0.09797979797979246 0.03407272381553741 9914
0.09797979797979246 0.03594369269223667 9915
0.09797979797979248 0.03791756486840222 9916
0.09898989898989759 0.000524469077178182 9917
0.09898989898989759 0.0005502839425664055 9918
0.09898989898989759 0.0005775186245474289 9919
0.09898989898989759 0.0006062512155539122 9920
0.09898989898989759 0.0006365640954159178 9921
0.09898989898989759 0.0006685441865684191 9922
0.09898989898989757 0.0007022831824442376 9923
0.09898989898989757 0.000737877822587533 9924
0.09898989898989756 0.0007754301627741597 9925
0.09898989898989762 0.0008150478773858253 9926
0.09898989898989759 0.0008568445617014506 9927
0.09898989898989757 0.0009009400682493469 9928
0.09898989898989762 0.0009474608327928968 9929
0.09898989898989759 0.0009965402350515277 9930
0.09898989898989756 0.001048319002333215 9931
0.09898989898989759 0.001102945607106628 9932
0.09898989898989759 0.001160576677719914 9933
0.09898989898989762 0.001221377454015973 9934
0.09898989898989757 0.001285522279348257 9935
0.09898989898989759 0.001353195065049187 9936
0.09898989898989759 0.001424589854199526 9937
0.09898989898989757 0.00149991137185858 9938
0.09898989898989757 0.001579375564656545 9939
0.09898989898989762 0.001663210273043904 9940
0.09898989898989757 0.00175165589280512 9941
0.09898989898989756 0.001844966030134214 9942
0.09898989898989762 0.001943408229263549 9943
0.09898989898989762 0.002047264751513933 9944
0.09898989898989759 0.002156833374036222 9945
0.09898989898989757 0.002272428262435021 9946
0.09898989898989757 0.002394380875726116 9947
0.09898989898989759 0.002523040890571719 9948
0.09898989898989757 0.002658777196777941 9949
0.09898989898989759 0.002801979004164433 9950
0.09898989898989759 0.002953056912514464 9951
0.09898989898989759 0.003112444094727602 9952
0.09898989898989762 0.003280597572935684 9953
0.09898989898989757 0.003457999497659123 9954
0.09898989898989759 0.003645158528389267 9955
0.09898989898989757 0.00384261129822904 9956
0.09898989898989759 0.004050923981905447 9957
0.09898989898989759 0.004270693872454154 9958
0.09898989898989757 0.004502551103055443 9959
0.09898989898989759 0.004747160481520353 9960
0.09898989898989757 0.005005223381597966 9961
0.09898989898989759 0.005277479732212417 9962
0.09898989898989759 0.005564710179816858 9963
0.09898989898989759 0.005867738300451534 9964
0.09898989898989762 0.006187432954952757 9965
0.09898989898989759 0.006524710817731459 9966
0.09898989898989756 0.00688053897013661 9967
0.09898989898989757 0.007255937673742898 9968
0.09898989898989757 0.007651983305783291 9969
0.09898989898989757 0.008069811445348447 9970
0.09898989898989757 0.008510620139155281 9971
0.09898989898989757 0.008975673309940094 9972
0.09898989898989757 0.009466304401344732 9973
0.0989898989898976 0.009983920216629371 9974
0.09898989898989759 0.01053000490270287 9975
0.09898989898989759 0.01110612424891558 9976
0.09898989898989759 0.01171393015807425 9977
0.09898989898989759 0.01235516537916829 9978
0.09898989898989756 0.01303166853448766 9979
0.09898989898989757 0.01374537938036723 9980
0.0989898989898976 0.0144983443130774 9981
0.09898989898989757 0.01529272230936847 9982
0.09898989898989757 0.01613079110341873 9983
0.09898989898989757 0.01701495367749814 9984
0.0989898989898976 0.017947745188805 9985
0.0989898989898976 0.01893184023151273 9986
0.09898989898989757 0.01997006050103631 9987
0.09898989898989757 0.02106538289552767 9988
0.09898989898989757 0.02222094801676215 9989
0.09898989898989757 0.02344006921465306 9990
0.09898989898989756 0.02472624209260174 9991
0.09898989898989759 0.02608315448511037 9992
0.0989898989898976 0.02751469705055613 9993
0.09898989898989759 0.02902497444525769 9994
0.09898989898989757 0.03061831709550227 9995
0.09898989898989759 0.03229929360185356 9996
0.09898989898989755 0.03407272381553741 9997
0.09898989898989759 0.03594369269223666 9998
0.09898989898989759 0.03791756486840222 9999
NMARK= 5
MARKER_TAG= jet_inlet
MARKER_ELEMS= 15
3 0 104 
3 104 105 
3 105 106 
3 106 107 
3 107 108 
3 108 109 
3 109 110 
3 110 111 
3 111 112 
3 112 113 
3 113 114 
3 114 115 
3 115 116 
3 116 117 
3 117 1 
MARKER_TAG= outlet
MARKER_ELEMS= 99
3 3 299 
3 299 300 
3 300 301 
3 301 302 
3 302 303 
3 303 304 
3 304 305 
3 305 306 
3 306 307 
3 307 308 
3 308 309 
3 309 310 
3 310 311 
3 311 312 
3 312 4 
3 4 313 
3 313 314 
3 314 315 
3 315 316 
3 316 317 
3 317 318 
3 318 319 
3 319 320 
3 320 321 
3 321 322 
3 322 323 
3 323 324 
3 324 325 
3 325 326 
3 326 327 
3 327 328 
3 328 329 
3 329 330 
3 330 331 
3 331 332 
3 332 333 
3 333 334 
3 334 335 
3 335 336 
3 336 337 
3 337 338 
3 338 339 
3 339 340 
3 340 341 
3 341 342 
3 342 343 
3 343 344 
3 344 345 
3 345 346 
3 346 347 
3 347 348 
3 348 349 
3 349 350 
3 350 351 
3 351 352 
3 352 353 
3 353 354 
3 354 355 
3 355 356 
3 356 357 
3 357 358 
3 358 359 
3 359 360 
3 360 361 
3 361 362 
3 362 363 
3 363 364 
3 364 365 
3 365 366 
3 366 367 
3 367 368 
3 368 369 
3 369 370 
3 370 371 
3 371 372 
3 372 373 
3 373 374 
3 374 375 
3 375 376 
3 376 377 
3 377 378 
3 378 379 
3 379 380 
3 380 381 
3 381 382 
3 382 383 
3 383 384 
3 384 385 
3 385 386 
3 386 387 
3 387 388 
3 388 389 
3 389 390 
3 390 391 
3 391 392 
3 392 393 
3 393 394 
3 394 395 
3 395 5 
MARKER_TAG= symmetry
MARKER_ELEMS= 99
3 0 6 
3 6 7 
3 7 8 
3 8 9 
3 9 10 
3 10 11 
3 11 12 
3 12 13 
3 13 14 
3 14 15 
3 15 16 
3 16 17 
3 17 18 
3 18 19 
3 19 20 
3 20 21 
3 21 22 
3 22 23 
3 23 24 
3 24 25 
3 25 26 
3 26 27 
3 27 28 
3 28 29 
3 29 30 
3 30 31 
3 31 32 
3 32 33 
3 33 34 
3 34 35 
3 35 36 
3 36 37 
3 37 38 
3 38 39 
3 39 40 
3 40 41 
3 41 42 
3 42 43 
3 43 44 
3 44 45 
3 45 46 
3 46 47 
3 47 48 
3 48 49 
3 49 50 
3 50 51 
3 51 52 
3 52 53 
3 53 54 
3 54 55 
3 55 56 
3 56 57 
3 57 58 
3 58 59 
3 59 60 
3 60 61 
3 61 62 
3 62 63 
3 63 64 
3 64 65 
3 65 66 
3 66 67 
3 67 68 
3 68 69 
3 69 70 
3 70 71 
3 71 72 
3 72 73 
3 73 74 
3 74 75 
3 75 76 
3 76 77 
3 77 78 
3 78 79 
3 79 80 
3 80 81 
3 81 82 
3 82 83 
3 83 84 
3 84 85 
3 85 86 
3 86 87 
3 87 88 
3 88 89 
3 89 90 
3 90 91 
3 91 92 
3 92 93 
3 93 94 
3 94 95 
3 95 96 
3 96 97 
3 97 98 
3 98 99 
3 99 100 
3 100 101 
3 101 102 
3 102 103 
3 103 3 
MARKER_TAG= coflow_inlet
MARKER_ELEMS= 84
3 1 118 
3 118 119 
3 119 120 
3 120 121 
3 121 122 
3 122 123 
3 123 124 
3 124 125 
3 125 126 
3 126 127 
3 127 128 
3 128 129 
3 129 130 
3 130 131 
3 131 132 
3 132 133 
3 133 134 
3 134 135 
3 135 136 
3 136 137 
3 137 138 
3 138 139 
3 139 140 
3 140 141 
3 141 142 
3 142 143 
3 143 144 
3 144 145 
3 145 146 
3 146 147 
3 147 148 
3 148 149 
3 149 150 
3 150 151 
3 151 152 
3 152 153 
3 153 154 
3 154 155 
3 155 156 
3 156 157 
3 157 158 
3 158 159 
3 159 160 
3 160 161 
3 161 162 
3 162 163 
3 163 164 
3 164 165 
3 165 166 
3 166 167 
3 167 168 
3 168 169 
3 169 170 
3 170 171 
3 171 172 
3 172 173 
3 173 174 
3 174 175 
3 175 176 
3 176 177 
3 177 178 
3 178 179 
3 179 180 
3 180 181 
3 181 182 
3 182 183 
3 183 184 
3 184 185 
3 185 186 
3 186 187 
3 187 188 
3 188 189 
3 189 190 
3 190 191 
3 191 192 
3 192 193 
3 193 194 
3 194 195 
3 195 196 
3 196 197 
3 197 198 
3 198 199 
3 199 200 
3 200 2 
MARKER_TAG= top_wall
MARKER_ELEMS= 99
3 2 396 
3 396 397 
3 397 398 
3 398 399 
3 399 400 
3 400 401 
3 401 402 
3 402 403 
3 403 404 
3 404 405 
3 405 406 
3 406 407 
3 407 408 
3 408 409 
3 409 410 
3 410 411 
3 411 412 
3 412 413 
3 413 414 
3 414 415 
3 415 416 
3 416 417 
3 417 418 
3 418 419 
3 419 420 
3 420 421 
3 421 422 
3 422 423 
3 423 424 
3 424 425 
3 425 426 
3 426 427 
3 427 428 
3 428 429 
3 429 430 
3 430 431 
3 431 432 
3 432 433 
3 433 434 
3 434 435 
3 435 436 
3 436 437 
3 437 438 
3 438 439 
3 439 440 
3 440 441 
3 441 442 
3 442 443 
3 443 444 
3 444 445 
3 445 446 
3 446 447 
3 447 448 
3 448 449 
3 449 450 
3 450 451 
3 451 452 
3 452 453 
3 453 454 
3 454 455 
3 455 456 
3 456 457 
3 457 458 
3 458 459 
3 459 460 
3 460 461 
3 461 462 
3 462 463 
3 463 464 
3 464 465 
3 465 466 
3 466 467 
3 467 468 
3 468 469 
3 469 470 
3 470 471 
3 471 472 
3 472 473 
3 473 474 
3 474 475 
3 475 476 
3 476 477 
3 477 478 
3 478 479 
3 479 480 
3 480 481 
3 481 482 
3 482 483 
3 483 484 
3 484 485 
3 485 486 
3 486 487 
3 487 488 
3 488 489 
3 489 490 
3 490 491 
3 491 492 
3 492 493 
3 493 5 
